Row,Defect,Drilling_Stress,Milling_Stress,Assembly_Stress,Max_Stress,Most_Abnormal_Zone,Zone_Status,Likely_Zone,Zone_Confidence,Drilling_Probability,Milling_Probability,Assembly_Probability,Evidence
0,Crack,0.6752532666813598,0.6749490437028431,0.5187718948133382,0.6752532666813598,Drilling,No clear abnormal zone,No clear abnormal zone,Low,,,,No production zone shows strong deviation from baseline.
1,Crack,1.2220846317150842,1.127935723234147,1.4897429575387395,1.4897429575387395,Assembly,Assembly,Assembly,Medium,0.36205987052586264,0.1647638929515894,0.473176236522548,Assembly stress = 1.49; Drilling stress = 1.22
2,Crack,1.215433888925696,1.125560551104512,1.4804879155251067,1.4804879155251067,Assembly,Assembly,Assembly,Medium,0.362249950852556,0.1655567319219605,0.4721933172254835,Assembly stress = 1.48; Drilling stress = 1.22
3,Crack,0.6415644651724226,0.5066186739819707,0.4560536339260852,0.6415644651724226,Drilling,No clear abnormal zone,No clear abnormal zone,Low,,,,No production zone shows strong deviation from baseline.
4,Crack,1.2675419065765627,0.8561862631841609,0.9105317430360368,1.2675419065765627,Drilling,Drilling,Drilling,Medium,0.4923341168266548,0.16314751006583414,0.34451837310751093,Drilling stress = 1.27; Assembly stress = 0.91
5,Crack,0.8397372710335396,0.7216483405221066,0.8392017810278734,0.8397372710335396,Drilling,No clear abnormal zone,No clear abnormal zone,Low,,,,No production zone shows strong deviation from baseline.
6,Crack,1.342897123453475,1.2477162816258207,1.6683838303300556,1.6683838303300556,Assembly,Assembly,Assembly,Medium,0.35219840964366084,0.16011089328150915,0.48769069707482987,Assembly stress = 1.67; Drilling stress = 1.34
7,Crack,0.8010683709898115,0.4457145775310133,0.7582941202673597,0.8010683709898115,Drilling,No clear abnormal zone,No clear abnormal zone,Low,,,,No production zone shows strong deviation from baseline.
8,Crack,1.1193366827378064,0.7247230762473628,0.8927620667584342,1.1193366827378064,Drilling,Drilling,Drilling,Low,0.46855305045944473,0.15788841398539802,0.3735585355551573,Drilling stress = 1.12; Assembly stress = 0.89
9,Crack,0.4610275661122603,0.5188025143593636,0.348982735092025,0.5188025143593636,Milling,No clear abnormal zone,No clear abnormal zone,Low,,,,No production zone shows strong deviation from baseline.
10,Crack,1.0713092951554852,0.9854946803312976,1.2360370636634768,1.2360370636634768,Assembly,Assembly,Assembly,Low,0.379081627972581,0.17395380296192905,0.44696456906549004,Assembly stress = 1.24; Drilling stress = 1.07
11,Crack,0.2471871933433652,0.2956814062768694,0.7645347470678708,0.7645347470678708,Assembly,No clear abnormal zone,No clear abnormal zone,Low,,,,No production zone shows strong deviation from baseline.
12,Crack,0.3057410834564352,0.4879449015666691,0.6407277805290479,0.6407277805290479,Assembly,No clear abnormal zone,No clear abnormal zone,Low,,,,No production zone shows strong deviation from baseline.
13,Crack,1.013620255758498,0.9415247663763048,1.1286988053886438,1.1286988053886438,Assembly,Assembly,Assembly,Low,0.38652084528265596,0.17981762271175236,0.4336615320055917,Assembly stress = 1.13; Drilling stress = 1.01
14,Crack,1.3426991168183453,0.6007911604292946,0.916485315142346,1.3426991168183453,Drilling,Drilling,Drilling,Medium,0.5287986507929492,0.12590814084190954,0.3452932083651413,Drilling stress = 1.34; Assembly stress = 0.92
15,Crack,1.2373697255660954,1.1400649067074515,1.5161799675907073,1.5161799675907073,Assembly,Assembly,Assembly,Medium,0.36033487744753384,0.16346220716520427,0.47620291538726195,Assembly stress = 1.52; Drilling stress = 1.24
16,Crack,1.0137926963790165,0.6725924167150121,0.9188238095129956,1.0137926963790165,Drilling,Drilling,Drilling,Low,0.4415284952324503,0.15694494885148574,0.4015265559160639,Drilling stress = 1.01; Assembly stress = 0.92
17,Crack,1.1327103013768196,0.5369513628376512,0.8577064700275168,1.1327103013768196,Drilling,Drilling,Drilling,Medium,0.49136637962664337,0.135406846083862,0.3732267742894946,Drilling stress = 1.13; Assembly stress = 0.86
18,Crack,1.0928246641932755,1.0040435405269066,1.2661820191177935,1.2661820191177935,Assembly,Assembly,Assembly,Low,0.37781272911764596,0.17285798181774148,0.44932928906461267,Assembly stress = 1.27; Drilling stress = 1.09
19,Crack,0.5894413593788559,0.6183324748625287,0.4131027236426976,0.6183324748625287,Milling,No clear abnormal zone,No clear abnormal zone,Low,,,,No production zone shows strong deviation from baseline.
20,Crack,1.168808392884025,1.4141231346412495,0.9209839824888082,1.4141231346412495,Milling,Milling,Drilling,Low,0.41330704403954716,0.2641080569350418,0.3225848990254111,Drilling stress = 1.17; Assembly stress = 0.92
21,Crack,1.088305625650178,0.5528444490587893,0.8850455262180017,1.088305625650178,Drilling,Drilling,Drilling,Low,0.4742110777708044,0.13880140592646928,0.38698751630272626,Drilling stress = 1.09; Assembly stress = 0.89
22,Crack,1.243364915877546,1.1467660532354556,1.5189209208004768,1.5189209208004768,Assembly,Assembly,Assembly,Medium,0.3608515159661951,0.16381217832527192,0.47533630570853297,Assembly stress = 1.52; Drilling stress = 1.24
23,Crack,0.4134323567392083,1.4246269886395535,0.815562468258902,1.4246269886395535,Milling,Milling,Assembly,Low,0.2584348404988389,0.355203564341091,0.3863615951600701,Assembly stress = 0.82; Milling stress = 1.42
24,Crack,0.5544289562148002,0.5902071458160763,0.3883215764081776,0.5902071458160763,Milling,No clear abnormal zone,No clear abnormal zone,Low,,,,No production zone shows strong deviation from baseline.
25,Crack,1.3462552158057433,0.8513618509626417,0.909139852058264,1.3462552158057433,Drilling,Drilling,Drilling,Medium,0.5126325816504443,0.15625961583341977,0.3311078025161359,Drilling stress = 1.35; Assembly stress = 0.91
26,Crack,1.1351969509390962,1.0433367254025816,1.3280170092963983,1.3280170092963983,Assembly,Assembly,Assembly,Low,0.37470292305015834,0.1709081197531377,0.45438895719670386,Assembly stress = 1.33; Drilling stress = 1.14
27,Crack,0.2735029901596956,0.1551796041259955,0.3482014395433245,0.3482014395433245,Assembly,No clear abnormal zone,No clear abnormal zone,Low,,,,No production zone shows strong deviation from baseline.
28,Crack,1.1020282919406676,1.0102575277758148,1.2727158565011356,1.2727158565011356,Assembly,Assembly,Assembly,Low,0.3784614220485787,0.17263787622943555,0.44890070172198576,Assembly stress = 1.27; Drilling stress = 1.10
29,Crack,1.1659575909040076,0.6539098912223669,0.8602876722165131,1.1659575909040076,Drilling,Drilling,Drilling,Medium,0.4910956191935453,0.14714874889016477,0.36175563191629,Drilling stress = 1.17; Assembly stress = 0.86
30,Crack,0.3613709716344773,1.066837582096807,0.667137286535862,1.066837582096807,Milling,Milling,Assembly,Medium,0.2967305665312289,0.30040872785186196,0.4028607056169092,Assembly stress = 0.67; Milling stress = 1.07
31,Crack,1.2753087495710826,0.9232906056557116,0.916885619741978,1.2753087495710826,Drilling,Drilling,Drilling,Medium,0.4877070940073324,0.17149424067588406,0.34079866531678366,Drilling stress = 1.28; Assembly stress = 0.92
32,Crack,0.6686072909504535,0.6772137930625497,0.5374017174539429,0.6772137930625497,Milling,No clear abnormal zone,No clear abnormal zone,Low,,,,No production zone shows strong deviation from baseline.
33,Crack,1.1945214047242454,1.098823084715394,1.4378883745251825,1.4378883745251825,Assembly,Assembly,Assembly,Medium,0.3663130218010615,0.16644130389969722,0.46724567429924124,Assembly stress = 1.44; Drilling stress = 1.19
34,Crack,0.4065187129134438,0.1120483985477654,0.4081638274884072,0.4081638274884072,Assembly,No clear abnormal zone,No clear abnormal zone,Low,,,,No production zone shows strong deviation from baseline.
35,Crack,1.335706318829894,1.2415326065098338,1.6684622038506898,1.6684622038506898,Assembly,Assembly,Assembly,Medium,0.350893310927565,0.1596783256596987,0.48942836341273627,Assembly stress = 1.67; Drilling stress = 1.34
36,Crack,0.5710553946630661,0.5006994984009764,0.3067556150701747,0.5710553946630661,Drilling,No clear abnormal zone,No clear abnormal zone,Low,,,,No production zone shows strong deviation from baseline.
37,Crack,1.0154328078459969,0.9437007444895986,1.1123975565039843,1.1123975565039843,Assembly,Assembly,Assembly,Low,0.3895276794500355,0.1812823359250305,0.4291899846249339,Assembly stress = 1.11; Drilling stress = 1.02
38,Crack,1.3915727004935454,0.6326830394887423,0.9158699041977526,1.3915727004935454,Drilling,Drilling,Drilling,High,0.5389263415656632,0.12615887967558007,0.33491477875875675,Drilling stress = 1.39; Assembly stress = 0.92
39,Crack,0.6194089477351429,0.9270432368781664,0.4114843693324919,0.9270432368781664,Milling,No clear abnormal zone,No clear abnormal zone,Low,,,,No production zone shows strong deviation from baseline.
40,Crack,0.4863487969426719,1.4347595599564564,0.8629874825120438,1.4347595599564564,Milling,Milling,Assembly,Low,0.26679619078155287,0.34438100562718793,0.3888228035912593,Assembly stress = 0.86; Milling stress = 1.43
41,Crack,0.2809548617273171,0.9688348024648148,0.7703127632129428,0.9688348024648148,Milling,No clear abnormal zone,No clear abnormal zone,Low,,,,No production zone shows strong deviation from baseline.
42,Crack,0.3748066562390668,0.6564621909625427,0.6744779180691249,0.6744779180691249,Assembly,No clear abnormal zone,No clear abnormal zone,Low,,,,No production zone shows strong deviation from baseline.
43,Crack,1.441967551102022,1.3447021160605237,1.6684622038506898,1.6684622038506898,Assembly,Assembly,Assembly,Low,0.3692962007294054,0.16753401720588523,0.4631697820647094,Assembly stress = 1.67; Drilling stress = 1.44
44,Crack,0.7049953460100763,1.0197390867730491,0.5903589629303424,1.0197390867730491,Milling,Milling,Drilling,Low,0.38810166819223474,0.265831831627652,0.34606650018011326,Drilling stress = 0.70; Assembly stress = 0.59
45,Crack,0.8013216752625685,0.5646036984276002,0.9063132136162616,0.9063132136162616,Assembly,No clear abnormal zone,No clear abnormal zone,Low,,,,No production zone shows strong deviation from baseline.
46,Crack,0.522403462527534,1.5649268855796654,0.4171645844603215,1.5649268855796654,Milling,Milling,Milling,Medium,0.301359842497257,0.4273833062320224,0.27125685127072074,Milling stress = 1.56; Drilling stress = 0.52
47,Crack,0.3848740646345368,0.7990763698198424,0.4341450870860386,0.7990763698198424,Milling,No clear abnormal zone,No clear abnormal zone,Low,,,,No production zone shows strong deviation from baseline.
48,Crack,0.5424334682003112,0.3925257431893073,0.8364285157317191,0.8364285157317191,Assembly,No clear abnormal zone,No clear abnormal zone,Low,,,,No production zone shows strong deviation from baseline.
49,Crack,1.2346144522900473,1.1397704459876428,1.5094481960585382,1.5094481960585382,Assembly,Assembly,Assembly,Medium,0.3608715348735138,0.1641090012902978,0.47501946383618837,Assembly stress = 1.51; Drilling stress = 1.23
50,Crack,0.3898444043356435,1.0242084238563702,0.8334543148506841,1.0242084238563702,Milling,Milling,Assembly,Medium,0.2856136119180096,0.2693082755142454,0.44507811256774493,Assembly stress = 0.83; Drilling stress = 0.39
51,Crack,1.093382790260725,1.0034308024114216,1.2698540950212358,1.2698540950212358,Assembly,Assembly,Assembly,Low,0.3773602383982143,0.17244892442174484,0.4501908371800409,Assembly stress = 1.27; Drilling stress = 1.09
52,Crack,0.3711308682050286,0.2337969020181907,0.387963918364417,0.387963918364417,Assembly,No clear abnormal zone,No clear abnormal zone,Low,,,,No production zone shows strong deviation from baseline.
53,Crack,1.0986892649806326,1.0102965005181423,1.2760862684743357,1.2760862684743357,Assembly,Assembly,Assembly,Low,0.377101535368735,0.17259961201296442,0.4502988526183006,Assembly stress = 1.28; Drilling stress = 1.10
54,Crack,0.9898619739884248,1.0693385556548425,0.9000006133111507,1.0693385556548425,Milling,Milling,Drilling,Low,0.4072626326320553,0.22047574028742367,0.372261627080521,Drilling stress = 0.99; Assembly stress = 0.90
55,Crack,0.9744189815866326,0.894205361733486,1.0570680898835865,1.0570680898835865,Assembly,Assembly,Assembly,Low,0.39252318652365414,0.18113358704444463,0.42634322643190137,Assembly stress = 1.06; Drilling stress = 0.97
56,Crack,1.0941989781957575,1.003974255651657,1.2700412130548715,1.2700412130548715,Assembly,Assembly,Assembly,Low,0.3774848608119304,0.17245883338917337,0.4500563057988963,Assembly stress = 1.27; Drilling stress = 1.09
57,Crack,0.2940197616123077,0.4426446754375701,0.7410032053720681,0.7410032053720681,Assembly,No clear abnormal zone,No clear abnormal zone,Low,,,,No production zone shows strong deviation from baseline.
58,Crack,0.6777147180532205,0.6325218629380032,0.8161963785053175,0.8161963785053175,Assembly,No clear abnormal zone,No clear abnormal zone,Low,,,,No production zone shows strong deviation from baseline.
59,Crack,0.6873840947997124,0.5040671322463219,0.5555717910033725,0.6873840947997124,Drilling,No clear abnormal zone,No clear abnormal zone,Low,,,,No production zone shows strong deviation from baseline.
60,Crack,0.2386786631267859,0.4181718557906607,0.7564605879143312,0.7564605879143312,Assembly,No clear abnormal zone,No clear abnormal zone,Low,,,,No production zone shows strong deviation from baseline.
61,Crack,1.4961709541856778,0.6201873538661464,0.9193633051268492,1.4961709541856778,Drilling,Drilling,Drilling,High,0.5649989759052384,0.11764753202711109,0.3173534920676504,Drilling stress = 1.50; Assembly stress = 0.92
62,Crack,0.2545074815013045,0.4240086930399324,0.439137378394825,0.439137378394825,Assembly,No clear abnormal zone,No clear abnormal zone,Low,,,,No production zone shows strong deviation from baseline.
63,Crack,0.7436305848200454,0.6269037274638551,0.8605404991499521,0.8605404991499521,Assembly,No clear abnormal zone,No clear abnormal zone,Low,,,,No production zone shows strong deviation from baseline.
64,Crack,1.1470506778355596,2.147959083237466,0.9174206765307488,2.147959083237466,Milling,Milling,Milling,Medium,0.31693674204527855,0.4311531773716926,0.2519100805830289,Milling stress = 2.15; Drilling stress = 1.15
65,Crack,0.9685017933684912,0.898633098292377,1.0468991298170334,1.0468991298170334,Assembly,Assembly,Assembly,Low,0.3924938777852488,0.18300346067690754,0.4245026615378438,Assembly stress = 1.05; Drilling stress = 0.97
66,Crack,0.3157688200321192,0.088422793078914,0.3943662117665105,0.3943662117665105,Assembly,No clear abnormal zone,No clear abnormal zone,Low,,,,No production zone shows strong deviation from baseline.
67,Crack,0.7084624892233715,0.6971375250013839,0.6142809060582174,0.7084624892233715,Drilling,No clear abnormal zone,No clear abnormal zone,Low,,,,No production zone shows strong deviation from baseline.
68,Crack,0.2774639020369601,0.2996398765593679,0.64859624118184,0.64859624118184,Assembly,No clear abnormal zone,No clear abnormal zone,Low,,,,No production zone shows strong deviation from baseline.
69,Crack,0.5601307737755201,0.5538755892404159,0.4161739248019669,0.5601307737755201,Drilling,No clear abnormal zone,No clear abnormal zone,Low,,,,No production zone shows strong deviation from baseline.
70,Crack,0.494699580227497,0.1947141541865534,0.3614557598657921,0.494699580227497,Drilling,No clear abnormal zone,No clear abnormal zone,Low,,,,No production zone shows strong deviation from baseline.
71,Crack,0.3098351178143707,0.3431427333032991,0.7699677863732939,0.7699677863732939,Assembly,No clear abnormal zone,No clear abnormal zone,Low,,,,No production zone shows strong deviation from baseline.
72,Crack,1.1256570192924973,1.0311967161675193,1.32208844222471,1.32208844222471,Assembly,Assembly,Assembly,Low,0.37425376851078945,0.17025998784502216,0.4554862436441884,Assembly stress = 1.32; Drilling stress = 1.13
73,Crack,0.3180530958972282,0.4489197620359946,0.8431313092401026,0.8431313092401026,Assembly,No clear abnormal zone,No clear abnormal zone,Low,,,,No production zone shows strong deviation from baseline.
74,Crack,0.2668975195426696,1.2271314588553492,0.3369926629171217,1.2271314588553492,Milling,Milling,Milling,Low,0.29596621812186086,0.3865773891319297,0.3174563927462094,Milling stress = 1.23; Assembly stress = 0.34
75,Crack,1.228534975324238,0.8499805174785195,0.9162112893797546,1.228534975324238,Drilling,Drilling,Drilling,Medium,0.4821205656424439,0.16509029729664462,0.35278913706091136,Drilling stress = 1.23; Assembly stress = 0.92
76,Crack,0.4750249284468051,0.4619345287197166,0.3952750860590659,0.4750249284468051,Drilling,No clear abnormal zone,No clear abnormal zone,Low,,,,No production zone shows strong deviation from baseline.
77,Crack,1.1828955901560383,0.5587944263202327,0.9049976201445886,1.1828955901560383,Drilling,Drilling,Drilling,Medium,0.4937673058968739,0.13226612892181508,0.373966565181311,Drilling stress = 1.18; Assembly stress = 0.90
78,Crack,0.2624854172651376,0.424225208275086,0.3161957192526174,0.424225208275086,Milling,No clear abnormal zone,No clear abnormal zone,Low,,,,No production zone shows strong deviation from baseline.
79,Crack,1.012188654550305,0.9403166113641478,1.122278236463666,1.122278236463666,Assembly,Assembly,Assembly,Low,0.38734121515920944,0.1802395453658403,0.4324192394749502,Assembly stress = 1.12; Drilling stress = 1.01
80,Crack,1.4185403693349106,0.9665872117254436,0.9155705145460138,1.4185403693349106,Drilling,Drilling,Drilling,High,0.520041350096755,0.1654729917507308,0.3144856581525143,Drilling stress = 1.42; Assembly stress = 0.92
81,Crack,1.3427091709216283,1.244724041075998,1.6675867578336676,1.6675867578336676,Assembly,Assembly,Assembly,Medium,0.3524611129300397,0.15978161678659528,0.487757270283365,Assembly stress = 1.67; Drilling stress = 1.34
82,Crack,1.349550270007314,0.7887940773346825,0.919596466025872,1.349550270007314,Drilling,Drilling,Drilling,Medium,0.5165481926925495,0.1474169869858149,0.33603482032163556,Drilling stress = 1.35; Assembly stress = 0.92
83,Crack,0.3955834578067109,0.6081678652558544,0.8537852937885552,0.8537852937885552,Assembly,No clear abnormal zone,No clear abnormal zone,Low,,,,No production zone shows strong deviation from baseline.
84,Crack,0.7470181567388785,0.3815095584610309,0.6952582119516078,0.7470181567388785,Drilling,No clear abnormal zone,No clear abnormal zone,Low,,,,No production zone shows strong deviation from baseline.
85,Crack,0.8565821219548468,0.5917928802298857,0.8445768096491761,0.8565821219548468,Drilling,No clear abnormal zone,No clear abnormal zone,Low,,,,No production zone shows strong deviation from baseline.
86,Crack,1.3406692378389131,1.2453324488867796,1.6681519471326096,1.6681519471326096,Assembly,Assembly,Assembly,Medium,0.3518643366036716,0.15993407905368065,0.48820158434264765,Assembly stress = 1.67; Drilling stress = 1.34
87,Crack,0.2760844719597945,0.2074242090234601,0.3406265811860245,0.3406265811860245,Assembly,No clear abnormal zone,No clear abnormal zone,Low,,,,No production zone shows strong deviation from baseline.
88,Crack,0.9219624270093004,0.8514630891618142,0.9445270584175912,0.9445270584175912,Assembly,No clear abnormal zone,No clear abnormal zone,Low,,,,No production zone shows strong deviation from baseline.
89,Crack,1.2306125370330756,1.1349984502048571,1.499806280937396,1.499806280937396,Assembly,Assembly,Assembly,Medium,0.3618840492793808,0.16444276676590366,0.4736731839547156,Assembly stress = 1.50; Drilling stress = 1.23
90,Crack,1.4381890570997256,1.3437862566158238,1.6684622038506898,1.6684622038506898,Assembly,Assembly,Assembly,Low,0.3684731531100737,0.1676398408018454,0.46388700608808076,Assembly stress = 1.67; Drilling stress = 1.44
91,Crack,1.4843155381684496,0.7123601256266289,0.9169128699035812,1.4843155381684496,Drilling,Drilling,Drilling,High,0.5561579083224922,0.12850266823578457,0.3153394234417231,Drilling stress = 1.48; Assembly stress = 0.92
92,Crack,1.2799426464601318,0.6062037608015297,0.9088898722908052,1.2799426464601318,Drilling,Drilling,Drilling,Medium,0.5141634045139164,0.13105997676541944,0.35477661872066424,Drilling stress = 1.28; Assembly stress = 0.91
93,Crack,1.440007011761208,1.3455660118487862,1.6684622038506898,1.6684622038506898,Assembly,Assembly,Assembly,Low,0.36878623900750834,0.16777587269790112,0.4634378882945905,Assembly stress = 1.67; Drilling stress = 1.44
94,Crack,0.2365508152046893,0.4937176142415274,0.6760070889348877,0.6760070889348877,Assembly,No clear abnormal zone,No clear abnormal zone,Low,,,,No production zone shows strong deviation from baseline.
95,Crack,0.5971865531886182,0.4978155891865717,0.3124417042353727,0.5971865531886182,Drilling,No clear abnormal zone,No clear abnormal zone,Low,,,,No production zone shows strong deviation from baseline.
96,Crack,0.3993878846457589,0.1608732922835444,0.4038540478265873,0.4038540478265873,Assembly,No clear abnormal zone,No clear abnormal zone,Low,,,,No production zone shows strong deviation from baseline.
97,Crack,1.356384465196101,1.9727371907073827,0.9172295172286782,1.9727371907073827,Milling,Milling,Drilling,Low,0.3890049946951978,0.36024981751221496,0.2507451877925872,Drilling stress = 1.36; Milling stress = 1.97
98,Crack,1.1314925913123894,1.0407017349907624,1.3264796055166936,1.3264796055166936,Assembly,Assembly,Assembly,Low,0.37426556751612106,0.1708912829552869,0.4548431495285921,Assembly stress = 1.33; Drilling stress = 1.13
99,Crack,1.0816169237241051,0.995389426577817,1.2452109932217723,1.2452109932217723,Assembly,Assembly,Assembly,Low,0.37930095639413464,0.1739825996942658,0.44671644391159954,Assembly stress = 1.25; Drilling stress = 1.08
100,Crack,0.6491891876385114,0.610502983842488,0.4820566375402094,0.6491891876385114,Drilling,No clear abnormal zone,No clear abnormal zone,Low,,,,No production zone shows strong deviation from baseline.
101,Crack,0.9294043962986368,0.8673682983361976,0.9902742867745872,0.9902742867745872,Assembly,No clear abnormal zone,No clear abnormal zone,Low,,,,No production zone shows strong deviation from baseline.
102,Crack,0.9962381996714572,0.9235301851826894,1.0964581072419708,1.0964581072419708,Assembly,Assembly,Assembly,Low,0.3890520549330659,0.1808843644982045,0.4300635805687298,Assembly stress = 1.10; Drilling stress = 1.00
103,Crack,1.1628069454861891,0.965695168956611,0.9175986240523206,1.1628069454861891,Drilling,Drilling,Drilling,Low,0.45597744645271515,0.187201278135705,0.3568212754115797,Drilling stress = 1.16; Assembly stress = 0.92
104,Crack,1.1104444523513766,1.0256301094717202,1.3041902993830845,1.3041902993830845,Assembly,Assembly,Assembly,Low,0.3740934075009554,0.1718365948776913,0.45406999762135336,Assembly stress = 1.30; Drilling stress = 1.11
105,Crack,1.3213846599592685,1.2240121936812047,1.6505081520601586,1.6505081520601586,Assembly,Assembly,Assembly,Medium,0.3516967716387637,0.15953282705344085,0.4887704013077953,Assembly stress = 1.65; Drilling stress = 1.32
106,Crack,0.2583825332483927,0.9802778268940642,0.8222240980139495,0.9802778268940642,Milling,No clear abnormal zone,No clear abnormal zone,Low,,,,No production zone shows strong deviation from baseline.
107,Crack,0.8807435769188524,0.8231493918607781,0.9011825619824512,0.9011825619824512,Assembly,No clear abnormal zone,No clear abnormal zone,Low,,,,No production zone shows strong deviation from baseline.
108,Crack,0.2297728023161082,0.3135574932122671,0.3919908520498872,0.3919908520498872,Assembly,No clear abnormal zone,No clear abnormal zone,Low,,,,No production zone shows strong deviation from baseline.
109,Crack,1.114140903179227,1.311590522974881,0.8899284532663372,1.311590522974881,Milling,Milling,Drilling,Low,0.41523218121390754,0.2529369569914133,0.3318308617946791,Drilling stress = 1.11; Assembly stress = 0.89
110,Crack,0.7858243068119634,0.9248012258055852,0.8902269928861962,0.9248012258055852,Milling,No clear abnormal zone,No clear abnormal zone,Low,,,,No production zone shows strong deviation from baseline.
111,Crack,0.7549641689460744,0.8183562275261297,0.9127827606102366,0.9127827606102366,Assembly,No clear abnormal zone,No clear abnormal zone,Low,,,,No production zone shows strong deviation from baseline.
112,Crack,0.2711421171658341,0.4036516067223335,0.649822230201144,0.649822230201144,Assembly,No clear abnormal zone,No clear abnormal zone,Low,,,,No production zone shows strong deviation from baseline.
113,Crack,0.6940950943630118,0.6947190498247182,0.5460756449037211,0.6947190498247182,Milling,No clear abnormal zone,No clear abnormal zone,Low,,,,No production zone shows strong deviation from baseline.
114,Crack,1.3429036045752627,1.2459711688304826,1.6676703168072118,1.6676703168072118,Assembly,Assembly,Assembly,Medium,0.35242086195827016,0.15993164027557782,0.487647497766152,Assembly stress = 1.67; Drilling stress = 1.34
115,Crack,0.6018062424546438,0.6628893839465477,0.8638830261600451,0.8638830261600451,Assembly,No clear abnormal zone,No clear abnormal zone,Low,,,,No production zone shows strong deviation from baseline.
116,Crack,1.1203393222038724,1.030651097774932,1.3125194913947222,1.3125194913947222,Assembly,Assembly,Assembly,Low,0.3746725931200549,0.17126587175139701,0.45406153512854797,Assembly stress = 1.31; Drilling stress = 1.12
117,Crack,1.0896590712335663,1.0007070407531895,1.2536480653706803,1.2536480653706803,Assembly,Assembly,Assembly,Low,0.3794136126669746,0.17356075747761338,0.4470256298554121,Assembly stress = 1.25; Drilling stress = 1.09
118,Crack,1.216527751607912,0.7955792868879886,0.9140238512614622,1.216527751607912,Drilling,Drilling,Drilling,Medium,0.48375137875314167,0.15877299047799565,0.35747563076886263,Drilling stress = 1.22; Assembly stress = 0.91
119,Crack,0.3112772135590185,0.4472206152211548,0.8415267808918474,0.8415267808918474,Assembly,No clear abnormal zone,No clear abnormal zone,Low,,,,No production zone shows strong deviation from baseline.
120,Crack,0.5420588956826644,0.6710861313835219,0.8533476097318131,0.8533476097318131,Assembly,No clear abnormal zone,No clear abnormal zone,Low,,,,No production zone shows strong deviation from baseline.
121,Crack,0.2568499357953389,0.2520773788601262,0.7079646825408811,0.7079646825408811,Assembly,No clear abnormal zone,No clear abnormal zone,Low,,,,No production zone shows strong deviation from baseline.
122,Crack,0.2644181861848952,0.4122040757470961,0.6685840462276236,0.6685840462276236,Assembly,No clear abnormal zone,No clear abnormal zone,Low,,,,No production zone shows strong deviation from baseline.
123,Crack,0.9909676231295362,0.920769615934481,1.08579505152416,1.08579505152416,Assembly,Assembly,Assembly,Low,0.38977636696386403,0.18167656102327653,0.4285470720128594,Assembly stress = 1.09; Drilling stress = 0.99
124,Crack,1.26222608085871,0.8405711844248833,0.9053172727581814,1.26222608085871,Drilling,Drilling,Drilling,Medium,0.49314126758825544,0.16174056530925007,0.34511816710249454,Drilling stress = 1.26; Assembly stress = 0.91
125,Crack,0.976508818376479,0.9067697408294494,1.0661699862784333,1.0661699862784333,Assembly,Assembly,Assembly,Low,0.3906063588906246,0.1821469975644048,0.42724664354497055,Assembly stress = 1.07; Drilling stress = 0.98
126,Crack,1.314877882621983,0.63013708320251,0.9192855679959364,1.314877882621983,Drilling,Drilling,Drilling,Medium,0.5193748690929528,0.13093983378094845,0.3496852971260987,Drilling stress = 1.31; Assembly stress = 0.92
127,Crack,1.3342480664276353,1.2402898090600525,1.6684622038506898,1.6684622038506898,Assembly,Assembly,Assembly,Medium,0.35063081540429136,0.15959325529002774,0.4897759293056808,Assembly stress = 1.67; Drilling stress = 1.33
128,Crack,0.5571607441402004,0.3327938552695828,0.3137466135625939,0.5571607441402004,Drilling,No clear abnormal zone,No clear abnormal zone,Low,,,,No production zone shows strong deviation from baseline.
129,Crack,0.7591801557514231,0.7627877610046592,0.8812659774337072,0.8812659774337072,Assembly,No clear abnormal zone,No clear abnormal zone,Low,,,,No production zone shows strong deviation from baseline.
130,Crack,1.2421785594334804,0.7819802402669005,0.8805026600130388,1.2421785594334804,Drilling,Drilling,Drilling,Medium,0.4969963278769251,0.15684171902931263,0.34616195309376224,Drilling stress = 1.24; Assembly stress = 0.88
131,Crack,0.3118449261755221,0.2921272849280246,0.2787158434061874,0.3118449261755221,Drilling,No clear abnormal zone,No clear abnormal zone,Low,,,,No production zone shows strong deviation from baseline.
132,Crack,0.8832460611378481,0.82901255237333,0.886450031715128,0.886450031715128,Assembly,No clear abnormal zone,No clear abnormal zone,Low,,,,No production zone shows strong deviation from baseline.
133,Crack,1.525237239764468,0.9093866743593056,0.9118706155421986,1.525237239764468,Drilling,Drilling,Drilling,High,0.5519935696236705,0.14908828556003953,0.2989181448162899,Drilling stress = 1.53; Assembly stress = 0.91
134,Crack,0.3337628978176435,0.088314237327372,0.3956262069503803,0.3956262069503803,Assembly,No clear abnormal zone,No clear abnormal zone,Low,,,,No production zone shows strong deviation from baseline.
135,Crack,1.4721844110808466,0.5982430654318306,0.9195965197338676,1.4721844110808466,Drilling,Drilling,Drilling,High,0.5605034180568824,0.1169500375973995,0.322546544345718,Drilling stress = 1.47; Assembly stress = 0.92
136,Crack,0.7264024418057382,0.5665799748172466,0.8697788285830714,0.8697788285830714,Assembly,No clear abnormal zone,No clear abnormal zone,Low,,,,No production zone shows strong deviation from baseline.
137,Crack,1.463873108374477,0.9314205350985232,0.9163298827132262,1.463873108374477,Drilling,Drilling,Drilling,High,0.5342021428050439,0.15683190422993634,0.30896595296501983,Drilling stress = 1.46; Assembly stress = 0.92
138,Crack,1.3406578958757849,1.2440679999134825,1.6684622038506898,1.6684622038506898,Assembly,Assembly,Assembly,Medium,0.3518795584780792,0.1597407002411216,0.48837974128079914,Assembly stress = 1.67; Drilling stress = 1.34
139,Crack,0.8086702595040876,0.7696614681684332,0.7629192893191856,0.8086702595040876,Drilling,No clear abnormal zone,No clear abnormal zone,Low,,,,No production zone shows strong deviation from baseline.
140,Crack,1.4468770008562923,1.351554823253135,1.6684622038506898,1.6684622038506898,Assembly,Assembly,Assembly,Low,0.3700149391416181,0.16818659081974746,0.46179847003863456,Assembly stress = 1.67; Drilling stress = 1.45
141,Crack,1.196456033157384,1.0996047047142985,1.4398794341371255,1.4398794341371255,Assembly,Assembly,Assembly,Medium,0.3663736308683137,0.1662770134166215,0.4673493557150648,Assembly stress = 1.44; Drilling stress = 1.20
142,Crack,0.5131704079250972,0.6002858579570688,0.2602484338489888,0.6002858579570688,Milling,No clear abnormal zone,No clear abnormal zone,Low,,,,No production zone shows strong deviation from baseline.
143,Crack,0.5411491981299298,0.4234125588004166,0.8878288132240637,0.8878288132240637,Assembly,No clear abnormal zone,No clear abnormal zone,Low,,,,No production zone shows strong deviation from baseline.
144,Crack,0.5557550568244329,0.5463516552945016,0.3713347359046455,0.5557550568244329,Drilling,No clear abnormal zone,No clear abnormal zone,Low,,,,No production zone shows strong deviation from baseline.
145,Crack,0.3171462982550171,0.414235428931724,0.733847478216594,0.733847478216594,Assembly,No clear abnormal zone,No clear abnormal zone,Low,,,,No production zone shows strong deviation from baseline.
146,Crack,0.999673445710914,0.920498971890539,1.084555451682182,1.084555451682182,Assembly,Assembly,Assembly,Low,0.39207568446933694,0.18111519031088502,0.426809125219778,Assembly stress = 1.08; Drilling stress = 1.00
147,Crack,1.2761851355877551,0.625186690645843,0.919605877940409,1.2761851355877551,Drilling,Drilling,Drilling,Medium,0.5099882772129992,0.13298576788273672,0.35702595490426403,Drilling stress = 1.28; Assembly stress = 0.92
148,Crack,1.3641269142332173,1.1940035958232935,0.9071007683997064,1.3641269142332173,Drilling,Drilling,Drilling,Medium,0.4866312239357584,0.2052515082955421,0.3081172677686995,Drilling stress = 1.36; Assembly stress = 0.91
149,Crack,0.6565872597812631,0.6529900685535652,0.4835747806636081,0.6565872597812631,Drilling,No clear abnormal zone,No clear abnormal zone,Low,,,,No production zone shows strong deviation from baseline.
150,Crack,1.3028253651341832,0.7791328850407865,0.9015905425865556,1.3028253651341832,Drilling,Drilling,Drilling,Medium,0.5087356263960905,0.15066951907825685,0.3405948545256527,Drilling stress = 1.30; Assembly stress = 0.90
151,Crack,1.4384969103846468,1.343084747253926,1.6684622038506898,1.6684622038506898,Assembly,Assembly,Assembly,Low,0.3685881198669901,0.1675229690641634,0.46388891106884655,Assembly stress = 1.67; Drilling stress = 1.44
152,Crack,0.5544204104017891,0.5541982249244083,0.3658622647617199,0.5544204104017891,Drilling,No clear abnormal zone,No clear abnormal zone,Low,,,,No production zone shows strong deviation from baseline.
153,Crack,0.4721224622216972,0.5149786272450719,0.3586125370745525,0.5149786272450719,Milling,No clear abnormal zone,No clear abnormal zone,Low,,,,No production zone shows strong deviation from baseline.
154,Crack,0.9208524778740356,0.4854961373283593,0.8308933354975413,0.9208524778740356,Drilling,No clear abnormal zone,No clear abnormal zone,Low,,,,No production zone shows strong deviation from baseline.
155,Crack,0.1959837774369613,0.0641141866724263,0.4551031208306693,0.4551031208306693,Assembly,No clear abnormal zone,No clear abnormal zone,Low,,,,No production zone shows strong deviation from baseline.
156,Crack,0.6668185507449623,0.5341228852290405,0.8714782012045373,0.8714782012045373,Assembly,No clear abnormal zone,No clear abnormal zone,Low,,,,No production zone shows strong deviation from baseline.
157,Crack,1.335058206651112,1.2403179560406223,1.6679454986427311,1.6679454986427311,Assembly,Assembly,Assembly,Medium,0.35090247640912614,0.1595920558979068,0.48950546769296704,Assembly stress = 1.67; Drilling stress = 1.34
158,Crack,0.586985572095716,0.6069849113881286,0.398382355638406,0.6069849113881286,Milling,No clear abnormal zone,No clear abnormal zone,Low,,,,No production zone shows strong deviation from baseline.
159,Crack,1.2965195785245345,1.454384423976715,0.9053645140032692,1.454384423976715,Milling,Milling,Drilling,Medium,0.4421297986450486,0.2588687472700609,0.2990014540848906,Drilling stress = 1.30; Assembly stress = 0.91
160,Crack,1.0002984910913906,0.9230906592553276,1.0923983013950485,1.0923983013950485,Assembly,Assembly,Assembly,Low,0.39072833266283685,0.18084810946385985,0.42842355787330344,Assembly stress = 1.09; Drilling stress = 1.00
161,Crack,0.7021723301805305,0.6628650311742526,0.8618068972425226,0.8618068972425226,Assembly,No clear abnormal zone,No clear abnormal zone,Low,,,,No production zone shows strong deviation from baseline.
162,Crack,1.1276541267896505,1.038088396102458,1.3229737423240524,1.3229737423240524,Assembly,Assembly,Assembly,Low,0.3741305818795352,0.17103906396267915,0.4548303541577857,Assembly stress = 1.32; Drilling stress = 1.13
163,Crack,1.2687299032797594,1.6326944423847345,0.9138988167879732,1.6326944423847345,Milling,Milling,Drilling,Medium,0.4130859886111474,0.29722015734046886,0.28969385404838366,Drilling stress = 1.27; Milling stress = 1.63
164,Crack,0.9785036137876444,0.896944279458179,1.051564555338702,1.051564555338702,Assembly,Assembly,Assembly,Low,0.3942230388512587,0.18167335515709,0.42410360599165137,Assembly stress = 1.05; Drilling stress = 0.98
165,Crack,1.4530486490787395,1.3578424256819954,1.6684622038506898,1.6684622038506898,Assembly,Assembly,Assembly,Low,0.37106199368288173,0.16868207725446618,0.4602559290626521,Assembly stress = 1.67; Drilling stress = 1.45
166,Crack,1.3461927738825792,1.248690600184012,1.668178918115637,1.668178918115637,Assembly,Assembly,Assembly,Medium,0.3529308989206094,0.16007187446075705,0.4869972266186335,Assembly stress = 1.67; Drilling stress = 1.35
167,Crack,1.144097417818442,0.7669217649076032,0.9160001458010248,1.144097417818442,Drilling,Drilling,Drilling,Low,0.4675202849775536,0.160311677483216,0.37216803753923033,Drilling stress = 1.14; Assembly stress = 0.92
168,Crack,0.6075077554721184,0.7268655735511962,0.876474641383792,0.876474641383792,Assembly,No clear abnormal zone,No clear abnormal zone,Low,,,,No production zone shows strong deviation from baseline.
169,Crack,0.1335134433373676,0.4276197127984182,0.5175245806660281,0.5175245806660281,Assembly,No clear abnormal zone,No clear abnormal zone,Low,,,,No production zone shows strong deviation from baseline.
170,Crack,1.0047301369297204,1.970027272403518,0.8975608192085032,1.970027272403518,Milling,Milling,Milling,Low,0.3114141965497701,0.40881952631559515,0.2797662771346348,Milling stress = 1.97; Drilling stress = 1.00
171,Crack,0.8681777983722452,0.8171367637805627,0.8552206162243234,0.8681777983722452,Drilling,No clear abnormal zone,No clear abnormal zone,Low,,,,No production zone shows strong deviation from baseline.
172,Crack,1.44328487088465,0.710901712755476,0.9171001043826822,1.44328487088465,Drilling,Drilling,Drilling,High,0.5460792987514029,0.13126705846958298,0.32265364277901415,Drilling stress = 1.44; Assembly stress = 0.92
173,Crack,1.3251777364855877,1.2292843396571949,1.659458498166244,1.659458498166244,Assembly,Assembly,Assembly,Medium,0.35072758273468646,0.15932867821574492,0.4899437390495687,Assembly stress = 1.66; Drilling stress = 1.33
174,Crack,1.2467204113844228,1.1505442440888858,1.5265992364967835,1.5265992364967835,Assembly,Assembly,Assembly,Medium,0.3600850754884801,0.16353335513565861,0.4763815693758612,Assembly stress = 1.53; Drilling stress = 1.25
175,Crack,0.4979806490429457,0.5399966079190156,0.8658726769432837,0.8658726769432837,Assembly,No clear abnormal zone,No clear abnormal zone,Low,,,,No production zone shows strong deviation from baseline.
176,Crack,1.4176704037080454,0.6506996607068014,0.9186492589999292,1.4176704037080454,Drilling,Drilling,Drilling,High,0.5436751816912002,0.12624621057842877,0.3300786077303711,Drilling stress = 1.42; Assembly stress = 0.92
177,Crack,1.3800737625635435,0.7054987578246114,0.9153779465790676,1.3800737625635435,Drilling,Drilling,Drilling,Medium,0.5310638833080025,0.1352547633898082,0.3336813533021894,Drilling stress = 1.38; Assembly stress = 0.92
178,Crack,1.2110566126640046,0.6073033865032117,0.9027498572409838,1.2110566126640046,Drilling,Drilling,Drilling,Medium,0.49799116474566163,0.13613974959141434,0.365869085662924,Drilling stress = 1.21; Assembly stress = 0.90
179,Crack,0.3001699345148022,0.287660309212003,0.7494809994632925,0.7494809994632925,Assembly,No clear abnormal zone,No clear abnormal zone,Low,,,,No production zone shows strong deviation from baseline.
180,Crack,1.230875174571742,1.1321317884914237,1.499991430922877,1.499991430922877,Assembly,Assembly,Assembly,Medium,0.3620833720719435,0.1640192712035267,0.4738973567245299,Assembly stress = 1.50; Drilling stress = 1.23
181,Crack,1.4002339149640934,0.6830584570625393,0.9178663790629524,1.4002339149640934,Drilling,Drilling,Drilling,High,0.5372344697158643,0.13111987611929019,0.3316456541648455,Drilling stress = 1.40; Assembly stress = 0.92
182,Crack,1.0417492922278266,1.2405429481942256,0.9122046413751193,1.2405429481942256,Milling,Milling,Drilling,Low,0.40185488672470965,0.24511745910124902,0.3530276541740414,Drilling stress = 1.04; Assembly stress = 0.91
183,Crack,0.2268439540377641,0.4092177304464803,0.4392628927340635,0.4392628927340635,Assembly,No clear abnormal zone,No clear abnormal zone,Low,,,,No production zone shows strong deviation from baseline.
184,Crack,1.1072813586861276,1.018099709593078,1.2894132223532804,1.2894132223532804,Assembly,Assembly,Assembly,Low,0.3763484432431695,0.1721190855957033,0.4515324711611272,Assembly stress = 1.29; Drilling stress = 1.11
185,Crack,0.3025823141980197,0.2096036093892048,0.6859879131397448,0.6859879131397448,Assembly,No clear abnormal zone,No clear abnormal zone,Low,,,,No production zone shows strong deviation from baseline.
186,Crack,0.7321457393347449,1.0981270051304064,0.8507538270024171,1.0981270051304064,Milling,Milling,Assembly,Low,0.3512601675024704,0.25324597562664886,0.3954938568708808,Assembly stress = 0.85; Drilling stress = 0.73
187,Crack,0.2681902523834507,1.184623291658262,0.3163787903014332,1.184623291658262,Milling,Milling,Milling,Low,0.30307196354740956,0.37889386999964325,0.3180341664529472,Milling stress = 1.18; Assembly stress = 0.32
188,Crack,1.548130159964833,0.7103270475685365,0.9171907240901296,1.548130159964833,Drilling,Drilling,Drilling,High,0.5719444022533489,0.12372872838578425,0.3043268693608668,Drilling stress = 1.55; Assembly stress = 0.92
189,Crack,0.2885793331277598,0.2119968757041541,0.4984464079567248,0.4984464079567248,Assembly,No clear abnormal zone,No clear abnormal zone,Low,,,,No production zone shows strong deviation from baseline.
190,Crack,1.1544424574487735,0.9856112673763188,1.3596728368243745,1.3596728368243745,Assembly,Assembly,Assembly,Low,0.37733946234051596,0.15936016708049194,0.4633003705789921,Assembly stress = 1.36; Drilling stress = 1.15
191,Crack,0.6698112416767313,0.6778979812056352,0.541931126416581,0.6778979812056352,Milling,No clear abnormal zone,No clear abnormal zone,Low,,,,No production zone shows strong deviation from baseline.
192,Crack,0.356849652974744,0.2377671485585698,0.7804065692172455,0.7804065692172455,Assembly,No clear abnormal zone,No clear abnormal zone,Low,,,,No production zone shows strong deviation from baseline.
193,Crack,0.7552557759587981,0.746396906151179,0.697435178763852,0.7552557759587981,Drilling,No clear abnormal zone,No clear abnormal zone,Low,,,,No production zone shows strong deviation from baseline.
194,Crack,0.419530859260267,0.3674570218089648,0.827956631370468,0.827956631370468,Assembly,No clear abnormal zone,No clear abnormal zone,Low,,,,No production zone shows strong deviation from baseline.
195,Crack,0.9791407773923252,0.9020603991684376,1.0717478856727032,1.0717478856727032,Assembly,Assembly,Assembly,Low,0.39063440666869587,0.18082768161004334,0.4285379117212607,Assembly stress = 1.07; Drilling stress = 0.98
196,Crack,1.3382940964473042,0.7964126947369714,0.917017638227272,1.3382940964473042,Drilling,Drilling,Drilling,Medium,0.5136014209138151,0.149368877840609,0.33702970124557585,Drilling stress = 1.34; Assembly stress = 0.92
197,Crack,1.4590571518846556,0.8972197310457206,0.91731107388388,1.4590571518846556,Drilling,Drilling,Drilling,High,0.535672621580086,0.15270967846488062,0.31161769995503336,Drilling stress = 1.46; Assembly stress = 0.92
198,Crack,1.4388598532047645,1.3421862090280388,1.6684622038506898,1.6684622038506898,Assembly,Assembly,Assembly,Low,0.3687280626436481,0.16737529893209807,0.46389663842425377,Assembly stress = 1.67; Drilling stress = 1.44
199,Crack,0.324491768422914,0.5795278559553946,0.3644522878184739,0.5795278559553946,Milling,No clear abnormal zone,No clear abnormal zone,Low,,,,No production zone shows strong deviation from baseline.
200,Crack,0.3031083139392591,0.7902662659283043,0.5569979713152455,0.7902662659283043,Milling,No clear abnormal zone,No clear abnormal zone,Low,,,,No production zone shows strong deviation from baseline.
201,Crack,1.2393546250830092,0.91930009464484,0.896883450427877,1.2393546250830092,Drilling,Drilling,Drilling,Medium,0.4823767731792283,0.17512916454494254,0.3424940622758291,Drilling stress = 1.24; Assembly stress = 0.90
202,Crack,0.3458139746843348,0.3848264086490882,0.7354911767290202,0.7354911767290202,Assembly,No clear abnormal zone,No clear abnormal zone,Low,,,,No production zone shows strong deviation from baseline.
203,Crack,1.411885115649422,0.6554452619512798,0.9115699514089654,1.411885115649422,Drilling,Drilling,Drilling,High,0.5431810727335055,0.12746676925949263,0.32935215800700174,Drilling stress = 1.41; Assembly stress = 0.91
204,Crack,0.466107445720568,0.5143681190634893,0.3889893572115627,0.5143681190634893,Milling,No clear abnormal zone,No clear abnormal zone,Low,,,,No production zone shows strong deviation from baseline.
205,Crack,1.256871578462998,0.7394723818503658,0.9169945965878517,1.256871578462998,Drilling,Drilling,Drilling,Medium,0.4975391008213218,0.14828376527304094,0.35417713390563726,Drilling stress = 1.26; Assembly stress = 0.92
206,Crack,0.3112780305311924,0.1070695936843248,0.3948581104781156,0.3948581104781156,Assembly,No clear abnormal zone,No clear abnormal zone,Low,,,,No production zone shows strong deviation from baseline.
207,Crack,0.2713841718536892,0.2902855925514095,0.7515882591580855,0.7515882591580855,Assembly,No clear abnormal zone,No clear abnormal zone,Low,,,,No production zone shows strong deviation from baseline.
208,Crack,0.7765176773686915,0.7575192937810193,0.7253596797027506,0.7765176773686915,Drilling,No clear abnormal zone,No clear abnormal zone,Low,,,,No production zone shows strong deviation from baseline.
209,Crack,0.6968613806894087,0.6545963114815183,0.6130757577551688,0.6968613806894087,Drilling,No clear abnormal zone,No clear abnormal zone,Low,,,,No production zone shows strong deviation from baseline.
210,Crack,0.5085050379868014,0.4609874409748994,0.7998012069416416,0.7998012069416416,Assembly,No clear abnormal zone,No clear abnormal zone,Low,,,,No production zone shows strong deviation from baseline.
211,Crack,0.990203039096326,0.9157204806506992,1.06040392738199,1.06040392738199,Assembly,Assembly,Assembly,Low,0.3941918994468812,0.18294912452932707,0.4228589760237917,Assembly stress = 1.06; Drilling stress = 0.99
212,Crack,1.3971232992981424,1.4415248978348765,0.9138760621078206,1.4415248978348765,Milling,Milling,Drilling,Medium,0.4674036513394964,0.24431237992550375,0.2882839687349998,Drilling stress = 1.40; Assembly stress = 0.91
213,Crack,1.1303082380981715,1.0373738958264511,1.3276843690751354,1.3276843690751354,Assembly,Assembly,Assembly,Low,0.37399551965108024,0.17040233118564127,0.45560214916327846,Assembly stress = 1.33; Drilling stress = 1.13
214,Crack,0.8225608903696817,0.7873464325757791,0.7855024809437838,0.8225608903696817,Drilling,No clear abnormal zone,No clear abnormal zone,Low,,,,No production zone shows strong deviation from baseline.
215,Crack,1.21710330525686,1.123899879250884,1.4854408459054536,1.4854408459054536,Assembly,Assembly,Assembly,Medium,0.3618871227936664,0.1648410606956627,0.47327181651067085,Assembly stress = 1.49; Drilling stress = 1.22
216,Crack,1.100838607303143,1.0159886860503304,1.2831287763901904,1.2831287763901904,Assembly,Assembly,Assembly,Low,0.37604058788607436,0.17272487009046558,0.45123454202346003,Assembly stress = 1.28; Drilling stress = 1.10
217,Crack,1.2218703670144784,0.722534718044453,0.918741613446536,1.2218703670144784,Drilling,Drilling,Drilling,Medium,0.4897229492512532,0.14861469127691002,0.36166235947183667,Drilling stress = 1.22; Assembly stress = 0.92
218,Crack,0.2934169235692758,1.0676460201036653,0.7701494511047102,1.0676460201036653,Milling,Milling,Assembly,Medium,0.270616786390324,0.2934730064267773,0.4359102071828985,Assembly stress = 0.77; Milling stress = 1.07
219,Crack,0.325437328047287,0.3458362844306075,0.734536703962317,0.734536703962317,Assembly,No clear abnormal zone,No clear abnormal zone,Low,,,,No production zone shows strong deviation from baseline.
220,Crack,0.8276879033276177,0.7817841561846832,0.8103698796752028,0.8276879033276177,Drilling,No clear abnormal zone,No clear abnormal zone,Low,,,,No production zone shows strong deviation from baseline.
221,Crack,1.3631782032387358,0.8551810082656353,0.9023916904316548,1.3631782032387358,Drilling,Drilling,Drilling,Medium,0.5176955970873595,0.1557485804876045,0.32655582242503617,Drilling stress = 1.36; Assembly stress = 0.90
222,Crack,1.1483163972139934,1.0612750126350572,1.3528105045580507,1.3528105045580507,Assembly,Assembly,Assembly,Low,0.3724084367587927,0.17068207834655777,0.45690948489464944,Assembly stress = 1.35; Drilling stress = 1.15
223,Crack,1.043541168284997,0.9574905998165312,1.1734292282622374,1.1734292282622374,Assembly,Assembly,Assembly,Low,0.3849892942859649,0.17662304597639703,0.43838765973763805,Assembly stress = 1.17; Drilling stress = 1.04
224,Crack,1.004047765630595,0.7142797395757949,1.1053232027610502,1.1053232027610502,Assembly,Assembly,Assembly,Low,0.4030957794433491,0.15084593126852502,0.4460582892881258,Assembly stress = 1.11; Drilling stress = 1.00
225,Crack,1.4402063062561832,1.3456677740093086,1.6684622038506898,1.6684622038506898,Assembly,Assembly,Assembly,Low,0.36882633566442946,0.16777774974576623,0.46339591458980417,Assembly stress = 1.67; Drilling stress = 1.44
226,Crack,0.987415428453552,0.90813811711562,1.070081828798746,1.070081828798746,Assembly,Assembly,Assembly,Low,0.3924537030846666,0.18127116955205408,0.4262751273632794,Assembly stress = 1.07; Drilling stress = 0.99
227,Crack,0.43972422946724,1.0307180377296394,0.4318460876284519,1.0307180377296394,Milling,Milling,Drilling,Low,0.3454179087527695,0.31187474266527343,0.3427073485819571,Drilling stress = 0.44; Assembly stress = 0.43
228,Crack,1.1123745542230596,0.9799083151310618,1.300129705581163,1.300129705581163,Assembly,Assembly,Assembly,Low,0.37814269960372543,0.16561374122277103,0.45624355917350345,Assembly stress = 1.30; Drilling stress = 1.11
229,Crack,0.4431180362342236,0.2845687356078428,0.4460519770136973,0.4460519770136973,Assembly,No clear abnormal zone,No clear abnormal zone,Low,,,,No production zone shows strong deviation from baseline.
230,Crack,0.7560738600959322,0.7354412352524069,0.6842417439548971,0.7560738600959322,Drilling,No clear abnormal zone,No clear abnormal zone,Low,,,,No production zone shows strong deviation from baseline.
231,Crack,1.444811143286426,1.3493377072451622,1.6684622038506898,1.6684622038506898,Assembly,Assembly,Assembly,Low,0.36967130812694976,0.16800498268471054,0.46232370918833976,Assembly stress = 1.67; Drilling stress = 1.44
232,Crack,0.3103043153878049,0.4432364688973928,0.3092062338270495,0.4432364688973928,Milling,No clear abnormal zone,No clear abnormal zone,Low,,,,No production zone shows strong deviation from baseline.
233,Crack,0.2920335943094698,0.5923424736286064,0.7437581535618591,0.7437581535618591,Assembly,No clear abnormal zone,No clear abnormal zone,Low,,,,No production zone shows strong deviation from baseline.
234,Crack,0.3636320336956164,0.6524305368692891,0.8421330731545602,0.8421330731545602,Assembly,No clear abnormal zone,No clear abnormal zone,Low,,,,No production zone shows strong deviation from baseline.
235,Crack,0.2395163327547797,1.5162467991564033,0.5626143861329008,1.5162467991564033,Milling,Milling,Milling,Low,0.23958691809715832,0.42944752270482717,0.3309655591980145,Milling stress = 1.52; Assembly stress = 0.56
236,Crack,0.3828869700523926,0.631539970672887,0.7853492029248699,0.7853492029248699,Assembly,No clear abnormal zone,No clear abnormal zone,Low,,,,No production zone shows strong deviation from baseline.
237,Crack,0.4056087159444731,0.3310841111432264,0.4006777107557822,0.4056087159444731,Drilling,No clear abnormal zone,No clear abnormal zone,Low,,,,No production zone shows strong deviation from baseline.
238,Crack,0.3318908464115854,0.3173024336164723,0.3061063883630944,0.3318908464115854,Drilling,No clear abnormal zone,No clear abnormal zone,Low,,,,No production zone shows strong deviation from baseline.
239,Crack,1.4091096823881395,1.688142671748509,0.9072417171677788,1.688142671748509,Milling,Milling,Drilling,Medium,0.44124313448172287,0.2916288282848007,0.26712803723347656,Drilling stress = 1.41; Milling stress = 1.69
240,Crack,1.042137197749568,1.1794049326259688,0.9004032561228164,1.1794049326259688,Milling,Milling,Drilling,Low,0.4095977362867528,0.23493199784190424,0.355470265871343,Drilling stress = 1.04; Assembly stress = 0.90
241,Crack,1.2821966567560688,0.7699721254414377,0.897181683362704,1.2821966567560688,Drilling,Drilling,Drilling,Medium,0.5050451309709301,0.15130173403996655,0.3436531349891033,Drilling stress = 1.28; Assembly stress = 0.90
242,Crack,1.3270426792800314,1.2292626881336794,1.6642594550240295,1.6642594550240295,Assembly,Assembly,Assembly,Medium,0.3503281070048343,0.15884724104033537,0.4908246519548303,Assembly stress = 1.66; Drilling stress = 1.33
243,Crack,1.3296027223862186,1.2341754188193146,1.6620655559620228,1.6620655559620228,Assembly,Assembly,Assembly,Medium,0.35101386755742486,0.15953307177274775,0.48945306066982747,Assembly stress = 1.66; Drilling stress = 1.33
244,Crack,0.3276208116029655,2.2086810348096204,0.7209635744278109,2.2086810348096204,Milling,Milling,Milling,High,0.17354619356970846,0.5692711463289523,0.2571826601013392,Milling stress = 2.21; Assembly stress = 0.72
245,Crack,1.3228947613358295,1.226437164314925,1.6566077757085786,1.6566077757085786,Assembly,Assembly,Assembly,Medium,0.35085668157590616,0.15929742429710836,0.48984589412698537,Assembly stress = 1.66; Drilling stress = 1.32
246,Crack,1.3477188450498103,0.6233496022733432,0.9182527323318356,1.3477188450498103,Drilling,Drilling,Drilling,Medium,0.5282141454491,0.12799425199819553,0.34379160255270463,Drilling stress = 1.35; Assembly stress = 0.92
247,Crack,1.4445470375735727,1.3509485805947048,1.6684622038506898,1.6684622038506898,Assembly,Assembly,Assembly,Low,0.36950967728431855,0.1682466895785973,0.46224363313708416,Assembly stress = 1.67; Drilling stress = 1.44
248,Crack,0.6701409354119248,0.6658532386740403,0.5035440915461447,0.6701409354119248,Drilling,No clear abnormal zone,No clear abnormal zone,Low,,,,No production zone shows strong deviation from baseline.
249,Crack,0.4102161355661533,0.7342728570677827,0.4617206961851111,0.7342728570677827,Milling,No clear abnormal zone,No clear abnormal zone,Low,,,,No production zone shows strong deviation from baseline.
250,Crack,1.2431339620652344,0.8642900438007205,0.887012471387605,1.2431339620652344,Drilling,Drilling,Drilling,Medium,0.48954484998460157,0.16758404439746066,0.3428711056179377,Drilling stress = 1.24; Assembly stress = 0.89
251,Crack,1.4438250756133897,0.9079177783389868,0.9012004527363344,1.4438250756133897,Drilling,Drilling,Drilling,High,0.5336777786812076,0.1561376153854927,0.3101846059332998,Drilling stress = 1.44; Assembly stress = 0.90
252,Crack,1.2471618403243483,0.8688539453655848,0.9147444080854452,1.2471618403243483,Drilling,Drilling,Drilling,Medium,0.4855081497549567,0.1662912881347133,0.34820056211033007,Drilling stress = 1.25; Assembly stress = 0.91
253,Crack,1.491712350543165,0.6121297827876837,0.9088686693830004,1.491712350543165,Drilling,Drilling,Drilling,High,0.5663198801768233,0.11749894203290273,0.3161811777902739,Drilling stress = 1.49; Assembly stress = 0.91
254,Crack,1.1016415994142976,1.0144254460525215,1.2871140973484092,1.2871140973484092,Assembly,Assembly,Assembly,Low,0.3756536495881711,0.17213933571646978,0.4522070146953591,Assembly stress = 1.29; Drilling stress = 1.10
255,Crack,0.6622604719748313,0.6768045792681094,0.5454505230333314,0.6768045792681094,Milling,No clear abnormal zone,No clear abnormal zone,Low,,,,No production zone shows strong deviation from baseline.
256,Crack,1.2757073519748547,0.9993091096505764,0.9155659597100584,1.2757073519748547,Drilling,Drilling,Drilling,Medium,0.4815023443027343,0.1826123640692698,0.33588529162799585,Drilling stress = 1.28; Assembly stress = 0.92
257,Crack,0.585850973394656,0.6296638618339757,0.8224500504880459,0.8224500504880459,Assembly,No clear abnormal zone,No clear abnormal zone,Low,,,,No production zone shows strong deviation from baseline.
258,Crack,1.466539137405921,0.7777160737579069,0.9202433681708656,1.466539137405921,Drilling,Drilling,Drilling,High,0.5463960458606347,0.13719096046677845,0.31641299367258696,Drilling stress = 1.47; Assembly stress = 0.92
259,Crack,0.5570499635308044,0.5971724409309674,0.3679087294014343,0.5971724409309674,Milling,No clear abnormal zone,No clear abnormal zone,Low,,,,No production zone shows strong deviation from baseline.
260,Crack,0.9906213687055678,1.2844471340999315,0.8988136694893615,1.2844471340999315,Milling,Milling,Drilling,Low,0.38713839016666574,0.25968278053981536,0.35317882929351885,Drilling stress = 0.99; Assembly stress = 0.90
261,Crack,0.7400101722695672,1.4503497147273745,0.9020990955333358,1.4503497147273745,Milling,Milling,Assembly,Low,0.3131551000701971,0.3185855230205852,0.3682593769092178,Assembly stress = 0.90; Milling stress = 1.45
262,Crack,1.1107438535976837,1.0240278967315837,1.299395123493715,1.299395123493715,Assembly,Assembly,Assembly,Low,0.3750813223319575,0.1719630665827212,0.45295561108532134,Assembly stress = 1.30; Drilling stress = 1.11
263,Crack,1.285651379456502,0.7050154544465287,0.907203766966443,1.285651379456502,Drilling,Drilling,Drilling,Medium,0.5089848383786391,0.14239930572817414,0.34861585589318683,Drilling stress = 1.29; Assembly stress = 0.91
264,Crack,0.889740230133095,0.8403342060749193,0.9023081365275016,0.9023081365275016,Assembly,No clear abnormal zone,No clear abnormal zone,Low,,,,No production zone shows strong deviation from baseline.
265,Crack,0.6609787003955976,0.6712639544005289,0.5021922340189217,0.6712639544005289,Milling,No clear abnormal zone,No clear abnormal zone,Low,,,,No production zone shows strong deviation from baseline.
266,Crack,0.5759418630258103,0.8314706726784519,0.8627838675660314,0.8627838675660314,Assembly,No clear abnormal zone,No clear abnormal zone,Low,,,,No production zone shows strong deviation from baseline.
267,Crack,0.6471528079545349,1.548989757232457,0.9084106722923616,1.548989757232457,Milling,Milling,Assembly,Low,0.28323595572148713,0.34896446054639946,0.36779958373211336,Assembly stress = 0.91; Milling stress = 1.55
268,Crack,1.4529136920482784,0.5999984141161593,0.917069745901644,1.4529136920482784,Drilling,Drilling,Drilling,High,0.5560929322898588,0.11849526076103635,0.32541180694910476,Drilling stress = 1.45; Assembly stress = 0.92
269,Crack,0.2917552047927075,0.3517962316946178,0.3281554815867695,0.3517962316946178,Milling,No clear abnormal zone,No clear abnormal zone,Low,,,,No production zone shows strong deviation from baseline.
270,Crack,0.8402653093937353,0.5942543221852209,0.8495693659339191,0.8495693659339191,Assembly,No clear abnormal zone,No clear abnormal zone,Low,,,,No production zone shows strong deviation from baseline.
271,Crack,1.5484198483569775,0.6410928797230363,0.9103818270210852,1.5484198483569775,Drilling,Drilling,Drilling,High,0.5779916542182877,0.11663918492779907,0.30536916085391325,Drilling stress = 1.55; Assembly stress = 0.91
272,Crack,0.5134111655069946,1.15385811792946,0.8253309076211636,1.15385811792946,Milling,Milling,Assembly,Medium,0.3016855710928197,0.28619834703221714,0.4121160818749631,Assembly stress = 0.83; Drilling stress = 0.51
273,Crack,0.2436089570258703,0.4929165488611565,0.6926373683887344,0.6926373683887344,Assembly,No clear abnormal zone,No clear abnormal zone,Low,,,,No production zone shows strong deviation from baseline.
274,Crack,1.3951387483427644,0.6086961316647524,0.912963546643032,1.3951387483427644,Drilling,Drilling,Drilling,High,0.5419554952038474,0.12342011302405885,0.33462439177209363,Drilling stress = 1.40; Assembly stress = 0.91
275,Crack,1.396733576716703,0.7712336076174083,0.9154372490260048,1.396733576716703,Drilling,Drilling,Drilling,High,0.5303692885940003,0.14187216209583073,0.32775854931016885,Drilling stress = 1.40; Assembly stress = 0.92
276,Crack,0.273668111744747,0.4336695766361635,0.5979284011658267,0.5979284011658267,Assembly,No clear abnormal zone,No clear abnormal zone,Low,,,,No production zone shows strong deviation from baseline.
277,Crack,0.8763463138838974,1.56768650847813,0.8831628628053996,1.56768650847813,Milling,Milling,Assembly,Low,0.33277488382092607,0.33217410723701907,0.3350510089420548,Assembly stress = 0.88; Drilling stress = 0.88
278,Crack,1.2108118178586067,1.1163759748292963,1.4700113389250742,1.4700113389250742,Assembly,Assembly,Assembly,Medium,0.36352593225717633,0.16538359788196125,0.47109046986086245,Assembly stress = 1.47; Drilling stress = 1.21
279,Crack,1.2308223249376762,1.134374886327615,1.4948630862471322,1.4948630862471322,Assembly,Assembly,Assembly,Medium,0.362817045383265,0.16472939229122882,0.4724535623255062,Assembly stress = 1.49; Drilling stress = 1.23
280,Crack,1.159661927358954,0.7556736765841843,0.9028521876804372,1.159661927358954,Drilling,Drilling,Drilling,Medium,0.4745315698943644,0.1584109676934487,0.36705746241218695,Drilling stress = 1.16; Assembly stress = 0.90
281,Crack,0.9701269880446431,0.89480294378251,1.0430689501769752,1.0430689501769752,Assembly,Assembly,Assembly,Low,0.39379542882145613,0.18261138825640674,0.4235931829221372,Assembly stress = 1.04; Drilling stress = 0.97
282,Crack,0.5397980229902419,0.3241761146870584,0.3823508830192543,0.5397980229902419,Drilling,No clear abnormal zone,No clear abnormal zone,Low,,,,No production zone shows strong deviation from baseline.
283,Crack,0.9702056967017956,0.7418946738549967,0.9111837280841436,0.9702056967017956,Drilling,No clear abnormal zone,No clear abnormal zone,Low,,,,No production zone shows strong deviation from baseline.
284,Crack,0.3323170021426611,0.7331646695598766,0.250476296677553,0.7331646695598766,Milling,No clear abnormal zone,No clear abnormal zone,Low,,,,No production zone shows strong deviation from baseline.
285,Crack,1.3404294363327642,1.2437410619084006,1.6684622038506898,1.6684622038506898,Assembly,Assembly,Assembly,Medium,0.35184583141110787,0.15970966062604322,0.4884445079628489,Assembly stress = 1.67; Drilling stress = 1.34
286,Crack,1.2295009342570362,1.1355722155780144,1.4963801908308754,1.4963801908308754,Assembly,Assembly,Assembly,Medium,0.3621801904694473,0.1648549427639916,0.47296486676656113,Assembly stress = 1.50; Drilling stress = 1.23
287,Crack,0.3137791339757076,0.7090358412582792,0.3446014803334652,0.7090358412582792,Milling,No clear abnormal zone,No clear abnormal zone,Low,,,,No production zone shows strong deviation from baseline.
288,Crack,0.911940838458568,0.8450044396971823,0.9545695695130286,0.9545695695130286,Assembly,No clear abnormal zone,No clear abnormal zone,Low,,,,No production zone shows strong deviation from baseline.
289,Crack,0.8322272596613316,1.0240742490827557,0.9079919063079784,1.0240742490827557,Milling,Milling,Assembly,Low,0.372515614262724,0.22564856419663998,0.40183582154063596,Assembly stress = 0.91; Drilling stress = 0.83
290,Crack,1.5316742394735876,1.0444832643240924,0.9177655946733124,1.5316742394735876,Drilling,Drilling,Drilling,High,0.5410066552779751,0.16618363716035084,0.29280970756167407,Drilling stress = 1.53; Assembly stress = 0.92
291,Crack,1.3374367783472405,1.240599425846322,1.6684622038506898,1.6684622038506898,Assembly,Assembly,Assembly,Medium,0.35133985096552284,0.15945622901669723,0.4892039200177799,Assembly stress = 1.67; Drilling stress = 1.34
292,Crack,1.3601872650466147,1.0798001240154498,0.8819710252090938,1.3601872650466147,Drilling,Drilling,Drilling,Medium,0.5005922658345011,0.1890965266112469,0.3103112075542519,Drilling stress = 1.36; Assembly stress = 0.88
293,Crack,1.4714591511101536,0.7304914870093033,0.91930180435383,1.4714591511101536,Drilling,Drilling,Drilling,High,0.5512579796979268,0.131379234079648,0.3173627862224253,Drilling stress = 1.47; Assembly stress = 0.92
294,Crack,0.4621543419425847,1.0892114325623954,0.4413727327324934,1.0892114325623954,Milling,Milling,Drilling,Low,0.3429967673419303,0.3210609345977189,0.33594229806035086,Drilling stress = 0.46; Assembly stress = 0.44
295,Crack,1.1075389308542607,1.0178745337485182,1.2875932314534253,1.2875932314534253,Assembly,Assembly,Assembly,Low,0.3767327798040874,0.1722117030374443,0.45105551715846837,Assembly stress = 1.29; Drilling stress = 1.11
296,Crack,0.7094623969324405,0.6912656318240182,0.6039177840886808,0.7094623969324405,Drilling,No clear abnormal zone,No clear abnormal zone,Low,,,,No production zone shows strong deviation from baseline.
297,Crack,1.1332364425703525,1.046437223569981,1.3390417979526863,1.3390417979526863,Assembly,Assembly,Assembly,Low,0.3721699305551467,0.17061407813804783,0.45721599130680546,Assembly stress = 1.34; Drilling stress = 1.13
298,Crack,0.2790314680052417,0.6378476101639745,0.7952269221309651,0.7952269221309651,Assembly,No clear abnormal zone,No clear abnormal zone,Low,,,,No production zone shows strong deviation from baseline.
299,Crack,0.3594957568858127,0.3842751101970189,0.8228625932079136,0.8228625932079136,Assembly,No clear abnormal zone,No clear abnormal zone,Low,,,,No production zone shows strong deviation from baseline.
300,Crack,0.8714612409706171,0.8128259454486546,0.872918784051713,0.872918784051713,Assembly,No clear abnormal zone,No clear abnormal zone,Low,,,,No production zone shows strong deviation from baseline.
301,Crack,1.1229456724428502,1.0311923858628165,1.315688926578629,1.315688926578629,Assembly,Assembly,Assembly,Low,0.37470915069252486,0.17092923829952178,0.4543616110079533,Assembly stress = 1.32; Drilling stress = 1.12
302,Crack,0.9612514607925452,0.8965090838355203,1.0431838260750372,1.0431838260750372,Assembly,Assembly,Assembly,Low,0.3915370288982154,0.18349557184283458,0.42496739925894994,Assembly stress = 1.04; Drilling stress = 0.96
303,Crack,0.2746692867692986,0.3941504688391877,0.6378608127869907,0.6378608127869907,Assembly,No clear abnormal zone,No clear abnormal zone,Low,,,,No production zone shows strong deviation from baseline.
304,Crack,1.3186337951078135,0.8836133690588657,0.894416911060278,1.3186337951078135,Drilling,Drilling,Drilling,Medium,0.5055847686617518,0.16362023633469738,0.33079499500355086,Drilling stress = 1.32; Assembly stress = 0.89
305,Crack,0.5256798644828073,1.0870802678392495,0.8182226509409438,1.0870802678392495,Milling,Milling,Assembly,Medium,0.3109072808185984,0.2725297978707272,0.4165629213106744,Assembly stress = 0.82; Drilling stress = 0.53
306,Crack,1.442913794883043,1.348408856886353,1.6684622038506898,1.6684622038506898,Assembly,Assembly,Assembly,Low,0.36928694940990503,0.16799292475373107,0.46272012583636396,Assembly stress = 1.67; Drilling stress = 1.44
307,Crack,1.435059894315934,0.8247917977138216,0.9139816167385976,1.435059894315934,Drilling,Drilling,Drilling,High,0.5360543611870638,0.14559376308511074,0.31835187572782536,Drilling stress = 1.44; Assembly stress = 0.91
308,Crack,0.4519602380867995,0.5599967750550947,0.3922369982217622,0.5599967750550947,Milling,No clear abnormal zone,No clear abnormal zone,Low,,,,No production zone shows strong deviation from baseline.
309,Crack,1.3256784031436963,1.2298516095732972,1.6586397938352908,1.6586397938352908,Assembly,Assembly,Assembly,Medium,0.3509505694085759,0.15944059560804763,0.4896088349833766,Assembly stress = 1.66; Drilling stress = 1.33
310,Crack,1.1290416741745213,1.0395563693967995,1.3280872846234577,1.3280872846234577,Assembly,Assembly,Assembly,Low,0.37349130920575085,0.17076054447754557,0.4557481463167035,Assembly stress = 1.33; Drilling stress = 1.13
311,Crack,1.4201008430745978,0.6127471317144764,0.9168165019679412,1.4201008430745978,Drilling,Drilling,Drilling,High,0.5471775684531933,0.12203067898662431,0.33079175256018234,Drilling stress = 1.42; Assembly stress = 0.92
312,Crack,0.8145112451460269,0.7784021882115839,0.7838648868425035,0.8145112451460269,Drilling,No clear abnormal zone,No clear abnormal zone,Low,,,,No production zone shows strong deviation from baseline.
313,Crack,0.9737602964874974,0.907471250191347,1.0795934228352873,1.0795934228352873,Assembly,Assembly,Assembly,Low,0.3876620328583471,0.18139875671914907,0.43093921042250394,Assembly stress = 1.08; Drilling stress = 0.97
314,Crack,1.4424714583210247,1.3463779439806125,1.6684622038506898,1.6684622038506898,Assembly,Assembly,Assembly,Low,0.36930982240044863,0.16773665569959972,0.46295352189995165,Assembly stress = 1.67; Drilling stress = 1.44
315,Crack,1.145586349212152,1.0575596111998211,1.3489047295799708,1.3489047295799708,Assembly,Assembly,Assembly,Low,0.37267116414184176,0.17063427351971266,0.4566945623384455,Assembly stress = 1.35; Drilling stress = 1.15
316,Crack,0.7959275923972902,0.7530937223744798,0.7266324664361478,0.7959275923972902,Drilling,No clear abnormal zone,No clear abnormal zone,Low,,,,No production zone shows strong deviation from baseline.
317,Crack,0.961684081541642,0.882563337539277,1.0247829315656056,1.0247829315656056,Assembly,Assembly,Assembly,Low,0.39571107728741745,0.18280434311872037,0.42148457959386215,Assembly stress = 1.02; Drilling stress = 0.96
318,Crack,1.341560392084738,1.2446980592477797,1.668314042172053,1.668314042172053,Assembly,Assembly,Assembly,Medium,0.3520754405413138,0.15978608612073011,0.4881384733379561,Assembly stress = 1.67; Drilling stress = 1.34
319,Crack,0.936075009290692,0.6410385582736015,0.868377198167697,0.936075009290692,Drilling,No clear abnormal zone,No clear abnormal zone,Low,,,,No production zone shows strong deviation from baseline.
320,Crack,0.3842656953089929,1.9786477288230715,0.823324288275313,1.9786477288230715,Milling,Milling,Milling,Medium,0.199446002341,0.49116414904151395,0.3093898486174861,Milling stress = 1.98; Assembly stress = 0.82
321,Crack,0.8485667274906452,0.8167578621190439,0.8360919159733405,0.8485667274906452,Drilling,No clear abnormal zone,No clear abnormal zone,Low,,,,No production zone shows strong deviation from baseline.
322,Crack,1.342261973518269,1.244481544012626,1.6684622038506898,1.6684622038506898,Assembly,Assembly,Assembly,Medium,0.3522222124136062,0.15970600425806764,0.4880717833283261,Assembly stress = 1.67; Drilling stress = 1.34
323,Crack,0.7558463026872976,0.7323407370850075,0.6776070466037192,0.7558463026872976,Drilling,No clear abnormal zone,No clear abnormal zone,Low,,,,No production zone shows strong deviation from baseline.
324,Crack,0.4733986871108108,0.5167476671101056,0.4116076639807444,0.5167476671101056,Milling,No clear abnormal zone,No clear abnormal zone,Low,,,,No production zone shows strong deviation from baseline.
325,Crack,0.2429685279629462,0.4242010837785015,0.5481579897812194,0.5481579897812194,Assembly,No clear abnormal zone,No clear abnormal zone,Low,,,,No production zone shows strong deviation from baseline.
326,Crack,0.5863179894208017,0.3186671458434242,0.3987867646184448,0.5863179894208017,Drilling,No clear abnormal zone,No clear abnormal zone,Low,,,,No production zone shows strong deviation from baseline.
327,Crack,1.352589520909384,0.8583405897739391,0.9186776604641398,1.352589520909384,Drilling,Drilling,Drilling,Medium,0.5120370123751841,0.15617869001327234,0.33178429761154354,Drilling stress = 1.35; Assembly stress = 0.92
328,Crack,0.3546068573049847,0.4148097459761868,0.6406798685815005,0.6406798685815005,Assembly,No clear abnormal zone,No clear abnormal zone,Low,,,,No production zone shows strong deviation from baseline.
329,Crack,0.2374294402675493,0.2378787359166821,0.5945902073734551,0.5945902073734551,Assembly,No clear abnormal zone,No clear abnormal zone,Low,,,,No production zone shows strong deviation from baseline.
330,Crack,1.2725147848968383,0.9897239801903268,0.9099497706925596,1.2725147848968383,Drilling,Drilling,Drilling,Medium,0.4824560203896078,0.18180810849049775,0.3357358711198945,Drilling stress = 1.27; Assembly stress = 0.91
331,Crack,1.154992154266234,0.8938811809891628,0.917252908458551,1.154992154266234,Drilling,Drilling,Drilling,Low,0.4600861535306819,0.17717812959320203,0.36273571687611617,Drilling stress = 1.15; Assembly stress = 0.92
332,Crack,1.3081404875858675,1.2131539546382517,1.630418862038558,1.630418862038558,Assembly,Assembly,Assembly,Medium,0.35273847078600834,0.16038756907250493,0.4868739601414866,Assembly stress = 1.63; Drilling stress = 1.31
333,Crack,0.913876319681064,0.8605285820576953,0.9577518328575874,0.9577518328575874,Assembly,No clear abnormal zone,No clear abnormal zone,Low,,,,No production zone shows strong deviation from baseline.
334,Crack,1.3351910696477625,1.239724704296301,1.6680399324095072,1.6680399324095072,Assembly,Assembly,Assembly,Medium,0.3509497321553166,0.1594976923453093,0.489552575499374,Assembly stress = 1.67; Drilling stress = 1.34
335,Crack,1.2114626519544986,1.1131434023684532,1.4669910473383685,1.4669910473383685,Assembly,Assembly,Assembly,Medium,0.3643885375893891,0.16513350685312825,0.4704779555574827,Assembly stress = 1.47; Drilling stress = 1.21
336,Crack,1.0809904629655969,0.9898249850343696,1.2463147614357577,1.2463147614357577,Assembly,Assembly,Assembly,Low,0.3793325981459712,0.17314003698854652,0.4475273648654823,Assembly stress = 1.25; Drilling stress = 1.08
337,Crack,0.750737598962397,1.5108516741988374,0.8589960755924638,1.5108516741988374,Milling,Milling,Assembly,Low,0.3141102254771503,0.3358655246302238,0.350024249892626,Assembly stress = 0.86; Milling stress = 1.51
338,Crack,0.4610358905648346,0.2660201984523874,0.4640684451674269,0.4640684451674269,Assembly,No clear abnormal zone,No clear abnormal zone,Low,,,,No production zone shows strong deviation from baseline.
339,Crack,0.3006269116941769,0.1656691302694112,0.5922730281152042,0.5922730281152042,Assembly,No clear abnormal zone,No clear abnormal zone,Low,,,,No production zone shows strong deviation from baseline.
340,Crack,0.6076642238776873,0.3314610310886504,0.4081309936566507,0.6076642238776873,Drilling,No clear abnormal zone,No clear abnormal zone,Low,,,,No production zone shows strong deviation from baseline.
341,Crack,1.1462388719234384,0.7645851309757511,0.8848838222798754,1.1462388719234384,Drilling,Drilling,Drilling,Medium,0.4736254140264418,0.16167947436308355,0.3646951116104745,Drilling stress = 1.15; Assembly stress = 0.88
342,Crack,0.2490904725244234,0.5604609245384331,0.6554077192188106,0.6554077192188106,Assembly,No clear abnormal zone,No clear abnormal zone,Low,,,,No production zone shows strong deviation from baseline.
343,Crack,0.4223908368905954,0.3697842600343927,0.869432545610787,0.869432545610787,Assembly,No clear abnormal zone,No clear abnormal zone,Low,,,,No production zone shows strong deviation from baseline.
344,Crack,1.2833678890965148,0.9131418506660086,0.8971895573331212,1.2833678890965148,Drilling,Drilling,Drilling,Medium,0.4938421782463593,0.170518325164647,0.3356394965889938,Drilling stress = 1.28; Assembly stress = 0.90
345,Crack,1.006854531702254,0.7464482149426748,0.908804560304746,1.006854531702254,Drilling,Drilling,Drilling,Low,0.4363053565972986,0.16813863712211127,0.3955560062805901,Drilling stress = 1.01; Assembly stress = 0.91
346,Crack,0.4947063475208715,0.5401443578474404,0.3532992202975538,0.5401443578474404,Milling,No clear abnormal zone,No clear abnormal zone,Low,,,,No production zone shows strong deviation from baseline.
347,Crack,1.319226446403926,1.221589388199836,1.6464474045354784,1.6464474045354784,Assembly,Assembly,Assembly,Medium,0.3520386799766498,0.15964567321371828,0.48831564680963196,Assembly stress = 1.65; Drilling stress = 1.32
348,Crack,0.4433854881000598,0.5360133824571306,0.318546889343748,0.5360133824571306,Milling,No clear abnormal zone,No clear abnormal zone,Low,,,,No production zone shows strong deviation from baseline.
349,Crack,1.4194153615233651,1.0715105719525573,0.9157616161267496,1.4194153615233651,Drilling,Drilling,Drilling,High,0.5108813517168245,0.1803835477405025,0.308735100542673,Drilling stress = 1.42; Assembly stress = 0.92
350,Crack,0.3053302121832898,0.753845188228304,0.6367112692031135,0.753845188228304,Milling,No clear abnormal zone,No clear abnormal zone,Low,,,,No production zone shows strong deviation from baseline.
351,Crack,1.2168098865524026,1.1204724430784023,1.47614457804234,1.47614457804234,Assembly,Assembly,Assembly,Medium,0.363617023008485,0.16511076556480875,0.4712722114267064,Assembly stress = 1.48; Drilling stress = 1.22
352,Crack,1.2671366589976776,0.8643699148455537,0.9110524952563251,1.2671366589976776,Drilling,Drilling,Drilling,Medium,0.49148558460013186,0.16427119416385705,0.34424322123601103,Drilling stress = 1.27; Assembly stress = 0.91
353,Crack,1.34230410080989,1.2482532394090016,1.668447712520424,1.668447712520424,Assembly,Assembly,Assembly,Medium,0.35202187206255176,0.16021157224290222,0.4877665556945461,Assembly stress = 1.67; Drilling stress = 1.34
354,Crack,1.2506353086098645,0.7477669322099446,0.9182152701957358,1.2506353086098645,Drilling,Drilling,Drilling,Medium,0.49515179276514787,0.1497322667050424,0.3551159405298098,Drilling stress = 1.25; Assembly stress = 0.92
355,Crack,1.3347341505617214,1.240571278865752,1.668085082155099,1.668085082155099,Assembly,Assembly,Assembly,Medium,0.3507905116425627,0.15963327609308547,0.48957621226435183,Assembly stress = 1.67; Drilling stress = 1.33
356,Crack,1.2301862621447703,0.8699388098756187,0.901849415196676,1.2301862621447703,Drilling,Drilling,Drilling,Medium,0.4833551199151043,0.16857099368864692,0.3480738863962487,Drilling stress = 1.23; Assembly stress = 0.90
357,Crack,0.9869658720352816,0.9106908317380812,1.079808512044631,1.079808512044631,Assembly,Assembly,Assembly,Low,0.3905380873977392,0.180928744799722,0.42853316780253875,Assembly stress = 1.08; Drilling stress = 0.99
358,Crack,1.474549605566515,0.9170066476135004,0.9057516547848574,1.474549605566515,Drilling,Drilling,Drilling,High,0.5398073438820703,0.15455069520157402,0.30564196091635565,Drilling stress = 1.47; Assembly stress = 0.91
359,Crack,1.2594677555220972,0.8884104916631961,0.9144283790203728,1.2594677555220972,Drilling,Drilling,Drilling,Medium,0.48704587506263014,0.16803190524326453,0.3449222196941053,Drilling stress = 1.26; Assembly stress = 0.91
360,Crack,1.4709198409534583,0.7187415458655249,0.9196677578922284,1.4709198409534583,Drilling,Drilling,Drilling,High,0.5519076810233191,0.1300677296536446,0.31802458932303623,Drilling stress = 1.47; Assembly stress = 0.92
361,Crack,0.3219921795257833,0.1059927062776634,0.290519125195532,0.3219921795257833,Drilling,No clear abnormal zone,No clear abnormal zone,Low,,,,No production zone shows strong deviation from baseline.
362,Crack,0.8769820753673607,0.8276680648184337,0.8968898965762739,0.8968898965762739,Assembly,No clear abnormal zone,No clear abnormal zone,Low,,,,No production zone shows strong deviation from baseline.
363,Crack,1.1176753725007376,1.0238048860393754,1.2911525952084677,1.2911525952084677,Assembly,Assembly,Assembly,Low,0.378124166848938,0.17212224625230438,0.44975358689875755,Assembly stress = 1.29; Drilling stress = 1.12
364,Crack,0.2269447236324872,0.1466305326599256,0.3616951497404731,0.3616951497404731,Assembly,No clear abnormal zone,No clear abnormal zone,Low,,,,No production zone shows strong deviation from baseline.
365,Crack,1.090097354251308,0.9994534175416502,1.254139395352433,1.254139395352433,Assembly,Assembly,Assembly,Low,0.3795159629123349,0.17331409765668043,0.44716993943098465,Assembly stress = 1.25; Drilling stress = 1.09
366,Crack,0.4809164640188021,0.5262374842546096,0.4398077701556973,0.5262374842546096,Milling,No clear abnormal zone,No clear abnormal zone,Low,,,,No production zone shows strong deviation from baseline.
367,Crack,1.0445959040007744,0.966441339637781,1.1842586072051446,1.1842586072051446,Assembly,Assembly,Assembly,Low,0.38280492108752845,0.1770131051235073,0.44018197378896423,Assembly stress = 1.18; Drilling stress = 1.04
368,Crack,1.1705905497435762,0.8536882927848821,0.9177635343958184,1.1705905497435762,Drilling,Drilling,Drilling,Medium,0.46711440233548684,0.1701235202691885,0.36276207739532457,Drilling stress = 1.17; Assembly stress = 0.92
369,Crack,0.9655988986421696,1.0057616796692228,0.8745265068925804,1.0057616796692228,Milling,Milling,Drilling,Low,0.41094059904936586,0.2138905160060539,0.37516888494458017,Drilling stress = 0.97; Assembly stress = 0.87
370,Crack,0.4790574904439418,0.8594601701235847,0.861660276790689,0.861660276790689,Assembly,No clear abnormal zone,No clear abnormal zone,Low,,,,No production zone shows strong deviation from baseline.
371,Crack,0.977697622356509,0.9031127985077052,1.060996935608657,1.060996935608657,Assembly,Assembly,Assembly,Low,0.3920136708784576,0.18191957784809362,0.4260667512734488,Assembly stress = 1.06; Drilling stress = 0.98
372,Crack,0.714568075146416,1.288123387320181,0.8969766869830216,1.288123387320181,Milling,Milling,Assembly,Low,0.3238984981416958,0.2873894662183277,0.3887120356399765,Assembly stress = 0.90; Drilling stress = 0.71
373,Crack,0.8889511886553771,0.8717691306892905,0.9171294781320212,0.9171294781320212,Assembly,No clear abnormal zone,No clear abnormal zone,Low,,,,No production zone shows strong deviation from baseline.
374,Crack,1.4410650548930688,1.34647321068408,1.6684622038506898,1.6684622038506898,Assembly,Assembly,Assembly,Low,0.36897640357624595,0.16783706712754387,0.46318652929621007,Assembly stress = 1.67; Drilling stress = 1.44
375,Crack,0.2145708963237336,0.5483079243892617,0.7263507112229468,0.7263507112229468,Assembly,No clear abnormal zone,No clear abnormal zone,Low,,,,No production zone shows strong deviation from baseline.
376,Crack,0.7603659709765886,0.7507770093583364,0.713855850993951,0.7603659709765886,Drilling,No clear abnormal zone,No clear abnormal zone,Low,,,,No production zone shows strong deviation from baseline.
377,Crack,0.2163913743084531,0.2800670240727076,0.4026829659330734,0.4026829659330734,Assembly,No clear abnormal zone,No clear abnormal zone,Low,,,,No production zone shows strong deviation from baseline.
378,Crack,1.3562628168603974,1.2590378632720025,1.668393049292424,1.668393049292424,Assembly,Assembly,Assembly,Medium,0.35460885295071887,0.1608775031192718,0.48451364393000923,Assembly stress = 1.67; Drilling stress = 1.36
379,Crack,0.3040070385377393,2.252001403059152,0.7732883461786376,2.252001403059152,Milling,Milling,Milling,High,0.16376939328646956,0.5743887797880576,0.2618418269254729,Milling stress = 2.25; Assembly stress = 0.77
380,Crack,0.5854098793051712,0.6182263823973033,0.3699258246882898,0.6182263823973033,Milling,No clear abnormal zone,No clear abnormal zone,Low,,,,No production zone shows strong deviation from baseline.
381,Crack,0.3066035971184987,0.3523613053932933,0.4289168907984413,0.4289168907984413,Assembly,No clear abnormal zone,No clear abnormal zone,Low,,,,No production zone shows strong deviation from baseline.
382,Crack,1.4266399691570837,0.784979623800882,0.9176921099702102,1.4266399691570837,Drilling,Drilling,Drilling,High,0.5363838415943228,0.14118096415984518,0.3224351942458319,Drilling stress = 1.43; Assembly stress = 0.92
383,Crack,0.3623403082378089,0.163974770353754,0.3139067872670736,0.3623403082378089,Drilling,No clear abnormal zone,No clear abnormal zone,Low,,,,No production zone shows strong deviation from baseline.
384,Crack,0.9738917591810684,0.9073521668120124,1.0536663074801342,1.0536663074801342,Assembly,Assembly,Assembly,Low,0.3920252956689433,0.18339450445087632,0.4245801998801805,Assembly stress = 1.05; Drilling stress = 0.97
385,Crack,0.4880293345286631,0.562846115549716,0.3893309652914559,0.562846115549716,Milling,No clear abnormal zone,No clear abnormal zone,Low,,,,No production zone shows strong deviation from baseline.
386,Crack,0.5537671497156272,0.3185111675646045,0.3282508193855881,0.5537671497156272,Drilling,No clear abnormal zone,No clear abnormal zone,Low,,,,No production zone shows strong deviation from baseline.
387,Crack,1.0943746131178225,1.0086336635121629,1.2686218927014372,1.2686218927014372,Assembly,Assembly,Assembly,Low,0.3774630604778291,0.17322383128661023,0.44931310823556064,Assembly stress = 1.27; Drilling stress = 1.09
388,Crack,0.3316546625741685,0.4904215594233452,0.8029725522685085,0.8029725522685085,Assembly,No clear abnormal zone,No clear abnormal zone,Low,,,,No production zone shows strong deviation from baseline.
389,Crack,0.9622871394464264,0.8850749142670588,1.0262584619494388,1.0262584619494388,Assembly,Assembly,Assembly,Low,0.39542751114566743,0.18302231413796444,0.4215501747163681,Assembly stress = 1.03; Drilling stress = 0.96
390,Crack,0.242482967760077,0.7592525793922164,0.3585428695712761,0.7592525793922164,Milling,No clear abnormal zone,No clear abnormal zone,Low,,,,No production zone shows strong deviation from baseline.
391,Crack,1.4166053870726634,0.673969453610589,0.9140284313133696,1.4166053870726634,Drilling,Drilling,Drilling,High,0.5426234417640742,0.1291058341709443,0.32827072406498153,Drilling stress = 1.42; Assembly stress = 0.91
392,Crack,0.2283696677950221,0.6829850974069414,0.7528250243029485,0.7528250243029485,Assembly,No clear abnormal zone,No clear abnormal zone,Low,,,,No production zone shows strong deviation from baseline.
393,Crack,1.3006291433597648,1.3157812279355658,0.9006902997903583,1.3157812279355658,Milling,Milling,Drilling,Medium,0.45913792500598555,0.23307389731653763,0.30778817767747685,Drilling stress = 1.30; Assembly stress = 0.90
394,Crack,1.4246180378699442,1.5536106090856356,0.9171819726438218,1.5536106090856356,Milling,Milling,Drilling,Medium,0.4606431083894912,0.2620326109988851,0.2773242806116237,Drilling stress = 1.42; Assembly stress = 0.92
395,Crack,0.7424103401812794,1.2047420616742972,0.6818761822827684,1.2047420616742972,Milling,Milling,Drilling,Low,0.36561098550357846,0.2902534271064571,0.34413558738996447,Drilling stress = 0.74; Assembly stress = 0.68
396,Crack,0.4763624896167905,0.4998355206333539,0.3561095259333685,0.4998355206333539,Milling,No clear abnormal zone,No clear abnormal zone,Low,,,,No production zone shows strong deviation from baseline.
397,Crack,0.3130087589708064,0.5376149950147868,0.7101017089059999,0.7101017089059999,Assembly,No clear abnormal zone,No clear abnormal zone,Low,,,,No production zone shows strong deviation from baseline.
398,Crack,1.313464729134558,1.2185430188412247,1.6397386272803862,1.6397386272803862,Assembly,Assembly,Assembly,Medium,0.35204859460390253,0.160084264234685,0.48786714116141244,Assembly stress = 1.64; Drilling stress = 1.31
399,Crack,1.3784834435469395,0.8972219065530915,0.9149557928287828,1.3784834435469395,Drilling,Drilling,Drilling,Medium,0.5159792974471088,0.15943844546627395,0.3245822570866172,Drilling stress = 1.38; Assembly stress = 0.91
400,Crack,0.2479028661961404,0.1029842763875176,0.3765979012697489,0.3765979012697489,Assembly,No clear abnormal zone,No clear abnormal zone,Low,,,,No production zone shows strong deviation from baseline.
401,Crack,1.158489226263525,1.5620130985254486,0.9115793102523552,1.5620130985254486,Milling,Milling,Drilling,Low,0.39529495432012024,0.29589625343798964,0.3088087922418901,Drilling stress = 1.16; Assembly stress = 0.91
402,Crack,1.3230325559447391,0.9009697852736004,0.9137351787904704,1.3230325559447391,Drilling,Drilling,Drilling,Medium,0.502017319013727,0.16458459081169294,0.33339809017458,Drilling stress = 1.32; Assembly stress = 0.91
403,Crack,1.1119172993956856,1.0288973243701882,1.29328727550702,1.29328727550702,Assembly,Assembly,Assembly,Low,0.3760776936928649,0.1730583115383524,0.4508639947687827,Assembly stress = 1.29; Drilling stress = 1.11
404,Crack,0.5184810173197163,0.3962980612945569,0.8718893944573538,0.8718893944573538,Assembly,No clear abnormal zone,No clear abnormal zone,Low,,,,No production zone shows strong deviation from baseline.
405,Crack,0.4235988344480662,0.857579692972107,0.8189149137528826,0.857579692972107,Milling,No clear abnormal zone,No clear abnormal zone,Low,,,,No production zone shows strong deviation from baseline.
406,Crack,1.2080415406256984,0.8384250993783718,0.899572556942825,1.2080415406256984,Drilling,Drilling,Drilling,Medium,0.4807529603207746,0.16609998401070472,0.3531470556685208,Drilling stress = 1.21; Assembly stress = 0.90
407,Crack,1.4152791985934214,0.6525478129969796,0.9172318088924796,1.4152791985934214,Drilling,Drilling,Drilling,High,0.543209156521647,0.12667387452479403,0.33011696895355896,Drilling stress = 1.42; Assembly stress = 0.92
408,Crack,1.1494289443690189,1.0582524599523129,1.3612781511549836,1.3612781511549836,Assembly,Assembly,Assembly,Low,0.3714172453289537,0.1695253403383327,0.4590574143327136,Assembly stress = 1.36; Drilling stress = 1.15
409,Crack,1.3326488496264917,1.2375335701165469,1.668328085804765,1.668328085804765,Assembly,Assembly,Assembly,Medium,0.3504438361413784,0.15932370200210916,0.4902324618565126,Assembly stress = 1.67; Drilling stress = 1.33
410,Crack,1.4423369750439277,1.3463627879141515,1.6684622038506898,1.6684622038506898,Assembly,Assembly,Assembly,Low,0.36927943792770335,0.16774287048476133,0.46297769158753527,Assembly stress = 1.67; Drilling stress = 1.44
411,Crack,0.942748102631516,0.8079234675304661,0.9093767037647792,0.942748102631516,Drilling,No clear abnormal zone,No clear abnormal zone,Low,,,,No production zone shows strong deviation from baseline.
412,Crack,0.6908376159676262,1.1429834584828085,0.5796042447758674,1.1429834584828085,Milling,Milling,Drilling,Low,0.37305491564708376,0.2931616893805457,0.3337833949723707,Drilling stress = 0.69; Assembly stress = 0.58
413,Crack,1.068991359303098,0.7214601916535982,0.8927722074797475,1.068991359303098,Drilling,Drilling,Drilling,Low,0.45627739711647114,0.16116401986977183,0.382558583013757,Drilling stress = 1.07; Assembly stress = 0.89
414,Crack,0.8960729994757031,0.8381603931139772,0.9284695735052424,0.9284695735052424,Assembly,No clear abnormal zone,No clear abnormal zone,Low,,,,No production zone shows strong deviation from baseline.
415,Crack,0.2941507984643468,0.560298255193308,0.7795171988270186,0.7795171988270186,Assembly,No clear abnormal zone,No clear abnormal zone,Low,,,,No production zone shows strong deviation from baseline.
416,Crack,0.3691480163764367,0.4493791414151212,0.4244650081246075,0.4493791414151212,Milling,No clear abnormal zone,No clear abnormal zone,Low,,,,No production zone shows strong deviation from baseline.
417,Crack,1.1166129967997085,1.032290118105045,1.3020468710296331,1.3020468710296331,Assembly,Assembly,Assembly,Low,0.3754729337163228,0.17255505219279405,0.45197201409088317,Assembly stress = 1.30; Drilling stress = 1.12
418,Crack,1.3391542756210115,1.243258232934008,1.6682403278330415,1.6682403278330415,Assembly,Assembly,Assembly,Medium,0.35162032487059786,0.15973381086633406,0.4886458642630682,Assembly stress = 1.67; Drilling stress = 1.34
419,Crack,1.355024236296069,0.9064346489781844,0.9067157873029696,1.355024236296069,Drilling,Drilling,Drilling,Medium,0.5107326123922604,0.16305856356526005,0.3262088240424795,Drilling stress = 1.36; Assembly stress = 0.91
420,Crack,1.407460346246935,0.6677164063098442,0.9144038849901336,1.407460346246935,Drilling,Drilling,Drilling,High,0.5407232656957421,0.12902633151571496,0.33025040278854284,Drilling stress = 1.41; Assembly stress = 0.91
421,Crack,1.430305511406678,0.602562255052851,0.9176337844669074,1.430305511406678,Drilling,Drilling,Drilling,High,0.5502333972239164,0.12023547478569992,0.3295311279903836,Drilling stress = 1.43; Assembly stress = 0.92
422,Crack,0.164526721678508,0.4315281951014095,0.4672585095944306,0.4672585095944306,Assembly,No clear abnormal zone,No clear abnormal zone,Low,,,,No production zone shows strong deviation from baseline.
423,Crack,0.5177443330132473,1.392636231157644,0.8603102343875231,1.392636231157644,Milling,Milling,Assembly,Low,0.2771722204556233,0.3324148593070051,0.39041292023737156,Assembly stress = 0.86; Milling stress = 1.39
424,Crack,1.2239377533185691,1.1279184020153346,1.491199041641822,1.491199041641822,Assembly,Assembly,Assembly,Medium,0.36223944160870225,0.16453756490404403,0.4732229934872537,Assembly stress = 1.49; Drilling stress = 1.22
425,Crack,0.3662354154325574,0.3394591003228118,0.4025744098720608,0.4025744098720608,Assembly,No clear abnormal zone,No clear abnormal zone,Low,,,,No production zone shows strong deviation from baseline.
426,Crack,0.4081401997931693,0.3872143263370244,0.8127061578406081,0.8127061578406081,Assembly,No clear abnormal zone,No clear abnormal zone,Low,,,,No production zone shows strong deviation from baseline.
427,Crack,0.816318360464873,0.7841376767908028,0.820055874003252,0.820055874003252,Assembly,No clear abnormal zone,No clear abnormal zone,Low,,,,No production zone shows strong deviation from baseline.
428,Crack,0.4852074072037184,0.5461519103620346,0.8291816970150689,0.8291816970150689,Assembly,No clear abnormal zone,No clear abnormal zone,Low,,,,No production zone shows strong deviation from baseline.
429,Crack,1.4369252383511015,1.341755343710083,1.6684622038506898,1.6684622038506898,Assembly,Assembly,Assembly,Low,0.36830443524666784,0.1674345938721748,0.46426097088115736,Assembly stress = 1.67; Drilling stress = 1.44
430,Crack,1.1391271700133625,0.6283102241362141,0.9121897620700322,1.1391271700133625,Drilling,Drilling,Drilling,Low,0.4768778005868482,0.1430645816692047,0.38005761774394714,Drilling stress = 1.14; Assembly stress = 0.91
431,Crack,0.5716867300440684,1.4993573113565886,0.4203645505137421,1.4993573113565886,Milling,Milling,Milling,Low,0.3201150595186818,0.4047234089433888,0.27516153153792927,Milling stress = 1.50; Drilling stress = 0.57
432,Crack,0.9475518711545834,0.8291812061952708,0.9969661935133008,0.9969661935133008,Assembly,No clear abnormal zone,No clear abnormal zone,Low,,,,No production zone shows strong deviation from baseline.
433,Crack,1.1422159580426048,1.0507935101012715,1.355686283901921,1.355686283901921,Assembly,Assembly,Assembly,Low,0.3711562859599649,0.16936456846851553,0.4594791455715195,Assembly stress = 1.36; Drilling stress = 1.14
434,Crack,1.333300202366167,1.2391271222472775,1.668228483193568,1.668228483193568,Assembly,Assembly,Assembly,Medium,0.3505201861186285,0.15950863145839353,0.48997118242297794,Assembly stress = 1.67; Drilling stress = 1.33
435,Crack,0.3534234613659137,0.9990839959691468,0.8297015171049847,0.9990839959691468,Milling,No clear abnormal zone,No clear abnormal zone,Low,,,,No production zone shows strong deviation from baseline.
436,Crack,1.346520773576087,1.012935813317821,0.9183516295283332,1.346520773576087,Drilling,Drilling,Drilling,Medium,0.49754296084778843,0.17820770740191927,0.32424933175029236,Drilling stress = 1.35; Assembly stress = 0.92
437,Crack,1.3568133381720962,1.0394021895012684,0.8898851612712375,1.3568133381720962,Drilling,Drilling,Drilling,Medium,0.5022751056380128,0.18283601524472703,0.3148888791172602,Drilling stress = 1.36; Assembly stress = 0.89
438,Crack,1.3787074398550347,0.6895946408327565,0.912405693435779,1.3787074398550347,Drilling,Drilling,Drilling,Medium,0.5323882101868698,0.1336351014557383,0.333976688357392,Drilling stress = 1.38; Assembly stress = 0.91
439,Crack,1.2008373861150736,0.893519496031965,0.9093250402406354,1.2008373861150736,Drilling,Drilling,Drilling,Medium,0.47284874589744014,0.17387045155046058,0.3532808025520992,Drilling stress = 1.20; Assembly stress = 0.91
440,Crack,0.7631939258947189,1.501175193391296,0.8446769528284261,1.501175193391296,Milling,Milling,Assembly,Low,0.31941237036177084,0.3340588088794704,0.34652882075875874,Assembly stress = 0.84; Milling stress = 1.50
441,Crack,0.3274427548098518,0.3040667394135342,0.6351240083739287,0.6351240083739287,Assembly,No clear abnormal zone,No clear abnormal zone,Low,,,,No production zone shows strong deviation from baseline.
442,Crack,1.401502314730405,0.6291312119606325,0.9172153709765608,1.401502314730405,Drilling,Drilling,Drilling,High,0.5413907761142861,0.1250386708934519,0.33357055299226196,Drilling stress = 1.40; Assembly stress = 0.92
443,Crack,0.4691306617619271,0.705090270366419,0.395753188205118,0.705090270366419,Milling,No clear abnormal zone,No clear abnormal zone,Low,,,,No production zone shows strong deviation from baseline.
444,Crack,0.3564580649266411,0.5575725161323797,0.76473020669779,0.76473020669779,Assembly,No clear abnormal zone,No clear abnormal zone,Low,,,,No production zone shows strong deviation from baseline.
445,Crack,0.5257356781417737,0.5842573071540553,0.396093345917356,0.5842573071540553,Milling,No clear abnormal zone,No clear abnormal zone,Low,,,,No production zone shows strong deviation from baseline.
446,Crack,0.257069411027132,0.2860090810173841,0.6178938623633319,0.6178938623633319,Assembly,No clear abnormal zone,No clear abnormal zone,Low,,,,No production zone shows strong deviation from baseline.
447,Crack,0.5668510611306342,1.293505303175804,0.3788290759791243,1.293505303175804,Milling,Milling,Milling,Low,0.3493240814447584,0.3612272107232166,0.2894487078320249,Milling stress = 1.29; Drilling stress = 0.57
448,Crack,0.2266152337088832,0.3251302325312271,0.3800934772893772,0.3800934772893772,Assembly,No clear abnormal zone,No clear abnormal zone,Low,,,,No production zone shows strong deviation from baseline.
449,Crack,1.11254638174112,1.024309366537283,1.297251420685038,1.297251420685038,Assembly,Assembly,Assembly,Low,0.3758500530443478,0.1720536028933983,0.45209634406225385,Assembly stress = 1.30; Drilling stress = 1.11
450,Crack,1.2985196657184324,0.7982552508066048,0.9028531079535268,1.2985196657184324,Drilling,Drilling,Drilling,Medium,0.5059662797935324,0.15340146374022673,0.3406322564662409,Drilling stress = 1.30; Assembly stress = 0.90
451,Crack,0.5415195699972044,0.5725979617410341,0.4005779807521452,0.5725979617410341,Milling,No clear abnormal zone,No clear abnormal zone,Low,,,,No production zone shows strong deviation from baseline.
452,Crack,1.117237163485444,1.0278580512414508,1.3077869656367815,1.3077869656367815,Assembly,Assembly,Assembly,Low,0.37493007082270596,0.17143655182867795,0.45363337734861603,Assembly stress = 1.31; Drilling stress = 1.12
453,Crack,0.32061893750895,0.4238451326528562,0.7874659407864086,0.7874659407864086,Assembly,No clear abnormal zone,No clear abnormal zone,Low,,,,No production zone shows strong deviation from baseline.
454,Crack,1.398157338546555,0.7598201958657611,0.9092980933540848,1.398157338546555,Drilling,Drilling,Drilling,High,0.5326485228334975,0.14066447596979884,0.32668700119670363,Drilling stress = 1.40; Assembly stress = 0.91
455,Crack,0.2681123664077163,0.4145288051243503,0.8246718052340465,0.8246718052340465,Assembly,No clear abnormal zone,No clear abnormal zone,Low,,,,No production zone shows strong deviation from baseline.
456,Crack,1.0038537233593727,0.9165735506772044,1.1057676528254112,1.1057676528254112,Assembly,Assembly,Assembly,Low,0.3897878218459676,0.17860473704264312,0.43160744111138927,Assembly stress = 1.11; Drilling stress = 1.00
457,Crack,1.3755826226641463,1.458778741569354,0.9176067406616584,1.458778741569354,Milling,Milling,Drilling,Medium,0.45957145486196127,0.2497207700233105,0.29070777511472834,Drilling stress = 1.38; Assembly stress = 0.92
458,Crack,1.3389468797238016,1.2427515872837485,1.6680653553960778,1.6680653553960778,Assembly,Assembly,Assembly,Medium,0.35163155925468853,0.15969111973464098,0.48867732101067035,Assembly stress = 1.67; Drilling stress = 1.34
459,Crack,1.146103993789922,0.7298241751875816,0.9035335582863824,1.146103993789922,Drilling,Drilling,Drilling,Medium,0.47295717560856876,0.1559566130988435,0.3710862112925878,Drilling stress = 1.15; Assembly stress = 0.90
460,Crack,1.4430547592819285,1.3469278926779025,1.6684622038506898,1.6684622038506898,Assembly,Assembly,Assembly,Low,0.3694116162817256,0.16777729356914012,0.4628110901491343,Assembly stress = 1.67; Drilling stress = 1.44
461,Crack,0.7154736024064178,0.7096975737926441,0.6043734278240583,0.7154736024064178,Drilling,No clear abnormal zone,No clear abnormal zone,Low,,,,No production zone shows strong deviation from baseline.
462,Crack,1.1335333646262504,1.043464469391322,1.3376017326950724,1.3376017326950724,Assembly,Assembly,Assembly,Low,0.372673199932903,0.17028709729302874,0.45703970277406825,Assembly stress = 1.34; Drilling stress = 1.13
463,Crack,0.812607402861628,0.684789206776698,0.819653123177365,0.819653123177365,Assembly,No clear abnormal zone,No clear abnormal zone,Low,,,,No production zone shows strong deviation from baseline.
464,Crack,1.101641077028165,1.009491063843371,1.282628627317291,1.282628627317291,Assembly,Assembly,Assembly,Low,0.376735182140626,0.171785277832987,0.45147954002638696,Assembly stress = 1.28; Drilling stress = 1.10
465,Crack,0.7771010539926924,1.6239595747313624,0.9005035924898606,1.6239595747313624,Milling,Milling,Milling,Low,0.3032606015738328,0.3536486291695189,0.34309076925664844,Milling stress = 1.62; Assembly stress = 0.90
466,Crack,0.5967247956553148,0.6115186683568374,0.3999700624115195,0.6115186683568374,Milling,No clear abnormal zone,No clear abnormal zone,Low,,,,No production zone shows strong deviation from baseline.
467,Crack,1.2565545969806888,1.0084827031782762,0.9006168296497115,1.2565545969806888,Drilling,Drilling,Drilling,Medium,0.4783159905964452,0.18661590263628405,0.3350681067672708,Drilling stress = 1.26; Assembly stress = 0.90
468,Crack,1.0240907570498132,0.7231643060394413,0.8992843743118182,1.0240907570498132,Drilling,Drilling,Drilling,Low,0.44390507233412213,0.16427422038062656,0.39182070728525137,Drilling stress = 1.02; Assembly stress = 0.90
469,Crack,0.6529876392768106,0.6456761118546691,0.5278226251424681,0.6529876392768106,Drilling,No clear abnormal zone,No clear abnormal zone,Low,,,,No production zone shows strong deviation from baseline.
470,Crack,0.7754577557988318,0.7613364573767774,0.7289422202305207,0.7754577557988318,Drilling,No clear abnormal zone,No clear abnormal zone,Low,,,,No production zone shows strong deviation from baseline.
471,Crack,0.8406628697259575,1.3227073658312651,0.8831247334331371,1.3227073658312651,Milling,Milling,Assembly,Low,0.35049998304931695,0.2837966537148081,0.36570336323587493,Assembly stress = 0.88; Drilling stress = 0.84
472,Crack,1.1380944646019169,0.942224943929467,0.9141685120955884,1.1380944646019169,Drilling,Drilling,Drilling,Low,0.45239983062547146,0.18596336066155575,0.36163680871297277,Drilling stress = 1.14; Assembly stress = 0.91
473,Crack,1.3444396304389752,1.2487100865551757,1.6684571537330857,1.6684571537330857,Assembly,Assembly,Assembly,Medium,0.3524817380462715,0.16015179584415873,0.4873664661095699,Assembly stress = 1.67; Drilling stress = 1.34
474,Crack,0.6476160409189224,0.5567552590660851,0.5232188935477837,0.6476160409189224,Drilling,No clear abnormal zone,No clear abnormal zone,Low,,,,No production zone shows strong deviation from baseline.
475,Crack,0.3193669322088053,0.2495052264803114,0.3937507432026982,0.3937507432026982,Assembly,No clear abnormal zone,No clear abnormal zone,Low,,,,No production zone shows strong deviation from baseline.
476,Crack,1.3523804367396215,1.1900237900546338,0.9229326411360048,1.3523804367396215,Drilling,Drilling,Drilling,Medium,0.4817100977390183,0.2047600178746253,0.31352988438635643,Drilling stress = 1.35; Assembly stress = 0.92
477,Crack,0.510694590299448,0.2584010062080131,0.3350118910026884,0.510694590299448,Drilling,No clear abnormal zone,No clear abnormal zone,Low,,,,No production zone shows strong deviation from baseline.
478,Crack,0.3045632166893087,0.4359183892456221,0.4317870785071054,0.4359183892456221,Milling,No clear abnormal zone,No clear abnormal zone,Low,,,,No production zone shows strong deviation from baseline.
479,Crack,1.3277815271638422,1.2330668608153283,1.662441444207135,1.662441444207135,Assembly,Assembly,Assembly,Medium,0.35059655908013004,0.1594570028309521,0.48994643808891797,Assembly stress = 1.66; Drilling stress = 1.33
480,Crack,1.2221197986570869,1.1254457980298804,1.4802374482241496,1.4802374482241496,Assembly,Assembly,Assembly,Medium,0.3638457979732217,0.1651590526008,0.4709951494259783,Assembly stress = 1.48; Drilling stress = 1.22
481,Crack,0.6578049770525384,0.6417615884584995,0.4961326894798602,0.6578049770525384,Drilling,No clear abnormal zone,No clear abnormal zone,Low,,,,No production zone shows strong deviation from baseline.
482,Crack,0.5981086019763716,0.5326376021203683,0.4314392622425073,0.5981086019763716,Drilling,No clear abnormal zone,No clear abnormal zone,Low,,,,No production zone shows strong deviation from baseline.
483,Crack,1.3445060619373002,1.2482077712096191,1.667952070443815,1.667952070443815,Assembly,Assembly,Assembly,Medium,0.35261203436171196,0.16011990301857976,0.4872680626197083,Assembly stress = 1.67; Drilling stress = 1.34
484,Crack,0.2930415238586774,1.1930814615025391,0.7230164068061593,1.1930814615025391,Milling,Milling,Assembly,Low,0.265458329755956,0.32647410522132075,0.4080675650227233,Assembly stress = 0.72; Milling stress = 1.19
485,Crack,1.4341436476597078,0.992625284341385,0.9056323558515508,1.4341436476597078,Drilling,Drilling,Drilling,High,0.5232830819365801,0.16825102142925225,0.3084658966341677,Drilling stress = 1.43; Assembly stress = 0.91
486,Crack,0.2374257126054099,0.4987907003865758,0.733973524060667,0.733973524060667,Assembly,No clear abnormal zone,No clear abnormal zone,Low,,,,No production zone shows strong deviation from baseline.
487,Crack,0.5331014422580124,0.323942354160678,0.3967347265733674,0.5331014422580124,Drilling,No clear abnormal zone,No clear abnormal zone,Low,,,,No production zone shows strong deviation from baseline.
488,Crack,0.2858476798823222,0.4933282107267084,0.6312936540994991,0.6312936540994991,Assembly,No clear abnormal zone,No clear abnormal zone,Low,,,,No production zone shows strong deviation from baseline.
489,Crack,1.3440534102773147,0.9169539892261316,0.8974092932618926,1.3440534102773147,Drilling,Drilling,Drilling,Medium,0.5086545291926994,0.16592277345032502,0.32542269735697554,Drilling stress = 1.34; Assembly stress = 0.90
490,Crack,1.3184357495458123,1.2243023240963105,1.6477360231414035,1.6477360231414035,Assembly,Assembly,Assembly,Medium,0.3514844805291434,0.15995378858043394,0.48856173089042276,Assembly stress = 1.65; Drilling stress = 1.32
491,Crack,1.1019934784457197,1.0148000174093372,1.275397224705168,1.275397224705168,Assembly,Assembly,Assembly,Low,0.3777011170772123,0.17308149374552512,0.44921738917726256,Assembly stress = 1.28; Drilling stress = 1.10
492,Crack,1.2451268780212157,0.846919034583788,0.9182586821136725,1.2451268780212157,Drilling,Drilling,Drilling,Medium,0.4861590489850294,0.16323335579599355,0.35060759521897716,Drilling stress = 1.25; Assembly stress = 0.92
493,Crack,1.2325657592494808,1.1340609392366423,1.498831703979122,1.498831703979122,Assembly,Assembly,Assembly,Medium,0.3625582137792427,0.1642735540217892,0.4731682321989682,Assembly stress = 1.50; Drilling stress = 1.23
494,Crack,0.2368401461001755,0.4328119023843912,0.6958448911870713,0.6958448911870713,Assembly,No clear abnormal zone,No clear abnormal zone,Low,,,,No production zone shows strong deviation from baseline.
495,Crack,1.4855032179486654,0.7897445792170067,0.9151390473970968,1.4855032179486654,Drilling,Drilling,Drilling,High,0.5510651352758663,0.13740698228595763,0.3115278824381761,Drilling stress = 1.49; Assembly stress = 0.92
496,Crack,1.097682696623277,0.91209378309097,0.9201799875604056,1.097682696623277,Drilling,Drilling,Drilling,Low,0.4439184069390467,0.1843626392143177,0.3717189538466355,Drilling stress = 1.10; Assembly stress = 0.92
497,Crack,0.2217672597445192,1.3028388004463214,0.5236623614828348,1.3028388004463214,Milling,Milling,Milling,Low,0.2613465126538452,0.3852034058386547,0.3534500815075001,Milling stress = 1.30; Assembly stress = 0.52
498,Crack,0.5154927618989077,0.6114104332310375,0.3646145114991785,0.6114104332310375,Milling,No clear abnormal zone,No clear abnormal zone,Low,,,,No production zone shows strong deviation from baseline.
499,Crack,1.3346207309304343,1.2397766679527382,1.6671906138381454,1.6671906138381454,Assembly,Assembly,Assembly,Medium,0.3509628123899735,0.15960292736101062,0.489434260249016,Assembly stress = 1.67; Drilling stress = 1.33
500,Crack,0.5758033491833928,0.5847031388154139,0.3477887738942149,0.5847031388154139,Milling,No clear abnormal zone,No clear abnormal zone,Low,,,,No production zone shows strong deviation from baseline.
501,Crack,0.3489817903606711,2.3390318669814927,0.8318395779400432,2.3390318669814927,Milling,Milling,Milling,High,0.1592699204612439,0.5826014142069306,0.2581286653318255,Milling stress = 2.34; Assembly stress = 0.83
502,Crack,0.8604916387262258,1.2113242172102476,0.8923628809807169,1.2113242172102476,Milling,Milling,Assembly,Low,0.36462957055571715,0.2589324873149025,0.3764379421293803,Assembly stress = 0.89; Drilling stress = 0.86
503,Crack,1.2293633593581608,0.7601398942513707,0.9140606366997832,1.2293633593581608,Drilling,Drilling,Drilling,Medium,0.4896411804431982,0.15313229061982228,0.35722652893697954,Drilling stress = 1.23; Assembly stress = 0.91
504,Crack,0.4427013742941549,0.9471762277481914,0.7399347865847146,0.9471762277481914,Milling,No clear abnormal zone,No clear abnormal zone,Low,,,,No production zone shows strong deviation from baseline.
505,Crack,1.20587382082716,1.112290332341948,1.4606589702581732,1.4606589702581732,Assembly,Assembly,Assembly,Medium,0.36423033902012103,0.1658453616667894,0.46992429931308954,Assembly stress = 1.46; Drilling stress = 1.21
506,Crack,1.217384400200771,1.120381506679638,1.4781462608227165,1.4781462608227165,Assembly,Assembly,Assembly,Medium,0.36341233867296296,0.16490804816718055,0.4716796131598564,Assembly stress = 1.48; Drilling stress = 1.22
507,Crack,0.4215139029844423,0.5032524622260396,0.4405449531970529,0.5032524622260396,Milling,No clear abnormal zone,No clear abnormal zone,Low,,,,No production zone shows strong deviation from baseline.
508,Crack,0.6830010691439972,0.5587043172927876,0.5865765357644701,0.6830010691439972,Drilling,No clear abnormal zone,No clear abnormal zone,Low,,,,No production zone shows strong deviation from baseline.
509,Crack,0.6200669137865746,1.2672685078818746,0.8926622134701891,1.2672685078818746,Milling,Milling,Assembly,Low,0.3059542477556261,0.2922150451382148,0.4018307071061592,Assembly stress = 0.89; Drilling stress = 0.62
510,Crack,0.8109761620855465,0.5293058300093386,0.8878556831902832,0.8878556831902832,Assembly,No clear abnormal zone,No clear abnormal zone,Low,,,,No production zone shows strong deviation from baseline.
511,Crack,0.3076767133675323,0.2709342494708857,0.7714344099160437,0.7714344099160437,Assembly,No clear abnormal zone,No clear abnormal zone,Low,,,,No production zone shows strong deviation from baseline.
512,Crack,0.4002557800907924,1.0557323303013295,0.8813710973000826,1.0557323303013295,Milling,Milling,Assembly,Medium,0.2792587860363673,0.2689346114877962,0.4518066024758366,Assembly stress = 0.88; Drilling stress = 0.40
513,Crack,1.2181149154345503,1.1218148375363548,1.482591280699198,1.482591280699198,Assembly,Assembly,Assembly,Medium,0.36273357171897486,0.16471576368641525,0.4725506645946098,Assembly stress = 1.48; Drilling stress = 1.22
514,Crack,0.247168298074146,0.6282885169585799,0.812086412406487,0.812086412406487,Assembly,No clear abnormal zone,No clear abnormal zone,Low,,,,No production zone shows strong deviation from baseline.
515,Crack,1.2741699920176086,1.1027438291144225,0.911191069919756,1.2741699920176086,Drilling,Drilling,Drilling,Medium,0.47240397153194685,0.1989913085142012,0.32860471995385193,Drilling stress = 1.27; Assembly stress = 0.91
516,Crack,0.2883053480938727,0.5881941712861996,0.7154735770534624,0.7154735770534624,Assembly,No clear abnormal zone,No clear abnormal zone,Low,,,,No production zone shows strong deviation from baseline.
517,Crack,0.8803631439110865,1.7383343645502976,0.897811034245876,1.7383343645502976,Milling,Milling,Milling,Low,0.3128141235467734,0.368865913419184,0.31831996303404253,Milling stress = 1.74; Assembly stress = 0.90
518,Crack,0.2234696950271671,0.3040181664607313,0.439158541723227,0.439158541723227,Assembly,No clear abnormal zone,No clear abnormal zone,Low,,,,No production zone shows strong deviation from baseline.
519,Crack,1.4642089541828305,0.9658467296212184,0.916281058791426,1.4642089541828305,Drilling,Drilling,Drilling,High,0.5313753307220977,0.16141185496041155,0.3072128143174908,Drilling stress = 1.46; Assembly stress = 0.92
520,Crack,0.7130695641424797,0.778785926941029,0.8218949716287249,0.8218949716287249,Assembly,No clear abnormal zone,No clear abnormal zone,Low,,,,No production zone shows strong deviation from baseline.
521,Crack,1.331869494731507,1.2351475722251544,1.6676241115230142,1.6676241115230142,Assembly,Assembly,Assembly,Medium,0.350520535422852,0.15910274533978022,0.4903767192373677,Assembly stress = 1.67; Drilling stress = 1.33
522,Crack,1.048103417888059,0.9715207870544844,1.1822778249018917,1.1822778249018917,Assembly,Assembly,Assembly,Low,0.383622328225172,0.17767014922972368,0.4387075225451043,Assembly stress = 1.18; Drilling stress = 1.05
523,Crack,0.2878251396653499,0.2579917838961104,0.4778732148716834,0.4778732148716834,Assembly,No clear abnormal zone,No clear abnormal zone,Low,,,,No production zone shows strong deviation from baseline.
524,Crack,0.6870350733201034,0.6902588359805539,0.5380555291111401,0.6902588359805539,Milling,No clear abnormal zone,No clear abnormal zone,Low,,,,No production zone shows strong deviation from baseline.
525,Crack,0.196445951374786,0.2906182852766507,0.6754998450220208,0.6754998450220208,Assembly,No clear abnormal zone,No clear abnormal zone,Low,,,,No production zone shows strong deviation from baseline.
526,Crack,0.3000334348771944,0.2193083651034587,0.2741661634387212,0.3000334348771944,Drilling,No clear abnormal zone,No clear abnormal zone,Low,,,,No production zone shows strong deviation from baseline.
527,Crack,1.4139767707432576,1.0597221443204334,0.9103146572431422,1.4139767707432576,Drilling,Drilling,Drilling,High,0.5114666540701832,0.17944712276779842,0.3090862231620185,Drilling stress = 1.41; Assembly stress = 0.91
528,Crack,0.3207827827270556,0.5772581764816493,0.7152337943663218,0.7152337943663218,Assembly,No clear abnormal zone,No clear abnormal zone,Low,,,,No production zone shows strong deviation from baseline.
529,Crack,1.3483153412680886,1.251353737576401,1.6684622038506898,1.6684622038506898,Assembly,Assembly,Assembly,Medium,0.35321642084075094,0.16028799644863811,0.48649558271061094,Assembly stress = 1.67; Drilling stress = 1.35
530,Crack,1.3542560153605545,0.9607780359108652,0.917096670373382,1.3542560153605545,Drilling,Drilling,Drilling,Medium,0.5042300883915026,0.1701035770825183,0.3256663345259791,Drilling stress = 1.35; Assembly stress = 0.92
531,Crack,1.238837590353075,0.650246256047297,0.9162143950907896,1.238837590353075,Drilling,Drilling,Drilling,Medium,0.4995501423700896,0.13865231426087027,0.3617975433690401,Drilling stress = 1.24; Assembly stress = 0.92
532,Crack,1.091958826455244,1.0016293956549438,1.2699128493424623,1.2699128493424623,Assembly,Assembly,Assembly,Low,0.3771328559962379,0.17227997536318415,0.45058716864057796,Assembly stress = 1.27; Drilling stress = 1.09
533,Crack,1.1474422036304304,0.6122087674507363,0.9103903018211924,1.1474422036304304,Drilling,Drilling,Drilling,Medium,0.48037277684061147,0.14063695802223328,0.3789902651371553,Drilling stress = 1.15; Assembly stress = 0.91
534,Crack,0.3560685456799193,0.4648559872329021,0.825129955941688,0.825129955941688,Assembly,No clear abnormal zone,No clear abnormal zone,Low,,,,No production zone shows strong deviation from baseline.
535,Crack,0.9431994614638136,0.6246567955124384,0.8971390729891271,0.9431994614638136,Drilling,No clear abnormal zone,No clear abnormal zone,Low,,,,No production zone shows strong deviation from baseline.
536,Crack,1.3260850935358817,1.231728796662079,1.6614415329057346,1.6614415329057346,Assembly,Assembly,Assembly,Medium,0.35045689069970853,0.15945061137973268,0.49009249792055876,Assembly stress = 1.66; Drilling stress = 1.33
537,Crack,1.11253830349579,1.0199314284824774,1.2961224203624095,1.2961224203624095,Assembly,Assembly,Assembly,Low,0.376322974601166,0.1715189393629457,0.4521580860358883,Assembly stress = 1.30; Drilling stress = 1.11
538,Crack,0.3313506196851871,0.5235555834203083,0.7328780133179853,0.7328780133179853,Assembly,No clear abnormal zone,No clear abnormal zone,Low,,,,No production zone shows strong deviation from baseline.
539,Crack,1.1206593519805508,1.0292394184417306,1.3195773002313,1.3195773002313,Assembly,Assembly,Assembly,Low,0.37363636119403665,0.17049669528729192,0.45586694351867146,Assembly stress = 1.32; Drilling stress = 1.12
540,Crack,0.6784918442869059,0.6663620494766513,0.5404403653461142,0.6784918442869059,Drilling,No clear abnormal zone,No clear abnormal zone,Low,,,,No production zone shows strong deviation from baseline.
541,Crack,0.2491712814769576,0.5621516084080962,0.7818108613970368,0.7818108613970368,Assembly,No clear abnormal zone,No clear abnormal zone,Low,,,,No production zone shows strong deviation from baseline.
542,Crack,0.8765460302736003,1.0640549352462658,0.879253236573662,1.0640549352462658,Milling,Milling,Assembly,Low,0.3837546863873261,0.23145031658829315,0.3847949970243807,Assembly stress = 0.88; Drilling stress = 0.88
543,Crack,1.4458967311858852,1.3494762769956603,1.6684622038506898,1.6684622038506898,Assembly,Assembly,Assembly,Low,0.3699156926158843,0.16795691482377917,0.46212739256033647,Assembly stress = 1.67; Drilling stress = 1.45
544,Crack,1.4180599144773889,0.8721407931783751,0.916532356857121,1.4180599144773889,Drilling,Drilling,Drilling,High,0.5276322602617612,0.15283108049326888,0.31953665924496977,Drilling stress = 1.42; Assembly stress = 0.92
545,Crack,0.7751734387277551,0.6603796894889098,0.9082182732579308,0.9082182732579308,Assembly,No clear abnormal zone,No clear abnormal zone,Low,,,,No production zone shows strong deviation from baseline.
546,Crack,0.2360552027898418,0.1608625495838762,0.5226475419845297,0.5226475419845297,Assembly,No clear abnormal zone,No clear abnormal zone,Low,,,,No production zone shows strong deviation from baseline.
547,Crack,0.4465191732013197,0.4911932714347192,0.8527027923004996,0.8527027923004996,Assembly,No clear abnormal zone,No clear abnormal zone,Low,,,,No production zone shows strong deviation from baseline.
548,Crack,1.2515915579522476,1.1211749000982536,0.9180331563507582,1.2515915579522476,Drilling,Drilling,Drilling,Medium,0.46398655141865697,0.2036273747819695,0.33238607379937346,Drilling stress = 1.25; Assembly stress = 0.92
549,Crack,1.4431668994325246,0.6808498686334613,0.9163793940860112,1.4431668994325246,Drilling,Drilling,Drilling,High,0.5483084583506987,0.12791599986441426,0.3237755417848869,Drilling stress = 1.44; Assembly stress = 0.92
550,Crack,1.409031905433319,1.0383523533486378,0.9107838749721744,1.409031905433319,Drilling,Drilling,Drilling,High,0.5121044163617965,0.1767439031196091,0.3111516805185943,Drilling stress = 1.41; Assembly stress = 0.91
551,Crack,1.3494675094741302,0.8786990235634378,0.9175599848798356,1.3494675094741302,Drilling,Drilling,Drilling,Medium,0.5098059936303045,0.15919256693748157,0.3310014394322139,Drilling stress = 1.35; Assembly stress = 0.92
552,Crack,1.2883655761306807,0.7125930044599134,0.9044635774322322,1.2883655761306807,Drilling,Drilling,Drilling,Medium,0.5095974174398349,0.14326574813771006,0.34713683442245513,Drilling stress = 1.29; Assembly stress = 0.90
553,Crack,1.095753858085878,1.009272383455866,1.2747592451933587,1.2747592451933587,Assembly,Assembly,Assembly,Low,0.37670409770842295,0.17274755987344967,0.45054834241812736,Assembly stress = 1.27; Drilling stress = 1.10
554,Crack,0.350942476379284,0.4703010085880135,0.4122076486185789,0.4703010085880135,Milling,No clear abnormal zone,No clear abnormal zone,Low,,,,No production zone shows strong deviation from baseline.
555,Crack,0.2350231069761165,0.2730512096894553,0.6610344640606152,0.6610344640606152,Assembly,No clear abnormal zone,No clear abnormal zone,Low,,,,No production zone shows strong deviation from baseline.
556,Crack,0.8795198866793468,0.8339751536184581,0.9100456717577424,0.9100456717577424,Assembly,No clear abnormal zone,No clear abnormal zone,Low,,,,No production zone shows strong deviation from baseline.
557,Crack,0.5480947822262942,0.5742693393883866,0.8923052274989234,0.8923052274989234,Assembly,No clear abnormal zone,No clear abnormal zone,Low,,,,No production zone shows strong deviation from baseline.
558,Crack,1.2286920618418422,1.1321101369679083,1.495497945648243,1.495497945648243,Assembly,Assembly,Assembly,Medium,0.36235104474403534,0.16449569067583897,0.4731532645801257,Assembly stress = 1.50; Drilling stress = 1.23
559,Crack,0.2957619945054284,0.5529123886440253,0.6262812502005765,0.6262812502005765,Assembly,No clear abnormal zone,No clear abnormal zone,Low,,,,No production zone shows strong deviation from baseline.
560,Crack,0.2747479612298513,0.2634872566447757,0.7445728344959641,0.7445728344959641,Assembly,No clear abnormal zone,No clear abnormal zone,Low,,,,No production zone shows strong deviation from baseline.
561,Crack,1.4457897926763863,1.3509117730047286,1.6684622038506898,1.6684622038506898,Assembly,Assembly,Assembly,Low,0.3698015406874951,0.1681642675944828,0.46203419171802196,Assembly stress = 1.67; Drilling stress = 1.45
562,Crack,0.766329446902412,0.8457237770411157,0.8799118151267579,0.8799118151267579,Assembly,No clear abnormal zone,No clear abnormal zone,Low,,,,No production zone shows strong deviation from baseline.
563,Crack,1.4556214605207485,1.4506389833871305,0.9174720391030496,1.4556214605207485,Drilling,Drilling,Drilling,Medium,0.48045909680504006,0.23903558708328512,0.2805053161116747,Drilling stress = 1.46; Assembly stress = 0.92
564,Crack,1.0335630859265827,1.845149188472259,0.9069780027158814,1.845149188472259,Milling,Milling,Milling,Low,0.3325753615185845,0.37439276028986535,0.2930318781915502,Milling stress = 1.85; Drilling stress = 1.03
565,Crack,1.0960495476489556,1.009508385062183,1.2809991110514385,1.2809991110514385,Assembly,Assembly,Assembly,Low,0.3756988015048016,0.17227627176499496,0.4520249267302033,Assembly stress = 1.28; Drilling stress = 1.10
566,Crack,1.2842718718283976,1.3355478546282444,0.8845185807654534,1.3355478546282444,Milling,Milling,Drilling,Medium,0.455209207801292,0.23957964603967274,0.3052111461590352,Drilling stress = 1.28; Assembly stress = 0.88
567,Crack,0.6903446992199145,0.6192371892592766,0.5398229914989814,0.6903446992199145,Drilling,No clear abnormal zone,No clear abnormal zone,Low,,,,No production zone shows strong deviation from baseline.
568,Crack,0.3963848302587002,0.0690296620656286,0.3688420076046861,0.3963848302587002,Drilling,No clear abnormal zone,No clear abnormal zone,Low,,,,No production zone shows strong deviation from baseline.
569,Crack,1.4363192534639408,1.3414868648184926,1.6684622038506898,1.6684622038506898,Assembly,Assembly,Assembly,Low,0.36818001245337595,0.16743453074535006,0.46438545680127385,Assembly stress = 1.67; Drilling stress = 1.44
570,Crack,1.236340223583325,1.1440163097490048,1.5137484972181543,1.5137484972181543,Assembly,Assembly,Assembly,Medium,0.360281171363883,0.16425394310034916,0.4754648855357679,Assembly stress = 1.51; Drilling stress = 1.24
571,Crack,1.1993457871095714,0.6653322217300028,0.9012693069857174,1.1993457871095714,Drilling,Drilling,Drilling,Medium,0.4913115916599057,0.1440150469477329,0.3646733613923613,Drilling stress = 1.20; Assembly stress = 0.90
572,Crack,0.3467886475870936,0.3707730023738473,0.3495083514639088,0.3707730023738473,Milling,No clear abnormal zone,No clear abnormal zone,Low,,,,No production zone shows strong deviation from baseline.
573,Crack,0.4493226275941107,0.9605933567778566,0.3583320178144267,0.9605933567778566,Milling,No clear abnormal zone,No clear abnormal zone,Low,,,,No production zone shows strong deviation from baseline.
574,Crack,0.3232820229192539,0.4005023373666068,0.730297982939308,0.730297982939308,Assembly,No clear abnormal zone,No clear abnormal zone,Low,,,,No production zone shows strong deviation from baseline.
575,Crack,1.2324863529566978,1.1386142546319225,1.510377348034095,1.510377348034095,Assembly,Assembly,Assembly,Medium,0.36029000789422166,0.1640038668247609,0.47570612528101747,Assembly stress = 1.51; Drilling stress = 1.23
576,Crack,0.2825407841200903,0.4437482317011291,0.7427154255562115,0.7427154255562115,Assembly,No clear abnormal zone,No clear abnormal zone,Low,,,,No production zone shows strong deviation from baseline.
577,Crack,1.0928883342659508,1.0086769665591937,1.2559399712997503,1.2559399712997503,Assembly,Assembly,Assembly,Low,0.3792596635556412,0.17431474602232414,0.4464255904220347,Assembly stress = 1.26; Drilling stress = 1.09
578,Crack,1.305294588724058,0.8096785946133085,0.9107235182932906,1.305294588724058,Drilling,Drilling,Drilling,Medium,0.5054163376646097,0.1539486870578955,0.34063497527749487,Drilling stress = 1.31; Assembly stress = 0.91
579,Crack,0.9584011093837014,0.8841157517753284,1.0180438588886656,1.0180438588886656,Assembly,Assembly,Assembly,Low,0.39593601193294736,0.18379482869069752,0.4202691593763551,Assembly stress = 1.02; Drilling stress = 0.96
580,Crack,0.2719222137391195,0.4091058542352056,0.5596298599640447,0.5596298599640447,Assembly,No clear abnormal zone,No clear abnormal zone,Low,,,,No production zone shows strong deviation from baseline.
581,Crack,0.5466943021270764,0.6830462706482816,0.3381813647094407,0.6830462706482816,Milling,No clear abnormal zone,No clear abnormal zone,Low,,,,No production zone shows strong deviation from baseline.
582,Crack,1.2006059340079982,0.775344150926941,0.9074353458061658,1.2006059340079982,Drilling,Drilling,Drilling,Medium,0.4824638340012761,0.15766885810148276,0.3598673078972411,Drilling stress = 1.20; Assembly stress = 0.91
583,Crack,0.273490587704124,0.4402326573248941,0.783034018815264,0.783034018815264,Assembly,No clear abnormal zone,No clear abnormal zone,Low,,,,No production zone shows strong deviation from baseline.
584,Crack,0.7322787809296631,0.7385525591815641,0.6758035544662235,0.7385525591815641,Milling,No clear abnormal zone,No clear abnormal zone,Low,,,,No production zone shows strong deviation from baseline.
585,Crack,0.8484320190355013,0.7963253193775988,0.8379953451772189,0.8484320190355013,Drilling,No clear abnormal zone,No clear abnormal zone,Low,,,,No production zone shows strong deviation from baseline.
586,Crack,1.444043092698915,0.8288329503906062,0.9083905076356672,1.444043092698915,Drilling,Drilling,Drilling,High,0.5389235183938252,0.1456514359986794,0.3154250456074954,Drilling stress = 1.44; Assembly stress = 0.91
587,Crack,0.851377898506455,2.237451474206124,0.9196174714361568,2.237451474206124,Milling,Milling,Milling,High,0.2456893648817164,0.4912702524796359,0.2630403826386477,Milling stress = 2.24; Assembly stress = 0.92
588,Crack,0.8349927429036614,0.6214378760707361,0.8308008276792719,0.8349927429036614,Drilling,No clear abnormal zone,No clear abnormal zone,Low,,,,No production zone shows strong deviation from baseline.
589,Crack,1.086867856493186,0.6555028692043385,0.9067837466207422,1.086867856493186,Drilling,Drilling,Drilling,Low,0.46296063920031943,0.1503746535067033,0.38666470729297714,Drilling stress = 1.09; Assembly stress = 0.91
590,Crack,0.8424591115216389,0.794229451901312,0.8330663626999781,0.8424591115216389,Drilling,No clear abnormal zone,No clear abnormal zone,Low,,,,No production zone shows strong deviation from baseline.
591,Crack,1.008861376611575,0.9296056026810992,1.102331150662896,1.102331150662896,Assembly,Assembly,Assembly,Low,0.3906434304192498,0.18043890549403035,0.42891766408671994,Assembly stress = 1.10; Drilling stress = 1.01
592,Crack,1.4573472333961035,0.6957322211572039,0.9115363127688576,1.4573472333961035,Drilling,Drilling,Drilling,High,0.5516244215637652,0.12877996189093643,0.31959561654529833,Drilling stress = 1.46; Assembly stress = 0.91
593,Crack,1.446050657828346,1.350134483310527,1.6684622038506898,1.6684622038506898,Assembly,Assembly,Assembly,Low,0.3699106653917397,0.16803934972336404,0.4620499848848963,Assembly stress = 1.67; Drilling stress = 1.45
594,Crack,0.7494849111687863,0.7194559154410167,0.6783710993934498,0.7494849111687863,Drilling,No clear abnormal zone,No clear abnormal zone,Low,,,,No production zone shows strong deviation from baseline.
595,Crack,0.4901629905933301,0.5434463504799536,0.3907569396625564,0.5434463504799536,Milling,No clear abnormal zone,No clear abnormal zone,Low,,,,No production zone shows strong deviation from baseline.
596,Crack,1.5109489946603756,0.7137118969529066,0.9187993499468255,1.5109489946603756,Drilling,Drilling,Drilling,High,0.5622959140630478,0.12667743461185893,0.3110266513250933,Drilling stress = 1.51; Assembly stress = 0.92
597,Crack,1.2517725511167896,1.1585791244654358,1.5412679196210095,1.5412679196210095,Assembly,Assembly,Assembly,Medium,0.3582609012741146,0.16319093379675065,0.4785481649291348,Assembly stress = 1.54; Drilling stress = 1.25
598,Crack,0.8471658777312578,0.808606063515511,0.8413297711368266,0.8471658777312578,Drilling,No clear abnormal zone,No clear abnormal zone,Low,,,,No production zone shows strong deviation from baseline.
599,Crack,0.3991830384960656,0.2079024221581384,0.4270069213580892,0.4270069213580892,Assembly,No clear abnormal zone,No clear abnormal zone,Low,,,,No production zone shows strong deviation from baseline.
600,Crack,1.2479480621593844,0.7260883990670373,0.9177006706334858,1.2479480621593844,Drilling,Drilling,Drilling,Medium,0.4961661530343275,0.14721645885733317,0.3566173881083393,Drilling stress = 1.25; Assembly stress = 0.92
601,Crack,0.4217764155952317,0.2638135851660188,0.4860156357990998,0.4860156357990998,Assembly,No clear abnormal zone,No clear abnormal zone,Low,,,,No production zone shows strong deviation from baseline.
602,Crack,0.8350222480918903,0.6011687266134986,0.8742090939740421,0.8742090939740421,Assembly,No clear abnormal zone,No clear abnormal zone,Low,,,,No production zone shows strong deviation from baseline.
603,Crack,0.602132121419712,0.6206816651639453,0.3985048831516816,0.6206816651639453,Milling,No clear abnormal zone,No clear abnormal zone,Low,,,,No production zone shows strong deviation from baseline.
604,Crack,0.3173274909107055,0.2306580937302104,0.39594337914566,0.39594337914566,Assembly,No clear abnormal zone,No clear abnormal zone,Low,,,,No production zone shows strong deviation from baseline.
605,Crack,0.901565730643364,1.1750325309191352,0.897437238345449,1.1750325309191352,Milling,Milling,Drilling,Low,0.3769123292428244,0.24772821344705925,0.37535945731011633,Drilling stress = 0.90; Assembly stress = 0.90
606,Crack,1.395137274349468,0.7018946789730864,0.9149887275165026,1.395137274349468,Drilling,Drilling,Drilling,High,0.5351406452104812,0.13377239682498251,0.33108695796453635,Drilling stress = 1.40; Assembly stress = 0.91
607,Crack,1.0834907093085937,0.9944172731719776,1.2453855130128273,1.2453855130128273,Assembly,Assembly,Assembly,Low,0.3797767731484419,0.17370579317986393,0.4465174336716943,Assembly stress = 1.25; Drilling stress = 1.08
608,Crack,0.8580470841049506,0.6617373356443421,0.8765573287470052,0.8765573287470052,Assembly,No clear abnormal zone,No clear abnormal zone,Low,,,,No production zone shows strong deviation from baseline.
609,Crack,0.5039720001345125,0.5494912205101061,0.3834952611454365,0.5494912205101061,Milling,No clear abnormal zone,No clear abnormal zone,Low,,,,No production zone shows strong deviation from baseline.
610,Crack,0.2422659427810475,2.0141161141958936,0.3991669514049262,2.0141161141958936,Milling,Milling,Milling,High,0.19566628334079877,0.575427684206924,0.22890603245227742,Milling stress = 2.01; Assembly stress = 0.40
611,Crack,0.1990805342787475,0.3721388415614854,0.6850336291866012,0.6850336291866012,Assembly,No clear abnormal zone,No clear abnormal zone,Low,,,,No production zone shows strong deviation from baseline.
612,Crack,0.6843203675191469,0.4433511521981368,0.8743550228813213,0.8743550228813213,Assembly,No clear abnormal zone,No clear abnormal zone,Low,,,,No production zone shows strong deviation from baseline.
613,Crack,1.35154813607583,0.8351752482290566,0.9057662282814228,1.35154813607583,Drilling,Drilling,Drilling,Medium,0.5158191854766533,0.1538897166035499,0.33029109791979677,Drilling stress = 1.35; Assembly stress = 0.91
614,Crack,0.270536345188469,0.243810872510441,0.6572492020462979,0.6572492020462979,Assembly,No clear abnormal zone,No clear abnormal zone,Low,,,,No production zone shows strong deviation from baseline.
615,Crack,1.2038735672228296,1.106708569579688,1.4516379148017249,1.4516379148017249,Assembly,Assembly,Assembly,Medium,0.36564927946326203,0.1658962251131217,0.4684544954236163,Assembly stress = 1.45; Drilling stress = 1.20
616,Crack,0.6747541836048436,0.2997936262452629,0.5249337425915034,0.6747541836048436,Drilling,No clear abnormal zone,No clear abnormal zone,Low,,,,No production zone shows strong deviation from baseline.
617,Crack,0.7939126821971125,0.7732253089390613,0.7431771946587904,0.7939126821971125,Drilling,No clear abnormal zone,No clear abnormal zone,Low,,,,No production zone shows strong deviation from baseline.
618,Crack,1.1843623609134184,0.8697634325351442,0.903982597250912,1.1843623609134184,Drilling,Drilling,Drilling,Medium,0.47157852978184345,0.1721454109849598,0.3562760592331968,Drilling stress = 1.18; Assembly stress = 0.90
619,Crack,1.1334112976531463,1.0405783213067248,1.3262051976284277,1.3262051976284277,Assembly,Assembly,Assembly,Low,0.37476965307380317,0.1707723566356028,0.454457990290594,Assembly stress = 1.33; Drilling stress = 1.13
620,Crack,0.7814238740700088,0.751090956449309,0.7153424288229695,0.7814238740700088,Drilling,No clear abnormal zone,No clear abnormal zone,Low,,,,No production zone shows strong deviation from baseline.
621,Crack,0.6621489493887338,0.719544720294476,0.8781463224955681,0.8781463224955681,Assembly,No clear abnormal zone,No clear abnormal zone,Low,,,,No production zone shows strong deviation from baseline.
622,Crack,0.7215366196469004,0.6915600925438272,0.6161779143950561,0.7215366196469004,Drilling,No clear abnormal zone,No clear abnormal zone,Low,,,,No production zone shows strong deviation from baseline.
623,Crack,1.2443711298488689,0.7501092618767242,0.9060986406220676,1.2443711298488689,Drilling,Drilling,Drilling,Medium,0.49553731852414,0.15114408955483144,0.3533185919210286,Drilling stress = 1.24; Assembly stress = 0.91
624,Crack,0.351494767733945,0.9806802009810908,0.8118176295301308,0.9806802009810908,Milling,No clear abnormal zone,No clear abnormal zone,Low,,,,No production zone shows strong deviation from baseline.
625,Crack,0.6196812628096325,0.4896749300211173,0.4293984217427256,0.6196812628096325,Drilling,No clear abnormal zone,No clear abnormal zone,Low,,,,No production zone shows strong deviation from baseline.
626,Crack,1.4877910128981948,0.5982557670256459,0.9121097618524182,1.4877910128981948,Drilling,Drilling,Drilling,High,0.565692455871894,0.11620642551395101,0.3181011186141551,Drilling stress = 1.49; Assembly stress = 0.91
627,Crack,1.1265319191451857,1.032051951346376,1.3195001169742642,1.3195001169742642,Assembly,Assembly,Assembly,Low,0.374845301041064,0.17052574151244898,0.45462895744648707,Assembly stress = 1.32; Drilling stress = 1.13
628,Crack,1.3422986466174731,1.249091153369046,1.6668751715875727,1.6668751715875727,Assembly,Assembly,Assembly,Medium,0.35224329204271954,0.16044760386744164,0.4873091040898387,Assembly stress = 1.67; Drilling stress = 1.34
629,Crack,0.8259734664116347,0.7243943086686763,0.7919067965262523,0.8259734664116347,Drilling,No clear abnormal zone,No clear abnormal zone,Low,,,,No production zone shows strong deviation from baseline.
630,Crack,1.1048265139392894,0.6667587789811062,0.8869826171086828,1.1048265139392894,Drilling,Drilling,Drilling,Low,0.4701696151627335,0.15169601201927088,0.3781343728179957,Drilling stress = 1.10; Assembly stress = 0.89
631,Crack,0.8452850901631794,0.7990620719499403,0.8031116044558917,0.8452850901631794,Drilling,No clear abnormal zone,No clear abnormal zone,Low,,,,No production zone shows strong deviation from baseline.
632,Crack,0.6378822173671801,0.7972654711963134,0.9063714338556902,0.9063714338556902,Assembly,No clear abnormal zone,No clear abnormal zone,Low,,,,No production zone shows strong deviation from baseline.
633,Crack,0.3227201487899478,1.2680880072878886,0.7889346331485215,1.2680880072878886,Milling,Milling,Assembly,Low,0.2576769147396649,0.33159926597245093,0.4107238192878842,Assembly stress = 0.79; Milling stress = 1.27
634,Crack,0.2856065417990897,0.4311420631581336,0.4205677895979682,0.4311420631581336,Milling,No clear abnormal zone,No clear abnormal zone,Low,,,,No production zone shows strong deviation from baseline.
635,Crack,1.095350861289091,1.011506820682651,1.254426319660288,1.254426319660288,Assembly,Assembly,Assembly,Low,0.3799083575679613,0.1746770496023445,0.44541459282969414,Assembly stress = 1.25; Drilling stress = 1.10
636,Crack,1.4292697887619583,0.551928728213512,0.8976186069596834,1.4292697887619583,Drilling,Drilling,Drilling,High,0.5569238838913073,0.11580877457322937,0.32726734153546333,Drilling stress = 1.43; Assembly stress = 0.90
637,Crack,0.5281146618730606,0.5307017528463728,0.8528784593084254,0.8528784593084254,Assembly,No clear abnormal zone,No clear abnormal zone,Low,,,,No production zone shows strong deviation from baseline.
638,Crack,1.3320979542745277,1.2364942969878097,1.6684622038506898,1.6684622038506898,Assembly,Assembly,Assembly,Medium,0.35035339602370996,0.15920481376246395,0.490441790213826,Assembly stress = 1.67; Drilling stress = 1.33
639,Crack,1.3292966272080196,0.6488170190573875,0.9115960261394052,1.3292966272080196,Drilling,Drilling,Drilling,Medium,0.5230819297695906,0.13243756364101417,0.3444805065893953,Drilling stress = 1.33; Assembly stress = 0.91
640,Crack,1.332183829138216,1.2367497849652909,1.6684622038506898,1.6684622038506898,Assembly,Assembly,Assembly,Medium,0.35035868969797324,0.15923422519438526,0.4904070851076415,Assembly stress = 1.67; Drilling stress = 1.33
641,Crack,1.0343427161741494,0.7471605500663301,0.909146154828704,1.0343427161741494,Drilling,Drilling,Drilling,Low,0.44296573296705777,0.16619521113987204,0.3908390558930701,Drilling stress = 1.03; Assembly stress = 0.91
642,Crack,1.4629472738958564,0.6793368662900466,0.917219727640157,1.4629472738958564,Drilling,Drilling,Drilling,High,0.5531594359138681,0.12632888221639052,0.3205116818697415,Drilling stress = 1.46; Assembly stress = 0.92
643,Crack,1.300539109384527,1.253173435030278,0.9133037585031754,1.300539109384527,Drilling,Drilling,Drilling,Medium,0.46386479836298067,0.22120287614189152,0.3149323254951278,Drilling stress = 1.30; Assembly stress = 0.91
644,Crack,1.0074160779786263,0.930162046835444,1.123853556146777,1.123853556146777,Assembly,Assembly,Assembly,Low,0.38665056371262224,0.17895245164595464,0.4343969846414232,Assembly stress = 1.12; Drilling stress = 1.01
645,Crack,0.4142120357423942,0.5195549994710109,0.8501723104179252,0.8501723104179252,Assembly,No clear abnormal zone,No clear abnormal zone,Low,,,,No production zone shows strong deviation from baseline.
646,Crack,0.9652152553413972,0.8927157369156292,1.046208680651298,1.046208680651298,Assembly,Assembly,Assembly,Low,0.3922496390963444,0.18240906457516717,0.4253412963284884,Assembly stress = 1.05; Drilling stress = 0.97
647,Crack,0.9911516633602578,0.855159491819802,0.8906395072241441,0.9911516633602578,Drilling,No clear abnormal zone,No clear abnormal zone,Low,,,,No production zone shows strong deviation from baseline.
648,Crack,0.3157754966571218,0.0719435203974085,0.3898485843287071,0.3898485843287071,Assembly,No clear abnormal zone,No clear abnormal zone,Low,,,,No production zone shows strong deviation from baseline.
649,Crack,0.7368248795227147,0.7934915013968766,0.602629038172732,0.7934915013968766,Milling,No clear abnormal zone,No clear abnormal zone,Low,,,,No production zone shows strong deviation from baseline.
650,Crack,0.8997788023151766,0.7506987399652234,0.9459072164910916,0.9459072164910916,Assembly,No clear abnormal zone,No clear abnormal zone,Low,,,,No production zone shows strong deviation from baseline.
651,Crack,0.5999842966517195,0.2611280374175681,0.4224349843238212,0.5999842966517195,Drilling,No clear abnormal zone,No clear abnormal zone,Low,,,,No production zone shows strong deviation from baseline.
652,Crack,0.6667188478119445,0.6391436471322194,0.5243583909288831,0.6667188478119445,Drilling,No clear abnormal zone,No clear abnormal zone,Low,,,,No production zone shows strong deviation from baseline.
653,Crack,1.4421051128097258,0.5750742068514316,0.9205812640612808,1.4421051128097258,Drilling,Drilling,Drilling,High,0.5544116409026547,0.11648113847966254,0.3291072206176826,Drilling stress = 1.44; Assembly stress = 0.92
654,Crack,1.2345651727701397,1.13937205795496,1.5075945587733712,1.5075945587733712,Assembly,Assembly,Assembly,Medium,0.361201533691613,0.16420173646378253,0.4745967298446045,Assembly stress = 1.51; Drilling stress = 1.23
655,Crack,1.050448205939448,0.6945333533466099,0.9148926914611304,1.050448205939448,Drilling,Drilling,Drilling,Low,0.4497420423643071,0.15752940607188456,0.39272855156380837,Drilling stress = 1.05; Assembly stress = 0.91
656,Crack,0.2604454029856197,0.3898027652698094,0.7143696254520724,0.7143696254520724,Assembly,No clear abnormal zone,No clear abnormal zone,Low,,,,No production zone shows strong deviation from baseline.
657,Crack,0.2981226631451521,0.0903871983528152,0.5604623614169832,0.5604623614169832,Assembly,No clear abnormal zone,No clear abnormal zone,Low,,,,No production zone shows strong deviation from baseline.
658,Crack,1.3975684643160464,0.7867582804014724,0.9116718674573796,1.3975684643160464,Drilling,Drilling,Drilling,High,0.5300538327127922,0.14388598398463553,0.32606018330257236,Drilling stress = 1.40; Assembly stress = 0.91
659,Crack,0.6402183360512537,0.6740894782192833,0.5059346891114694,0.6740894782192833,Milling,No clear abnormal zone,No clear abnormal zone,Low,,,,No production zone shows strong deviation from baseline.
660,Crack,0.6279873729915475,1.0033996941485397,0.8983153730844424,1.0033996941485397,Milling,Milling,Assembly,Medium,0.3291433472237732,0.23954912300627476,0.43130752976995207,Assembly stress = 0.90; Drilling stress = 0.63
661,Crack,1.3182332144899434,1.2226135052621123,1.6447253703487883,1.6447253703487883,Assembly,Assembly,Assembly,Medium,0.35205042782579926,0.15997339760127033,0.48797617457293047,Assembly stress = 1.64; Drilling stress = 1.32
662,Crack,0.8376198369885184,0.5201655064830915,0.8708423352347541,0.8708423352347541,Assembly,No clear abnormal zone,No clear abnormal zone,Low,,,,No production zone shows strong deviation from baseline.
663,Crack,0.3397847711898138,0.4370786755707094,0.3017613424890123,0.4370786755707094,Milling,No clear abnormal zone,No clear abnormal zone,Low,,,,No production zone shows strong deviation from baseline.
664,Crack,1.0339758787705955,0.9504343683028756,1.1510767327039222,1.1510767327039222,Assembly,Assembly,Assembly,Low,0.38697305389739145,0.17797914338025136,0.43504780272235727,Assembly stress = 1.15; Drilling stress = 1.03
665,Crack,0.2646019688364783,0.2274179625390055,0.5826390346075287,0.5826390346075287,Assembly,No clear abnormal zone,No clear abnormal zone,Low,,,,No production zone shows strong deviation from baseline.
666,Crack,0.2660906328293209,0.4877739090518892,0.544300446808412,0.544300446808412,Assembly,No clear abnormal zone,No clear abnormal zone,Low,,,,No production zone shows strong deviation from baseline.
667,Crack,0.3812751505771756,0.1729415668232949,0.4553524836398404,0.4553524836398404,Assembly,No clear abnormal zone,No clear abnormal zone,Low,,,,No production zone shows strong deviation from baseline.
668,Crack,0.3749770349058356,0.4534710072262512,0.3966343932838641,0.4534710072262512,Milling,No clear abnormal zone,No clear abnormal zone,Low,,,,No production zone shows strong deviation from baseline.
669,Crack,0.3007292291150394,0.5062533969923146,0.7576253356121314,0.7576253356121314,Assembly,No clear abnormal zone,No clear abnormal zone,Low,,,,No production zone shows strong deviation from baseline.
670,Crack,1.0973276075804,1.0091901076665075,1.2655748370749509,1.2655748370749509,Assembly,Assembly,Assembly,Low,0.3786377736092829,0.17334699292515798,0.44801523346555916,Assembly stress = 1.27; Drilling stress = 1.10
671,Crack,1.3302346317605305,1.2356672087895229,1.665413241747431,1.665413241747431,Assembly,Assembly,Assembly,Medium,0.3504992330152839,0.15943621155576385,0.4900645554289523,Assembly stress = 1.67; Drilling stress = 1.33
672,Crack,0.9704927930240042,0.9125290460845352,1.0550599908050664,1.0550599908050664,Assembly,Assembly,Assembly,Low,0.3906115653092955,0.18430697310689906,0.4250814615838054,Assembly stress = 1.06; Drilling stress = 0.97
673,Crack,0.3186776269572371,0.2464653492934242,0.5799157939935043,0.5799157939935043,Assembly,No clear abnormal zone,No clear abnormal zone,Low,,,,No production zone shows strong deviation from baseline.
674,Crack,0.5511356403657734,0.9124061480631628,0.8462129258422815,0.9124061480631628,Milling,No clear abnormal zone,No clear abnormal zone,Low,,,,No production zone shows strong deviation from baseline.
675,Crack,0.3154057456379419,0.2497188164034628,0.6744887055857658,0.6744887055857658,Assembly,No clear abnormal zone,No clear abnormal zone,Low,,,,No production zone shows strong deviation from baseline.
676,Crack,0.3016306448244157,0.3158091770629522,0.7978751738837986,0.7978751738837986,Assembly,No clear abnormal zone,No clear abnormal zone,Low,,,,No production zone shows strong deviation from baseline.
677,Crack,1.340051910988624,1.2463414098825951,1.6671002541879096,1.6671002541879096,Assembly,Assembly,Assembly,Medium,0.351847342976995,0.16018665277295077,0.4879660042500542,Assembly stress = 1.67; Drilling stress = 1.34
678,Crack,0.7096625449048071,0.7062484860966474,0.6256912479599235,0.7096625449048071,Drilling,No clear abnormal zone,No clear abnormal zone,Low,,,,No production zone shows strong deviation from baseline.
679,Crack,1.2066700894953544,0.5758096325972724,0.8974133201890893,1.2066700894953544,Drilling,Drilling,Drilling,Medium,0.49998521492441195,0.13302949763709473,0.36698528743849346,Drilling stress = 1.21; Assembly stress = 0.90
680,Crack,0.679743188685957,0.4655006809178139,0.5878750537011397,0.679743188685957,Drilling,No clear abnormal zone,No clear abnormal zone,Low,,,,No production zone shows strong deviation from baseline.
681,Crack,0.8418673568487351,1.6728747211339543,0.9097644821659028,1.6728747211339543,Milling,Milling,Milling,Low,0.3107452355915101,0.35667805993918666,0.33257670446930315,Milling stress = 1.67; Assembly stress = 0.91
682,Crack,1.2581482536680322,0.9775327637194132,0.9104879765904644,1.2581482536680322,Drilling,Drilling,Drilling,Medium,0.47984687543052623,0.18121866082273902,0.3389344637467347,Drilling stress = 1.26; Assembly stress = 0.91
683,Crack,0.2260597718063326,1.0868217422169757,0.391149202740395,1.0868217422169757,Milling,Milling,Milling,Low,0.2974438021521656,0.35172165032785857,0.35083454751997584,Milling stress = 1.09; Assembly stress = 0.39
684,Crack,1.4832335758209108,0.6325528762822178,0.9053796163042254,1.4832335758209108,Drilling,Drilling,Drilling,High,0.5634871803659938,0.12033947451418042,0.31617334511982587,Drilling stress = 1.48; Assembly stress = 0.91
685,Crack,0.9968697221423268,0.9261824968133208,1.1040037299306205,1.1040037299306205,Assembly,Assembly,Assembly,Low,0.38775319622275956,0.18064515530994976,0.4316016484672907,Assembly stress = 1.10; Drilling stress = 1.00
686,Crack,0.7650255922536378,1.1700123754994325,0.700265351409219,1.1700123754994325,Milling,Milling,Drilling,Low,0.37217147313117804,0.2789951226233645,0.3488334042454575,Drilling stress = 0.77; Assembly stress = 0.70
687,Crack,1.131824359473491,0.6528635484878162,0.9008055185751976,1.131824359473491,Drilling,Drilling,Drilling,Low,0.4754121832333186,0.14724151391070717,0.3773463028559743,Drilling stress = 1.13; Assembly stress = 0.90
688,Crack,0.7076628950594924,0.314482326745702,0.551340331740652,0.7076628950594924,Drilling,No clear abnormal zone,No clear abnormal zone,Low,,,,No production zone shows strong deviation from baseline.
689,Crack,0.7872665068979429,1.2935968924648638,0.8792344546847269,1.2935968924648638,Milling,Milling,Assembly,Low,0.34177221446699724,0.2835327624239707,0.3746950231090322,Assembly stress = 0.88; Drilling stress = 0.79
690,Crack,1.2183472500989048,1.119896512552894,1.477160275194335,1.477160275194335,Assembly,Assembly,Assembly,Medium,0.3638332643729751,0.16486018971976318,0.4713065459072617,Assembly stress = 1.48; Drilling stress = 1.22
691,Crack,1.367187477873229,0.6202079662112645,0.9175125927442108,1.367187477873229,Drilling,Drilling,Drilling,Medium,0.5334092249778606,0.12636344185498785,0.3402273331671515,Drilling stress = 1.37; Assembly stress = 0.92
692,Crack,1.0782771086316467,0.5552583991416999,0.9094227473692325,1.0782771086316467,Drilling,Drilling,Drilling,Low,0.4670722930704836,0.1384235460022322,0.39450416092728413,Drilling stress = 1.08; Assembly stress = 0.91
693,Crack,0.241243111871992,0.3528877464892511,0.8096410261018604,0.8096410261018604,Assembly,No clear abnormal zone,No clear abnormal zone,Low,,,,No production zone shows strong deviation from baseline.
694,Crack,1.0060151067342908,0.7977933262789866,0.8794514227457109,1.0060151067342908,Drilling,Drilling,Drilling,Low,0.4372289049577627,0.1775208216154884,0.38525027342674895,Drilling stress = 1.01; Assembly stress = 0.88
695,Crack,1.3681263194250797,0.8825840666852127,0.9132349992944424,1.3681263194250797,Drilling,Drilling,Drilling,Medium,0.5148803947351723,0.1584192812694936,0.3267003239953341,Drilling stress = 1.37; Assembly stress = 0.91
696,Crack,0.8847471023096989,0.8268193250966316,0.905093688296734,0.905093688296734,Assembly,No clear abnormal zone,No clear abnormal zone,Low,,,,No production zone shows strong deviation from baseline.
697,Crack,0.861141631673251,0.8217089925526957,0.9056914039750332,0.9056914039750332,Assembly,No clear abnormal zone,No clear abnormal zone,Low,,,,No production zone shows strong deviation from baseline.
698,Crack,0.4635774985494455,0.2330891930291667,0.1954766096357632,0.4635774985494455,Drilling,No clear abnormal zone,No clear abnormal zone,Low,,,,No production zone shows strong deviation from baseline.
699,Crack,1.4163410608431084,0.7839872608420544,0.9172678666361024,1.4163410608431084,Drilling,Drilling,Drilling,High,0.5339704279061448,0.1418598329796526,0.3241697391142026,Drilling stress = 1.42; Assembly stress = 0.92
700,Crack,1.025315152847484,0.942005430198346,1.1392667366045257,1.1392667366045257,Assembly,Assembly,Assembly,Low,0.38748712134896557,0.17825688958639543,0.43425598906463914,Assembly stress = 1.14; Drilling stress = 1.03
701,Crack,1.4351477907007937,1.341289835954503,1.6684622038506898,1.6684622038506898,Assembly,Assembly,Assembly,Low,0.3679196863029447,0.16747926211005562,0.46460105158699977,Assembly stress = 1.67; Drilling stress = 1.44
702,Crack,1.4071320156418174,0.7620576919515989,0.9047332636526444,1.4071320156418174,Drilling,Drilling,Drilling,High,0.535506988749923,0.1404697883956649,0.32402322285441215,Drilling stress = 1.41; Assembly stress = 0.90
703,Crack,1.361866112351214,0.5870173555707008,0.9195434159986882,1.361866112351214,Drilling,Drilling,Drilling,Medium,0.5339230725101523,0.12300879197291714,0.3430681355169307,Drilling stress = 1.36; Assembly stress = 0.92
704,Crack,1.1354691429147543,0.6890924408363417,0.8994090635393343,1.1354691429147543,Drilling,Drilling,Drilling,Low,0.4740000193358921,0.1516664163511861,0.37433356431292175,Drilling stress = 1.14; Assembly stress = 0.90
705,Crack,0.271773268877587,0.4398811757264402,0.7262471767850086,0.7262471767850086,Assembly,No clear abnormal zone,No clear abnormal zone,Low,,,,No production zone shows strong deviation from baseline.
706,Crack,0.9840705767436916,0.6925435494263272,1.0710795890759734,1.0710795890759734,Assembly,Assembly,Assembly,Low,0.40576718167776726,0.1515787577638101,0.4426540605584226,Assembly stress = 1.07; Drilling stress = 0.98
707,Crack,0.2449058976441653,0.4337319378868044,0.5597731239139239,0.5597731239139239,Assembly,No clear abnormal zone,No clear abnormal zone,Low,,,,No production zone shows strong deviation from baseline.
708,Crack,0.5456402725460956,0.6131252834570846,0.3161397703194313,0.6131252834570846,Milling,No clear abnormal zone,No clear abnormal zone,Low,,,,No production zone shows strong deviation from baseline.
709,Crack,1.3289043815135817,1.2341797491240176,1.664033871921267,1.664033871921267,Assembly,Assembly,Assembly,Medium,0.35051645531798725,0.15941898155636733,0.49006456312564545,Assembly stress = 1.66; Drilling stress = 1.33
710,Crack,0.5415818359546306,0.7719366833907311,0.3652472128020986,0.7719366833907311,Milling,No clear abnormal zone,No clear abnormal zone,Low,,,,No production zone shows strong deviation from baseline.
711,Crack,1.2201365753900155,1.1259502785277884,1.4840210898146444,1.4840210898146444,Assembly,Assembly,Assembly,Medium,0.362708564944543,0.1650529254865478,0.47223850956890917,Assembly stress = 1.48; Drilling stress = 1.22
712,Crack,1.4580385870421806,0.7130381939035718,0.9031137241903344,1.4580385870421806,Drilling,Drilling,Drilling,High,0.5520340525523308,0.1310346982259027,0.3169312492217664,Drilling stress = 1.46; Assembly stress = 0.90
713,Crack,0.8115560569602931,0.7988693733906536,0.8151032387162063,0.8151032387162063,Assembly,No clear abnormal zone,No clear abnormal zone,Low,,,,No production zone shows strong deviation from baseline.
714,Crack,0.3909094137697401,0.5340064169277716,0.8056804320517309,0.8056804320517309,Assembly,No clear abnormal zone,No clear abnormal zone,Low,,,,No production zone shows strong deviation from baseline.
715,Crack,0.7718872563693705,0.5178487454193843,0.7028447963015481,0.7718872563693705,Drilling,No clear abnormal zone,No clear abnormal zone,Low,,,,No production zone shows strong deviation from baseline.
716,Crack,0.8369887816206033,0.7829770198339587,0.8065848956817236,0.8369887816206033,Drilling,No clear abnormal zone,No clear abnormal zone,Low,,,,No production zone shows strong deviation from baseline.
717,Crack,1.2096590546690882,1.11598624740602,1.465607826962983,1.465607826962983,Assembly,Assembly,Assembly,Medium,0.3640365549059421,0.16574232119108095,0.4702211239029769,Assembly stress = 1.47; Drilling stress = 1.21
718,Crack,0.5195990903014945,0.1869345229303405,0.388815966228276,0.5195990903014945,Drilling,No clear abnormal zone,No clear abnormal zone,Low,,,,No production zone shows strong deviation from baseline.
719,Crack,0.5057929637354457,0.822408901839709,0.8844386957946835,0.8844386957946835,Assembly,No clear abnormal zone,No clear abnormal zone,Low,,,,No production zone shows strong deviation from baseline.
720,Crack,1.1395419703190035,1.0496308232884966,1.3439269828111091,1.3439269828111091,Assembly,Assembly,Assembly,Low,0.3726092577286086,0.17028473991210408,0.4571060023592873,Assembly stress = 1.34; Drilling stress = 1.14
721,Crack,0.8056212196554734,1.088005162817978,0.8896583036123512,1.088005162817978,Milling,Milling,Assembly,Low,0.3635288716077548,0.2410719612041434,0.39539916718810175,Assembly stress = 0.89; Drilling stress = 0.81
722,Crack,1.0994629140883516,0.7818590943527128,0.9082120810380172,1.0994629140883516,Drilling,Drilling,Drilling,Low,0.4566479141656621,0.16619497796446775,0.37715710786987006,Drilling stress = 1.10; Assembly stress = 0.91
723,Crack,0.7951434860094164,0.7680505948188905,0.7605109568149077,0.7951434860094164,Drilling,No clear abnormal zone,No clear abnormal zone,Low,,,,No production zone shows strong deviation from baseline.
724,Crack,0.6401390966103742,0.4758605196760505,0.4839325079027547,0.6401390966103742,Drilling,No clear abnormal zone,No clear abnormal zone,Low,,,,No production zone shows strong deviation from baseline.
725,Crack,1.1156149411230902,0.5857269247691852,0.9182571556695174,1.1156149411230902,Drilling,Drilling,Drilling,Low,0.47276130889067897,0.13915040964011197,0.38808828146920915,Drilling stress = 1.12; Assembly stress = 0.92
726,Crack,0.5479889564556053,0.5914131356758817,0.3625357911472145,0.5914131356758817,Milling,No clear abnormal zone,No clear abnormal zone,Low,,,,No production zone shows strong deviation from baseline.
727,Crack,0.8486029228319822,0.6603129280618378,0.9047986398650488,0.9047986398650488,Assembly,No clear abnormal zone,No clear abnormal zone,Low,,,,No production zone shows strong deviation from baseline.
728,Crack,0.2757604233992006,0.2721352842859255,0.3373300090057429,0.3373300090057429,Assembly,No clear abnormal zone,No clear abnormal zone,Low,,,,No production zone shows strong deviation from baseline.
729,Crack,1.3395721019158615,0.7452468393519637,0.9179052433408889,1.3395721019158615,Drilling,Drilling,Drilling,Medium,0.5176197896379875,0.14284620082812488,0.3395340095338876,Drilling stress = 1.34; Assembly stress = 0.92
730,Crack,0.6581552405202757,0.6201747193967992,0.5499371057574747,0.6581552405202757,Drilling,No clear abnormal zone,No clear abnormal zone,Low,,,,No production zone shows strong deviation from baseline.
731,Crack,0.4822476601965293,0.3363331980283651,0.3894914305581906,0.4822476601965293,Drilling,No clear abnormal zone,No clear abnormal zone,Low,,,,No production zone shows strong deviation from baseline.
732,Crack,0.4502104983715335,0.5627676546853041,0.81905206647925,0.81905206647925,Assembly,No clear abnormal zone,No clear abnormal zone,Low,,,,No production zone shows strong deviation from baseline.
733,Crack,0.6100667675487401,0.4032955179334661,0.8811876825922329,0.8811876825922329,Assembly,No clear abnormal zone,No clear abnormal zone,Low,,,,No production zone shows strong deviation from baseline.
734,Crack,1.3314725260220033,1.2356498875707107,1.6680905621249225,1.6680905621249225,Assembly,Assembly,Assembly,Medium,0.35032199866846014,0.1591556905103954,0.49052231082114434,Assembly stress = 1.67; Drilling stress = 1.33
735,Crack,0.5698871672916402,0.4108009729234206,0.3615831510276274,0.5698871672916402,Drilling,No clear abnormal zone,No clear abnormal zone,Low,,,,No production zone shows strong deviation from baseline.
736,Crack,0.2001180964113218,0.7829899623535324,0.5262615424148029,0.7829899623535324,Milling,No clear abnormal zone,No clear abnormal zone,Low,,,,No production zone shows strong deviation from baseline.
737,Crack,1.321070627238247,1.0747484092090618,0.8900285220973329,1.321070627238247,Drilling,Drilling,Drilling,Medium,0.49003592628634096,0.191523268693967,0.3184408050196921,Drilling stress = 1.32; Assembly stress = 0.89
738,Crack,1.2369540097243894,1.142992192686728,1.5103243342423844,1.5103243342423844,Assembly,Assembly,Assembly,Medium,0.3610700530476013,0.1643441976538046,0.4745857492985941,Assembly stress = 1.51; Drilling stress = 1.24
739,Crack,1.3864345100777764,1.0778657789749164,0.9082466649894791,1.3864345100777764,Drilling,Drilling,Drilling,Medium,0.5032321408710192,0.18481136655323027,0.31195649257575053,Drilling stress = 1.39; Assembly stress = 0.91
740,Crack,0.3637180008324944,0.6252528008374298,0.7958069669433296,0.7958069669433296,Assembly,No clear abnormal zone,No clear abnormal zone,Low,,,,No production zone shows strong deviation from baseline.
741,Crack,0.2982295443750357,0.2926064397176986,0.6297163562625412,0.6297163562625412,Assembly,No clear abnormal zone,No clear abnormal zone,Low,,,,No production zone shows strong deviation from baseline.
742,Crack,0.323316345555697,0.3398560544285326,0.578561099009764,0.578561099009764,Assembly,No clear abnormal zone,No clear abnormal zone,Low,,,,No production zone shows strong deviation from baseline.
743,Crack,0.6644928782433862,0.6741999009892116,0.541867232122178,0.6741999009892116,Milling,No clear abnormal zone,No clear abnormal zone,Low,,,,No production zone shows strong deviation from baseline.
744,Crack,1.2819335301313348,0.6241102379499093,0.8764712908620733,1.2819335301313348,Drilling,Drilling,Drilling,Medium,0.5193031804638619,0.13449370602736113,0.3462031135087769,Drilling stress = 1.28; Assembly stress = 0.88
745,Crack,0.6551521922129303,0.6213634160214059,0.546896801770148,0.6551521922129303,Drilling,No clear abnormal zone,No clear abnormal zone,Low,,,,No production zone shows strong deviation from baseline.
746,Crack,1.2711959459978257,0.8356862755285244,0.9157095712580589,1.2711959459978257,Drilling,Drilling,Drilling,Medium,0.49399794404773056,0.15979224524935523,0.3462098107029143,Drilling stress = 1.27; Assembly stress = 0.92
747,Crack,1.0118620309624224,0.5856667319659783,0.8691362953333845,1.0118620309624224,Drilling,Drilling,Drilling,Low,0.45589527298700805,0.148847253983536,0.395257473029456,Drilling stress = 1.01; Assembly stress = 0.87
748,Crack,0.8563346031560024,0.8167600272713955,0.8636127447527424,0.8636127447527424,Assembly,No clear abnormal zone,No clear abnormal zone,Low,,,,No production zone shows strong deviation from baseline.
749,Crack,1.12930346660251,1.0406930743813565,1.334314700532981,1.334314700532981,Assembly,Assembly,Assembly,Low,0.37242007501937413,0.17041981252280658,0.4571601124578193,Assembly stress = 1.33; Drilling stress = 1.13
750,Crack,1.4428192218677252,0.6111752311072612,0.9148533474362814,1.4428192218677252,Drilling,Drilling,Drilling,High,0.5532595310291484,0.12042606965476808,0.3263143993160836,Drilling stress = 1.44; Assembly stress = 0.91
751,Crack,1.0709413941802866,0.5884857845368382,0.8893476741238504,1.0709413941802866,Drilling,Drilling,Drilling,Low,0.46672856196230156,0.14404778152935407,0.3892236565083444,Drilling stress = 1.07; Assembly stress = 0.89
752,Crack,1.3887763344445587,1.2733992675032917,0.918824570903751,1.3887763344445587,Drilling,Drilling,Drilling,Medium,0.48296405436958234,0.21516775544896316,0.3018681901814546,Drilling stress = 1.39; Assembly stress = 0.92
753,Crack,0.2325393037212562,0.4317488405634003,0.6438963550463339,0.6438963550463339,Assembly,No clear abnormal zone,No clear abnormal zone,Low,,,,No production zone shows strong deviation from baseline.
754,Crack,1.442183048401467,1.346678900157476,1.6684622038506898,1.6684622038506898,Assembly,Assembly,Assembly,Low,0.3692240047432531,0.16779654267477886,0.46297945258196793,Assembly stress = 1.67; Drilling stress = 1.44
755,Crack,1.2206180453100228,1.1216654420240988,1.4852350545136417,1.4852350545136417,Assembly,Assembly,Assembly,Medium,0.36286778480468934,0.16434021403330049,0.4727920011620102,Assembly stress = 1.49; Drilling stress = 1.22
756,Crack,0.2773220185730831,0.3452246182449976,0.6732239029842308,0.6732239029842308,Assembly,No clear abnormal zone,No clear abnormal zone,Low,,,,No production zone shows strong deviation from baseline.
757,Crack,1.135235386878382,1.053012791261596,1.3444828496809236,1.3444828496809236,Assembly,Assembly,Assembly,Low,0.3712940019109169,0.17099330959855003,0.45771268849053315,Assembly stress = 1.34; Drilling stress = 1.14
758,Crack,0.5847960220298344,0.5233555939893335,0.3819536744188495,0.5847960220298344,Drilling,No clear abnormal zone,No clear abnormal zone,Low,,,,No production zone shows strong deviation from baseline.
759,Crack,0.2802412964889874,0.2893339946608433,0.6888761248222925,0.6888761248222925,Assembly,No clear abnormal zone,No clear abnormal zone,Low,,,,No production zone shows strong deviation from baseline.
760,Crack,0.351118462607539,0.8078562482364025,0.4572679214701849,0.8078562482364025,Milling,No clear abnormal zone,No clear abnormal zone,Low,,,,No production zone shows strong deviation from baseline.
761,Crack,1.1362701080962347,1.0425789220795438,1.329923373449729,1.329923373449729,Assembly,Assembly,Assembly,Low,0.374678150036074,0.17058420133661759,0.4547376486273084,Assembly stress = 1.33; Drilling stress = 1.14
762,Crack,1.4420067162353738,0.7038623682372214,0.9167710007320008,1.4420067162353738,Drilling,Drilling,Drilling,High,0.5463238989134174,0.13057143775775903,0.32310466332882354,Drilling stress = 1.44; Assembly stress = 0.92
763,Crack,0.605446122345961,0.6177540082841187,0.8925223276972104,0.8925223276972104,Assembly,No clear abnormal zone,No clear abnormal zone,Low,,,,No production zone shows strong deviation from baseline.
764,Crack,0.424144578026673,0.5147580818221018,0.3425490540697492,0.5147580818221018,Milling,No clear abnormal zone,No clear abnormal zone,Low,,,,No production zone shows strong deviation from baseline.
765,Crack,0.2586357011803503,0.225663527343508,0.5783900531446181,0.5783900531446181,Assembly,No clear abnormal zone,No clear abnormal zone,Low,,,,No production zone shows strong deviation from baseline.
766,Crack,1.0805175240650595,0.9946143020359672,1.2561841609014253,1.2561841609014253,Assembly,Assembly,Assembly,Low,0.3772329176723201,0.17309012504176643,0.4496769572859135,Assembly stress = 1.26; Drilling stress = 1.08
767,Crack,0.527408378043436,0.5192212455912999,0.8672449665231133,0.8672449665231133,Assembly,No clear abnormal zone,No clear abnormal zone,Low,,,,No production zone shows strong deviation from baseline.
768,Crack,0.6428157039385523,0.5346555827301152,0.4590534971679546,0.6428157039385523,Drilling,No clear abnormal zone,No clear abnormal zone,Low,,,,No production zone shows strong deviation from baseline.
769,Crack,1.1326139007725788,0.6884774222193637,0.914093591757542,1.1326139007725788,Drilling,Drilling,Drilling,Low,0.4707220096064847,0.15095534241977826,0.378322647973737,Drilling stress = 1.13; Assembly stress = 0.91
770,Crack,0.5511238173178448,0.2783504659096334,0.3803565026655793,0.5511238173178448,Drilling,No clear abnormal zone,No clear abnormal zone,Low,,,,No production zone shows strong deviation from baseline.
771,Crack,0.2702804787429633,0.0828331765873578,0.4853456823568227,0.4853456823568227,Assembly,No clear abnormal zone,No clear abnormal zone,Low,,,,No production zone shows strong deviation from baseline.
772,Crack,0.5733164012918577,0.5983567792672577,0.4099366609551801,0.5983567792672577,Milling,No clear abnormal zone,No clear abnormal zone,Low,,,,No production zone shows strong deviation from baseline.
773,Crack,0.6472080058799232,0.6774627855829765,0.5230840881088057,0.6774627855829765,Milling,No clear abnormal zone,No clear abnormal zone,Low,,,,No production zone shows strong deviation from baseline.
774,Crack,0.2942807411779748,1.9711031782534665,0.3192437100732637,1.9711031782534665,Milling,Milling,Milling,High,0.21278660354602028,0.5690481534427535,0.21816524301122622,Milling stress = 1.97; Assembly stress = 0.32
775,Crack,0.8957183257688572,0.5738120913786826,0.9181032279246932,0.9181032279246932,Assembly,No clear abnormal zone,No clear abnormal zone,Low,,,,No production zone shows strong deviation from baseline.
776,Crack,0.2975491769689759,0.0932998300023018,0.5782849758970509,0.5782849758970509,Assembly,No clear abnormal zone,No clear abnormal zone,Low,,,,No production zone shows strong deviation from baseline.
777,Crack,0.7443709161193972,0.6215760429486665,0.6675054305869628,0.7443709161193972,Drilling,No clear abnormal zone,No clear abnormal zone,Low,,,,No production zone shows strong deviation from baseline.
778,Crack,0.8408145732494627,0.7927425499133143,0.8989262409269042,0.8989262409269042,Assembly,No clear abnormal zone,No clear abnormal zone,Low,,,,No production zone shows strong deviation from baseline.
779,Crack,1.3255470274684438,0.8548456148124208,0.9189944617380676,1.3255470274684438,Drilling,Drilling,Drilling,Medium,0.5055038992312497,0.1578597781353944,0.33663632263335586,Drilling stress = 1.33; Assembly stress = 0.92
780,Crack,0.7713320511329191,0.5868966794611493,0.6914303297142533,0.7713320511329191,Drilling,No clear abnormal zone,No clear abnormal zone,Low,,,,No production zone shows strong deviation from baseline.
781,Crack,1.3266149252420356,1.2281887725673175,1.6594603879211882,1.6594603879211882,Assembly,Assembly,Assembly,Medium,0.35111582603123465,0.15910157337093106,0.48978260059783424,Assembly stress = 1.66; Drilling stress = 1.33
782,Crack,0.9711435562378252,0.5734966976863288,0.8868009149017166,0.9711435562378252,Drilling,No clear abnormal zone,No clear abnormal zone,Low,,,,No production zone shows strong deviation from baseline.
783,Crack,1.443942672966859,1.3487726024814113,1.6684622038506898,1.6684622038506898,Assembly,Assembly,Assembly,Low,0.3695040471397762,0.167979918966868,0.46251603389335577,Assembly stress = 1.67; Drilling stress = 1.44
784,Crack,1.141278829388425,1.1096727310095915,0.9063782213838724,1.141278829388425,Drilling,Drilling,Drilling,Low,0.43954237355413583,0.21293369935725825,0.34752392708860586,Drilling stress = 1.14; Assembly stress = 0.91
785,Crack,0.8548363794831182,2.0764532616916926,0.8683537085641269,2.0764532616916926,Milling,Milling,Milling,Medium,0.26954588211821384,0.4572399585724826,0.2732141593093035,Milling stress = 2.08; Assembly stress = 0.87
786,Crack,0.4737782464261097,0.5883897408288632,0.8214570387428779,0.8214570387428779,Assembly,No clear abnormal zone,No clear abnormal zone,Low,,,,No production zone shows strong deviation from baseline.
787,Crack,1.3270993890956748,1.2338744626424512,1.6633404350939307,1.6633404350939307,Assembly,Assembly,Assembly,Medium,0.350241761465596,0.1595331210349299,0.4902251174994741,Assembly stress = 1.66; Drilling stress = 1.33
788,Crack,0.2535405305225264,0.2900750498342356,0.4044597932223847,0.4044597932223847,Assembly,No clear abnormal zone,No clear abnormal zone,Low,,,,No production zone shows strong deviation from baseline.
789,Crack,1.3262892488721978,1.234233877932806,1.666682598319425,1.666682598319425,Assembly,Assembly,Assembly,Medium,0.34946368496252933,0.15936498888321612,0.4911713261542547,Assembly stress = 1.67; Drilling stress = 1.33
790,Crack,1.3187306405871582,1.2237155678090443,1.6488086799353827,1.6488086799353827,Assembly,Assembly,Assembly,Medium,0.35140043478400207,0.15977461401101536,0.4888249512049824,Assembly stress = 1.65; Drilling stress = 1.32
791,Crack,1.0129956395500923,0.9383333318101408,1.1073836670858606,1.1073836670858606,Assembly,Assembly,Assembly,Low,0.39016556243560885,0.18104790772497953,0.4287865298394116,Assembly stress = 1.11; Drilling stress = 1.01
792,Crack,0.8824068193166201,0.7430969061467205,0.904175631929826,0.904175631929826,Assembly,No clear abnormal zone,No clear abnormal zone,Low,,,,No production zone shows strong deviation from baseline.
793,Crack,1.1737509351751647,0.7115748908244166,0.8951626630786189,1.1737509351751647,Drilling,Drilling,Drilling,Medium,0.4826704010578049,0.15201980316421312,0.36530979577798195,Drilling stress = 1.17; Assembly stress = 0.90
794,Crack,0.2638116148976783,0.3377443691415782,0.3496589807038212,0.3496589807038212,Assembly,No clear abnormal zone,No clear abnormal zone,Low,,,,No production zone shows strong deviation from baseline.
795,Crack,1.3385531515751918,1.2443862773091583,1.668343008148764,1.668343008148764,Assembly,Assembly,Assembly,Medium,0.3514022875715786,0.15991103523090883,0.48868667719751274,Assembly stress = 1.67; Drilling stress = 1.34
796,Crack,0.8287058705742116,0.7925709452000353,0.7918712938416603,0.8287058705742116,Drilling,No clear abnormal zone,No clear abnormal zone,Low,,,,No production zone shows strong deviation from baseline.
797,Crack,0.2669930465040276,0.3802454622109459,0.6120261468578774,0.6120261468578774,Assembly,No clear abnormal zone,No clear abnormal zone,Low,,,,No production zone shows strong deviation from baseline.
798,Crack,1.471105432706065,1.4874286709400724,0.9195647161867644,1.4874286709400724,Milling,Milling,Drilling,High,0.47977964516687444,0.2438377350057857,0.27638261982733986,Drilling stress = 1.47; Assembly stress = 0.92
799,Crack,1.391237099394417,0.5592950606228888,0.8945398267363633,1.391237099394417,Drilling,Drilling,Drilling,High,0.5476034953479698,0.11915941960269118,0.33323708504933897,Drilling stress = 1.39; Assembly stress = 0.89
800,Crack,1.212081281870348,1.1144966225881632,1.4681228972221712,1.4681228972221712,Assembly,Assembly,Assembly,Medium,0.3642563596323282,0.16519491249981708,0.4705487278678547,Assembly stress = 1.47; Drilling stress = 1.21
801,Crack,1.2473145000522463,1.1561541538317153,1.5291364824000255,1.5291364824000255,Assembly,Assembly,Assembly,Medium,0.35945642255801663,0.16406873013590417,0.4764748473060792,Assembly stress = 1.53; Drilling stress = 1.25
802,Crack,1.114262615757985,1.0230384221069315,1.2997984873238908,1.2997984873238908,Assembly,Assembly,Assembly,Low,0.37590170775397336,0.1715639904989446,0.45253430174708204,Assembly stress = 1.30; Drilling stress = 1.11
803,Crack,1.475658829736598,0.5746914589946613,0.9176611518215592,1.475658829736598,Drilling,Drilling,Drilling,High,0.563239954859722,0.11438742980747962,0.3223726153327983,Drilling stress = 1.48; Assembly stress = 0.92
804,Crack,0.2004160635475166,0.8148580753412553,0.5215855561848772,0.8148580753412553,Milling,No clear abnormal zone,No clear abnormal zone,Low,,,,No production zone shows strong deviation from baseline.
805,Crack,0.3605960687194012,0.9208687536888738,0.8252499712439723,0.9208687536888738,Milling,No clear abnormal zone,No clear abnormal zone,Low,,,,No production zone shows strong deviation from baseline.
806,Crack,1.0100262576364432,0.9310151168619492,1.1125442779502466,1.1125442779502466,Assembly,Assembly,Assembly,Low,0.38910928520412286,0.1797742544148649,0.43111646038101226,Assembly stress = 1.11; Drilling stress = 1.01
807,Crack,0.3920871770013957,0.1766184258531229,0.4773454545423349,0.4773454545423349,Assembly,No clear abnormal zone,No clear abnormal zone,Low,,,,No production zone shows strong deviation from baseline.
808,Crack,0.3341791285535592,0.7290353067606912,0.7927970639654214,0.7927970639654214,Assembly,No clear abnormal zone,No clear abnormal zone,Low,,,,No production zone shows strong deviation from baseline.
809,Crack,0.6628618508490611,0.6827782346059972,0.5601021598637886,0.6827782346059972,Milling,No clear abnormal zone,No clear abnormal zone,Low,,,,No production zone shows strong deviation from baseline.
810,Crack,1.1565329316517945,0.6436131079744408,0.8731922971762502,1.1565329316517945,Drilling,Drilling,Drilling,Medium,0.4871785436862447,0.14584780859425223,0.36697364771950314,Drilling stress = 1.16; Assembly stress = 0.87
811,Crack,0.2685064920736267,0.8649453598466652,0.7644123973118984,0.8649453598466652,Milling,No clear abnormal zone,No clear abnormal zone,Low,,,,No production zone shows strong deviation from baseline.
812,Crack,1.213524539936094,0.5856316580657175,0.9157146373741044,1.213524539936094,Drilling,Drilling,Drilling,Medium,0.49768574343795796,0.13281122753147195,0.36950302903057,Drilling stress = 1.21; Assembly stress = 0.92
813,Crack,1.3613260117329236,0.5592799045564281,0.9064443730905256,1.3613260117329236,Drilling,Drilling,Drilling,Medium,0.5380022369917788,0.12062293380008555,0.34137482920813556,Drilling stress = 1.36; Assembly stress = 0.91
814,Crack,0.5831831440893811,0.5647858199234193,0.3988069221785015,0.5831831440893811,Drilling,No clear abnormal zone,No clear abnormal zone,Low,,,,No production zone shows strong deviation from baseline.
815,Crack,1.033896749011606,1.0932430278517082,0.8701038806501196,1.0932430278517082,Milling,Milling,Drilling,Low,0.42025827167474594,0.22297698349869177,0.35676474482656234,Drilling stress = 1.03; Assembly stress = 0.87
816,Crack,0.2176980909029473,0.3874887490403809,0.396541837558527,0.396541837558527,Assembly,No clear abnormal zone,No clear abnormal zone,Low,,,,No production zone shows strong deviation from baseline.
817,Crack,0.4389880032020963,0.544214979564749,0.3741299171523004,0.544214979564749,Milling,No clear abnormal zone,No clear abnormal zone,Low,,,,No production zone shows strong deviation from baseline.
818,Crack,0.3281350328414577,0.6984504142065244,0.8041992802008533,0.8041992802008533,Assembly,No clear abnormal zone,No clear abnormal zone,Low,,,,No production zone shows strong deviation from baseline.
819,Crack,0.3596686636402447,0.5353101909145338,0.7238567593198312,0.7238567593198312,Assembly,No clear abnormal zone,No clear abnormal zone,Low,,,,No production zone shows strong deviation from baseline.
820,Crack,0.9410133385090372,0.8701721706314366,0.990399458374436,0.990399458374436,Assembly,No clear abnormal zone,No clear abnormal zone,Low,,,,No production zone shows strong deviation from baseline.
821,Crack,0.2868680786795804,1.3679382904798525,0.755561035411677,1.3679382904798525,Milling,Milling,Assembly,Low,0.2455903858146321,0.361979681226247,0.3924299329591208,Assembly stress = 0.76; Milling stress = 1.37
822,Crack,0.8216476597857956,1.2372227003236718,0.7907727110988522,1.2372227003236718,Milling,Milling,Drilling,Low,0.36667406187604695,0.2777999356408337,0.3555260024831193,Drilling stress = 0.82; Assembly stress = 0.79
823,Crack,0.508409043676167,0.552903600655042,0.3317478379122986,0.552903600655042,Milling,No clear abnormal zone,No clear abnormal zone,Low,,,,No production zone shows strong deviation from baseline.
824,Crack,1.0179534094722145,0.938463240951233,1.138309727804738,1.138309727804738,Assembly,Assembly,Assembly,Low,0.38614627324312806,0.17831985836940054,0.43553386838747143,Assembly stress = 1.14; Drilling stress = 1.02
825,Crack,0.2874648292975004,0.3845590170442395,0.6262855292048534,0.6262855292048534,Assembly,No clear abnormal zone,No clear abnormal zone,Low,,,,No production zone shows strong deviation from baseline.
826,Crack,0.7316026829594945,0.7133956540090676,0.6449361774408225,0.7316026829594945,Drilling,No clear abnormal zone,No clear abnormal zone,Low,,,,No production zone shows strong deviation from baseline.
827,Crack,1.030801855536774,0.8796691209536806,0.90173149006206,1.030801855536774,Drilling,Drilling,Drilling,Low,0.4331293904109361,0.18618793956447305,0.38068267002459083,Drilling stress = 1.03; Assembly stress = 0.90
828,Crack,1.137964324006551,1.0448609926580628,1.3467364128466306,1.3467364128466306,Assembly,Assembly,Assembly,Low,0.3720634218593563,0.16949337096460898,0.4584432071760347,Assembly stress = 1.35; Drilling stress = 1.14
829,Crack,1.4395274087489096,1.3446458220993835,1.6684622038506898,1.6684622038506898,Assembly,Assembly,Assembly,Low,0.36873151336122445,0.16767708319780913,0.4635914034409664,Assembly stress = 1.67; Drilling stress = 1.44
830,Crack,0.993079410443216,0.910298939162453,1.0789521219533849,1.0789521219533849,Assembly,Assembly,Assembly,Low,0.39216544058970054,0.18050457816307128,0.42732998124722826,Assembly stress = 1.08; Drilling stress = 0.99
831,Crack,1.4666405693018496,0.8962303712905794,0.920121293075118,1.4666405693018496,Drilling,Drilling,Drilling,High,0.537169939476095,0.15182933997057088,0.311000720553334,Drilling stress = 1.47; Assembly stress = 0.92
832,Crack,1.120461962152535,1.0754121764900253,0.9169797623910872,1.120461962152535,Drilling,Drilling,Drilling,Low,0.435946458526738,0.20837148411218476,0.3556820573610772,Drilling stress = 1.12; Assembly stress = 0.92
833,Crack,1.3692853528333098,0.974775107231387,0.9030291574622612,1.3692853528333098,Drilling,Drilling,Drilling,Medium,0.5090738418402616,0.17156044478629823,0.31936571337344016,Drilling stress = 1.37; Assembly stress = 0.90
834,Crack,1.30647501275935,0.8302019446220836,0.9115712565662036,1.30647501275935,Drilling,Drilling,Drilling,Medium,0.503958135329502,0.1565026513079663,0.33953921336253173,Drilling stress = 1.31; Assembly stress = 0.91
835,Crack,1.245030613716918,1.1460991863111825,1.5295367802097743,1.5295367802097743,Assembly,Assembly,Assembly,Medium,0.3594526073164266,0.1627969520050468,0.4777504406785266,Assembly stress = 1.53; Drilling stress = 1.25
836,Crack,0.2635758142391,0.1374585130754081,0.3590766939647702,0.3590766939647702,Assembly,No clear abnormal zone,No clear abnormal zone,Low,,,,No production zone shows strong deviation from baseline.
837,Crack,1.320104713122944,0.7573711828637757,0.9110340926060768,1.320104713122944,Drilling,Drilling,Drilling,Medium,0.5130593592825495,0.14613207524685154,0.34080856547059896,Drilling stress = 1.32; Assembly stress = 0.91
838,Crack,0.2569113364400619,0.2927629767672808,0.6593884803063909,0.6593884803063909,Assembly,No clear abnormal zone,No clear abnormal zone,Low,,,,No production zone shows strong deviation from baseline.
839,Crack,0.5289530502406998,0.5326809408548436,0.3756750111936223,0.5326809408548436,Milling,No clear abnormal zone,No clear abnormal zone,Low,,,,No production zone shows strong deviation from baseline.
840,Crack,0.2393126243199113,0.3929676337832596,0.3179246466486689,0.3929676337832596,Milling,No clear abnormal zone,No clear abnormal zone,Low,,,,No production zone shows strong deviation from baseline.
841,Crack,0.2726602310342411,0.166904425918896,0.5730383907497261,0.5730383907497261,Assembly,No clear abnormal zone,No clear abnormal zone,Low,,,,No production zone shows strong deviation from baseline.
842,Crack,0.3119513011067587,0.3351165278286439,0.7225910855084736,0.7225910855084736,Assembly,No clear abnormal zone,No clear abnormal zone,Low,,,,No production zone shows strong deviation from baseline.
843,Crack,0.5573962397920715,1.8419958907196603,0.4049110880721697,1.8419958907196603,Milling,Milling,Milling,High,0.272837732239951,0.49291152794377024,0.23425073981627859,Milling stress = 1.84; Drilling stress = 0.56
844,Crack,0.7913949525900357,0.7732751074431468,0.7679836044153106,0.7913949525900357,Drilling,No clear abnormal zone,No clear abnormal zone,Low,,,,No production zone shows strong deviation from baseline.
845,Crack,0.9970176024321752,0.9186174544970542,1.092927528639911,1.092927528639911,Assembly,Assembly,Assembly,Low,0.3901743017529443,0.180376482916565,0.4294492153304907,Assembly stress = 1.09; Drilling stress = 1.00
846,Crack,1.2411882288053484,1.146174966643486,1.5220740084266322,1.5220740084266322,Assembly,Assembly,Assembly,Medium,0.3598439007064821,0.1636139820784723,0.4765421172150457,Assembly stress = 1.52; Drilling stress = 1.24
847,Crack,1.332818979073422,1.23800340817683,1.6684408420683363,1.6684408420683363,Assembly,Assembly,Assembly,Medium,0.3504369562046326,0.15936833105315062,0.49019471274221693,Assembly stress = 1.67; Drilling stress = 1.33
848,Crack,0.4752547580769484,0.3996260793328533,0.344588349308937,0.4752547580769484,Drilling,No clear abnormal zone,No clear abnormal zone,Low,,,,No production zone shows strong deviation from baseline.
849,Crack,0.3496556310944245,0.5698816722835031,0.7821455372432442,0.7821455372432442,Assembly,No clear abnormal zone,No clear abnormal zone,Low,,,,No production zone shows strong deviation from baseline.
850,Crack,1.2307688556829266,1.1360766960759223,1.509003086889471,1.509003086889471,Assembly,Assembly,Assembly,Medium,0.3602796068151088,0.1638646980487231,0.4758556951361681,Assembly stress = 1.51; Drilling stress = 1.23
851,Crack,0.2226741672351263,0.4003356753179993,0.3167122891841887,0.4003356753179993,Milling,No clear abnormal zone,No clear abnormal zone,Low,,,,No production zone shows strong deviation from baseline.
852,Crack,0.5405508599983969,0.2430893116571247,0.4040130678471021,0.5405508599983969,Drilling,No clear abnormal zone,No clear abnormal zone,Low,,,,No production zone shows strong deviation from baseline.
853,Crack,1.041290165236583,1.159841822020759,0.8865541881156702,1.159841822020759,Milling,Milling,Drilling,Low,0.4132959222288416,0.2326577131806421,0.35404636459051636,Drilling stress = 1.04; Assembly stress = 0.89
854,Crack,0.7128216534516746,1.7357390169946263,0.8938153381005052,1.7357390169946263,Milling,Milling,Milling,Low,0.2786247887806474,0.3874691437579955,0.33390606746135704,Milling stress = 1.74; Assembly stress = 0.89
855,Crack,0.5883188721097904,0.4966290119800887,0.4313442086406299,0.5883188721097904,Drilling,No clear abnormal zone,No clear abnormal zone,Low,,,,No production zone shows strong deviation from baseline.
856,Crack,1.023126238749685,0.9408990373467112,1.139299181957385,1.139299181957385,Assembly,Assembly,Assembly,Low,0.3870386278774359,0.17824341564293786,0.4347179564796262,Assembly stress = 1.14; Drilling stress = 1.02
857,Crack,0.2512946903628922,0.4175110972964789,0.3921045541032215,0.4175110972964789,Milling,No clear abnormal zone,No clear abnormal zone,Low,,,,No production zone shows strong deviation from baseline.
858,Crack,0.957815388034908,0.8795927485129696,1.0181772055856495,1.0181772055856495,Assembly,Assembly,Assembly,Low,0.39610234263866223,0.1831495072473776,0.42074815011396005,Assembly stress = 1.02; Drilling stress = 0.96
859,Crack,1.1600288320033827,0.6771064532481669,0.918062844590204,1.1600288320033827,Drilling,Drilling,Drilling,Medium,0.477652608161981,0.14735050667950447,0.37499688515851454,Drilling stress = 1.16; Assembly stress = 0.92
860,Crack,1.0709968687677809,1.3413620192676996,0.8456265006002295,1.3413620192676996,Milling,Milling,Drilling,Low,0.4075906479166115,0.26706212967902515,0.32534722240436337,Drilling stress = 1.07; Assembly stress = 0.85
861,Crack,1.1164225556917278,0.6929235529668903,0.897599396977633,1.1164225556917278,Drilling,Drilling,Drilling,Low,0.4692985574790929,0.15363704434233072,0.37706439817857645,Drilling stress = 1.12; Assembly stress = 0.90
862,Crack,0.2212710492063522,0.2293274269353276,0.5682734026168168,0.5682734026168168,Assembly,No clear abnormal zone,No clear abnormal zone,Low,,,,No production zone shows strong deviation from baseline.
863,Crack,0.352687575149435,0.5824434671609756,0.7930634445513359,0.7930634445513359,Assembly,No clear abnormal zone,No clear abnormal zone,Low,,,,No production zone shows strong deviation from baseline.
864,Crack,1.4412173612550825,1.345096173788503,1.6684622038506898,1.6684622038506898,Assembly,Assembly,Assembly,Low,0.3690971076294293,0.16763540381725958,0.4632674885533111,Assembly stress = 1.67; Drilling stress = 1.44
865,Crack,0.5617965353401682,0.9347038372750612,0.3790273999147701,0.9347038372750612,Milling,No clear abnormal zone,No clear abnormal zone,Low,,,,No production zone shows strong deviation from baseline.
866,Crack,1.334412301307048,1.2377500853517005,1.6664755210307032,1.6664755210307032,Assembly,Assembly,Assembly,Medium,0.3511516738432437,0.15939873858820705,0.4894495875685491,Assembly stress = 1.67; Drilling stress = 1.33
867,Crack,0.8884432153289721,0.7670016406442547,0.9124207340638129,0.9124207340638129,Assembly,No clear abnormal zone,No clear abnormal zone,Low,,,,No production zone shows strong deviation from baseline.
868,Crack,1.2408218722398523,0.5709637411279299,0.8823700336778275,1.2408218722398523,Drilling,Drilling,Drilling,Medium,0.5116011004695223,0.13091390705069636,0.3574849924797813,Drilling stress = 1.24; Assembly stress = 0.88
869,Crack,1.36392502816474,0.9676134218846644,0.9208022599007653,1.36392502816474,Drilling,Drilling,Drilling,Medium,0.5054520869155947,0.1700333277762575,0.32451458530814775,Drilling stress = 1.36; Assembly stress = 0.92
870,Crack,0.8510589717495461,0.616723181106933,0.8747298130087175,0.8747298130087175,Assembly,No clear abnormal zone,No clear abnormal zone,Low,,,,No production zone shows strong deviation from baseline.
871,Crack,1.298774311155098,0.8489190687558057,0.9158163076360796,1.298774311155098,Drilling,Drilling,Drilling,Medium,0.4998246206519698,0.15937419345680062,0.3408011858912296,Drilling stress = 1.30; Assembly stress = 0.92
872,Crack,0.2203326124158311,0.1741444536563039,0.7584009175069786,0.7584009175069786,Assembly,No clear abnormal zone,No clear abnormal zone,Low,,,,No production zone shows strong deviation from baseline.
873,Crack,0.2669347385917057,1.8647435516806257,0.4461071121853159,1.8647435516806257,Milling,Milling,Milling,High,0.21425560062149526,0.5294460812263441,0.2562983181521607,Milling stress = 1.86; Assembly stress = 0.45
874,Crack,0.8917379360085154,0.5249485576917449,0.9271399780374504,0.9271399780374504,Assembly,No clear abnormal zone,No clear abnormal zone,Low,,,,No production zone shows strong deviation from baseline.
875,Crack,1.233144499446731,1.138583942499001,1.5095314689751111,1.5095314689751111,Assembly,Assembly,Assembly,Medium,0.36058850573069245,0.16402677838876437,0.4753847158805432,Assembly stress = 1.51; Drilling stress = 1.23
876,Crack,0.3459128154167729,0.3131373790611569,0.7585874669995698,0.7585874669995698,Assembly,No clear abnormal zone,No clear abnormal zone,Low,,,,No production zone shows strong deviation from baseline.
877,Crack,1.3910342563885012,0.6496380934881882,0.9167299692648636,1.3910342563885012,Drilling,Drilling,Drilling,High,0.5374777927091614,0.12804017729665493,0.33448202999418364,Drilling stress = 1.39; Assembly stress = 0.92
878,Crack,0.8350024250944359,1.3867555820507036,0.8326025049602275,1.3867555820507036,Milling,Milling,Drilling,Low,0.34894877579034306,0.3029388935099666,0.3481123306996904,Drilling stress = 0.84; Assembly stress = 0.83
879,Crack,0.4272294173475092,0.2863418470845952,0.3557191178019653,0.4272294173475092,Drilling,No clear abnormal zone,No clear abnormal zone,Low,,,,No production zone shows strong deviation from baseline.
880,Crack,0.2816496280057477,0.2848426235957427,0.3026578612422038,0.3026578612422038,Assembly,No clear abnormal zone,No clear abnormal zone,Low,,,,No production zone shows strong deviation from baseline.
881,Crack,1.094008270244608,1.0011270803093877,1.268629348728704,1.268629348728704,Assembly,Assembly,Assembly,Low,0.3778652868906051,0.17217465156748807,0.4499600615419068,Assembly stress = 1.27; Drilling stress = 1.09
882,Crack,1.4339134791149684,0.5715819844566006,0.906926503432434,1.4339134791149684,Drilling,Drilling,Drilling,High,0.555102394345298,0.11717562946792577,0.32772197618677623,Drilling stress = 1.43; Assembly stress = 0.91
883,Crack,1.437053240506411,1.3408697963983047,1.6684622038506898,1.6684622038506898,Assembly,Assembly,Assembly,Low,0.36838881097308535,0.16730329572662875,0.464307893300286,Assembly stress = 1.67; Drilling stress = 1.44
884,Crack,0.2774594733361499,0.3130557986212202,0.5644756784293951,0.5644756784293951,Assembly,No clear abnormal zone,No clear abnormal zone,Low,,,,No production zone shows strong deviation from baseline.
885,Crack,1.4947955902625134,0.7506463146811073,0.9061523540590632,1.4947955902625134,Drilling,Drilling,Drilling,High,0.5578336688353968,0.13252408165869575,0.30964224950590763,Drilling stress = 1.49; Assembly stress = 0.91
886,Crack,0.5828377207700495,0.6157472829547946,0.3861330121864038,0.6157472829547946,Milling,No clear abnormal zone,No clear abnormal zone,Low,,,,No production zone shows strong deviation from baseline.
887,Crack,1.1163325068297312,0.834438529828733,0.9105476493001892,1.1163325068297312,Drilling,Drilling,Drilling,Low,0.45637405936593634,0.17213372080751035,0.3714922198265532,Drilling stress = 1.12; Assembly stress = 0.91
888,Crack,0.2259773614795653,0.3725693413078899,0.6287662124699687,0.6287662124699687,Assembly,No clear abnormal zone,No clear abnormal zone,Low,,,,No production zone shows strong deviation from baseline.
889,Crack,1.4386281531008502,1.342077951410462,1.6684622038506898,1.6684622038506898,Assembly,Assembly,Assembly,Low,0.36868081256573093,0.167374510738121,0.463944676696148,Assembly stress = 1.67; Drilling stress = 1.44
890,Crack,1.2666936023811153,0.6895946408327565,0.91279931641428,1.2666936023811153,Drilling,Drilling,Drilling,Medium,0.5043597677636656,0.14160531222074282,0.35403492001559167,Drilling stress = 1.27; Assembly stress = 0.91
891,Crack,0.8675481620430131,0.4462898047134872,0.8457894334286146,0.8675481620430131,Drilling,No clear abnormal zone,No clear abnormal zone,Low,,,,No production zone shows strong deviation from baseline.
892,Crack,1.1339075778197896,1.0403444848527588,1.3263332321824537,1.3263332321824537,Assembly,Assembly,Assembly,Low,0.3748791026197687,0.17069755519224147,0.4544233421879898,Assembly stress = 1.33; Drilling stress = 1.13
893,Crack,0.3000452893210038,1.5686581164134537,0.7953892361352394,1.5686581164134537,Milling,Milling,Milling,Low,0.22629447607796596,0.40234212711405615,0.371363396807978,Milling stress = 1.57; Assembly stress = 0.80
894,Crack,1.3911529496036568,0.6076453723926134,0.9181289591089286,1.3911529496036568,Drilling,Drilling,Drilling,High,0.5400980720912977,0.12335865174007739,0.3365432761686249,Drilling stress = 1.39; Assembly stress = 0.92
895,Crack,1.3676358774148236,1.0015471119487418,0.9094171960020864,1.3676358774148236,Drilling,Drilling,Drilling,Medium,0.5052725730158386,0.17518842100842733,0.3195390059757341,Drilling stress = 1.37; Assembly stress = 0.91
896,Crack,0.4993690828045694,1.3044227393674344,0.3665149523268783,1.3044227393674344,Milling,Milling,Milling,Low,0.3340012174381365,0.37354971967904355,0.29244906288282,Milling stress = 1.30; Drilling stress = 0.50
897,Crack,0.8294233987636281,0.7809852149669664,0.7965262870976835,0.8294233987636281,Drilling,No clear abnormal zone,No clear abnormal zone,Low,,,,No production zone shows strong deviation from baseline.
898,Crack,0.7331101392125453,1.3738073375333242,0.8788659222733435,1.3738073375333242,Milling,Milling,Assembly,Low,0.3219766380251857,0.3055242055236876,0.3724991564511267,Assembly stress = 0.88; Drilling stress = 0.73
899,Crack,0.3715377414570059,0.4795353393268665,0.8281464627365593,0.8281464627365593,Assembly,No clear abnormal zone,No clear abnormal zone,Low,,,,No production zone shows strong deviation from baseline.
900,Crack,1.1444945505329431,1.056483530481108,1.3556378170369414,1.3556378170369414,Assembly,Assembly,Assembly,Low,0.3713379558022036,0.170026512271734,0.4586355319260625,Assembly stress = 1.36; Drilling stress = 1.14
901,Crack,1.129889668056621,1.0443153742654756,1.324211916273894,1.324211916273894,Assembly,Assembly,Assembly,Low,0.37404430888905565,0.17168352121506972,0.45427216989587466,Assembly stress = 1.32; Drilling stress = 1.13
902,Crack,1.4283181655008113,0.7655122507267532,0.9192629855082745,1.4283181655008113,Drilling,Drilling,Drilling,High,0.5379916899331202,0.13864129948992487,0.323367010576955,Drilling stress = 1.43; Assembly stress = 0.92
903,Crack,0.573224737506441,1.152655375317838,0.8581222530630193,1.152655375317838,Milling,Milling,Assembly,Medium,0.31035306826151304,0.2769934989778541,0.41265343276063304,Assembly stress = 0.86; Drilling stress = 0.57
904,Crack,0.3122477619404574,0.2307752376495912,0.360335104284494,0.360335104284494,Assembly,No clear abnormal zone,No clear abnormal zone,Low,,,,No production zone shows strong deviation from baseline.
905,Crack,0.9342212524662492,0.8625449310053825,0.8893467088759552,0.9342212524662492,Drilling,No clear abnormal zone,No clear abnormal zone,Low,,,,No production zone shows strong deviation from baseline.
906,Crack,0.5036762549561165,0.6422033131452591,0.8413741498603433,0.8413741498603433,Assembly,No clear abnormal zone,No clear abnormal zone,Low,,,,No production zone shows strong deviation from baseline.
907,Crack,0.5087802186943194,0.631183977056972,0.8762827507609776,0.8762827507609776,Assembly,No clear abnormal zone,No clear abnormal zone,Low,,,,No production zone shows strong deviation from baseline.
908,Crack,1.2520236614625035,1.1543873895128622,1.535875696933937,1.535875696933937,Assembly,Assembly,Assembly,Medium,0.35948906857957513,0.1630244707598991,0.47748646066052575,Assembly stress = 1.54; Drilling stress = 1.25
909,Crack,0.5806580276757483,0.7508965684358186,0.8304295751586156,0.8304295751586156,Assembly,No clear abnormal zone,No clear abnormal zone,Low,,,,No production zone shows strong deviation from baseline.
910,Crack,0.4776970848212203,0.2469100433613065,0.2765853415744634,0.4776970848212203,Drilling,No clear abnormal zone,No clear abnormal zone,Low,,,,No production zone shows strong deviation from baseline.
911,Crack,1.016238397462436,0.5334796333742704,0.8849101098604009,1.016238397462436,Drilling,Drilling,Drilling,Low,0.45756765240614833,0.1411776184941461,0.4012547290997056,Drilling stress = 1.02; Assembly stress = 0.88
912,Crack,0.2979626023496037,0.2849807029569411,0.6990698106092683,0.6990698106092683,Assembly,No clear abnormal zone,No clear abnormal zone,Low,,,,No production zone shows strong deviation from baseline.
913,Crack,0.6136358340708756,0.7481377222488603,0.9032893181506872,0.9032893181506872,Assembly,No clear abnormal zone,No clear abnormal zone,Low,,,,No production zone shows strong deviation from baseline.
914,Crack,0.3326206939914118,0.5157590136038603,0.7841858629000604,0.7841858629000604,Assembly,No clear abnormal zone,No clear abnormal zone,Low,,,,No production zone shows strong deviation from baseline.
915,Crack,1.3193139415480617,1.221836215567911,1.6476093236303608,1.6476093236303608,Assembly,Assembly,Assembly,Medium,0.35184503196299644,0.15958328070078004,0.4885716873362234,Assembly stress = 1.65; Drilling stress = 1.32
916,Crack,1.1086249634956966,0.7949446638883242,0.8884590921954689,1.1086249634956966,Drilling,Drilling,Drilling,Low,0.4613052538786775,0.16855000976575302,0.3701447363555695,Drilling stress = 1.11; Assembly stress = 0.89
917,Crack,1.3874712831425735,0.6611729640627021,0.8922118974700206,1.3874712831425735,Drilling,Drilling,Drilling,High,0.540172377030448,0.13063965472423075,0.3291879682453212,Drilling stress = 1.39; Assembly stress = 0.89
918,Crack,0.9471324466974004,0.5918945267357303,0.9067917027042796,0.9471324466974004,Drilling,No clear abnormal zone,No clear abnormal zone,Low,,,,No production zone shows strong deviation from baseline.
919,Crack,1.2110632017420366,1.1134963222017535,1.4640731589000553,1.4640731589000553,Assembly,Assembly,Assembly,Medium,0.36477486724256075,0.16543300365499608,0.4697921291024431,Assembly stress = 1.46; Drilling stress = 1.21
920,Crack,1.1123605101663434,1.0237615829923443,1.2991671881069378,1.2991671881069378,Assembly,Assembly,Assembly,Low,0.3755162621050071,0.17183860107026142,0.4526451368247315,Assembly stress = 1.30; Drilling stress = 1.11
921,Crack,1.0082368295162345,0.9326303205161952,1.1223360723796856,1.1223360723796856,Assembly,Assembly,Assembly,Low,0.38692894541624445,0.17937657788327388,0.43369447670048167,Assembly stress = 1.12; Drilling stress = 1.01
922,Crack,0.7953597156204685,0.7742797381342594,0.7637621222761016,0.7953597156204685,Drilling,No clear abnormal zone,No clear abnormal zone,Low,,,,No production zone shows strong deviation from baseline.
923,Crack,0.9764206975780216,1.2387948525151091,0.9148241407861946,1.2387948525151091,Milling,Milling,Drilling,Low,0.386060351866044,0.2509417106320144,0.3629979375019416,Drilling stress = 0.98; Assembly stress = 0.91
924,Crack,1.2518810685294262,1.1556301869626435,1.5287252535395932,1.5287252535395932,Assembly,Assembly,Assembly,Medium,0.360610005788628,0.16375951764821423,0.47563047656315777,Assembly stress = 1.53; Drilling stress = 1.25
925,Crack,1.312058325706602,1.216245792196245,1.63491857609419,1.63491857609419,Assembly,Assembly,Assembly,Medium,0.3526852304264778,0.1602309555400676,0.48708381403345463,Assembly stress = 1.63; Drilling stress = 1.31
926,Crack,0.5510663193293364,0.7634668999197823,0.8752418833453566,0.8752418833453566,Assembly,No clear abnormal zone,No clear abnormal zone,Low,,,,No production zone shows strong deviation from baseline.
927,Crack,0.852919969889157,0.7246318873202128,0.904389396968687,0.904389396968687,Assembly,No clear abnormal zone,No clear abnormal zone,Low,,,,No production zone shows strong deviation from baseline.
928,Crack,1.2821638860827147,0.6855417537792396,0.9162816529385152,1.2821638860827147,Drilling,Drilling,Drilling,Medium,0.5078929692210747,0.13984035101279338,0.3522666797661318,Drilling stress = 1.28; Assembly stress = 0.92
929,Crack,1.1114719621095883,1.0221095717481228,1.2906943823888175,1.2906943823888175,Assembly,Assembly,Assembly,Low,0.376854523121416,0.17231938797783075,0.4508260889007533,Assembly stress = 1.29; Drilling stress = 1.11
930,Crack,0.6127854688700465,0.5700134776400352,0.8798089325891766,0.8798089325891766,Assembly,No clear abnormal zone,No clear abnormal zone,Low,,,,No production zone shows strong deviation from baseline.
931,Crack,0.7873591635721897,0.7188814952029187,0.8979191697858964,0.8979191697858964,Assembly,No clear abnormal zone,No clear abnormal zone,Low,,,,No production zone shows strong deviation from baseline.
932,Crack,1.427987771405704,1.3343137150778537,1.6684622038506898,1.6684622038506898,Assembly,Assembly,Assembly,Low,0.36668422007117607,0.1669475689947092,0.46636821093411474,Assembly stress = 1.67; Drilling stress = 1.43
933,Crack,0.9007139961328995,0.9390767859468276,0.8939418568608796,0.9390767859468276,Milling,No clear abnormal zone,No clear abnormal zone,Low,,,,No production zone shows strong deviation from baseline.
934,Crack,0.3743470604333981,1.4660152814188463,0.7466292956389797,1.4660152814188463,Milling,Milling,Milling,Low,0.2537644407623447,0.3780125811648038,0.3682229780728515,Milling stress = 1.47; Assembly stress = 0.75
935,Crack,1.191592494866862,1.2908981878110586,0.913671955906212,1.2908981878110586,Milling,Milling,Drilling,Medium,0.4329831068613202,0.23909410649298093,0.32792278664569896,Drilling stress = 1.19; Assembly stress = 0.91
936,Crack,0.2622414786768844,0.4114335146457174,0.3514898099105562,0.4114335146457174,Milling,No clear abnormal zone,No clear abnormal zone,Low,,,,No production zone shows strong deviation from baseline.
937,Crack,1.478976256917806,0.8467149436619419,0.9168701672472648,1.478976256917806,Drilling,Drilling,Drilling,High,0.5447508121842753,0.1447372414990134,0.31051194631671114,Drilling stress = 1.48; Assembly stress = 0.92
938,Crack,1.221343684322996,1.127383609384505,1.4829160617576185,1.4829160617576185,Assembly,Assembly,Assembly,Medium,0.3630909999792285,0.16526433726004278,0.47164466276072864,Assembly stress = 1.48; Drilling stress = 1.22
939,Crack,1.5024445952183534,0.7989177760076984,0.9191457858979558,1.5024445952183534,Drilling,Drilling,Drilling,High,0.553871502270762,0.13703806236371105,0.309090435365527,Drilling stress = 1.50; Assembly stress = 0.92
940,Crack,1.3401853579230152,0.9959214026410084,0.9170671443904742,1.3401853579230152,Drilling,Drilling,Drilling,Medium,0.497667900316423,0.17635902850666416,0.3259730711769128,Drilling stress = 1.34; Assembly stress = 0.92
941,Crack,1.350627481465892,1.2556991983459338,1.6684011710799749,1.6684011710799749,Assembly,Assembly,Assembly,Medium,0.353508744588017,0.16074717008523035,0.4857440853267525,Assembly stress = 1.67; Drilling stress = 1.35
942,Crack,1.334366346900263,1.239315490501861,1.6682662127875645,1.6682662127875645,Assembly,Assembly,Assembly,Medium,0.3507459213281091,0.15947131352256919,0.4897827651493217,Assembly stress = 1.67; Drilling stress = 1.33
943,Crack,1.128622039542638,0.887792657707133,0.9086359854846552,1.128622039542638,Drilling,Drilling,Drilling,Low,0.45547340951535215,0.17899551973694341,0.36553107074770447,Drilling stress = 1.13; Assembly stress = 0.91
944,Crack,0.5614162485689249,0.4234226384632592,0.8820785866757495,0.8820785866757495,Assembly,No clear abnormal zone,No clear abnormal zone,Low,,,,No production zone shows strong deviation from baseline.
945,Crack,1.0944239582280293,1.0103073262799,1.277797289669955,1.277797289669955,Assembly,Assembly,Assembly,Low,0.37580919133706214,0.17274520963626097,0.45144559902667686,Assembly stress = 1.28; Drilling stress = 1.09
946,Crack,1.2966735471153208,1.536689943458382,0.9007783533217872,1.536689943458382,Milling,Milling,Drilling,Medium,0.43314189880661635,0.2753201496198719,0.29153795157351187,Drilling stress = 1.30; Assembly stress = 0.90
947,Crack,1.0437624918179895,0.9688771360332592,1.1974458991738477,1.1974458991738477,Assembly,Assembly,Assembly,Low,0.3802214043288948,0.17639418702840737,0.44338440864269785,Assembly stress = 1.20; Drilling stress = 1.04
948,Crack,0.5965339413447104,1.2985264426611882,0.8486036525420708,1.2985264426611882,Milling,Milling,Assembly,Low,0.3034376186773524,0.30613352725496823,0.3904288540676793,Assembly stress = 0.85; Milling stress = 1.30
949,Crack,1.1169057163370963,1.4756276665668109,0.9167395510358288,1.4756276665668109,Milling,Milling,Drilling,Low,0.39457941339625385,0.28241996228023053,0.32300062432351573,Drilling stress = 1.12; Assembly stress = 0.92
950,Crack,1.206516658681041,1.1138449117303508,1.4621100810368597,1.4621100810368597,Assembly,Assembly,Assembly,Medium,0.3640369415961703,0.16590849855826847,0.47005455984556116,Assembly stress = 1.46; Drilling stress = 1.21
951,Crack,0.9962992529439644,0.9154108638644296,1.083143878114737,1.083143878114737,Assembly,Assembly,Assembly,Low,0.39186864611619326,0.18070956469699181,0.42742178918681495,Assembly stress = 1.08; Drilling stress = 1.00
952,Crack,1.530950905556078,2.573522196957543,0.9170675264208856,2.573522196957543,Milling,Milling,Milling,Medium,0.33789543055769455,0.47922038301769304,0.18288418642461232,Milling stress = 2.57; Drilling stress = 1.53
953,Crack,0.3658372844807945,0.4473333866982977,0.7728174915720818,0.7728174915720818,Assembly,No clear abnormal zone,No clear abnormal zone,Low,,,,No production zone shows strong deviation from baseline.
954,Crack,0.7431209733756734,0.5492684075384352,0.6559028856474697,0.7431209733756734,Drilling,No clear abnormal zone,No clear abnormal zone,Low,,,,No production zone shows strong deviation from baseline.
955,Crack,0.4775171017300325,0.8404322382614593,0.8556041112434474,0.8556041112434474,Assembly,No clear abnormal zone,No clear abnormal zone,Low,,,,No production zone shows strong deviation from baseline.
956,Crack,0.3975453039109748,0.4925133065624211,0.3140740597098136,0.4925133065624211,Milling,No clear abnormal zone,No clear abnormal zone,Low,,,,No production zone shows strong deviation from baseline.
957,Crack,0.2488029989350265,0.2441030021508539,0.5629606640723271,0.5629606640723271,Assembly,No clear abnormal zone,No clear abnormal zone,Low,,,,No production zone shows strong deviation from baseline.
958,Crack,0.9459304547420242,0.8860584281814927,0.8819757044770865,0.9459304547420242,Drilling,No clear abnormal zone,No clear abnormal zone,Low,,,,No production zone shows strong deviation from baseline.
959,Crack,1.4323011100759429,0.9155889131204786,0.9208207874268212,1.4323011100759429,Drilling,Drilling,Drilling,High,0.526912996865218,0.15714611888545368,0.3159408842493285,Drilling stress = 1.43; Assembly stress = 0.92
960,Crack,0.349343300170193,0.4118001927249906,0.8196655328548805,0.8196655328548805,Assembly,No clear abnormal zone,No clear abnormal zone,Low,,,,No production zone shows strong deviation from baseline.
961,Crack,1.3055414419673863,1.1554361141024203,0.916025831379046,1.3055414419673863,Drilling,Drilling,Drilling,Medium,0.4744522693647072,0.20416092137111305,0.3213868092641797,Drilling stress = 1.31; Assembly stress = 0.92
962,Crack,0.5288721317364364,0.4294226530855793,0.7929443402030238,0.7929443402030238,Assembly,No clear abnormal zone,No clear abnormal zone,Low,,,,No production zone shows strong deviation from baseline.
963,Crack,0.4626520613940248,1.9862294348432383,0.8834363617324308,1.9862294348432383,Milling,Milling,Milling,Medium,0.20757821478640218,0.47624784441413154,0.3161739407994663,Milling stress = 1.99; Assembly stress = 0.88
964,Crack,1.2289118264856778,1.1328571145291884,1.494017240933393,1.494017240933393,Assembly,Assembly,Assembly,Medium,0.3626110919463424,0.1647005530943102,0.4726883549593474,Assembly stress = 1.49; Drilling stress = 1.23
965,Crack,0.2531675812033387,0.1956637688448421,0.3815661795293504,0.3815661795293504,Assembly,No clear abnormal zone,No clear abnormal zone,Low,,,,No production zone shows strong deviation from baseline.
966,Crack,1.1067820544204423,1.0145618506506684,1.280849147746551,1.280849147746551,Assembly,Assembly,Assembly,Low,0.37791644146340003,0.17231181828831685,0.44977174024828304,Assembly stress = 1.28; Drilling stress = 1.11
967,Crack,0.4147131326781481,0.7288575990597932,0.8784260545081785,0.8784260545081785,Assembly,No clear abnormal zone,No clear abnormal zone,Low,,,,No production zone shows strong deviation from baseline.
968,Crack,0.4335729989095891,1.3461976744178945,0.8703378534591018,1.3461976744178945,Milling,Milling,Assembly,Low,0.2636353577416419,0.3283382814033843,0.40802636085497385,Assembly stress = 0.87; Milling stress = 1.35
969,Crack,0.7125764232207104,0.7368240569174729,0.6241176690095301,0.7368240569174729,Milling,No clear abnormal zone,No clear abnormal zone,Low,,,,No production zone shows strong deviation from baseline.
970,Crack,0.4900330120891264,1.7723410753746514,0.8920260595127405,1.7723410753746514,Milling,Milling,Milling,Low,0.23270554321314457,0.41944599206674127,0.34784846472011416,Milling stress = 1.77; Assembly stress = 0.89
971,Crack,0.5036643233412754,1.4522103981101568,0.8755936069362771,1.4522103981101568,Milling,Milling,Assembly,Low,0.26727199264359097,0.3450418565919184,0.3876861507644906,Assembly stress = 0.88; Milling stress = 1.45
972,Crack,0.6483782948412761,0.4841256445441306,0.4806711089933009,0.6483782948412761,Drilling,No clear abnormal zone,No clear abnormal zone,Low,,,,No production zone shows strong deviation from baseline.
973,Crack,0.9581949175441108,1.120658513172471,0.8877391191203556,1.120658513172471,Milling,Milling,Drilling,Low,0.396798364339352,0.2333978873870179,0.3698037482736301,Drilling stress = 0.96; Assembly stress = 0.89
974,Crack,1.4317841240047997,0.8522391904473108,0.9135168952118182,1.4317841240047997,Drilling,Drilling,Drilling,High,0.5331547003915272,0.1493241598930781,0.3175211397153947,Drilling stress = 1.43; Assembly stress = 0.91
975,Crack,0.8698823125201545,0.8194448161873,0.8716952216926814,0.8716952216926814,Assembly,No clear abnormal zone,No clear abnormal zone,Low,,,,No production zone shows strong deviation from baseline.
976,Crack,0.650756898787874,0.5140873912172496,0.7469013443348113,0.7469013443348113,Assembly,No clear abnormal zone,No clear abnormal zone,Low,,,,No production zone shows strong deviation from baseline.
977,Crack,0.7463909597767824,0.7203371324480918,0.6465456692825886,0.7463909597767824,Drilling,No clear abnormal zone,No clear abnormal zone,Low,,,,No production zone shows strong deviation from baseline.
978,Crack,0.6634726247976572,0.673433437056768,0.5105531642396876,0.673433437056768,Milling,No clear abnormal zone,No clear abnormal zone,Low,,,,No production zone shows strong deviation from baseline.
979,Crack,0.2863218388726383,0.4781503172576803,0.7743068842705589,0.7743068842705589,Assembly,No clear abnormal zone,No clear abnormal zone,Low,,,,No production zone shows strong deviation from baseline.
980,Crack,1.4430158725512012,1.3472331791594692,1.6684622038506898,1.6684622038506898,Assembly,Assembly,Assembly,Low,0.3693836347516731,0.16782233508853045,0.46279403015979653,Assembly stress = 1.67; Drilling stress = 1.44
981,Crack,0.8803433029028707,0.6348724115116614,0.8841269366662607,0.8841269366662607,Assembly,No clear abnormal zone,No clear abnormal zone,Low,,,,No production zone shows strong deviation from baseline.
982,Crack,0.2780394769222254,0.4710017031529576,0.3754034269866241,0.4710017031529576,Milling,No clear abnormal zone,No clear abnormal zone,Low,,,,No production zone shows strong deviation from baseline.
983,Crack,0.2725643323243916,0.2136398327876129,0.4439951899450751,0.4439951899450751,Assembly,No clear abnormal zone,No clear abnormal zone,Low,,,,No production zone shows strong deviation from baseline.
984,Crack,1.337663617609814,1.2421518400823732,1.6684622038506898,1.6684622038506898,Assembly,Assembly,Assembly,Medium,0.3513045261461317,0.15965168685993503,0.48904378699393325,Assembly stress = 1.67; Drilling stress = 1.34
985,Crack,0.9358057195446964,0.8757994015930786,1.0019785234965393,1.0019785234965393,Assembly,Assembly,Assembly,Low,0.39381077243934226,0.18543733762556663,0.4207518899350912,Assembly stress = 1.00; Drilling stress = 0.94
986,Crack,0.2504800824122853,0.3053261004971127,0.529152203905122,0.529152203905122,Assembly,No clear abnormal zone,No clear abnormal zone,Low,,,,No production zone shows strong deviation from baseline.
987,Crack,0.2446896134328064,0.5945208008840249,0.7419994257523194,0.7419994257523194,Assembly,No clear abnormal zone,No clear abnormal zone,Low,,,,No production zone shows strong deviation from baseline.
988,Crack,1.2409658279852929,2.0287196563480965,0.91833478203394,2.0287196563480965,Milling,Milling,Milling,Low,0.35417444475930193,0.3893178952667071,0.2565076599739909,Milling stress = 2.03; Drilling stress = 1.24
989,Crack,1.3350909628195828,0.6331615139492716,0.8938968324614924,1.3350909628195828,Drilling,Drilling,Drilling,Medium,0.5287978378234462,0.13104353159628687,0.3401586305802669,Drilling stress = 1.34; Assembly stress = 0.89
990,Crack,0.3740625974957559,0.3656477131148729,0.7955068363931843,0.7955068363931843,Assembly,No clear abnormal zone,No clear abnormal zone,Low,,,,No production zone shows strong deviation from baseline.
991,Crack,1.3832000203648491,0.8383039245645273,0.9180957166570138,1.3832000203648491,Drilling,Drilling,Drilling,Medium,0.5213708316259629,0.15117200298566807,0.3274571653883691,Drilling stress = 1.38; Assembly stress = 0.92
992,Crack,0.5740414119321152,0.3892277216772337,0.351619996744165,0.5740414119321152,Drilling,No clear abnormal zone,No clear abnormal zone,Low,,,,No production zone shows strong deviation from baseline.
993,Crack,0.6255973552589911,0.4543724321042005,0.8633996230025318,0.8633996230025318,Assembly,No clear abnormal zone,No clear abnormal zone,Low,,,,No production zone shows strong deviation from baseline.
994,Crack,0.6080182838523542,0.6440674757128854,0.459751666493145,0.6440674757128854,Milling,No clear abnormal zone,No clear abnormal zone,Low,,,,No production zone shows strong deviation from baseline.
995,Crack,1.3372196607673488,1.241093080582472,1.6684622038506898,1.6684622038506898,Assembly,Assembly,Assembly,Medium,0.3512627123869451,0.1595345720013686,0.48920271561168627,Assembly stress = 1.67; Drilling stress = 1.34
996,Crack,1.3373270913023898,0.9218592223141404,0.9096612336412528,1.3373270913023898,Drilling,Drilling,Drilling,Medium,0.504529425761092,0.16650263167100968,0.3289679425678984,Drilling stress = 1.34; Assembly stress = 0.91
997,Crack,0.8681606977767446,0.7629188541045367,0.8682654309763255,0.8682654309763255,Assembly,No clear abnormal zone,No clear abnormal zone,Low,,,,No production zone shows strong deviation from baseline.
998,Crack,1.2755517649353063,0.9025114782623852,0.9173665097799552,1.2755517649353063,Drilling,Drilling,Drilling,Medium,0.48941341885682726,0.16851421401322175,0.3420723671299509,Drilling stress = 1.28; Assembly stress = 0.92
999,Crack,0.7995850414810514,0.7685464147073922,0.721738760741637,0.7995850414810514,Drilling,No clear abnormal zone,No clear abnormal zone,Low,,,,No production zone shows strong deviation from baseline.
1000,Crack,0.969321562339282,0.7074364998726994,0.8828749912112989,0.969321562339282,Drilling,No clear abnormal zone,No clear abnormal zone,Low,,,,No production zone shows strong deviation from baseline.
1001,Crack,0.2667335415596221,0.550119907704895,0.68678951941722,0.68678951941722,Assembly,No clear abnormal zone,No clear abnormal zone,Low,,,,No production zone shows strong deviation from baseline.
1002,Crack,0.3518993720043827,0.4366132134274072,0.3967589583123693,0.4366132134274072,Milling,No clear abnormal zone,No clear abnormal zone,Low,,,,No production zone shows strong deviation from baseline.
1003,Crack,0.8894711895620803,0.9193063393922812,0.9231908585251808,0.9231908585251808,Assembly,No clear abnormal zone,No clear abnormal zone,Low,,,,No production zone shows strong deviation from baseline.
1004,Crack,0.8654622930783824,0.8098813382505655,0.8702590221979117,0.8702590221979117,Assembly,No clear abnormal zone,No clear abnormal zone,Low,,,,No production zone shows strong deviation from baseline.
1005,Crack,1.3929662833054717,0.7079289585768171,0.9192438595748726,1.3929662833054717,Drilling,Drilling,Drilling,High,0.5334141911753143,0.13443942303538445,0.33214638578930133,Drilling stress = 1.39; Assembly stress = 0.92
1006,Crack,0.8806798327721609,0.8321824074713862,0.8867075635534714,0.8867075635534714,Assembly,No clear abnormal zone,No clear abnormal zone,Low,,,,No production zone shows strong deviation from baseline.
1007,Crack,0.3060757836016357,0.4558188760533629,0.5524087446650549,0.5524087446650549,Assembly,No clear abnormal zone,No clear abnormal zone,Low,,,,No production zone shows strong deviation from baseline.
1008,Crack,0.5306840222047228,0.7947325020715706,0.8416735221998416,0.8416735221998416,Assembly,No clear abnormal zone,No clear abnormal zone,Low,,,,No production zone shows strong deviation from baseline.
1009,Crack,0.6027414269776628,0.3697400149961928,0.3663917949562852,0.6027414269776628,Drilling,No clear abnormal zone,No clear abnormal zone,Low,,,,No production zone shows strong deviation from baseline.
1010,Crack,0.4818867928481377,0.5044387509429786,0.2822472095107181,0.5044387509429786,Milling,No clear abnormal zone,No clear abnormal zone,Low,,,,No production zone shows strong deviation from baseline.
1011,Crack,0.3272847906721128,0.4651371202296001,0.3182150988952003,0.4651371202296001,Milling,No clear abnormal zone,No clear abnormal zone,Low,,,,No production zone shows strong deviation from baseline.
1012,Crack,1.4191503499926947,0.7132002047390249,0.919683846534532,1.4191503499926947,Drilling,Drilling,Drilling,High,0.5394691870436805,0.13315160194795148,0.327379211008368,Drilling stress = 1.42; Assembly stress = 0.92
1013,Crack,0.573623756910795,0.6089162272856987,0.3921697080523865,0.6089162272856987,Milling,No clear abnormal zone,No clear abnormal zone,Low,,,,No production zone shows strong deviation from baseline.
1014,Crack,1.0294900280462782,0.9504668455881484,1.1539806976082363,1.1539806976082363,Assembly,Assembly,Assembly,Low,0.3854187299792467,0.17806701898581098,0.4365142510349424,Assembly stress = 1.15; Drilling stress = 1.03
1015,Crack,1.3479496019057635,0.8995553858232253,0.9135180927122366,1.3479496019057635,Drilling,Drilling,Drilling,Medium,0.508398962019412,0.16234522737963197,0.329255810600956,Drilling stress = 1.35; Assembly stress = 0.91
1016,Crack,1.0304971269675676,0.6883346375133041,0.8873679206612674,1.0304971269675676,Drilling,Drilling,Drilling,Low,0.45009392719137925,0.1598357328342781,0.3900703399743426,Drilling stress = 1.03; Assembly stress = 0.89
1017,Crack,0.8705042133840748,0.8163010149728698,0.8742614116580335,0.8742614116580335,Assembly,No clear abnormal zone,No clear abnormal zone,Low,,,,No production zone shows strong deviation from baseline.
1018,Crack,0.9824399680585508,0.6756731957798967,1.0571361370401309,1.0571361370401309,Assembly,Assembly,Assembly,Low,0.4089197161238355,0.15044610155465993,0.4406341823215046,Assembly stress = 1.06; Drilling stress = 0.98
1019,Crack,0.4516030933906033,1.1485513295158454,0.8414681685725667,1.1485513295158454,Milling,Milling,Assembly,Medium,0.28730762693628037,0.2884017773364738,0.42429059572724576,Assembly stress = 0.84; Milling stress = 1.15
1020,Crack,0.6915233717130626,0.4276836386731358,0.5367965995449814,0.6915233717130626,Drilling,No clear abnormal zone,No clear abnormal zone,Low,,,,No production zone shows strong deviation from baseline.
1021,Crack,1.0311074764782202,0.9405266311422468,1.1454635168434015,1.1454635168434015,Assembly,Assembly,Assembly,Low,0.3879199444755791,0.17716313305136655,0.43491692247305436,Assembly stress = 1.15; Drilling stress = 1.03
1022,Crack,1.0279849600207098,0.9484316023777049,1.1475884462319073,1.1475884462319073,Assembly,Assembly,Assembly,Low,0.3862772320465595,0.17836906295955687,0.4353537049938836,Assembly stress = 1.15; Drilling stress = 1.03
1023,Crack,0.8417457690331648,0.7999671056328823,0.815369900676304,0.8417457690331648,Drilling,No clear abnormal zone,No clear abnormal zone,Low,,,,No production zone shows strong deviation from baseline.
1024,Crack,1.1295706426934882,1.0421545522186428,1.3206822446094186,1.3206822446094186,Assembly,Assembly,Assembly,Low,0.374708323331905,0.17167182289747956,0.45361985377061537,Assembly stress = 1.32; Drilling stress = 1.13
1025,Crack,0.4252135993890572,0.4958064312336998,0.4500244644348737,0.4958064312336998,Milling,No clear abnormal zone,No clear abnormal zone,Low,,,,No production zone shows strong deviation from baseline.
1026,Crack,1.232965955968996,1.1348533849973044,1.5054206515249875,1.5054206515249875,Assembly,Assembly,Assembly,Medium,0.361473125995786,0.16384616135051344,0.47468071265370054,Assembly stress = 1.51; Drilling stress = 1.23
1027,Crack,0.4820892306474623,0.1781530071945679,0.4040158470932934,0.4820892306474623,Drilling,No clear abnormal zone,No clear abnormal zone,Low,,,,No production zone shows strong deviation from baseline.
1028,Crack,0.8386524978684222,0.9389592016175784,0.8028234282618962,0.9389592016175784,Milling,No clear abnormal zone,No clear abnormal zone,Low,,,,No production zone shows strong deviation from baseline.
1029,Crack,0.3448144590194202,0.5119960542784969,0.2878655628819548,0.5119960542784969,Milling,No clear abnormal zone,No clear abnormal zone,Low,,,,No production zone shows strong deviation from baseline.
1030,Crack,0.9470982838055492,0.7920017168609839,0.9072237436564512,0.9470982838055492,Drilling,No clear abnormal zone,No clear abnormal zone,Low,,,,No production zone shows strong deviation from baseline.
1031,Crack,1.4515660924697769,1.3557833657956846,1.6684622038506898,1.6684622038506898,Assembly,Assembly,Assembly,Low,0.37084481072231334,0.16848618662101814,0.4606690026566685,Assembly stress = 1.67; Drilling stress = 1.45
1032,Crack,1.1932382557979064,1.0261379284495278,0.9039883190306908,1.1932382557979064,Drilling,Drilling,Drilling,Medium,0.4604300896278603,0.19478833786772648,0.3447815725044134,Drilling stress = 1.19; Assembly stress = 0.90
1033,Crack,1.0216091801008162,0.9392578518642468,1.131923636815642,1.131923636815642,Assembly,Assembly,Assembly,Low,0.38803256050550206,0.17867897253049947,0.4332884669639985,Assembly stress = 1.13; Drilling stress = 1.02
1034,Crack,1.0778706037019838,0.9887575649250624,1.237762473499702,1.237762473499702,Assembly,Assembly,Assembly,Low,0.3801190052820885,0.17385544118970414,0.4460255535282075,Assembly stress = 1.24; Drilling stress = 1.08
1035,Crack,0.2177362672284144,0.5865475790882025,0.4334117726760392,0.5865475790882025,Milling,No clear abnormal zone,No clear abnormal zone,Low,,,,No production zone shows strong deviation from baseline.
1036,Crack,0.8252449951640433,0.4905346870464901,0.8090102308964828,0.8252449951640433,Drilling,No clear abnormal zone,No clear abnormal zone,Low,,,,No production zone shows strong deviation from baseline.
1037,Crack,0.2939743648514087,0.9397071676514042,0.6835250737442913,0.9397071676514042,Milling,No clear abnormal zone,No clear abnormal zone,Low,,,,No production zone shows strong deviation from baseline.
1038,Crack,1.3278343619911923,1.6674142343162468,0.9057863852429524,1.6674142343162468,Milling,Milling,Drilling,Medium,0.42410955814016477,0.29780071031630995,0.2780897315435254,Drilling stress = 1.33; Milling stress = 1.67
1039,Crack,0.3972966808436181,0.2197303904072527,0.5161570871833503,0.5161570871833503,Assembly,No clear abnormal zone,No clear abnormal zone,Low,,,,No production zone shows strong deviation from baseline.
1040,Crack,0.9308876672663482,0.8604722880965554,0.9823447607260926,0.9823447607260926,Assembly,No clear abnormal zone,No clear abnormal zone,Low,,,,No production zone shows strong deviation from baseline.
1041,Crack,1.2138492684023912,0.8346794595280561,0.9163133351952572,1.2138492684023912,Drilling,Drilling,Drilling,Medium,0.47964837843044195,0.16414272128112975,0.3562089002884282,Drilling stress = 1.21; Assembly stress = 0.92
1042,Crack,1.4345531477767612,1.3398132020507552,1.6684622038506898,1.6684622038506898,Assembly,Assembly,Assembly,Low,0.3678723397313229,0.16731007858965166,0.4648175816790253,Assembly stress = 1.67; Drilling stress = 1.43
1043,Crack,1.4592903404207287,0.8423499965212453,0.9147652376709464,1.4592903404207287,Drilling,Drilling,Drilling,High,0.5405657701863491,0.14584272122734274,0.3135915085863081,Drilling stress = 1.46; Assembly stress = 0.91
1044,Crack,0.4621165704152866,0.3483837826611232,0.4164228756345786,0.4621165704152866,Drilling,No clear abnormal zone,No clear abnormal zone,Low,,,,No production zone shows strong deviation from baseline.
1045,Crack,1.3741451134301197,0.7688524673139514,0.9142665165392478,1.3741451134301197,Drilling,Drilling,Drilling,Medium,0.5251224868493196,0.14333602759077602,0.33154148555990437,Drilling stress = 1.37; Assembly stress = 0.91
1046,Crack,1.203771323841421,0.5813400191573543,0.9106718449565566,1.203771323841421,Drilling,Drilling,Drilling,Medium,0.4964585154991907,0.1332092820677392,0.37033220243307,Drilling stress = 1.20; Assembly stress = 0.91
1047,Crack,0.7037958875104933,0.626423063641814,0.9002805669537075,0.9002805669537075,Assembly,No clear abnormal zone,No clear abnormal zone,Low,,,,No production zone shows strong deviation from baseline.
1048,Crack,1.554540049484161,0.6174527664461564,0.9131052978178972,1.554540049484161,Drilling,Drilling,Drilling,High,0.5805784634701191,0.1137258234030416,0.3056957131268393,Drilling stress = 1.55; Assembly stress = 0.91
1049,Crack,1.514058247963246,0.9442015118398556,0.9180332658247448,1.514058247963246,Drilling,Drilling,Drilling,High,0.5453155160764532,0.1542169903707392,0.3004674935528077,Drilling stress = 1.51; Assembly stress = 0.92
1050,Crack,0.7051434227199583,0.6792286051200573,0.8896396937618201,0.8896396937618201,Assembly,No clear abnormal zone,No clear abnormal zone,Low,,,,No production zone shows strong deviation from baseline.
1051,Crack,0.7122840890024125,0.4807638251326957,0.8896699252445677,0.8896699252445677,Assembly,No clear abnormal zone,No clear abnormal zone,Low,,,,No production zone shows strong deviation from baseline.
1052,Crack,1.2369513505220504,1.1418598180068749,1.5083026807736162,1.5083026807736162,Assembly,Assembly,Assembly,Medium,0.3614831475378469,0.16434645158609354,0.4741704008760595,Assembly stress = 1.51; Drilling stress = 1.24
1053,Crack,1.341140739448977,1.2453627610197011,1.6683985369537984,1.6683985369537984,Assembly,Assembly,Assembly,Medium,0.3519278017199644,0.1598923676724507,0.48817983060758496,Assembly stress = 1.67; Drilling stress = 1.34
1054,Crack,0.262298016684884,0.4545437013572235,0.5806785069795553,0.5806785069795553,Assembly,No clear abnormal zone,No clear abnormal zone,Low,,,,No production zone shows strong deviation from baseline.
1055,Crack,1.1039835856378204,1.0126673423430743,1.2803568106893797,1.2803568106893797,Assembly,Assembly,Assembly,Low,0.3774656480954014,0.17226192568979584,0.4502724262148028,Assembly stress = 1.28; Drilling stress = 1.10
1056,Crack,0.2691149110939307,0.0417257044774344,0.3769971077685892,0.3769971077685892,Assembly,No clear abnormal zone,No clear abnormal zone,Low,,,,No production zone shows strong deviation from baseline.
1057,Crack,1.0435594973958335,2.516697773491481,0.8781766054704652,2.516697773491481,Milling,Milling,Milling,High,0.24819919352357944,0.5414348357820794,0.21036597069434118,Milling stress = 2.52; Drilling stress = 1.04
1058,Crack,0.9243604425728376,0.657691322115485,0.8967803423230385,0.9243604425728376,Drilling,No clear abnormal zone,No clear abnormal zone,Low,,,,No production zone shows strong deviation from baseline.
1059,Crack,0.7801637523385228,0.8666372341578575,0.8820527590384719,0.8820527590384719,Assembly,No clear abnormal zone,No clear abnormal zone,Low,,,,No production zone shows strong deviation from baseline.
1060,Crack,0.5360431657600753,0.4005924668852615,0.3730534390027757,0.5360431657600753,Drilling,No clear abnormal zone,No clear abnormal zone,Low,,,,No production zone shows strong deviation from baseline.
1061,Crack,0.6810623730818111,0.56832426525448,0.870182187121636,0.870182187121636,Assembly,No clear abnormal zone,No clear abnormal zone,Low,,,,No production zone shows strong deviation from baseline.
1062,Crack,0.5108025119997299,0.728905147066343,0.8438131299355709,0.8438131299355709,Assembly,No clear abnormal zone,No clear abnormal zone,Low,,,,No production zone shows strong deviation from baseline.
1063,Crack,1.033172261400451,0.9624596244633064,1.1592831146025222,1.1592831146025222,Assembly,Assembly,Assembly,Low,0.3845750466527551,0.1791599768732259,0.4362649764740189,Assembly stress = 1.16; Drilling stress = 1.03
1064,Crack,1.4440597137467723,0.6688401203802912,0.914285648868643,1.4440597137467723,Drilling,Drilling,Drilling,High,0.5497407389969402,0.12660601361900728,0.3236532473840525,Drilling stress = 1.44; Assembly stress = 0.91
1065,Crack,0.2773782297656775,0.7859538931041378,0.7996538527701896,0.7996538527701896,Assembly,No clear abnormal zone,No clear abnormal zone,Low,,,,No production zone shows strong deviation from baseline.
1066,Crack,1.313568427083163,1.2178674913075456,1.637998684186936,1.637998684186936,Assembly,Assembly,Assembly,Medium,0.35240922074261966,0.1601234280165883,0.487467351240792,Assembly stress = 1.64; Drilling stress = 1.31
1067,Crack,1.5422831056417272,0.6640748476786617,0.9172232525112696,1.5422831056417272,Drilling,Drilling,Drilling,High,0.5737258440191763,0.11919922107903813,0.30707493490178556,Drilling stress = 1.54; Assembly stress = 0.92
1068,Crack,1.140868708081232,1.0476302225156773,1.3445758811009898,1.3445758811009898,Assembly,Assembly,Assembly,Low,0.3729357230118527,0.16986778757190216,0.4571964894162452,Assembly stress = 1.34; Drilling stress = 1.14
1069,Crack,1.1980651151416095,1.0994704652685034,1.442733462639739,1.442733462639739,Assembly,Assembly,Assembly,Medium,0.366266473927448,0.1659388436772246,0.46779468239532734,Assembly stress = 1.44; Drilling stress = 1.20
1070,Crack,0.268883682277991,1.1749746830308496,0.4084976676702214,1.1749746830308496,Milling,Milling,Milling,Low,0.29523389173766235,0.3652973632512203,0.33946874501111735,Milling stress = 1.17; Assembly stress = 0.41
1071,Crack,0.7892708595216711,0.7550336988814561,0.7090403746613665,0.7892708595216711,Drilling,No clear abnormal zone,No clear abnormal zone,Low,,,,No production zone shows strong deviation from baseline.
1072,Crack,0.2887907981460517,0.1846207314835087,0.6452980667962783,0.6452980667962783,Assembly,No clear abnormal zone,No clear abnormal zone,Low,,,,No production zone shows strong deviation from baseline.
1073,Crack,0.6841395116586111,0.4641942621090799,0.6056417248401113,0.6841395116586111,Drilling,No clear abnormal zone,No clear abnormal zone,Low,,,,No production zone shows strong deviation from baseline.
1074,Crack,0.6470378792736273,0.4837229262067449,0.4899471950811044,0.6470378792736273,Drilling,No clear abnormal zone,No clear abnormal zone,Low,,,,No production zone shows strong deviation from baseline.
1075,Crack,1.1180063842829449,0.7187823430921968,0.9113062288385054,1.1180063842829449,Drilling,Drilling,Drilling,Low,0.46540122142799667,0.1561049681273255,0.3784938104446779,Drilling stress = 1.12; Assembly stress = 0.91
1076,Crack,1.2477258597673186,1.1507759153905002,1.525045962043733,1.525045962043733,Assembly,Assembly,Assembly,Medium,0.3605696304832263,0.16362675712146493,0.4758036123953088,Assembly stress = 1.53; Drilling stress = 1.25
1077,Crack,1.1736945406064072,0.8249000553313983,0.914495419344908,1.1736945406064072,Drilling,Drilling,Drilling,Medium,0.4707126343671873,0.16605285210668905,0.3632345135261237,Drilling stress = 1.17; Assembly stress = 0.91
1078,Crack,0.9603712810236388,0.8617606202117083,0.9007548275132548,0.9603712810236388,Drilling,No clear abnormal zone,No clear abnormal zone,Low,,,,No production zone shows strong deviation from baseline.
1079,Crack,1.48068289266354,0.7549288910112433,0.9208659927768152,1.48068289266354,Drilling,Drilling,Drilling,High,0.5514827255985956,0.13344765898229963,0.3150696154191048,Drilling stress = 1.48; Assembly stress = 0.92
1080,Crack,1.0839956252538778,0.9904312276927996,1.24803401538059,1.24803401538059,Assembly,Assembly,Assembly,Low,0.37970849458040484,0.17289634631548803,0.44739515910410704,Assembly stress = 1.25; Drilling stress = 1.08
1081,Crack,0.2808089447799737,0.4171362502735548,0.6181792716683099,0.6181792716683099,Assembly,No clear abnormal zone,No clear abnormal zone,Low,,,,No production zone shows strong deviation from baseline.
1082,Crack,1.4527919498338044,0.6643822993125796,0.919098295264952,1.4527919498338044,Drilling,Drilling,Drilling,High,0.5513534923557831,0.12531359044815438,0.3233329171960626,Drilling stress = 1.45; Assembly stress = 0.92
1083,Crack,0.7785936946354861,0.4608047612972606,0.7185467833894849,0.7785936946354861,Drilling,No clear abnormal zone,No clear abnormal zone,Low,,,,No production zone shows strong deviation from baseline.
1084,Crack,0.8812239208045898,0.842155099202561,0.9313223900882628,0.9313223900882628,Assembly,No clear abnormal zone,No clear abnormal zone,Low,,,,No production zone shows strong deviation from baseline.
1085,Crack,0.2595005458200164,0.7292759808274393,0.6467408232199818,0.7292759808274393,Milling,No clear abnormal zone,No clear abnormal zone,Low,,,,No production zone shows strong deviation from baseline.
1086,Crack,0.4251440029311512,0.4618026962393076,0.8650251049392049,0.8650251049392049,Assembly,No clear abnormal zone,No clear abnormal zone,Low,,,,No production zone shows strong deviation from baseline.
1087,Crack,1.1962207271194043,1.1014342584513466,1.4402868606653878,1.4402868606653878,Assembly,Assembly,Assembly,Medium,0.3661377756639874,0.1665134437791796,0.46734878055683293,Assembly stress = 1.44; Drilling stress = 1.20
1088,Crack,0.7294831470201795,0.8641387260153086,0.8592212674041846,0.8641387260153086,Milling,No clear abnormal zone,No clear abnormal zone,Low,,,,No production zone shows strong deviation from baseline.
1089,Crack,1.0233515098542665,0.931039766881432,0.905818591914194,1.0233515098542665,Drilling,Drilling,Drilling,Low,0.42643529187463136,0.19441629547136238,0.37914841265400623,Drilling stress = 1.02; Assembly stress = 0.91
1090,Crack,1.38956471371595,0.6520024398560654,0.9176467093005038,1.38956471371595,Drilling,Drilling,Drilling,High,0.5367848272129125,0.12836629612831585,0.3348488766587716,Drilling stress = 1.39; Assembly stress = 0.92
1091,Crack,0.6120920811692983,0.956186319904348,0.4617966984197372,0.956186319904348,Milling,No clear abnormal zone,No clear abnormal zone,Low,,,,No production zone shows strong deviation from baseline.
1092,Crack,0.6625499446002545,0.479371155129759,0.8121840695144296,0.8121840695144296,Assembly,No clear abnormal zone,No clear abnormal zone,Low,,,,No production zone shows strong deviation from baseline.
1093,Crack,0.4484804569881489,0.6290786836607092,0.8379090090981132,0.8379090090981132,Assembly,No clear abnormal zone,No clear abnormal zone,Low,,,,No production zone shows strong deviation from baseline.
1094,Crack,0.497864734003539,1.279234697477784,0.8924082707725216,1.279234697477784,Milling,Milling,Assembly,Medium,0.2796468906639343,0.3054391220056268,0.41491398733043894,Assembly stress = 0.89; Milling stress = 1.28
1095,Crack,1.4259277680926552,0.9932755864674314,0.918147176672326,1.4259277680926552,Drilling,Drilling,Drilling,High,0.5191507279563734,0.16840889124332595,0.3124403808003006,Drilling stress = 1.43; Assembly stress = 0.92
1096,Crack,1.002676398014821,0.9185091968794774,1.1024010120106915,1.1024010120106915,Assembly,Assembly,Assembly,Low,0.38993874119278243,0.17923096318153345,0.430830295625684,Assembly stress = 1.10; Drilling stress = 1.00
1097,Crack,0.3840533109578479,1.3907890734260764,0.8584961736112795,1.3907890734260764,Milling,Milling,Assembly,Low,0.2515441522876989,0.3441945713474022,0.4042612763648989,Assembly stress = 0.86; Milling stress = 1.39
1098,Crack,0.2046020570861997,0.1492321459726895,0.3546759835371552,0.3546759835371552,Assembly,No clear abnormal zone,No clear abnormal zone,Low,,,,No production zone shows strong deviation from baseline.
1099,Crack,0.3070446001684227,0.4563092787126312,0.7880485393805621,0.7880485393805621,Assembly,No clear abnormal zone,No clear abnormal zone,Low,,,,No production zone shows strong deviation from baseline.
1100,Crack,1.3952661087591762,1.4232459160504392,0.9191155395683596,1.4232459160504392,Milling,Milling,Drilling,Medium,0.4683056791630045,0.24079690732973238,0.2908974135072633,Drilling stress = 1.40; Assembly stress = 0.92
1101,Crack,0.2924013911039664,0.6843412832630984,0.7617638080953286,0.7617638080953286,Assembly,No clear abnormal zone,No clear abnormal zone,Low,,,,No production zone shows strong deviation from baseline.
1102,Crack,0.2524779518172875,0.6285848352778551,0.6607288949321932,0.6607288949321932,Assembly,No clear abnormal zone,No clear abnormal zone,Low,,,,No production zone shows strong deviation from baseline.
1103,Crack,1.4375960344561405,1.341872261937066,1.6684622038506898,1.6684622038506898,Assembly,Assembly,Assembly,Low,0.3684533024155022,0.16740952014689456,0.4641371774376033,Assembly stress = 1.67; Drilling stress = 1.44
1104,Crack,0.4499335739298691,0.3794229737678891,0.3578941159650752,0.4499335739298691,Drilling,No clear abnormal zone,No clear abnormal zone,Low,,,,No production zone shows strong deviation from baseline.
1105,Crack,0.4260484356737613,0.1292223870001489,0.3355748163887418,0.4260484356737613,Drilling,No clear abnormal zone,No clear abnormal zone,Low,,,,No production zone shows strong deviation from baseline.
1106,Crack,0.5884127762508821,0.9212224101245012,0.3553310000212049,0.9212224101245012,Milling,No clear abnormal zone,No clear abnormal zone,Low,,,,No production zone shows strong deviation from baseline.
1107,Crack,1.4002867583269685,0.7180313758942211,0.9161354760280744,1.4002867583269685,Drilling,Drilling,Drilling,High,0.5350575587101006,0.13522928761092154,0.32971315367897785,Drilling stress = 1.40; Assembly stress = 0.92
1108,Crack,0.8185486336328733,0.7604962429679605,0.7986827249273462,0.8185486336328733,Drilling,No clear abnormal zone,No clear abnormal zone,Low,,,,No production zone shows strong deviation from baseline.
1109,Crack,0.5901763540253464,0.609935778707936,0.486682636491077,0.609935778707936,Milling,No clear abnormal zone,No clear abnormal zone,Low,,,,No production zone shows strong deviation from baseline.
1110,Crack,1.226531981817026,1.1300575725386524,1.490925758688388,1.490925758688388,Assembly,Assembly,Assembly,Medium,0.36275814430712205,0.16469820742494243,0.4725436482679355,Assembly stress = 1.49; Drilling stress = 1.23
1111,Crack,0.8010722557031444,0.5793428621949839,0.7659782057132019,0.8010722557031444,Drilling,No clear abnormal zone,No clear abnormal zone,Low,,,,No production zone shows strong deviation from baseline.
1112,Crack,0.2514962130933115,0.3315826287024472,0.7177111558296314,0.7177111558296314,Assembly,No clear abnormal zone,No clear abnormal zone,Low,,,,No production zone shows strong deviation from baseline.
1113,Crack,1.335168385721505,1.2395081890611477,1.6684622038506898,1.6684622038506898,Assembly,Assembly,Assembly,Medium,0.3508841291514981,0.15943697058318015,0.4896789002653217,Assembly stress = 1.67; Drilling stress = 1.34
1114,Crack,0.8008987027945498,0.4462260704305824,0.7539154000818478,0.8008987027945498,Drilling,No clear abnormal zone,No clear abnormal zone,Low,,,,No production zone shows strong deviation from baseline.
1115,Crack,1.2733579688101226,0.7199809875003454,0.9178104102694152,1.2733579688101226,Drilling,Drilling,Drilling,Medium,0.5029442384243238,0.1445976624668897,0.3524580991087864,Drilling stress = 1.27; Assembly stress = 0.92
1116,Crack,0.7830459923423242,0.7350144649038184,0.7559291039600846,0.7830459923423242,Drilling,No clear abnormal zone,No clear abnormal zone,Low,,,,No production zone shows strong deviation from baseline.
1117,Crack,0.6258758721341304,0.630929331243765,0.3883523252699519,0.630929331243765,Milling,No clear abnormal zone,No clear abnormal zone,Low,,,,No production zone shows strong deviation from baseline.
1118,Crack,1.0126034854010286,0.925636878420734,1.1180736586074354,1.1180736586074354,Assembly,Assembly,Assembly,Low,0.3891676260878101,0.17837648102820497,0.4324558928839849,Assembly stress = 1.12; Drilling stress = 1.01
1119,Crack,1.0179670879892926,0.9279795732650958,1.1288324520652968,1.1288324520652968,Assembly,Assembly,Assembly,Low,0.3884678239854782,0.1775186457628081,0.43401353025171363,Assembly stress = 1.13; Drilling stress = 1.02
1120,Crack,0.6598572233332486,0.6492465201377595,0.5153683664080413,0.6598572233332486,Drilling,No clear abnormal zone,No clear abnormal zone,Low,,,,No production zone shows strong deviation from baseline.
1121,Crack,0.4233930033321393,0.6240616747140953,0.8392283590363924,0.8392283590363924,Assembly,No clear abnormal zone,No clear abnormal zone,Low,,,,No production zone shows strong deviation from baseline.
1122,Crack,0.2452331155634385,0.89935958806011,0.721249937277024,0.89935958806011,Milling,No clear abnormal zone,No clear abnormal zone,Low,,,,No production zone shows strong deviation from baseline.
1123,Crack,0.8042672254746085,0.7632049838561529,0.7494982431716786,0.8042672254746085,Drilling,No clear abnormal zone,No clear abnormal zone,Low,,,,No production zone shows strong deviation from baseline.
1124,Crack,0.1941132647270819,0.8457201037031575,0.5469672857544223,0.8457201037031575,Milling,No clear abnormal zone,No clear abnormal zone,Low,,,,No production zone shows strong deviation from baseline.
1125,Crack,0.9450482601297532,0.9907199502720332,0.9160278048412788,0.9907199502720332,Milling,No clear abnormal zone,No clear abnormal zone,Low,,,,No production zone shows strong deviation from baseline.
1126,Crack,1.334648275698033,1.2356217405901406,1.6682194904680876,1.6682194904680876,Assembly,Assembly,Assembly,Medium,0.35102452572971166,0.1589647340562212,0.4900107402140672,Assembly stress = 1.67; Drilling stress = 1.33
1127,Crack,1.0785232289995408,0.9905070080251034,1.2322213601505396,1.2322213601505396,Assembly,Assembly,Assembly,Low,0.38109584374744493,0.1744935015153038,0.4444106547372512,Assembly stress = 1.23; Drilling stress = 1.08
1128,Crack,1.3677292348557932,0.7310391134411331,0.9146845680077752,1.3677292348557932,Drilling,Drilling,Drilling,Medium,0.5262576148895871,0.1392058193937801,0.33453656571663276,Drilling stress = 1.37; Assembly stress = 0.91
1129,Crack,1.4418952289553166,0.7144468580898194,0.9150634669510048,1.4418952289553166,Drilling,Drilling,Drilling,High,0.5458387541525596,0.13185832604176123,0.3223029198056792,Drilling stress = 1.44; Assembly stress = 0.92
1130,Crack,0.9628305300756612,0.6842723196715477,0.8778185240598524,0.9628305300756612,Drilling,No clear abnormal zone,No clear abnormal zone,Low,,,,No production zone shows strong deviation from baseline.
1131,Crack,0.8003579342438869,0.7230540793630755,0.7784521314524382,0.8003579342438869,Drilling,No clear abnormal zone,No clear abnormal zone,Low,,,,No production zone shows strong deviation from baseline.
1132,Crack,0.2552109951507577,0.6530036597983953,0.723533487193615,0.723533487193615,Assembly,No clear abnormal zone,No clear abnormal zone,Low,,,,No production zone shows strong deviation from baseline.
1133,Crack,0.3787933832273143,0.6472856444913104,0.7322856293616858,0.7322856293616858,Assembly,No clear abnormal zone,No clear abnormal zone,Low,,,,No production zone shows strong deviation from baseline.
1134,Crack,0.3957450127611778,1.111129638116792,0.3627171275305597,1.111129638116792,Milling,Milling,Milling,Low,0.3344483708588867,0.34196895744663974,0.3235826716944735,Milling stress = 1.11; Drilling stress = 0.40
1135,Crack,0.2687159607848288,0.6880510148135741,0.4116053231267521,0.6880510148135741,Milling,No clear abnormal zone,No clear abnormal zone,Low,,,,No production zone shows strong deviation from baseline.
1136,Crack,0.2719031397139445,0.113755338894195,0.3665289941186351,0.3665289941186351,Assembly,No clear abnormal zone,No clear abnormal zone,Low,,,,No production zone shows strong deviation from baseline.
1137,Crack,0.2252700906766128,0.283152058119459,0.7224156110829834,0.7224156110829834,Assembly,No clear abnormal zone,No clear abnormal zone,Low,,,,No production zone shows strong deviation from baseline.
1138,Crack,0.9303100428152056,0.557533870918251,0.896062074278233,0.9303100428152056,Drilling,No clear abnormal zone,No clear abnormal zone,Low,,,,No production zone shows strong deviation from baseline.
1139,Crack,0.7644228315271429,0.5264917923339858,0.913001255966669,0.913001255966669,Assembly,No clear abnormal zone,No clear abnormal zone,Low,,,,No production zone shows strong deviation from baseline.
1140,Crack,0.3136911743282327,0.6405365894664268,0.8170222258310075,0.8170222258310075,Assembly,No clear abnormal zone,No clear abnormal zone,Low,,,,No production zone shows strong deviation from baseline.
1141,Crack,0.8684661291232303,0.8211314698691465,0.8694789603171573,0.8694789603171573,Assembly,No clear abnormal zone,No clear abnormal zone,Low,,,,No production zone shows strong deviation from baseline.
1142,Crack,0.2908421582461727,1.7845315023514086,0.7709670941762694,1.7845315023514086,Milling,Milling,Milling,Medium,0.20648255349101058,0.45978458469175476,0.33373286181723466,Milling stress = 1.78; Assembly stress = 0.77
1143,Crack,1.3549520099788115,1.2608046275908555,1.6684622038506898,1.6684622038506898,Assembly,Assembly,Assembly,Medium,0.35419623335571376,0.16118560516707547,0.4846181614772108,Assembly stress = 1.67; Drilling stress = 1.35
1144,Crack,1.3302605562476817,1.2313325737817478,1.667904757865622,1.667904757865622,Assembly,Assembly,Assembly,Medium,0.3503184433393753,0.1586606137051136,0.4910209429555111,Assembly stress = 1.67; Drilling stress = 1.33
1145,Crack,1.0391798000266208,0.6986861155568559,0.9151285893357346,1.0391798000266208,Drilling,Drilling,Drilling,Low,0.44661915951242465,0.15886668228223003,0.3945141582053452,Drilling stress = 1.04; Assembly stress = 0.92
1146,Crack,0.4487894585612607,0.7516799443549157,0.8330490107750894,0.8330490107750894,Assembly,No clear abnormal zone,No clear abnormal zone,Low,,,,No production zone shows strong deviation from baseline.
1147,Crack,0.2305615931181971,0.8694671504444451,0.7961834342263578,0.8694671504444451,Milling,No clear abnormal zone,No clear abnormal zone,Low,,,,No production zone shows strong deviation from baseline.
1148,Crack,1.441763395765706,1.34511999046437,1.6684622038506898,1.6684622038506898,Assembly,Assembly,Assembly,Low,0.3692227948828987,0.1676049389262981,0.46317226619080326,Assembly stress = 1.67; Drilling stress = 1.44
1149,Crack,0.2580886381484119,0.305505685458749,0.7419037450699428,0.7419037450699428,Assembly,No clear abnormal zone,No clear abnormal zone,Low,,,,No production zone shows strong deviation from baseline.
1150,Crack,1.1306428639335355,0.823117545970854,0.9050487300959524,1.1306428639335355,Drilling,Drilling,Drilling,Low,0.46175000126462273,0.16975413462677405,0.36849586410860335,Drilling stress = 1.13; Assembly stress = 0.91
1151,Crack,0.4305421027229175,0.6228295735683487,0.4182054656153791,0.6228295735683487,Milling,No clear abnormal zone,No clear abnormal zone,Low,,,,No production zone shows strong deviation from baseline.
1152,Crack,1.5586937971789885,0.6622351797256967,0.9198964344032318,1.5586937971789885,Drilling,Drilling,Drilling,High,0.5773895535599497,0.11779094219122017,0.3048195042488301,Drilling stress = 1.56; Assembly stress = 0.92
1153,Crack,1.117500141737196,1.0262796551771811,1.3098016998323183,1.3098016998323183,Assembly,Assembly,Assembly,Low,0.3747502045931646,0.1710390710041676,0.45421072440266785,Assembly stress = 1.31; Drilling stress = 1.12
1154,Crack,1.4329211623349432,0.6473170501673418,0.917955876725715,1.4329211623349432,Drilling,Drilling,Drilling,High,0.54781209295927,0.12485849291454006,0.3273294141261899,Drilling stress = 1.43; Assembly stress = 0.92
1155,Crack,0.8812630796595753,0.8333472594365126,0.9067102091902656,0.9067102091902656,Assembly,No clear abnormal zone,No clear abnormal zone,Low,,,,No production zone shows strong deviation from baseline.
1156,Crack,0.6860613927249163,1.699543055859398,0.5498239828894216,1.699543055859398,Milling,Milling,Milling,Medium,0.3076711113036564,0.4238441744441324,0.26848471425221127,Milling stress = 1.70; Drilling stress = 0.69
1157,Crack,0.8486322782812106,0.798979796160582,0.8321185532967532,0.8486322782812106,Drilling,No clear abnormal zone,No clear abnormal zone,Low,,,,No production zone shows strong deviation from baseline.
1158,Crack,0.591935457980961,2.402382059635084,0.8869738769632997,2.402382059635084,Milling,Milling,Milling,High,0.18519319478954946,0.5660593874002084,0.24874741781024204,Milling stress = 2.40; Assembly stress = 0.89
1159,Crack,1.4387674972192883,1.341852775565902,1.6684622038506898,1.6684622038506898,Assembly,Assembly,Assembly,Low,0.36872714080427355,0.16733453503466858,0.4639383241610579,Assembly stress = 1.67; Drilling stress = 1.44
1160,Crack,0.8645303132312034,0.8184769930861635,0.8625918334305787,0.8645303132312034,Drilling,No clear abnormal zone,No clear abnormal zone,Low,,,,No production zone shows strong deviation from baseline.
1161,Crack,1.4373870182784836,1.3408178327418678,1.6684622038506898,1.6684622038506898,Assembly,Assembly,Assembly,Low,0.3684696801782188,0.16727548483908442,0.4642548349826967,Assembly stress = 1.67; Drilling stress = 1.44
1162,Crack,0.8345697854402584,0.7863114897517449,0.8208577945541848,0.8345697854402584,Drilling,No clear abnormal zone,No clear abnormal zone,Low,,,,No production zone shows strong deviation from baseline.
1163,Crack,0.7559533227659241,0.8242808441630519,0.8899040550758539,0.8899040550758539,Assembly,No clear abnormal zone,No clear abnormal zone,Low,,,,No production zone shows strong deviation from baseline.
1164,Crack,0.5726508004059261,0.2344629418988901,0.361926028207942,0.5726508004059261,Drilling,No clear abnormal zone,No clear abnormal zone,Low,,,,No production zone shows strong deviation from baseline.
1165,Crack,1.1585025443061512,0.6474828387744516,0.8881717652262064,1.1585025443061512,Drilling,Drilling,Drilling,Medium,0.48471480761415314,0.14538622273106677,0.36989896965478014,Drilling stress = 1.16; Assembly stress = 0.89
1166,Crack,1.1507248288560112,0.8531831968725804,0.9072034773744786,1.1507248288560112,Drilling,Drilling,Drilling,Medium,0.4639975977621582,0.17229197426319978,0.36371042797464204,Drilling stress = 1.15; Assembly stress = 0.91
1167,Crack,0.8426189185180666,2.4006058278267144,0.8348844757928773,2.4006058278267144,Milling,Milling,Milling,High,0.22899430319697886,0.5437757051499011,0.22722999165312005,Milling stress = 2.40; Drilling stress = 0.84
1168,Crack,0.2922194697315544,1.5574307530860485,0.7641035508100303,1.5574307530860485,Milling,Milling,Milling,Low,0.2285749677246767,0.4050167181521916,0.36640831412313185,Milling stress = 1.56; Assembly stress = 0.76
1169,Crack,0.8961056599376571,0.921749099784978,0.8780638202719704,0.921749099784978,Milling,No clear abnormal zone,No clear abnormal zone,Low,,,,No production zone shows strong deviation from baseline.
1170,Crack,1.2049717755231222,1.111649447245893,1.462459615919124,1.462459615919124,Assembly,Assembly,Assembly,Medium,0.36375197030966855,0.16567080654023114,0.47057722315010025,Assembly stress = 1.46; Drilling stress = 1.20
1171,Crack,1.507556598820004,0.8635754753776562,0.917957632142036,1.507556598820004,Drilling,Drilling,Drilling,High,0.5503128099569599,0.1445114232304953,0.3051757668125449,Drilling stress = 1.51; Assembly stress = 0.92
1172,Crack,1.242138297576099,1.1450296010495236,1.5180779461923923,1.5180779461923923,Assembly,Assembly,Assembly,Medium,0.36081583162392505,0.16371249160277693,0.475471676773298,Assembly stress = 1.52; Drilling stress = 1.24
1173,Crack,0.2595663650238884,0.8376386372064814,0.596272673799846,0.8376386372064814,Milling,No clear abnormal zone,No clear abnormal zone,Low,,,,No production zone shows strong deviation from baseline.
1174,Crack,1.3683177582401786,0.8902573666190562,0.9172645694315072,1.3683177582401786,Drilling,Drilling,Drilling,Medium,0.5136240475422884,0.15921953937352532,0.3271564130841863,Drilling stress = 1.37; Assembly stress = 0.92
1175,Crack,0.5447214692671483,0.4035992982858043,0.426003643701286,0.5447214692671483,Drilling,No clear abnormal zone,No clear abnormal zone,Low,,,,No production zone shows strong deviation from baseline.
1176,Crack,1.340335460066841,1.247224792042022,1.6679801123386138,1.6679801123386138,Assembly,Assembly,Assembly,Medium,0.35171116765600285,0.16022073268165626,0.48806809966234094,Assembly stress = 1.67; Drilling stress = 1.34
1177,Crack,0.7010906532605272,0.4815002157893619,0.8407012685259347,0.8407012685259347,Assembly,No clear abnormal zone,No clear abnormal zone,Low,,,,No production zone shows strong deviation from baseline.
1178,Crack,0.5421926639367971,0.2866103304635024,0.3913357670585502,0.5421926639367971,Drilling,No clear abnormal zone,No clear abnormal zone,Low,,,,No production zone shows strong deviation from baseline.
1179,Crack,1.376024292641746,0.7027672353707552,0.9184450057762532,1.376024292641746,Drilling,Drilling,Drilling,Medium,0.529707039265537,0.13508711407680127,0.3352058466576618,Drilling stress = 1.38; Assembly stress = 0.92
1180,Crack,0.2587135624911958,0.7457378790871698,0.700769256287112,0.7457378790871698,Milling,No clear abnormal zone,No clear abnormal zone,Low,,,,No production zone shows strong deviation from baseline.
1181,Crack,1.1028746966660457,1.018645327985665,1.2662513085464522,1.2662513085464522,Assembly,Assembly,Assembly,Low,0.37920583041270833,0.17428686595405826,0.4465073036332333,Assembly stress = 1.27; Drilling stress = 1.10
1182,Crack,1.3298262566540382,0.8949226192702515,0.9153611657646352,1.3298262566540382,Drilling,Drilling,Drilling,Medium,0.5039415490111702,0.16310749618154438,0.33295095480728554,Drilling stress = 1.33; Assembly stress = 0.92
1183,Crack,0.408144228645471,0.2673865835696451,0.4314949908586601,0.4314949908586601,Assembly,No clear abnormal zone,No clear abnormal zone,Low,,,,No production zone shows strong deviation from baseline.
1184,Crack,0.2649444939132682,0.2578640399073697,0.402008988463886,0.402008988463886,Assembly,No clear abnormal zone,No clear abnormal zone,Low,,,,No production zone shows strong deviation from baseline.
1185,Crack,1.464645742483857,1.0952770808262433,0.918089239613776,1.464645742483857,Drilling,Drilling,Drilling,High,0.5196086704552337,0.17956910667275675,0.30082222287200955,Drilling stress = 1.46; Assembly stress = 0.92
1186,Crack,1.1127455250222362,0.5977989198794719,0.9115097073354386,1.1127455250222362,Drilling,Drilling,Drilling,Low,0.47248131215071953,0.1411614695733222,0.3863572182759583,Drilling stress = 1.11; Assembly stress = 0.91
1187,Crack,0.5483213208038988,0.5216805097846244,0.3302514439150583,0.5483213208038988,Drilling,No clear abnormal zone,No clear abnormal zone,Low,,,,No production zone shows strong deviation from baseline.
1188,Crack,1.3914975762198687,1.587806056406361,0.9159809780714095,1.587806056406361,Milling,Milling,Drilling,Medium,0.4484274782323801,0.27284620084668443,0.27872632092093547,Drilling stress = 1.39; Assembly stress = 0.92
1189,Crack,1.3131402104625836,0.5747261014322858,0.920257382755424,1.3131402104625836,Drilling,Drilling,Drilling,Medium,0.5224541848229325,0.12483289536454471,0.35271291981252284,Drilling stress = 1.31; Assembly stress = 0.92
1190,Crack,0.7890829696452899,0.6580410019090974,0.8724976618133563,0.8724976618133563,Assembly,No clear abnormal zone,No clear abnormal zone,Low,,,,No production zone shows strong deviation from baseline.
1191,Crack,0.2749156087375436,1.037414059311503,0.7547794107659727,1.037414059311503,Milling,Milling,Assembly,Medium,0.27117416339757994,0.29064789561052856,0.43817794099189145,Assembly stress = 0.75; Milling stress = 1.04
1192,Crack,0.6418481595537522,1.1876485942517907,0.8646758267773265,1.1876485942517907,Milling,Milling,Assembly,Low,0.32127482953035064,0.2772584705319779,0.4014666999376714,Assembly stress = 0.86; Drilling stress = 0.64
1193,Crack,1.3039298707938385,0.5848621345790442,0.90520607256913,1.3039298707938385,Drilling,Drilling,Drilling,Medium,0.5222534328187688,0.12722256802812754,0.35052399915310367,Drilling stress = 1.30; Assembly stress = 0.91
1194,Crack,1.4464512342022675,1.2010716122077891,0.9172842542022904,1.4464512342022675,Drilling,Drilling,Drilling,High,0.5049741914486601,0.19754778794928637,0.2974780206020537,Drilling stress = 1.45; Assembly stress = 0.92
1195,Crack,0.9890014203986028,0.9243247960957032,1.078928877100716,1.078928877100716,Assembly,Assembly,Assembly,Low,0.390201238378573,0.1828815722218688,0.42691718939955814,Assembly stress = 1.08; Drilling stress = 0.99
1196,Crack,0.3720191001544243,0.5501915807387756,0.8490053877099775,0.8490053877099775,Assembly,No clear abnormal zone,No clear abnormal zone,Low,,,,No production zone shows strong deviation from baseline.
1197,Crack,1.3289724332923534,1.235970330118738,1.6644313579014132,1.6644313579014132,Assembly,Assembly,Assembly,Medium,0.3503635877888614,0.15962417624911446,0.490012235962024,Assembly stress = 1.66; Drilling stress = 1.33
1198,Crack,1.0238643698426535,0.7485094399813371,0.9104161416878782,1.0238643698426535,Drilling,Drilling,Drilling,Low,0.44006303939385233,0.1670704997586858,0.39286646084746196,Drilling stress = 1.02; Assembly stress = 0.91
1199,Crack,1.213244805337177,1.118430704410904,1.4681862251884712,1.4681862251884712,Assembly,Assembly,Assembly,Medium,0.3642778863301218,0.16566301896637808,0.47005909470350005,Assembly stress = 1.47; Drilling stress = 1.21
1200,Crack,0.9328225786458186,0.9438119741396368,0.9090983721086714,0.9438119741396368,Milling,No clear abnormal zone,No clear abnormal zone,Low,,,,No production zone shows strong deviation from baseline.
1201,Crack,1.3374432594690282,1.244176257531059,1.6684068784617665,1.6684068784617665,Assembly,Assembly,Assembly,Medium,0.35115019575571116,0.1599401779611081,0.48890962628318074,Assembly stress = 1.67; Drilling stress = 1.34
1202,Crack,0.56147326941523,0.4669492575787313,0.3486869982880777,0.56147326941523,Drilling,No clear abnormal zone,No clear abnormal zone,Low,,,,No production zone shows strong deviation from baseline.
1203,Crack,1.4390656288215278,1.342030318058728,1.6684622038506898,1.6684622038506898,Assembly,Assembly,Assembly,Low,0.36878558283307344,0.16734087629944225,0.4638735408674843,Assembly stress = 1.67; Drilling stress = 1.44
1204,Crack,1.4595434697598084,0.5997543417732029,0.9157239558844223,1.4595434697598084,Drilling,Drilling,Drilling,High,0.5579882774725832,0.11808463882238485,0.323927083705032,Drilling stress = 1.46; Assembly stress = 0.92
1205,Crack,1.492289052140199,0.7867759770708327,0.9201663409169856,1.492289052140199,Drilling,Drilling,Drilling,High,0.5521037334034953,0.13632962899570747,0.3115666376007973,Drilling stress = 1.49; Assembly stress = 0.92
1206,Crack,1.1154281373960089,1.028550899993942,1.3074413318790137,1.3074413318790137,Assembly,Assembly,Assembly,Low,0.3745204281079982,0.17167822351779108,0.4538013483742107,Assembly stress = 1.31; Drilling stress = 1.12
1207,Crack,1.0605079193577631,1.2425305580529356,0.9059550851461624,1.2425305580529356,Milling,Milling,Drilling,Low,0.40706354598067745,0.2441651313021567,0.3487713227171658,Drilling stress = 1.06; Assembly stress = 0.91
1208,Crack,1.0441442343982632,0.9309044587566848,1.1831046273421673,1.1831046273421673,Assembly,Assembly,Assembly,Low,0.38527526445556604,0.17201317887198975,0.44271155667244416,Assembly stress = 1.18; Drilling stress = 1.04
1209,Crack,1.3316361743471457,1.2370658972086153,1.6682302379146543,1.6682302379146543,Assembly,Assembly,Assembly,Medium,0.3502562603424925,0.15932523262809967,0.49041850702940776,Assembly stress = 1.67; Drilling stress = 1.33
1210,Crack,1.3102150196109337,0.8542122596539539,0.918050668505534,1.3102150196109337,Drilling,Drilling,Drilling,Medium,0.5018822808194423,0.1590495281185101,0.33906819106204766,Drilling stress = 1.31; Assembly stress = 0.92
1211,Crack,0.5538214855103268,1.8026202827637472,0.8518066238179791,1.8026202827637472,Milling,Milling,Milling,Low,0.24448573431644616,0.4261573215687134,0.3293569441148405,Milling stress = 1.80; Assembly stress = 0.85
1212,Crack,0.3193894009073039,0.9883317565774918,0.3194918243676649,0.9883317565774918,Milling,No clear abnormal zone,No clear abnormal zone,Low,,,,No production zone shows strong deviation from baseline.
1213,Crack,0.1833002209236479,0.0171041042083024,0.412422760496058,0.412422760496058,Assembly,No clear abnormal zone,No clear abnormal zone,Low,,,,No production zone shows strong deviation from baseline.
1214,Crack,0.2552223249757106,0.3960638443524946,0.7715880100196792,0.7715880100196792,Assembly,No clear abnormal zone,No clear abnormal zone,Low,,,,No production zone shows strong deviation from baseline.
1215,Crack,0.3241917660487087,1.2940414057500425,0.7949079448788637,1.2940414057500425,Milling,Milling,Assembly,Low,0.255107610938673,0.33642926499938436,0.4084631240619425,Assembly stress = 0.79; Milling stress = 1.29
1216,Crack,1.4740549539872916,0.8164624566174628,0.9123953679673767,1.4740549539872916,Drilling,Drilling,Drilling,High,0.5466540664737336,0.14160995816647826,0.3117359753597882,Drilling stress = 1.47; Assembly stress = 0.91
1217,Crack,1.5180302709407831,0.609215768229121,0.9175543118806536,1.5180302709407831,Drilling,Drilling,Drilling,High,0.5714118092868868,0.11513996480737833,0.3134482259057348,Drilling stress = 1.52; Assembly stress = 0.92
1218,Crack,0.2952970907798768,0.9985814882559008,0.5005199127118233,0.9985814882559008,Milling,No clear abnormal zone,No clear abnormal zone,Low,,,,No production zone shows strong deviation from baseline.
1219,Crack,1.5052989741389156,0.6095080637965784,0.9135161675553042,1.5052989741389156,Drilling,Drilling,Drilling,High,0.5689958106467871,0.11615610051164788,0.3148480888415652,Drilling stress = 1.51; Assembly stress = 0.91
1220,Crack,0.5431238011815572,0.7006237728035904,0.8262392052849856,0.8262392052849856,Assembly,No clear abnormal zone,No clear abnormal zone,Low,,,,No production zone shows strong deviation from baseline.
1221,Crack,1.4398078057640638,1.2898415315865293,0.9178860259972976,1.4398078057640638,Drilling,Drilling,Drilling,High,0.49413276390260735,0.21265917763669645,0.2932080584606962,Drilling stress = 1.44; Assembly stress = 0.92
1222,Crack,1.40322421451435,1.0431322092567337,0.9152300674909096,1.40322421451435,Drilling,Drilling,Drilling,Medium,0.5095119420272797,0.1777208578959161,0.31276720007680425,Drilling stress = 1.40; Assembly stress = 0.92
1223,Crack,0.997551833644855,0.9211983161000852,1.0914376945228617,1.0914376945228617,Assembly,Assembly,Assembly,Low,0.39036902256351314,0.18083622824458587,0.42879474919190097,Assembly stress = 1.09; Drilling stress = 1.00
1224,Crack,0.2198492476297193,0.4633083013172546,0.4134663311868896,0.4633083013172546,Milling,No clear abnormal zone,No clear abnormal zone,Low,,,,No production zone shows strong deviation from baseline.
1225,Crack,1.3340520124935538,1.2399585407502671,1.6679242511652737,1.6679242511652737,Assembly,Assembly,Assembly,Medium,0.3506970982077114,0.15960184267346236,0.4897010591188263,Assembly stress = 1.67; Drilling stress = 1.33
1226,Crack,1.416717169711639,0.953269359611146,0.8989021617974078,1.416717169711639,Drilling,Drilling,Drilling,High,0.5234570487869925,0.16465625372492831,0.31188669748807923,Drilling stress = 1.42; Assembly stress = 0.90
1227,Crack,0.2281941497011706,0.7550716702014004,0.5172981054381608,0.7550716702014004,Milling,No clear abnormal zone,No clear abnormal zone,Low,,,,No production zone shows strong deviation from baseline.
1228,Crack,1.3527891535850365,0.5716407593313472,0.9143413105722688,1.3527891535850365,Drilling,Drilling,Drilling,Medium,0.5336245402886497,0.12216797093936181,0.34420748877198853,Drilling stress = 1.35; Assembly stress = 0.91
1229,Crack,0.8565700681794604,0.918702702318874,0.8915174732761124,0.918702702318874,Milling,No clear abnormal zone,No clear abnormal zone,Low,,,,No production zone shows strong deviation from baseline.
1230,Crack,0.8722497331211241,0.8176780518684467,0.8640272144520578,0.8722497331211241,Drilling,No clear abnormal zone,No clear abnormal zone,Low,,,,No production zone shows strong deviation from baseline.
1231,Crack,0.9042366894541336,0.6486678389014948,0.878707212612954,0.9042366894541336,Drilling,No clear abnormal zone,No clear abnormal zone,Low,,,,No production zone shows strong deviation from baseline.
1232,Crack,1.2294661502035755,1.1339245346384956,1.501247674942246,1.501247674942246,Assembly,Assembly,Assembly,Medium,0.3614361332026054,0.16425113347050915,0.4743127333268854,Assembly stress = 1.50; Drilling stress = 1.23
1233,Crack,1.3472687959757597,0.6057180181570452,0.911205514223218,1.3472687959757597,Drilling,Drilling,Drilling,Medium,0.5305703764241047,0.126375123100747,0.34305450047514824,Drilling stress = 1.35; Assembly stress = 0.91
1234,Crack,0.6723077622275158,1.0085999687324916,0.9061262340651924,1.0085999687324916,Milling,Milling,Assembly,Low,0.3374628531938956,0.23618147362992628,0.4263556731761781,Assembly stress = 0.91; Drilling stress = 0.67
1235,Crack,1.0002573134991544,1.3778591475175903,0.9113312929103898,1.3778591475175903,Milling,Milling,Drilling,Low,0.3781713090382074,0.2758347473538742,0.3459939436079184,Drilling stress = 1.00; Assembly stress = 0.91
1236,Crack,1.0152143986125095,0.7284271821201653,0.8636503435742817,1.0152143986125095,Drilling,Drilling,Drilling,Low,0.4474876478033752,0.1679580990044827,0.38455425319214215,Drilling stress = 1.02; Assembly stress = 0.86
1237,Crack,0.6836126363699176,0.7668277827996648,0.8591997853569162,0.8591997853569162,Assembly,No clear abnormal zone,No clear abnormal zone,Low,,,,No production zone shows strong deviation from baseline.
1238,Crack,0.5617970417437457,0.427455259582383,0.3140694714825506,0.5617970417437457,Drilling,No clear abnormal zone,No clear abnormal zone,Low,,,,No production zone shows strong deviation from baseline.
1239,Crack,0.2920974357582326,0.4376576781675944,0.3917991048001795,0.4376576781675944,Milling,No clear abnormal zone,No clear abnormal zone,Low,,,,No production zone shows strong deviation from baseline.
1240,Crack,1.01276700455913,0.9268233819093756,1.1295362909649405,1.1295362909649405,Assembly,Assembly,Assembly,Low,0.38719423341863374,0.17765361283095413,0.43515215375041205,Assembly stress = 1.13; Drilling stress = 1.01
1241,Crack,1.3837147375855965,0.5655934888135071,0.9026782247586572,1.3837147375855965,Drilling,Drilling,Drilling,High,0.5438411287936318,0.11998763936828898,0.33617123183807934,Drilling stress = 1.38; Assembly stress = 0.90
1242,Crack,1.1411513945198095,1.4218003599123838,0.8998296259466148,1.4218003599123838,Milling,Milling,Drilling,Low,0.4085662974204389,0.2704685920302317,0.3209651105493294,Drilling stress = 1.14; Assembly stress = 0.90
1243,Crack,0.669915586089789,0.4085395451357176,0.5977034017830847,0.669915586089789,Drilling,No clear abnormal zone,No clear abnormal zone,Low,,,,No production zone shows strong deviation from baseline.
1244,Crack,1.2290150620356564,1.1347494576844306,1.4964338093001328,1.4964338093001328,Assembly,Assembly,Assembly,Medium,0.36210787713934206,0.1647665108012685,0.4731256120593894,Assembly stress = 1.50; Drilling stress = 1.23
1245,Crack,0.3642213933514956,0.5166290122955888,0.8032862244932533,0.8032862244932533,Assembly,No clear abnormal zone,No clear abnormal zone,Low,,,,No production zone shows strong deviation from baseline.
1246,Crack,0.2381249691109809,0.346972710563842,0.6206699895495638,0.6206699895495638,Assembly,No clear abnormal zone,No clear abnormal zone,Low,,,,No production zone shows strong deviation from baseline.
1247,Crack,0.6122287837024609,0.5438495382296449,0.9092851604813454,0.9092851604813454,Assembly,No clear abnormal zone,No clear abnormal zone,Low,,,,No production zone shows strong deviation from baseline.
1248,Crack,1.2771197039875586,0.5686216161104669,0.8916732352628225,1.2771197039875586,Drilling,Drilling,Drilling,Medium,0.5191195673124432,0.12780286612990482,0.353077566557652,Drilling stress = 1.28; Assembly stress = 0.89
1249,Crack,0.5956904240703769,0.5980320064145273,0.4106053552877446,0.5980320064145273,Milling,No clear abnormal zone,No clear abnormal zone,Low,,,,No production zone shows strong deviation from baseline.
1250,Crack,1.4392524683467258,2.5649113860554844,0.9118153350526436,2.5649113860554844,Milling,Milling,Milling,Medium,0.31936240098304713,0.4921769214774626,0.18846067753949022,Milling stress = 2.56; Drilling stress = 1.44
1251,Crack,0.2892340675668846,0.8387277308907302,0.8339422918545953,0.8387277308907302,Milling,No clear abnormal zone,No clear abnormal zone,Low,,,,No production zone shows strong deviation from baseline.
1252,Crack,0.2746997884727097,0.4120125750517122,0.7421868624702948,0.7421868624702948,Assembly,No clear abnormal zone,No clear abnormal zone,Low,,,,No production zone shows strong deviation from baseline.
1253,Crack,0.9819761001238198,0.9072071016044596,1.0582515641885002,1.0582515641885002,Assembly,Assembly,Assembly,Low,0.39319942081478243,0.18243623891867192,0.42436434026654557,Assembly stress = 1.06; Drilling stress = 0.98
1254,Crack,0.6839885139771612,0.4253472645448658,0.5362122058719999,0.6839885139771612,Drilling,No clear abnormal zone,No clear abnormal zone,Low,,,,No production zone shows strong deviation from baseline.
1255,Crack,1.3863481156779802,0.9345617028797542,0.917458580212526,1.3863481156779802,Drilling,Drilling,Drilling,Medium,0.5144187069315542,0.16371120745499512,0.3218700856134507,Drilling stress = 1.39; Assembly stress = 0.92
1256,Crack,0.8744686105001649,0.8499453173633874,0.8965439281247403,0.8965439281247403,Assembly,No clear abnormal zone,No clear abnormal zone,Low,,,,No production zone shows strong deviation from baseline.
1257,Crack,0.3862756061203381,0.5715626542973684,0.8494661040645787,0.8494661040645787,Assembly,No clear abnormal zone,No clear abnormal zone,Low,,,,No production zone shows strong deviation from baseline.
1258,Crack,0.8724765778809573,0.5476045855790204,0.9004244098825196,0.9004244098825196,Assembly,No clear abnormal zone,No clear abnormal zone,Low,,,,No production zone shows strong deviation from baseline.
1259,Crack,0.3805476955832813,1.149539704198051,0.3213174504256629,1.149539704198051,Milling,Milling,Milling,Low,0.33098500543274373,0.3570650226960624,0.311949971871194,Milling stress = 1.15; Drilling stress = 0.38
1260,Crack,1.1074326567105706,1.0185890340245252,1.296172503933712,1.296172503933712,Assembly,Assembly,Assembly,Low,0.37520340136424774,0.17165342606709436,0.453143172568658,Assembly stress = 1.30; Drilling stress = 1.11
1261,Crack,0.4546733524613982,1.0841640461257986,0.8683751653590925,1.0841640461257986,Milling,Milling,Assembly,Medium,0.2897934723217639,0.2719211182950176,0.43828540938321864,Assembly stress = 0.87; Drilling stress = 0.45
1262,Crack,0.4849273074718602,0.8044656920368938,0.8630839482227933,0.8630839482227933,Assembly,No clear abnormal zone,No clear abnormal zone,Low,,,,No production zone shows strong deviation from baseline.
1263,Crack,0.717194100746032,0.5539192439949048,0.620701472926192,0.717194100746032,Drilling,No clear abnormal zone,No clear abnormal zone,Low,,,,No production zone shows strong deviation from baseline.
1264,Crack,1.0679957992213291,0.9771263664926112,1.208432090782238,1.208432090782238,Assembly,Assembly,Assembly,Low,0.3835320206018282,0.17510862571611882,0.4413593536820529,Assembly stress = 1.21; Drilling stress = 1.07
1265,Crack,1.3389728042109528,1.240950180527271,1.6675515500929756,1.6675515500929756,Assembly,Assembly,Assembly,Medium,0.3518269022276281,0.15948812935810305,0.4886849684142689,Assembly stress = 1.67; Drilling stress = 1.34
1266,Crack,1.4397019029599574,0.7269947659615726,0.9179447761006267,1.4397019029599574,Drilling,Drilling,Drilling,High,0.5438819330601146,0.1333367483752417,0.3227813185646437,Drilling stress = 1.44; Assembly stress = 0.92
1267,Crack,0.4931572565724248,0.980808498333682,0.7891993958051143,0.980808498333682,Milling,No clear abnormal zone,No clear abnormal zone,Low,,,,No production zone shows strong deviation from baseline.
1268,Crack,1.3522765015395215,0.7814735189619212,0.91358765134801,1.3522765015395215,Drilling,Drilling,Drilling,Medium,0.5188290426726276,0.146587756298199,0.3345832010291734,Drilling stress = 1.35; Assembly stress = 0.91
1269,Crack,0.2996595039269913,0.2997466863234612,0.7100615692695733,0.7100615692695733,Assembly,No clear abnormal zone,No clear abnormal zone,Low,,,,No production zone shows strong deviation from baseline.
1270,Crack,1.5148184287279094,0.8389383343605314,0.9183529043516424,1.5148184287279094,Drilling,Drilling,Drilling,High,0.5539831404199547,0.14090796952899487,0.30510889005105046,Drilling stress = 1.51; Assembly stress = 0.92
1271,Crack,1.087791673553713,0.9976087077381416,1.2528819832136455,1.2528819832136455,Assembly,Assembly,Assembly,Low,0.3793077566609367,0.1732988831414626,0.4473933601976007,Assembly stress = 1.25; Drilling stress = 1.09
1272,Crack,0.765720135660799,0.5611721335567794,0.8872054216901545,0.8872054216901545,Assembly,No clear abnormal zone,No clear abnormal zone,Low,,,,No production zone shows strong deviation from baseline.
1273,Crack,0.8373206996666833,0.7881302177270351,0.8124636361516715,0.8373206996666833,Drilling,No clear abnormal zone,No clear abnormal zone,Low,,,,No production zone shows strong deviation from baseline.
1274,Crack,0.2854022057325147,0.5695315330169481,0.7452759992556535,0.7452759992556535,Assembly,No clear abnormal zone,No clear abnormal zone,Low,,,,No production zone shows strong deviation from baseline.
1275,Crack,1.0873146848871045,1.4872408568347713,0.8975852164642768,1.4872408568347713,Milling,Milling,Drilling,Low,0.3886453129841649,0.2898739366479743,0.3214807503678608,Drilling stress = 1.09; Assembly stress = 0.90
1276,Crack,0.4286169668293619,1.20358406307086,0.8455874447003563,1.20358406307086,Milling,Milling,Assembly,Medium,0.2775759129694024,0.30124213353208557,0.42118195349851195,Assembly stress = 0.85; Milling stress = 1.20
1277,Crack,0.2536556470313396,0.4221896929313691,0.4598431687601155,0.4598431687601155,Assembly,No clear abnormal zone,No clear abnormal zone,Low,,,,No production zone shows strong deviation from baseline.
1278,Crack,1.1206429528085955,1.241852047635478,0.8813031037020935,1.241852047635478,Milling,Milling,Drilling,Low,0.42524640465089913,0.24002202520904023,0.33473157014006055,Drilling stress = 1.12; Assembly stress = 0.88
1279,Crack,1.1868756484009184,0.9567603432915834,0.9091988258482782,1.1868756484009184,Drilling,Drilling,Drilling,Medium,0.4640882481975006,0.18434559664522504,0.3515661551572743,Drilling stress = 1.19; Assembly stress = 0.91
1280,Crack,1.0141599521119482,1.047710895294965,1.1268974153614957,1.1268974153614957,Assembly,Assembly,Assembly,Low,0.3793053879906246,0.19612366738492973,0.42457094462444567,Assembly stress = 1.13; Drilling stress = 1.01
1281,Crack,1.136108107528086,1.04540661105065,1.3394708247830656,1.3394708247830656,Assembly,Assembly,Assembly,Low,0.3728335505868301,0.17025263087728867,0.4569138185358813,Assembly stress = 1.34; Drilling stress = 1.14
1282,Crack,1.448150541287598,1.3530552738327493,1.6684622038506898,1.6684622038506898,Assembly,Assembly,Assembly,Low,0.37021840270164835,0.16831726170850106,0.4614643355898505,Assembly stress = 1.67; Drilling stress = 1.45
1283,Crack,1.440313244765682,1.343253629137346,1.6684622038506898,1.6684622038506898,Assembly,Assembly,Assembly,Low,0.3690005043368761,0.1674343299882434,0.46356516567488043,Assembly stress = 1.67; Drilling stress = 1.44
1284,Crack,0.2221550308885755,0.2137550563795488,0.6733013098088556,0.6733013098088556,Assembly,No clear abnormal zone,No clear abnormal zone,Low,,,,No production zone shows strong deviation from baseline.
1285,Crack,0.6813179590655515,0.3427071170702394,0.5723548743396367,0.6813179590655515,Drilling,No clear abnormal zone,No clear abnormal zone,Low,,,,No production zone shows strong deviation from baseline.
1286,Crack,1.4387002896304264,0.7196593957216133,0.912712382571604,1.4387002896304264,Drilling,Drilling,Drilling,High,0.5450836166380099,0.1327876364184862,0.3221287469435041,Drilling stress = 1.44; Assembly stress = 0.91
1287,Crack,1.2333213061578276,0.8704295432370885,0.9112357504750042,1.2333213061578276,Drilling,Drilling,Drilling,Medium,0.48251671752559283,0.1678342062248649,0.34964907624954217,Drilling stress = 1.23; Assembly stress = 0.91
1288,Crack,0.4385855057262269,0.5181595361663648,0.3024692824075242,0.5181595361663648,Milling,No clear abnormal zone,No clear abnormal zone,Low,,,,No production zone shows strong deviation from baseline.
1289,Crack,0.2561229776475631,0.5186865523395777,0.3527905523378284,0.5186865523395777,Milling,No clear abnormal zone,No clear abnormal zone,Low,,,,No production zone shows strong deviation from baseline.
1290,Crack,0.2706613332548384,0.216514151675315,0.6851437293887657,0.6851437293887657,Assembly,No clear abnormal zone,No clear abnormal zone,Low,,,,No production zone shows strong deviation from baseline.
1291,Crack,1.2237921948781718,0.7343346324332797,0.9177976375564292,1.2237921948781718,Drilling,Drilling,Drilling,Medium,0.48950740262533426,0.15002393404704248,0.3604686633276233,Drilling stress = 1.22; Assembly stress = 0.92
1292,Crack,0.5270175604811125,1.966717974937252,0.8233489820958287,1.966717974937252,Milling,Milling,Milling,Medium,0.22448545511748058,0.4736005055751235,0.3019140393073959,Milling stress = 1.97; Assembly stress = 0.82
1293,Crack,0.4750458775757148,0.2003587063670076,0.3389990100221005,0.4750458775757148,Drilling,No clear abnormal zone,No clear abnormal zone,Low,,,,No production zone shows strong deviation from baseline.
1294,Crack,0.3161686923818181,0.8231526564853365,0.7644586772788635,0.8231526564853365,Milling,No clear abnormal zone,No clear abnormal zone,Low,,,,No production zone shows strong deviation from baseline.
1295,Crack,0.6587323887341094,0.3166242727902006,0.5442773989943479,0.6587323887341094,Drilling,No clear abnormal zone,No clear abnormal zone,Low,,,,No production zone shows strong deviation from baseline.
1296,Crack,1.2477229352205157,0.7856760796762525,0.913170591540584,1.2477229352205157,Drilling,Drilling,Drilling,Medium,0.4924519928147437,0.15512060998021246,0.3524273972050439,Drilling stress = 1.25; Assembly stress = 0.91
1297,Crack,1.1187452350559457,1.0274856450369865,1.3076108749304645,1.3076108749304645,Assembly,Assembly,Assembly,Low,0.3753374729773806,0.17130040654827017,0.4533621204743493,Assembly stress = 1.31; Drilling stress = 1.12
1298,Crack,0.263599524003154,1.74251527405256,0.4212413791360236,1.74251527405256,Milling,Milling,Milling,High,0.22910350230732518,0.5026743003086307,0.2682221973840441,Milling stress = 1.74; Assembly stress = 0.42
1299,Crack,1.438149737382728,0.9358635101340902,0.9120675150542314,1.438149737382728,Drilling,Drilling,Drilling,High,0.528125786453707,0.15979649180731662,0.31207772173897635,Drilling stress = 1.44; Assembly stress = 0.91
1300,Crack,1.4495034754608045,1.3547614138857598,1.6684622038506898,1.6684622038506898,Assembly,Assembly,Assembly,Low,0.37042748959932875,0.16847181636336195,0.46110069403730924,Assembly stress = 1.67; Drilling stress = 1.45
1301,Crack,0.3692946790663352,0.402890872356532,0.2244274047995281,0.402890872356532,Milling,No clear abnormal zone,No clear abnormal zone,Low,,,,No production zone shows strong deviation from baseline.
1302,Crack,0.2834624624157654,1.5469806110698754,0.8234967051915281,1.5469806110698754,Milling,Milling,Milling,Low,0.22296599875070175,0.39440971546589787,0.38262428578340035,Milling stress = 1.55; Assembly stress = 0.82
1303,Crack,0.3762732076005785,0.5600922806003222,0.8283158400324683,0.8283158400324683,Assembly,No clear abnormal zone,No clear abnormal zone,Low,,,,No production zone shows strong deviation from baseline.
1304,Crack,0.3491952807282765,0.8187372124708926,0.4209262161993778,0.8187372124708926,Milling,No clear abnormal zone,No clear abnormal zone,Low,,,,No production zone shows strong deviation from baseline.
1305,Crack,0.972339611044152,0.8903648882250845,0.8938032437882351,0.972339611044152,Drilling,No clear abnormal zone,No clear abnormal zone,Low,,,,No production zone shows strong deviation from baseline.
1306,Crack,0.297469999203048,0.0450857263194436,0.4483711742504436,0.4483711742504436,Assembly,No clear abnormal zone,No clear abnormal zone,Low,,,,No production zone shows strong deviation from baseline.
1307,Crack,0.2795928262888726,0.3404323505255925,0.7183365785734437,0.7183365785734437,Assembly,No clear abnormal zone,No clear abnormal zone,Low,,,,No production zone shows strong deviation from baseline.
1308,Crack,0.6010260212540046,0.6640138042469047,0.8662425476408597,0.8662425476408597,Assembly,No clear abnormal zone,No clear abnormal zone,Low,,,,No production zone shows strong deviation from baseline.
1309,Crack,1.0173858482695857,0.8104039984379671,0.9185905995056454,1.0173858482695857,Drilling,Drilling,Drilling,Low,0.43244264607656524,0.1757953750631363,0.39176197886029834,Drilling stress = 1.02; Assembly stress = 0.92
1310,Crack,0.387923536607126,0.3318361790551946,0.4664322481291553,0.4664322481291553,Assembly,No clear abnormal zone,No clear abnormal zone,Low,,,,No production zone shows strong deviation from baseline.
1311,Crack,1.127958965639228,0.6463162680913634,0.90278757225049,1.127958965639228,Drilling,Drilling,Drilling,Low,0.4745491583898958,0.14658058345970265,0.37887025815040165,Drilling stress = 1.13; Assembly stress = 0.90
1312,Crack,1.1221869381856986,1.032298778714451,1.3179086019795332,1.3179086019795332,Assembly,Assembly,Assembly,Low,0.3740827885053008,0.17096208256463552,0.45495512893006373,Assembly stress = 1.32; Drilling stress = 1.12
1313,Crack,1.4397660490806157,1.171626199527628,0.917848313637504,1.4397660490806157,Drilling,Drilling,Drilling,High,0.5061287341837416,0.19354383459694816,0.30032743121931016,Drilling stress = 1.44; Assembly stress = 0.92
1314,Crack,0.7419227713656888,0.9208324537698792,0.8128558864110256,0.9208324537698792,Milling,No clear abnormal zone,No clear abnormal zone,Low,,,,No production zone shows strong deviation from baseline.
1315,Crack,1.4611864522792568,1.3089663841846266,0.9167204251844738,1.4611864522792568,Drilling,Drilling,Drilling,High,0.4976235691282557,0.21367937786270091,0.28869705300904325,Drilling stress = 1.46; Assembly stress = 0.92
1316,Crack,1.1120796164869915,1.0191173311983,1.2922325230971703,1.2922325230971703,Assembly,Assembly,Assembly,Low,0.3769297333160051,0.17173443832557791,0.451335828358417,Assembly stress = 1.29; Drilling stress = 1.11
1317,Crack,1.0884884105554646,0.9967231604263632,1.2470748170438426,1.2470748170438426,Assembly,Assembly,Assembly,Low,0.38051564738819416,0.17357588286642944,0.44590846974537646,Assembly stress = 1.25; Drilling stress = 1.09
1318,Crack,1.082596085158703,0.9048658362492984,0.9108744552437036,1.082596085158703,Drilling,Drilling,Drilling,Low,0.44232175264590273,0.18514885718114485,0.3725293901729524,Drilling stress = 1.08; Assembly stress = 0.91
1319,Crack,1.338822118129386,1.2430763601364792,1.6684580320060645,1.6684580320060645,Assembly,Assembly,Assembly,Medium,0.3515174115176228,0.15971105979174022,0.4887715286906369,Assembly stress = 1.67; Drilling stress = 1.34
1320,Crack,0.2866761158722987,0.2572464872742298,0.7290145645739917,0.7290145645739917,Assembly,No clear abnormal zone,No clear abnormal zone,Low,,,,No production zone shows strong deviation from baseline.
1321,Crack,1.0786660745420902,0.926265607590282,0.8892137806456972,1.0786660745420902,Drilling,Drilling,Drilling,Low,0.4431181690838019,0.19024045684053614,0.36664137407566205,Drilling stress = 1.08; Assembly stress = 0.89
1322,Crack,1.4961227570196751,0.7310569316835374,0.914933265178643,1.4961227570196751,Drilling,Drilling,Drilling,High,0.5580717091083812,0.1298363042828111,0.31209198660880777,Drilling stress = 1.50; Assembly stress = 0.91
1323,Crack,1.0125163737769434,0.9316386807391916,1.1163033732465788,1.1163033732465788,Assembly,Assembly,Assembly,Low,0.3890267415116273,0.1794009440553553,0.43157231443301747,Assembly stress = 1.12; Drilling stress = 1.01
1324,Crack,1.3373313293381122,1.0325548670226532,0.9169907175918433,1.3373313293381122,Drilling,Drilling,Drilling,Medium,0.49371326659927167,0.18200447484070542,0.3242822585600228,Drilling stress = 1.34; Assembly stress = 0.92
1325,Crack,1.3398963640657164,1.2434942345403257,1.6683697831316475,1.6683697831316475,Assembly,Assembly,Assembly,Medium,0.35175402224777363,0.15971369735121765,0.4885322804010087,Assembly stress = 1.67; Drilling stress = 1.34
1326,Crack,0.3352333491549897,0.4502038291257204,0.4287353784301476,0.4502038291257204,Milling,No clear abnormal zone,No clear abnormal zone,Low,,,,No production zone shows strong deviation from baseline.
1327,Crack,0.5784812528567922,0.4867667855491825,0.4096156277775226,0.5784812528567922,Drilling,No clear abnormal zone,No clear abnormal zone,Low,,,,No production zone shows strong deviation from baseline.
1328,Crack,1.4972610711892371,0.70829919962893,0.9181160411166458,1.4972610711892371,Drilling,Drilling,Drilling,High,0.5594294922566323,0.1270789374996934,0.31349157024367424,Drilling stress = 1.50; Assembly stress = 0.92
1329,Crack,0.2852092630907628,0.2539099875005128,0.7270144305048922,0.7270144305048922,Assembly,No clear abnormal zone,No clear abnormal zone,Low,,,,No production zone shows strong deviation from baseline.
1330,Crack,0.99108462884927,0.9214018404211296,1.0872666339780617,1.0872666339780617,Assembly,Assembly,Assembly,Low,0.3895136320232846,0.18164766323657838,0.4288387047401369,Assembly stress = 1.09; Drilling stress = 0.99
1331,Crack,1.2276539858619813,1.1330844555260997,1.495062464923891,1.495062464923891,Assembly,Assembly,Assembly,Medium,0.36212776785424816,0.164725489519202,0.4731467426265499,Assembly stress = 1.50; Drilling stress = 1.23
1332,Crack,1.0059875702886456,1.139689876096858,0.9151954308876968,1.139689876096858,Milling,Milling,Drilling,Low,0.4024576064911378,0.23001508438883228,0.3675273091200299,Drilling stress = 1.01; Assembly stress = 0.92
1333,Crack,0.6414181844699183,0.3228154761469695,0.4830356635948373,0.6414181844699183,Drilling,No clear abnormal zone,No clear abnormal zone,Low,,,,No production zone shows strong deviation from baseline.
1334,Crack,0.5195601488538453,0.4476607957259324,0.4547772797895038,0.5195601488538453,Drilling,No clear abnormal zone,No clear abnormal zone,Low,,,,No production zone shows strong deviation from baseline.
1335,Crack,1.2101183813864995,1.114156693668972,1.4702080510609488,1.4702080510609488,Assembly,Assembly,Assembly,Medium,0.36346509911805847,0.1651038072053291,0.4714310936766124,Assembly stress = 1.47; Drilling stress = 1.21
1336,Crack,1.2281457157651858,1.1345502636680895,1.5017389267075094,1.5017389267075094,Assembly,Assembly,Assembly,Medium,0.361010121218442,0.16437713014399863,0.47461274863755937,Assembly stress = 1.50; Drilling stress = 1.23
1337,Crack,0.7230681936418595,0.6604833887089581,0.6152267677593055,0.7230681936418595,Drilling,No clear abnormal zone,No clear abnormal zone,Low,,,,No production zone shows strong deviation from baseline.
1338,Crack,1.0351309869655507,0.8829397428664824,1.1460490800894867,1.1460490800894867,Assembly,Assembly,Assembly,Low,0.39266264329147216,0.16861405490941442,0.4387233017991134,Assembly stress = 1.15; Drilling stress = 1.04
1339,Crack,1.4439475338081995,1.348441334171626,1.6684622038506898,1.6684622038506898,Assembly,Assembly,Assembly,Low,0.3695257389180559,0.16793332347432938,0.4625409376076147,Assembly stress = 1.67; Drilling stress = 1.44
1340,Crack,1.0316303606832122,0.942761068369032,1.150818129356504,1.150818129356504,Assembly,Assembly,Assembly,Low,0.3869873170280521,0.1770399559769731,0.4359727269949748,Assembly stress = 1.15; Drilling stress = 1.03
1341,Crack,1.011530931195271,0.9383506530289532,1.117066805243009,1.117066805243009,Assembly,Assembly,Assembly,Low,0.3881953520052641,0.1804008354545969,0.43140381254013904,Assembly stress = 1.12; Drilling stress = 1.01
1342,Crack,1.1680288180835663,0.8959707132840304,0.8941543292602688,1.1680288180835663,Drilling,Drilling,Drilling,Medium,0.4669989344652872,0.1778822279619138,0.3551188375727991,Drilling stress = 1.17; Assembly stress = 0.89
1343,Crack,1.087090057767738,0.9987562384844556,1.244359770669758,1.244359770669758,Assembly,Assembly,Assembly,Low,0.38051188098575794,0.17417079559195792,0.44531732342228403,Assembly stress = 1.24; Drilling stress = 1.09
1344,Crack,1.3336777277103076,1.2368363910593525,1.6684312462604989,1.6684312462604989,Assembly,Assembly,Assembly,Medium,0.3506992754843762,0.15916486853400139,0.49013585598162235,Assembly stress = 1.67; Drilling stress = 1.33
1345,Crack,1.421073015605653,0.6950423653318323,0.9182599115194584,1.421073015605653,Drilling,Drilling,Drilling,High,0.5414948441491102,0.13099454932617005,0.32751060652471975,Drilling stress = 1.42; Assembly stress = 0.92
1346,Crack,0.9102789994740637,0.852537004728176,0.9467961565492156,0.9467961565492156,Assembly,No clear abnormal zone,No clear abnormal zone,Low,,,,No production zone shows strong deviation from baseline.
1347,Crack,0.3391343229572037,0.1520036430021115,0.2381321584790133,0.3391343229572037,Drilling,No clear abnormal zone,No clear abnormal zone,Low,,,,No production zone shows strong deviation from baseline.
1348,Crack,1.2314587766409375,1.5633178406413115,0.9178851998878924,1.5633178406413115,Milling,Milling,Drilling,Medium,0.4119279808653467,0.2870224437108328,0.3010495754238205,Drilling stress = 1.23; Assembly stress = 0.92
1349,Crack,0.5986096004970392,0.3444709154527736,0.3886120939212266,0.5986096004970392,Drilling,No clear abnormal zone,No clear abnormal zone,Low,,,,No production zone shows strong deviation from baseline.
1350,Crack,0.3477655470798685,0.8137864769627756,0.8176931167843194,0.8176931167843194,Assembly,No clear abnormal zone,No clear abnormal zone,Low,,,,No production zone shows strong deviation from baseline.
1351,Crack,0.4449117174297347,0.6673819770120684,0.3731345828368991,0.6673819770120684,Milling,No clear abnormal zone,No clear abnormal zone,Low,,,,No production zone shows strong deviation from baseline.
1352,Crack,1.2973170037015582,0.7744937909623932,0.9029245474423568,1.2973170037015582,Drilling,Drilling,Drilling,Medium,0.5074824011524934,0.15042906429428105,0.34208853455322547,Drilling stress = 1.30; Assembly stress = 0.90
1353,Crack,0.2306830133346955,0.3619066217934362,0.6240196754878542,0.6240196754878542,Assembly,No clear abnormal zone,No clear abnormal zone,Low,,,,No production zone shows strong deviation from baseline.
1354,Crack,0.2885907029521784,0.3344389562881554,0.5468000550847208,0.5468000550847208,Assembly,No clear abnormal zone,No clear abnormal zone,Low,,,,No production zone shows strong deviation from baseline.
1355,Crack,0.5046434191904484,0.5373485955648989,0.3977787008669,0.5373485955648989,Milling,No clear abnormal zone,No clear abnormal zone,Low,,,,No production zone shows strong deviation from baseline.
1356,Crack,0.3158789085285294,1.2988605318212625,0.716460352502355,1.2988605318212625,Milling,Milling,Assembly,Low,0.26117171044942517,0.34897927210175145,0.3898490174488233,Assembly stress = 0.72; Milling stress = 1.30
1357,Crack,0.3517056842318209,1.9935134326783115,0.7683240102111015,1.9935134326783115,Milling,Milling,Milling,High,0.19611411393041236,0.5064153951976113,0.2974704908719764,Milling stress = 1.99; Assembly stress = 0.77
1358,Crack,0.6424315182818084,0.5191792277548338,0.4241625581707007,0.6424315182818084,Drilling,No clear abnormal zone,No clear abnormal zone,Low,,,,No production zone shows strong deviation from baseline.
1359,Crack,0.2561762906009237,0.1593555686934352,0.6490195191447787,0.6490195191447787,Assembly,No clear abnormal zone,No clear abnormal zone,Low,,,,No production zone shows strong deviation from baseline.
1360,Crack,1.5154258781147187,0.5860971658212979,0.9188619153137084,1.5154258781147187,Drilling,Drilling,Drilling,High,0.5720463992212439,0.11292729592585796,0.31502630485289823,Drilling stress = 1.52; Assembly stress = 0.92
1361,Crack,1.3407081245696404,1.2443949379185644,1.6684622038506898,1.6684622038506898,Assembly,Assembly,Assembly,Medium,0.3518726344005941,0.15978176394358165,0.4883456016558242,Assembly stress = 1.67; Drilling stress = 1.34
1362,Crack,0.2360187419299387,0.1536785392277078,0.6837990540542416,0.6837990540542416,Assembly,No clear abnormal zone,No clear abnormal zone,Low,,,,No production zone shows strong deviation from baseline.
1363,Crack,1.3271123513392504,1.232908804693666,1.660105749931535,1.660105749931535,Assembly,Assembly,Assembly,Medium,0.3508541921374752,0.15965576087915942,0.4894900469833655,Assembly stress = 1.66; Drilling stress = 1.33
1364,Crack,0.2978234653128071,0.3185614948059985,0.5171298150867056,0.5171298150867056,Assembly,No clear abnormal zone,No clear abnormal zone,Low,,,,No production zone shows strong deviation from baseline.
1365,Crack,1.2946091104305888,0.9578269332557218,0.914640650300374,1.2946091104305888,Drilling,Drilling,Drilling,Medium,0.48997627130693644,0.17493729690072507,0.33508643179233855,Drilling stress = 1.29; Assembly stress = 0.91
1366,Crack,1.017924748007787,0.9325112371368606,1.1279007180992169,1.1279007180992169,Assembly,Assembly,Assembly,Low,0.38830163346212476,0.1782561840819052,0.43344218245597005,Assembly stress = 1.13; Drilling stress = 1.02
1367,Crack,0.2614872506345422,0.2485497458686415,0.76578759517192,0.76578759517192,Assembly,No clear abnormal zone,No clear abnormal zone,Low,,,,No production zone shows strong deviation from baseline.
1368,Crack,0.2328485710467999,0.1106662100663531,0.5877902037250105,0.5877902037250105,Assembly,No clear abnormal zone,No clear abnormal zone,Low,,,,No production zone shows strong deviation from baseline.
1369,Crack,0.5539845742665988,0.4906618946295957,0.3690636719416027,0.5539845742665988,Drilling,No clear abnormal zone,No clear abnormal zone,Low,,,,No production zone shows strong deviation from baseline.
1370,Crack,0.2877645031876302,0.2542777123846512,0.8197985966660406,0.8197985966660406,Assembly,No clear abnormal zone,No clear abnormal zone,Low,,,,No production zone shows strong deviation from baseline.
1371,Crack,0.7695140260219813,0.6981541261701135,0.8887329541858213,0.8887329541858213,Assembly,No clear abnormal zone,No clear abnormal zone,Low,,,,No production zone shows strong deviation from baseline.
1372,Crack,0.2386738329536334,0.4449611059523712,0.8364064856611095,0.8364064856611095,Assembly,No clear abnormal zone,No clear abnormal zone,Low,,,,No production zone shows strong deviation from baseline.
1373,Crack,1.4043206510928905,0.6031793234730387,0.9101157476710656,1.4043206510928905,Drilling,Drilling,Drilling,High,0.5451183619453621,0.12232903723320912,0.3325526008214288,Drilling stress = 1.40; Assembly stress = 0.91
1374,Crack,1.236289651278103,0.8152938545097742,0.9174940684859564,1.236289651278103,Drilling,Drilling,Drilling,Medium,0.48656577764103875,0.1596891512731044,0.3537450710858569,Drilling stress = 1.24; Assembly stress = 0.92
1375,Crack,1.229978620051448,1.1334893390158367,1.4914560793373193,1.4914560793373193,Assembly,Assembly,Assembly,Medium,0.3632589073059093,0.16492310940798002,0.47181798328611074,Assembly stress = 1.49; Drilling stress = 1.23
1376,Crack,0.8206958899034436,0.8880217530834881,0.9035778426518004,0.9035778426518004,Assembly,No clear abnormal zone,No clear abnormal zone,Low,,,,No production zone shows strong deviation from baseline.
1377,Crack,1.444747952348995,1.3497144437543294,1.6684622038506898,1.6684622038506898,Assembly,Assembly,Assembly,Low,0.3696331834748834,0.16806157476515377,0.4623052417599628,Assembly stress = 1.67; Drilling stress = 1.44
1378,Crack,0.3082971953548797,0.5454197810158496,0.7212416375898301,0.7212416375898301,Assembly,No clear abnormal zone,No clear abnormal zone,Low,,,,No production zone shows strong deviation from baseline.
1379,Crack,0.2376117502945511,0.4781785445539067,0.6971058873526724,0.6971058873526724,Assembly,No clear abnormal zone,No clear abnormal zone,Low,,,,No production zone shows strong deviation from baseline.
1380,Crack,1.1610067434683722,1.070650122317208,1.389176859940903,1.389176859940903,Assembly,Assembly,Assembly,Low,0.36858183622354235,0.16836916251230435,0.46304900126415327,Assembly stress = 1.39; Drilling stress = 1.16
1381,Crack,0.6849311044126505,0.6692222157330303,0.5293069582017351,0.6849311044126505,Drilling,No clear abnormal zone,No clear abnormal zone,Low,,,,No production zone shows strong deviation from baseline.
1382,Crack,1.1187868125955829,1.0227764386723956,1.306886713886789,1.306886713886789,Assembly,Assembly,Assembly,Low,0.3757729581890959,0.1706863346671326,0.45354070714377154,Assembly stress = 1.31; Drilling stress = 1.12
1383,Crack,0.5697740485725439,0.3923846621049285,0.3980773655831501,0.5697740485725439,Drilling,No clear abnormal zone,No clear abnormal zone,Low,,,,No production zone shows strong deviation from baseline.
1384,Crack,1.4436801875344525,1.3490367510682986,1.6684622038506898,1.6684622038506898,Assembly,Assembly,Assembly,Low,0.3694265019702101,0.16803313489148064,0.46254036313830926,Assembly stress = 1.67; Drilling stress = 1.44
1385,Crack,1.4597649533775574,1.4198531223155824,0.917689637288854,1.4597649533775574,Drilling,Drilling,Drilling,High,0.4849714155326485,0.2329982494698684,0.28203033499748303,Drilling stress = 1.46; Assembly stress = 0.92
1386,Crack,1.3088021951488733,0.685457751987839,0.9184551482148472,1.3088021951488733,Drilling,Drilling,Drilling,Medium,0.5141662827247111,0.13783469387467134,0.34799902340061767,Drilling stress = 1.31; Assembly stress = 0.92
1387,Crack,1.32042819711376,1.7359150042701803,0.8894357317785443,1.7359150042701803,Milling,Milling,Drilling,Medium,0.41538281002753424,0.31467493557668214,0.2699422543957837,Drilling stress = 1.32; Milling stress = 1.74
1388,Crack,0.3512930933584729,0.4905516785319296,0.217000879611066,0.4905516785319296,Milling,No clear abnormal zone,No clear abnormal zone,Low,,,,No production zone shows strong deviation from baseline.
1389,Crack,0.9037489134754648,0.85843487973376,0.95158197662539,0.95158197662539,Assembly,No clear abnormal zone,No clear abnormal zone,Low,,,,No production zone shows strong deviation from baseline.
1390,Crack,0.4781091997941802,0.1500843054977297,0.3900185273512888,0.4781091997941802,Drilling,No clear abnormal zone,No clear abnormal zone,Low,,,,No production zone shows strong deviation from baseline.
1391,Crack,0.8045173893642638,0.7631508550473645,0.7605131129227967,0.8045173893642638,Drilling,No clear abnormal zone,No clear abnormal zone,Low,,,,No production zone shows strong deviation from baseline.
1392,Crack,1.001415369002861,0.919897059536812,1.099210440305413,1.099210440305413,Assembly,Assembly,Assembly,Low,0.3900772619917884,0.17977019434763492,0.43015254366057676,Assembly stress = 1.10; Drilling stress = 1.00
1393,Crack,0.309287836018437,0.3962288921206888,0.7949857300201066,0.7949857300201066,Assembly,No clear abnormal zone,No clear abnormal zone,Low,,,,No production zone shows strong deviation from baseline.
1394,Crack,0.2728712124122033,0.2984852543629484,0.713074120006818,0.713074120006818,Assembly,No clear abnormal zone,No clear abnormal zone,Low,,,,No production zone shows strong deviation from baseline.
1395,Crack,1.4470779156317146,1.3507385608166058,1.6684622038506898,1.6684622038506898,Assembly,Assembly,Assembly,Low,0.37011256055089975,0.16805992995318725,0.461827509495913,Assembly stress = 1.67; Drilling stress = 1.45
1396,Crack,1.448116904712084,0.9582008907748154,0.9187267699309016,1.448116904712084,Drilling,Drilling,Drilling,High,0.5276201294502045,0.16163058284833964,0.3107492877014559,Drilling stress = 1.45; Assembly stress = 0.92
1397,Crack,0.3307142448716027,0.3378973041661673,0.452000340675677,0.452000340675677,Assembly,No clear abnormal zone,No clear abnormal zone,Low,,,,No production zone shows strong deviation from baseline.
1398,Crack,1.2832149318606096,0.6023002716183151,0.9108576081823871,1.2832149318606096,Drilling,Drilling,Drilling,Medium,0.5148840426871565,0.130305262994646,0.3548106943181974,Drilling stress = 1.28; Assembly stress = 0.91
1399,Crack,0.272119901531565,0.1173702843661236,0.5215033969560074,0.5215033969560074,Assembly,No clear abnormal zone,No clear abnormal zone,Low,,,,No production zone shows strong deviation from baseline.
1400,Crack,1.2855599448460695,0.7611907373042834,0.918265458111463,1.2855599448460695,Drilling,Drilling,Drilling,Medium,0.5028739327718442,0.14883273923116974,0.348293327996986,Drilling stress = 1.29; Assembly stress = 0.92
1401,Crack,1.2131418506953051,1.1207604083411566,1.4737250098291723,1.4737250098291723,Assembly,Assembly,Assembly,Medium,0.3631655328559231,0.16555941290953985,0.47127505423453697,Assembly stress = 1.47; Drilling stress = 1.21
1402,Crack,0.3499809492972207,0.4113652894459309,0.3830111209644563,0.4113652894459309,Milling,No clear abnormal zone,No clear abnormal zone,Low,,,,No production zone shows strong deviation from baseline.
1403,Crack,1.3744222313340333,0.7323295404226999,0.9058157177423743,1.3744222313340333,Drilling,Drilling,Drilling,Medium,0.5293893498031242,0.1392797221608883,0.33133092803598746,Drilling stress = 1.37; Assembly stress = 0.91
1404,Crack,0.8717491228667162,1.2351075980604436,0.896739667365414,1.2351075980604436,Milling,Milling,Assembly,Low,0.3643808825677865,0.26201742151344926,0.37360169591876424,Assembly stress = 0.90; Drilling stress = 0.87
1405,Crack,1.086291040018761,1.181502965254607,0.9054747822141264,1.181502965254607,Milling,Milling,Drilling,Low,0.419369035929999,0.230630308166808,0.35000065590319296,Drilling stress = 1.09; Assembly stress = 0.91
1406,Crack,0.2866944283505032,0.2327296016559608,0.6896839588126824,0.6896839588126824,Assembly,No clear abnormal zone,No clear abnormal zone,Low,,,,No production zone shows strong deviation from baseline.
1407,Crack,1.3998760984709813,0.7255936069778648,0.8996053709274106,1.3998760984709813,Drilling,Drilling,Drilling,High,0.5373087257747279,0.13688527491043986,0.3258059993148323,Drilling stress = 1.40; Assembly stress = 0.90
1408,Crack,0.1890965620102646,0.0333902277531917,0.3098586753060388,0.3098586753060388,Assembly,No clear abnormal zone,No clear abnormal zone,Low,,,,No production zone shows strong deviation from baseline.
1409,Crack,1.22547647451284,0.6202426086488889,0.9173841660510118,1.22547647451284,Drilling,Drilling,Drilling,Medium,0.4980524036933599,0.13595504143026685,0.3659925548763732,Drilling stress = 1.23; Assembly stress = 0.92
1410,Crack,0.9331368411795986,0.6892368400301814,0.8931944223571319,0.9331368411795986,Drilling,No clear abnormal zone,No clear abnormal zone,Low,,,,No production zone shows strong deviation from baseline.
1411,Crack,1.527733324411177,0.817962467510285,0.916539657630466,1.527733324411177,Drilling,Drilling,Drilling,High,0.5591024049993879,0.1374712235756232,0.3034263714249888,Drilling stress = 1.53; Assembly stress = 0.92
1412,Crack,0.68842858592592,0.572975834863684,0.8606192939959172,0.8606192939959172,Assembly,No clear abnormal zone,No clear abnormal zone,Low,,,,No production zone shows strong deviation from baseline.
1413,Crack,0.6900414859227895,1.2928210649312213,0.5164667550070934,1.2928210649312213,Milling,Milling,Drilling,Low,0.3630752986983657,0.33170388080640656,0.30522082049522786,Drilling stress = 0.69; Milling stress = 1.29
1414,Crack,1.0991423563979337,1.0098158366961014,1.2817213801147536,1.2817213801147536,Assembly,Assembly,Assembly,Low,0.37628183411857874,0.1720636938206328,0.45165447206078846,Assembly stress = 1.28; Drilling stress = 1.10
1415,Crack,1.424397371690295,0.6716575012360684,0.9186261893489444,1.424397371690295,Drilling,Drilling,Drilling,High,0.5438987796166025,0.12810831431147404,0.3279929060719234,Drilling stress = 1.42; Assembly stress = 0.92
1416,Crack,0.2870231374565749,0.323278220390554,0.3721379788042938,0.3721379788042938,Assembly,No clear abnormal zone,No clear abnormal zone,Low,,,,No production zone shows strong deviation from baseline.
1417,Crack,0.3333889829250189,0.3393021393013832,0.8465820090195767,0.8465820090195767,Assembly,No clear abnormal zone,No clear abnormal zone,Low,,,,No production zone shows strong deviation from baseline.
1418,Crack,1.1022548306503914,1.0108312931489718,1.273818556832518,1.273818556832518,Assembly,Assembly,Assembly,Low,0.3782898914904818,0.1726195590509682,0.44909054945855,Assembly stress = 1.27; Drilling stress = 1.10
1419,Crack,1.2217174391830754,1.1256125147609488,1.483188836761756,1.483188836761756,Assembly,Assembly,Assembly,Medium,0.3632369164135244,0.16497652296022947,0.47178656062624613,Assembly stress = 1.48; Drilling stress = 1.22
1420,Crack,0.7871711238262119,0.64081246619239,0.8978104291566379,0.8978104291566379,Assembly,No clear abnormal zone,No clear abnormal zone,Low,,,,No production zone shows strong deviation from baseline.
1421,Crack,1.4075087966091702,0.8378226629541837,0.9145371888171252,1.4075087966091702,Drilling,Drilling,Drilling,High,0.5280778758372809,0.1493676103096228,0.32255451385309625,Drilling stress = 1.41; Assembly stress = 0.91
1422,Crack,1.3816357460994402,0.8566511467123281,0.9049786553674106,1.3816357460994402,Drilling,Drilling,Drilling,Medium,0.521747035427181,0.15432350548298224,0.3239294590898368,Drilling stress = 1.38; Assembly stress = 0.90
1423,Crack,0.2622433747752489,0.5573840533238427,0.6153118707539779,0.6153118707539779,Assembly,No clear abnormal zone,No clear abnormal zone,Low,,,,No production zone shows strong deviation from baseline.
1424,Crack,1.11305123517837,1.0260804611608396,1.3024209123441608,1.3024209123441608,Assembly,Assembly,Assembly,Low,0.3749756879448575,0.17187083529978542,0.453153476755357,Assembly stress = 1.30; Drilling stress = 1.11
1425,Crack,0.6783425593933103,0.8417335660777004,0.8687473665815433,0.8687473665815433,Assembly,No clear abnormal zone,No clear abnormal zone,Low,,,,No production zone shows strong deviation from baseline.
1426,Crack,0.3296029436967704,0.2869227736130247,0.7458658932920578,0.7458658932920578,Assembly,No clear abnormal zone,No clear abnormal zone,Low,,,,No production zone shows strong deviation from baseline.
1427,Crack,0.6383560043786821,0.9772454982891492,0.879612773347888,0.9772454982891492,Milling,No clear abnormal zone,No clear abnormal zone,Low,,,,No production zone shows strong deviation from baseline.
1428,Crack,1.2316097812348958,1.1367024251055162,1.5058679133739268,1.5058679133739268,Assembly,Assembly,Assembly,Medium,0.3609739590672708,0.1641451805522817,0.4748808603804476,Assembly stress = 1.51; Drilling stress = 1.23
1429,Crack,0.9996504396193922,0.9157507927836206,1.088376839319345,1.088376839319345,Assembly,Assembly,Assembly,Low,0.39176611148914214,0.18011907860352064,0.4281148099073372,Assembly stress = 1.09; Drilling stress = 1.00
1430,Crack,0.3952694014564978,0.0966791417041947,0.3634504615501145,0.3952694014564978,Drilling,No clear abnormal zone,No clear abnormal zone,Low,,,,No production zone shows strong deviation from baseline.
1431,Crack,0.991573250903598,0.9111216970560368,1.0937173656935804,1.0937173656935804,Assembly,Assembly,Assembly,Low,0.38927275230561276,0.1795909071508746,0.4311363405435125,Assembly stress = 1.09; Drilling stress = 0.99
1432,Crack,1.096226096983833,1.007984117806702,1.2709550849273894,1.2709550849273894,Assembly,Assembly,Assembly,Low,0.3775446881261651,0.17282850134148486,0.44962681053235004,Assembly stress = 1.27; Drilling stress = 1.10
1433,Crack,0.3163525152130015,1.3394751976665602,0.7751533929173933,1.3394751976665602,Milling,Milling,Assembly,Low,0.2516920198794737,0.35008700126736403,0.39822097885316227,Assembly stress = 0.78; Milling stress = 1.34
1434,Crack,0.6511175685055793,0.8100019865997713,0.8800214741906568,0.8800214741906568,Assembly,No clear abnormal zone,No clear abnormal zone,Low,,,,No production zone shows strong deviation from baseline.
1435,Crack,0.3610342828800142,0.6011961524708028,0.8438295329010699,0.8438295329010699,Assembly,No clear abnormal zone,No clear abnormal zone,Low,,,,No production zone shows strong deviation from baseline.
1436,Crack,0.513674222647764,0.3917043291828732,0.3926187634897385,0.513674222647764,Drilling,No clear abnormal zone,No clear abnormal zone,Low,,,,No production zone shows strong deviation from baseline.
1437,Crack,1.2256100754230914,1.13056205303656,1.4956643712441118,1.4956643712441118,Assembly,Assembly,Assembly,Medium,0.3617028696498584,0.16445350235024947,0.4738436279998922,Assembly stress = 1.50; Drilling stress = 1.23
1438,Crack,1.3384737578332908,1.2426130175332504,1.6684622038506898,1.6684622038506898,Assembly,Assembly,Assembly,Medium,0.3514632949010861,0.1596681119784865,0.48886859312042746,Assembly stress = 1.67; Drilling stress = 1.34
1439,Crack,0.7184714254753906,1.0883115924189666,0.6210395502335677,1.0883115924189666,Milling,Milling,Drilling,Low,0.38009578862089455,0.2750949422576256,0.3448092691214799,Drilling stress = 0.72; Assembly stress = 0.62
1440,Crack,0.2892826841969439,0.431317440498608,0.3831194982449466,0.431317440498608,Milling,No clear abnormal zone,No clear abnormal zone,Low,,,,No production zone shows strong deviation from baseline.
1441,Crack,1.338679533450054,1.2410670987542538,1.667657627794962,1.667657627794962,Assembly,Assembly,Assembly,Medium,0.3517352300876022,0.15951198971974764,0.4887527801926501,Assembly stress = 1.67; Drilling stress = 1.34
1442,Crack,1.211266376782072,1.1188377530529927,1.4701077591558402,1.4701077591558402,Assembly,Assembly,Assembly,Medium,0.3634664658666258,0.16568878423518088,0.4708447498981933,Assembly stress = 1.47; Drilling stress = 1.21
1443,Crack,1.002134729039183,0.924946194820594,1.1094417109747772,1.1094417109747772,Assembly,Assembly,Assembly,Low,0.38817862375444107,0.1796714471512686,0.4321499290942903,Assembly stress = 1.11; Drilling stress = 1.00
1444,Crack,1.0969283705681194,1.002179344352234,1.2689050819630765,1.2689050819630765,Assembly,Assembly,Assembly,Low,0.3784365677914563,0.17211317655645236,0.4494502556520913,Assembly stress = 1.27; Drilling stress = 1.10
1445,Crack,0.9459766229798284,0.8803830291212803,1.0004966406643288,1.0004966406643288,Assembly,Assembly,Assembly,Low,0.3961511050392931,0.18550001120198065,0.41834888375872636,Assembly stress = 1.00; Drilling stress = 0.95
1446,Crack,0.8587985878108649,0.809459133542016,0.8662622350729985,0.8662622350729985,Assembly,No clear abnormal zone,No clear abnormal zone,Low,,,,No production zone shows strong deviation from baseline.
1447,Crack,0.9880354482309496,0.91222592475532,1.0908603064253874,1.0908603064253874,Assembly,Assembly,Assembly,Low,0.3888336822699846,0.18022300417428289,0.4309433135557326,Assembly stress = 1.09; Drilling stress = 0.99
1448,Crack,0.254076496946548,1.4345301601797706,0.3471626699065148,1.4345301601797706,Milling,Milling,Milling,Medium,0.2684216593887319,0.4369704543752009,0.2946078862360672,Milling stress = 1.43; Assembly stress = 0.35
1449,Crack,0.2218612588805437,0.273951792469129,0.6685493666860599,0.6685493666860599,Assembly,No clear abnormal zone,No clear abnormal zone,Low,,,,No production zone shows strong deviation from baseline.
1450,Crack,0.2446094141987608,0.2065086290072693,0.6867731599868045,0.6867731599868045,Assembly,No clear abnormal zone,No clear abnormal zone,Low,,,,No production zone shows strong deviation from baseline.
1451,Crack,1.2446773430395786,1.1507131259723056,1.524534314413462,1.524534314413462,Assembly,Assembly,Assembly,Medium,0.35995847183258495,0.16383785851004534,0.4762036696573697,Assembly stress = 1.52; Drilling stress = 1.24
1452,Crack,1.528313250376736,1.3118991007650564,0.916617618844488,1.528313250376736,Drilling,Drilling,Drilling,High,0.5141041478619643,0.20703017116364203,0.27886568097439357,Drilling stress = 1.53; Assembly stress = 0.92
1453,Crack,0.3847190798225774,0.5119260625462928,0.3449449408477166,0.5119260625462928,Milling,No clear abnormal zone,No clear abnormal zone,Low,,,,No production zone shows strong deviation from baseline.
1454,Crack,1.0059814870939694,0.9326021735356252,1.1068773443395077,1.1068773443395077,Assembly,Assembly,Assembly,Low,0.3889861556791283,0.18073235935617527,0.4302814849646964,Assembly stress = 1.11; Drilling stress = 1.01
1455,Crack,0.2902675217142846,0.3016210570730043,0.3069513555519602,0.3069513555519602,Assembly,No clear abnormal zone,No clear abnormal zone,Low,,,,No production zone shows strong deviation from baseline.
1456,Crack,1.0160256466808648,0.9344490484914854,1.122466037871773,1.122466037871773,Assembly,Assembly,Assembly,Low,0.3886298297655665,0.17909269435840916,0.43227747587602444,Assembly stress = 1.12; Drilling stress = 1.02
1457,Crack,0.2936963492479576,0.2528248951567706,0.7092438909325627,0.7092438909325627,Assembly,No clear abnormal zone,No clear abnormal zone,Low,,,,No production zone shows strong deviation from baseline.
1458,Crack,0.400071491393254,0.5168387932319278,0.3689949754070131,0.5168387932319278,Milling,No clear abnormal zone,No clear abnormal zone,Low,,,,No production zone shows strong deviation from baseline.
1459,Crack,0.6838643017448938,1.838428549834681,0.6235314691666471,1.838428549834681,Milling,Milling,Milling,Medium,0.2834650752317866,0.44966640772486327,0.26686851704335013,Milling stress = 1.84; Drilling stress = 0.68
1460,Crack,1.4193328560453329,1.048256315576075,0.9159825012761604,1.4193328560453329,Drilling,Drilling,Drilling,High,0.5129526886836657,0.17696640195639188,0.31008090935994237,Drilling stress = 1.42; Assembly stress = 0.92
1461,Crack,0.2326897195822664,1.0194324331152766,0.4717764633252385,1.0194324331152766,Milling,Milling,Assembly,Low,0.2968941127262595,0.32602402840007394,0.3770818588736664,Assembly stress = 0.47; Milling stress = 1.02
1462,Crack,0.4464380125802142,1.2700551113978753,0.7975125234319258,1.2700551113978753,Milling,Milling,Assembly,Low,0.28090228219396773,0.3200498538411753,0.39904786396485686,Assembly stress = 0.80; Milling stress = 1.27
1463,Crack,1.219413224904978,1.1250452448448465,1.4824179328923512,1.4824179328923512,Assembly,Assembly,Assembly,Medium,0.3628701439013074,0.16509645507995457,0.47203340101873803,Assembly stress = 1.48; Drilling stress = 1.22
1464,Crack,1.4622889640412895,0.7536103132291578,0.9156989125208695,1.4622889640412895,Drilling,Drilling,Drilling,High,0.5479248893575035,0.1348701391099687,0.31720497153252786,Drilling stress = 1.46; Assembly stress = 0.92
1465,Crack,1.3655628863164484,0.8495777991411337,0.9137958200582308,1.3655628863164484,Drilling,Drilling,Drilling,Medium,0.5168069329196907,0.15424420600834804,0.32894886107196125,Drilling stress = 1.37; Assembly stress = 0.91
1466,Crack,0.2879211413938475,1.6777261016686484,0.6540242933849572,1.6777261016686484,Milling,Milling,Milling,Medium,0.22476266326272515,0.4511062030451481,0.3241311336921267,Milling stress = 1.68; Assembly stress = 0.65
1467,Crack,1.4097464743181043,0.9257243178584112,0.8958067780046196,1.4097464743181043,Drilling,Drilling,Drilling,High,0.5245807425163507,0.1616494369219778,0.31376982056167146,Drilling stress = 1.41; Assembly stress = 0.90
1468,Crack,0.6780931770990977,0.7158492955847077,0.8350295006902894,0.8350295006902894,Assembly,No clear abnormal zone,No clear abnormal zone,Low,,,,No production zone shows strong deviation from baseline.
1469,Crack,1.4351024228482787,1.340332838615124,1.6684622038506898,1.6684622038506898,Assembly,Assembly,Assembly,Low,0.3679680855247713,0.1673486641909009,0.4646832502843278,Assembly stress = 1.67; Drilling stress = 1.44
1470,Crack,0.49540072623128,0.3664390996512696,0.7956863772909166,0.7956863772909166,Assembly,No clear abnormal zone,No clear abnormal zone,Low,,,,No production zone shows strong deviation from baseline.
1471,Crack,1.410113696769416,0.942112356007187,0.9165916488564544,1.410113696769416,Drilling,Drilling,Drilling,High,0.5198589141235301,0.1627815201358657,0.3173595657406042,Drilling stress = 1.41; Assembly stress = 0.92
1472,Crack,1.120311681775661,1.0297872019866692,1.3148391820107643,1.3148391820107643,Assembly,Assembly,Assembly,Low,0.3743267442138387,0.17096475143375758,0.4547085043524038,Assembly stress = 1.31; Drilling stress = 1.12
1473,Crack,1.436591460579029,1.3406337947919873,1.6684622038506898,1.6684622038506898,Assembly,Assembly,Assembly,Low,0.3682959137430532,0.1672988747666328,0.46440521149031394,Assembly stress = 1.67; Drilling stress = 1.44
1474,Crack,0.7012265346080282,0.4535388161253038,0.6504887777725231,0.7012265346080282,Drilling,No clear abnormal zone,No clear abnormal zone,Low,,,,No production zone shows strong deviation from baseline.
1475,Crack,0.517394034460707,0.7677266288462699,0.8020203781729965,0.8020203781729965,Assembly,No clear abnormal zone,No clear abnormal zone,Low,,,,No production zone shows strong deviation from baseline.
1476,Crack,1.541893590207547,0.8674054584424071,0.90992378235532,1.541893590207547,Drilling,Drilling,Drilling,High,0.5598313344768651,0.14259382977779153,0.29757483574534344,Drilling stress = 1.54; Assembly stress = 0.91
1477,Crack,0.6776152751097102,0.7135476976453274,0.813573835819008,0.813573835819008,Assembly,No clear abnormal zone,No clear abnormal zone,Low,,,,No production zone shows strong deviation from baseline.
1478,Crack,0.4058922260915113,0.4635027535453517,0.8619078004872912,0.8619078004872912,Assembly,No clear abnormal zone,No clear abnormal zone,Low,,,,No production zone shows strong deviation from baseline.
1479,Crack,0.5153755958534281,0.50738173110158,0.8791361657696419,0.8791361657696419,Assembly,No clear abnormal zone,No clear abnormal zone,Low,,,,No production zone shows strong deviation from baseline.
1480,Crack,1.3494949054334713,1.2549933586793331,1.6684622038506898,1.6684622038506898,Assembly,Assembly,Assembly,Medium,0.35327955593306093,0.1607115204507318,0.4860089236162074,Assembly stress = 1.67; Drilling stress = 1.35
1481,Crack,0.2977683502505051,0.4882594135870016,0.7213752387378101,0.7213752387378101,Assembly,No clear abnormal zone,No clear abnormal zone,Low,,,,No production zone shows strong deviation from baseline.
1482,Crack,0.4420249015829643,0.7510492183721496,0.8425968559051418,0.8425968559051418,Assembly,No clear abnormal zone,No clear abnormal zone,Low,,,,No production zone shows strong deviation from baseline.
1483,Crack,1.0056304585113531,0.7790838465826865,0.8962784588418566,1.0056304585113531,Drilling,Drilling,Drilling,Low,0.43571923198266926,0.1736955892636597,0.39058517875367105,Drilling stress = 1.01; Assembly stress = 0.90
1484,Crack,0.9642814664720594,1.129036411480142,0.9048312886181058,1.129036411480142,Milling,Milling,Drilling,Low,0.39497051685973333,0.23285568539873208,0.37217379774153464,Drilling stress = 0.96; Assembly stress = 0.90
1485,Crack,0.2812996073206879,1.084418346212707,0.694885790459584,1.084418346212707,Milling,Milling,Assembly,Medium,0.2755976827703327,0.30763489977171277,0.41676741745795454,Assembly stress = 0.69; Milling stress = 1.08
1486,Crack,0.7104881934114513,0.7017016661584218,0.6515039434403016,0.7104881934114513,Drilling,No clear abnormal zone,No clear abnormal zone,Low,,,,No production zone shows strong deviation from baseline.
1487,Crack,1.3429431287178657,1.3133703220760964,0.8991099592722238,1.3429431287178657,Drilling,Drilling,Drilling,Medium,0.4701451835740623,0.2282226211256557,0.301632195300282,Drilling stress = 1.34; Assembly stress = 0.90
1488,Crack,0.3074397669730325,0.5424185033208218,0.7375508278612743,0.7375508278612743,Assembly,No clear abnormal zone,No clear abnormal zone,Low,,,,No production zone shows strong deviation from baseline.
1489,Crack,0.2010539052465251,1.4995087882809683,0.3861453169124769,1.4995087882809683,Milling,Milling,Milling,Medium,0.24782261748570966,0.4539653804647637,0.29821200204952664,Milling stress = 1.50; Assembly stress = 0.39
1490,Crack,0.3095593894411332,0.3091120414162048,0.6664559426777283,0.6664559426777283,Assembly,No clear abnormal zone,No clear abnormal zone,Low,,,,No production zone shows strong deviation from baseline.
1491,Crack,1.1094335558893025,1.0169586743038186,1.2945887663308364,1.2945887663308364,Assembly,Assembly,Assembly,Low,0.3760471132596481,0.17141583268417523,0.45253705405617667,Assembly stress = 1.29; Drilling stress = 1.11
1492,Crack,0.8847963055011334,0.8314116132342394,0.8892998065519926,0.8892998065519926,Assembly,No clear abnormal zone,No clear abnormal zone,Low,,,,No production zone shows strong deviation from baseline.
1493,Crack,1.2361838329366466,1.1400714021645062,1.511521508047982,1.511521508047982,Assembly,Assembly,Assembly,Medium,0.3608602003953353,0.1638958254751274,0.4752439741295374,Assembly stress = 1.51; Drilling stress = 1.24
1494,Crack,0.4154297449962941,0.6232133596582394,0.812784486595472,0.812784486595472,Assembly,No clear abnormal zone,No clear abnormal zone,Low,,,,No production zone shows strong deviation from baseline.
1495,Crack,0.5224077341892757,0.5119365881911639,0.4006316360238341,0.5224077341892757,Drilling,No clear abnormal zone,No clear abnormal zone,Low,,,,No production zone shows strong deviation from baseline.
1496,Crack,0.2796778743494825,0.1789505698769192,0.6384294461170756,0.6384294461170756,Assembly,No clear abnormal zone,No clear abnormal zone,Low,,,,No production zone shows strong deviation from baseline.
1497,Crack,0.5056528460102896,0.1927552963899974,0.3187245710094937,0.5056528460102896,Drilling,No clear abnormal zone,No clear abnormal zone,Low,,,,No production zone shows strong deviation from baseline.
1498,Crack,0.9898326143551748,0.916887497768177,1.0821538378529447,1.0821538378529447,Assembly,Assembly,Assembly,Low,0.3903897014004164,0.18146325427710763,0.42814704432247597,Assembly stress = 1.08; Drilling stress = 0.99
1499,Crack,0.5033233983987854,0.9887144198658728,0.8526417383909164,0.9887144198658728,Milling,No clear abnormal zone,No clear abnormal zone,Low,,,,No production zone shows strong deviation from baseline.
1500,Crack,0.5655374502165509,0.8228881432509446,0.8724074713890888,0.8724074713890888,Assembly,No clear abnormal zone,No clear abnormal zone,Low,,,,No production zone shows strong deviation from baseline.
1501,Crack,0.5123663060835185,0.3782765992082531,0.3701326961790738,0.5123663060835185,Drilling,No clear abnormal zone,No clear abnormal zone,Low,,,,No production zone shows strong deviation from baseline.
1502,Crack,0.5635287979509777,0.6128654651749004,0.3487395632169287,0.6128654651749004,Milling,No clear abnormal zone,No clear abnormal zone,Low,,,,No production zone shows strong deviation from baseline.
1503,Crack,0.7940627393762472,0.7011549231002179,0.8481592985290067,0.8481592985290067,Assembly,No clear abnormal zone,No clear abnormal zone,Low,,,,No production zone shows strong deviation from baseline.
1504,Crack,0.5795096352119865,0.628368725277209,0.8866962155375318,0.8866962155375318,Assembly,No clear abnormal zone,No clear abnormal zone,Low,,,,No production zone shows strong deviation from baseline.
1505,Crack,0.3645279119827619,2.34404635982765,0.829087810810863,2.34404635982765,Milling,Milling,Milling,High,0.16100617968281186,0.5827824814904218,0.25621133882676644,Milling stress = 2.34; Assembly stress = 0.83
1506,Crack,0.2584837616811656,0.1769016828436777,0.6190049409188801,0.6190049409188801,Assembly,No clear abnormal zone,No clear abnormal zone,Low,,,,No production zone shows strong deviation from baseline.
1507,Crack,0.8693703831643631,0.6031797974771199,0.8567779674791043,0.8693703831643631,Drilling,No clear abnormal zone,No clear abnormal zone,Low,,,,No production zone shows strong deviation from baseline.
1508,Crack,0.9016466252970136,1.563504386412721,0.913105817222838,1.563504386412721,Milling,Milling,Assembly,Low,0.33548939748320505,0.3251546561866975,0.3393559463300974,Assembly stress = 0.91; Drilling stress = 0.90
1509,Crack,1.4492636739546554,1.353878031726333,1.6684622038506898,1.6684622038506898,Assembly,Assembly,Assembly,Low,0.37042667629763687,0.16836305638973426,0.4612102673126289,Assembly stress = 1.67; Drilling stress = 1.45
1510,Crack,1.079549218937047,0.7588239358672234,0.8688434811237709,1.079549218937047,Drilling,Drilling,Drilling,Low,0.46023062698963163,0.1669768638892387,0.37279250912112966,Drilling stress = 1.08; Assembly stress = 0.87
1511,Crack,1.2193989623420798,0.8255560964939139,0.9140815332681008,1.2193989623420798,Drilling,Drilling,Drilling,Medium,0.4821323111960937,0.16258948620368985,0.3552782026002166,Drilling stress = 1.22; Assembly stress = 0.91
1512,Crack,0.5346960774961368,0.4248522693805991,0.4489070456687706,0.5346960774961368,Drilling,No clear abnormal zone,No clear abnormal zone,Low,,,,No production zone shows strong deviation from baseline.
1513,Crack,0.5674414083279018,1.232265642790905,0.8594102805611963,1.232265642790905,Milling,Milling,Assembly,Medium,0.30201117788971826,0.2935773310598357,0.40441149105044605,Assembly stress = 0.86; Drilling stress = 0.57
1514,Crack,1.4439540149299877,1.3483460674681584,1.6684622038506898,1.6684622038506898,Assembly,Assembly,Assembly,Low,0.369533160531753,0.16791960994953678,0.46254722951871025,Assembly stress = 1.67; Drilling stress = 1.44
1515,Crack,0.6757165380491789,0.6791862468547989,0.5645931230022966,0.6791862468547989,Milling,No clear abnormal zone,No clear abnormal zone,Low,,,,No production zone shows strong deviation from baseline.
1516,Crack,0.540619505532228,0.6158714034957873,0.4036682724078335,0.6158714034957873,Milling,No clear abnormal zone,No clear abnormal zone,Low,,,,No production zone shows strong deviation from baseline.
1517,Crack,0.2672305258729553,0.3261628004969379,0.7882802625406162,0.7882802625406162,Assembly,No clear abnormal zone,No clear abnormal zone,Low,,,,No production zone shows strong deviation from baseline.
1518,Crack,1.3468965069276666,0.6234749094168338,0.9159871105069676,1.3468965069276666,Drilling,Drilling,Drilling,Medium,0.5284120253334401,0.12816359737483346,0.34342437729172637,Drilling stress = 1.35; Assembly stress = 0.92
1519,Crack,1.2026029825348463,1.3506508220801885,0.8931533315618307,1.3506508220801885,Milling,Milling,Drilling,Medium,0.4322203121104192,0.250594501021271,0.31718518686830977,Drilling stress = 1.20; Assembly stress = 0.89
1520,Crack,1.3302734276491883,0.6662359597478225,0.9180680497843664,1.3302734276491883,Drilling,Drilling,Drilling,Medium,0.5209492856096928,0.13408421169860835,0.34496650269169893,Drilling stress = 1.33; Assembly stress = 0.92
1521,Crack,0.426489639716103,0.4022196502255983,0.4472761575778985,0.4472761575778985,Assembly,No clear abnormal zone,No clear abnormal zone,Low,,,,No production zone shows strong deviation from baseline.
1522,Crack,1.4311159377503602,0.6001214679710258,0.9131762565333644,1.4311159377503602,Drilling,Drilling,Drilling,High,0.5514032913237281,0.12010001059014551,0.32849669808612636,Drilling stress = 1.43; Assembly stress = 0.91
1523,Crack,1.3243643557012168,1.2300832808749118,1.6599737673510178,1.6599737673510178,Assembly,Assembly,Assembly,Medium,0.35040923849402517,0.15944092363684492,0.49014983786912986,Assembly stress = 1.66; Drilling stress = 1.32
1524,Crack,1.3370132571454263,0.6118442631838859,0.9202129687531276,1.3370132571454263,Drilling,Drilling,Drilling,Medium,0.5259631419314746,0.12734691332326228,0.34668994474526305,Drilling stress = 1.34; Assembly stress = 0.92
1525,Crack,0.2786723906241053,0.2600478634473627,0.7442684255917746,0.7442684255917746,Assembly,No clear abnormal zone,No clear abnormal zone,Low,,,,No production zone shows strong deviation from baseline.
1526,Crack,0.2466137810776337,0.3843863505107567,0.3775182187581239,0.3843863505107567,Milling,No clear abnormal zone,No clear abnormal zone,Low,,,,No production zone shows strong deviation from baseline.
1527,Crack,0.397314349919962,0.6475257479796381,0.8572174697623451,0.8572174697623451,Assembly,No clear abnormal zone,No clear abnormal zone,Low,,,,No production zone shows strong deviation from baseline.
1528,Crack,1.403823025572093,1.922360470806613,0.908373085355083,1.922360470806613,Milling,Milling,Drilling,Low,0.4083163600005608,0.3428978298980052,0.24878581010143413,Drilling stress = 1.40; Milling stress = 1.92
1529,Crack,1.038499492484696,0.9534525906809168,1.1575528389120509,1.1575528389120509,Assembly,Assembly,Assembly,Low,0.38674776146608325,0.17760795460689227,0.4356442839270245,Assembly stress = 1.16; Drilling stress = 1.04
1530,Crack,0.7451656242984088,0.5289911368194506,0.8942214757078533,0.8942214757078533,Assembly,No clear abnormal zone,No clear abnormal zone,Low,,,,No production zone shows strong deviation from baseline.
1531,Crack,1.114851123735242,1.0248484894728156,1.3013451727222245,1.3013451727222245,Assembly,Assembly,Assembly,Low,0.37565996319970907,0.17166322550644744,0.4526768112938436,Assembly stress = 1.30; Drilling stress = 1.11
1532,Crack,0.581425549402836,0.506172667189857,0.8795754680152922,0.8795754680152922,Assembly,No clear abnormal zone,No clear abnormal zone,Low,,,,No production zone shows strong deviation from baseline.
1533,Crack,1.2424934418398594,1.1460710393306124,1.5226650913214372,1.5226650913214372,Assembly,Assembly,Assembly,Medium,0.36004933920714244,0.163476866714656,0.47647379407820156,Assembly stress = 1.52; Drilling stress = 1.24
1534,Crack,1.42347416614509,1.0115024824611043,0.9125085080627386,1.42347416614509,Drilling,Drilling,Drilling,High,0.5178429250953415,0.17149482626918536,0.3106622486354732,Drilling stress = 1.42; Assembly stress = 0.91
1535,Crack,0.9535430664407925,0.8016911245822124,0.8712232729175025,0.9535430664407925,Drilling,No clear abnormal zone,No clear abnormal zone,Low,,,,No production zone shows strong deviation from baseline.
1536,Crack,0.5018054547158292,0.4718142434094751,0.3248650968273451,0.5018054547158292,Drilling,No clear abnormal zone,No clear abnormal zone,Low,,,,No production zone shows strong deviation from baseline.
1537,Crack,1.116611791895633,1.0259137444297717,1.2971648720068296,1.2971648720068296,Assembly,Assembly,Assembly,Low,0.37671502950238883,0.1720256826981777,0.4512592877994335,Assembly stress = 1.30; Drilling stress = 1.12
1538,Crack,1.0701161731201243,0.7503923783647558,0.9129330804907094,1.0701161731201243,Drilling,Drilling,Drilling,Low,0.45091306316331015,0.16376026850901138,0.3853266683276786,Drilling stress = 1.07; Assembly stress = 0.91
1539,Crack,1.5144015871750414,0.6490606403766888,0.918792213696658,1.5144015871750414,Drilling,Drilling,Drilling,High,0.5676397959974314,0.11946207156385623,0.31289813243871245,Drilling stress = 1.51; Assembly stress = 0.92
1540,Crack,0.7194133071696698,0.4380334428370868,0.6195161954287842,0.7194133071696698,Drilling,No clear abnormal zone,No clear abnormal zone,Low,,,,No production zone shows strong deviation from baseline.
1541,Crack,1.3246527656207745,1.2283208468607612,1.658944471444347,1.658944471444347,Assembly,Assembly,Assembly,Medium,0.35075020323217804,0.1592690959574571,0.4899807008103647,Assembly stress = 1.66; Drilling stress = 1.32
1542,Crack,0.2472337663654849,0.2526712265974979,0.705935393466542,0.705935393466542,Assembly,No clear abnormal zone,No clear abnormal zone,Low,,,,No production zone shows strong deviation from baseline.
1543,Crack,0.8636959993443347,0.8134300229547331,0.8545307087512725,0.8636959993443347,Drilling,No clear abnormal zone,No clear abnormal zone,Low,,,,No production zone shows strong deviation from baseline.
1544,Crack,1.4448419286149183,1.3491103662482509,1.6684622038506898,1.6684622038506898,Assembly,Assembly,Assembly,Low,0.3696926000104889,0.16797129582396364,0.4623361041655474,Assembly stress = 1.67; Drilling stress = 1.44
1545,Crack,0.8447146962116265,0.8109530886645759,0.8401047774250919,0.8447146962116265,Drilling,No clear abnormal zone,No clear abnormal zone,Low,,,,No production zone shows strong deviation from baseline.
1546,Crack,1.4137314758927466,0.6832878301812908,0.915563547383405,1.4137314758927466,Drilling,Drilling,Drilling,High,0.5409819507875192,0.13029421548634348,0.32872383372613734,Drilling stress = 1.41; Assembly stress = 0.92
1547,Crack,0.387332418046359,0.2049381882742937,0.4071481244018419,0.4071481244018419,Assembly,No clear abnormal zone,No clear abnormal zone,Low,,,,No production zone shows strong deviation from baseline.
1548,Crack,1.127052382973503,1.0340785339474137,1.3259241293393886,1.3259241293393886,Assembly,Assembly,Assembly,Low,0.3737431744302341,0.1702806286064895,0.45597619696327646,Assembly stress = 1.33; Drilling stress = 1.13
1549,Crack,1.3570778179252152,1.2611640428812103,1.6683333523986117,1.6683333523986117,Assembly,Assembly,Assembly,Medium,0.3546842376518033,0.16112282569633163,0.4841929366518651,Assembly stress = 1.67; Drilling stress = 1.36
1550,Crack,1.33292105674158,1.236905675934601,1.6684622038506898,1.6684622038506898,Assembly,Assembly,Assembly,Medium,0.3505178073233676,0.1592139586142933,0.49026823406233894,Assembly stress = 1.67; Drilling stress = 1.33
1551,Crack,1.4398806298863456,1.3435632459236155,1.6684622038506898,1.6684622038506898,Assembly,Assembly,Assembly,Low,0.36888065141023985,0.16750422742216112,0.463615121167599,Assembly stress = 1.67; Drilling stress = 1.44
1552,Crack,0.9981828067534606,1.028399147988627,0.9178225283413676,1.028399147988627,Milling,Milling,Drilling,Low,0.410151651830926,0.21136703707872095,0.378481311090353,Drilling stress = 1.00; Assembly stress = 0.92
1553,Crack,0.3613138988342909,0.2653872324700497,0.4285526943161949,0.4285526943161949,Assembly,No clear abnormal zone,No clear abnormal zone,Low,,,,No production zone shows strong deviation from baseline.
1554,Crack,0.956925853018584,0.7185194449595366,0.8958781995787992,0.956925853018584,Drilling,No clear abnormal zone,No clear abnormal zone,Low,,,,No production zone shows strong deviation from baseline.
1555,Crack,0.7729531052930303,0.7656473038161784,0.6997925588764278,0.7729531052930303,Drilling,No clear abnormal zone,No clear abnormal zone,Low,,,,No production zone shows strong deviation from baseline.
1556,Crack,1.051070074463401,0.8451132212761088,0.8896035845616908,1.051070074463401,Drilling,Drilling,Drilling,Low,0.4429033101660782,0.18023245799252063,0.3768642318414012,Drilling stress = 1.05; Assembly stress = 0.89
1557,Crack,0.2927154240883728,0.0660555214516443,0.4153575233405515,0.4153575233405515,Assembly,No clear abnormal zone,No clear abnormal zone,Low,,,,No production zone shows strong deviation from baseline.
1558,Crack,0.5730739540482854,0.5871456203910044,0.4324060366484037,0.5871456203910044,Milling,No clear abnormal zone,No clear abnormal zone,Low,,,,No production zone shows strong deviation from baseline.
1559,Crack,0.8000002597047051,0.7625705942171528,0.7600594911099482,0.8000002597047051,Drilling,No clear abnormal zone,No clear abnormal zone,Low,,,,No production zone shows strong deviation from baseline.
1560,Crack,0.2176146132082937,0.2295228662156106,0.4019626892770853,0.4019626892770853,Assembly,No clear abnormal zone,No clear abnormal zone,Low,,,,No production zone shows strong deviation from baseline.
1561,Crack,1.1031337113332045,1.012730131761269,1.2848402964293766,1.2848402964293766,Assembly,Assembly,Assembly,Low,0.3764998622144346,0.17197806182399872,0.4515220759615666,Assembly stress = 1.28; Drilling stress = 1.10
1562,Crack,0.8487102841995721,0.800701092280053,0.8559821660290023,0.8559821660290023,Assembly,No clear abnormal zone,No clear abnormal zone,Low,,,,No production zone shows strong deviation from baseline.
1563,Crack,0.2616175196356519,0.730445408028271,0.6521193151138357,0.730445408028271,Milling,No clear abnormal zone,No clear abnormal zone,Low,,,,No production zone shows strong deviation from baseline.
1564,Crack,0.2560064890564123,0.4473930418438216,0.7536213203129171,0.7536213203129171,Assembly,No clear abnormal zone,No clear abnormal zone,Low,,,,No production zone shows strong deviation from baseline.
1565,Crack,0.4576875950710096,0.5817838610043271,0.7890160436729138,0.7890160436729138,Assembly,No clear abnormal zone,No clear abnormal zone,Low,,,,No production zone shows strong deviation from baseline.
1566,Crack,1.4416370138908434,1.346081318108452,1.6684622038506898,1.6684622038506898,Assembly,Assembly,Assembly,Low,0.3691338539450348,0.16774692582285386,0.4631192202321114,Assembly stress = 1.67; Drilling stress = 1.44
1567,Crack,1.2492553244454991,0.8771014105403944,0.8883209851582389,1.2492553244454991,Drilling,Drilling,Drilling,Medium,0.48980019529866753,0.16879693911363658,0.3414028655876959,Drilling stress = 1.25; Assembly stress = 0.89
1568,Crack,1.5299980865743563,1.404247874765894,0.9175021164485604,1.5299980865743563,Drilling,Drilling,Drilling,High,0.5043083266441282,0.22235838962664725,0.2733332837292246,Drilling stress = 1.53; Assembly stress = 0.92
1569,Crack,1.3306317654521096,0.6411764328467128,0.9084470015981922,1.3306317654521096,Drilling,Drilling,Drilling,Medium,0.5245110401702024,0.13161275851469004,0.34387620131510754,Drilling stress = 1.33; Assembly stress = 0.91
1570,Crack,1.4690206135340196,0.9452256289021318,0.9179586689359752,1.4690206135340196,Drilling,Drilling,Drilling,High,0.5340534480068944,0.15815155128650257,0.30779500070660293,Drilling stress = 1.47; Assembly stress = 0.92
1571,Crack,1.4408171519846849,1.346044510518476,1.6684622038506898,1.6684622038506898,Assembly,Assembly,Assembly,Low,0.36894522852230915,0.16779254729079598,0.46326222418689483,Assembly stress = 1.67; Drilling stress = 1.44
1572,Crack,0.2453560801011017,0.1949664437378206,0.5907711711966606,0.5907711711966606,Assembly,No clear abnormal zone,No clear abnormal zone,Low,,,,No production zone shows strong deviation from baseline.
1573,Crack,0.6332967459320149,1.633973137012179,0.499774233661027,1.633973137012179,Milling,Milling,Milling,Medium,0.30911248397439,0.4204116906377316,0.2704758253878784,Milling stress = 1.63; Drilling stress = 0.63
1574,Crack,1.4376333009064204,1.3416644073113186,1.6684622038506898,1.6684622038506898,Assembly,Assembly,Assembly,Low,0.36847479444319314,0.16737825224468514,0.46414695331212175,Assembly stress = 1.67; Drilling stress = 1.44
1575,Crack,0.5960227928385989,0.3626141403114622,0.4077705443933637,0.5960227928385989,Drilling,No clear abnormal zone,No clear abnormal zone,Low,,,,No production zone shows strong deviation from baseline.
1576,Crack,0.5336727954694077,0.4515031296756555,0.3698146406112617,0.5336727954694077,Drilling,No clear abnormal zone,No clear abnormal zone,Low,,,,No production zone shows strong deviation from baseline.
1577,Crack,1.4261598512507832,0.6373898266355491,0.9120482492938706,1.4261598512507832,Drilling,Drilling,Drilling,High,0.5478751593672665,0.12447815571999912,0.32764668491273424,Drilling stress = 1.43; Assembly stress = 0.91
1578,Crack,0.431893729775212,2.3227417014130327,0.8208609846689532,2.3227417014130327,Milling,Milling,Milling,High,0.1727727945415032,0.5723085082424746,0.2549186972160223,Milling stress = 2.32; Assembly stress = 0.82
1579,Crack,0.2225032170548203,0.3380727088031784,0.5522589734125551,0.5522589734125551,Assembly,No clear abnormal zone,No clear abnormal zone,Low,,,,No production zone shows strong deviation from baseline.
1580,Crack,1.2039622424466292,0.7067184548574454,0.9090503023900652,1.2039622424466292,Drilling,Drilling,Drilling,Medium,0.4881145330863796,0.14843677486752338,0.363448692046097,Drilling stress = 1.20; Assembly stress = 0.91
1581,Crack,1.087259230665813,1.0076550146492689,1.2572676263885263,1.2572676263885263,Assembly,Assembly,Assembly,Low,0.377778225049772,0.17443565260320007,0.4477861223470279,Assembly stress = 1.26; Drilling stress = 1.09
1582,Crack,1.260103852279565,1.3250285936289758,0.9095814121299608,1.3250285936289758,Milling,Milling,Drilling,Medium,0.4468556006546485,0.23841504994748217,0.31472934939786934,Drilling stress = 1.26; Assembly stress = 0.91
1583,Crack,0.7091270353120673,0.7038473321387939,0.5569807648352212,0.7091270353120673,Drilling,No clear abnormal zone,No clear abnormal zone,Low,,,,No production zone shows strong deviation from baseline.
1584,Crack,0.4279674628297082,1.0454995289108096,0.8623447289158146,1.0454995289108096,Milling,Milling,Assembly,Medium,0.2880869491745063,0.26710643901254777,0.444806611812946,Assembly stress = 0.86; Drilling stress = 0.43
1585,Crack,0.9056395865964892,0.5655113190210822,0.9624334046842632,0.9624334046842632,Assembly,No clear abnormal zone,No clear abnormal zone,Low,,,,No production zone shows strong deviation from baseline.
1586,Crack,0.8467871397347275,0.8062070747100091,0.8387444710486855,0.8467871397347275,Drilling,No clear abnormal zone,No clear abnormal zone,Low,,,,No production zone shows strong deviation from baseline.
1587,Crack,0.3012552096478536,0.9204152229870862,0.3935350085365765,0.9204152229870862,Milling,No clear abnormal zone,No clear abnormal zone,Low,,,,No production zone shows strong deviation from baseline.
1588,Crack,0.4689212130758869,0.4571863496127981,0.3658945721650304,0.4689212130758869,Drilling,No clear abnormal zone,No clear abnormal zone,Low,,,,No production zone shows strong deviation from baseline.
1589,Crack,1.3395139778802354,1.2448756017406053,1.667850886510018,1.667850886510018,Assembly,Assembly,Assembly,Medium,0.35167832034588514,0.15996120841264552,0.4883604712414695,Assembly stress = 1.67; Drilling stress = 1.34
1590,Crack,0.7516233559200652,0.5126737900264832,0.8650235793939782,0.8650235793939782,Assembly,No clear abnormal zone,No clear abnormal zone,Low,,,,No production zone shows strong deviation from baseline.
1591,Crack,0.5093260162224649,0.385098449358337,0.3716598421850304,0.5093260162224649,Drilling,No clear abnormal zone,No clear abnormal zone,Low,,,,No production zone shows strong deviation from baseline.
1592,Crack,0.7600890841504147,0.966523161348567,0.8653155041178913,0.966523161348567,Milling,No clear abnormal zone,No clear abnormal zone,Low,,,,No production zone shows strong deviation from baseline.
1593,Crack,0.9660400840552104,0.5867505198316673,0.8980847434667243,0.9660400840552104,Drilling,No clear abnormal zone,No clear abnormal zone,Low,,,,No production zone shows strong deviation from baseline.
1594,Crack,0.2435554133803523,0.3174796523175897,0.3321752794580291,0.3321752794580291,Assembly,No clear abnormal zone,No clear abnormal zone,Low,,,,No production zone shows strong deviation from baseline.
1595,Crack,0.3964303974627047,0.3996682826630593,0.8564225533821576,0.8564225533821576,Assembly,No clear abnormal zone,No clear abnormal zone,Low,,,,No production zone shows strong deviation from baseline.
1596,Crack,1.358078986681447,0.6480192020955997,0.9171822251561494,1.358078986681447,Drilling,Drilling,Drilling,Medium,0.5293059402227868,0.13010731845140824,0.340586741325805,Drilling stress = 1.36; Assembly stress = 0.92
1597,Crack,1.1170419522837325,1.0252512078102014,1.297924153853847,1.297924153853847,Assembly,Assembly,Assembly,Low,0.3767298446784242,0.1718445713234076,0.4514255839981682,Assembly stress = 1.30; Drilling stress = 1.12
1598,Crack,1.4310613859359271,0.6358696444330981,0.9106576284469416,1.4310613859359271,Drilling,Drilling,Drilling,High,0.5494421319733093,0.12403509328210631,0.3265227747445845,Drilling stress = 1.43; Assembly stress = 0.91
1599,Crack,0.338069041964417,0.8767271862717431,0.722096167529068,0.8767271862717431,Milling,No clear abnormal zone,No clear abnormal zone,Low,,,,No production zone shows strong deviation from baseline.
1600,Crack,1.436636828431544,1.3420021710781582,1.6684622038506898,1.6684622038506898,Assembly,Assembly,Assembly,Low,0.368222116244888,0.1674867920844415,0.46429109167067045,Assembly stress = 1.67; Drilling stress = 1.44
1601,Crack,0.3512376376846248,0.4681413312570397,0.8153357363816982,0.8153357363816982,Assembly,No clear abnormal zone,No clear abnormal zone,Low,,,,No production zone shows strong deviation from baseline.
1602,Crack,1.3716190398632335,0.8128895933375305,0.9154578906405164,1.3716190398632335,Drilling,Drilling,Drilling,Medium,0.5209203310712772,0.14896635686003684,0.33011331206868594,Drilling stress = 1.37; Assembly stress = 0.92
1603,Crack,1.2570963185134545,1.0327811536102711,0.8912227145159297,1.2570963185134545,Drilling,Drilling,Drilling,Medium,0.47775521741122134,0.1908783202721651,0.3313664623166136,Drilling stress = 1.26; Assembly stress = 0.89
1604,Crack,0.197838231181328,0.1691590779887169,0.662550004810937,0.662550004810937,Assembly,No clear abnormal zone,No clear abnormal zone,Low,,,,No production zone shows strong deviation from baseline.
1605,Crack,0.2635183436751114,0.1234935980954415,0.646005686193884,0.646005686193884,Assembly,No clear abnormal zone,No clear abnormal zone,Low,,,,No production zone shows strong deviation from baseline.
1606,Crack,0.9471121019621644,0.8758881728394916,1.026944697306372,1.026944697306372,Assembly,Assembly,Assembly,Low,0.3923518997093508,0.1826895073597027,0.42495859293094657,Assembly stress = 1.03; Drilling stress = 0.95
1607,Crack,1.0226122448145616,0.9394332292047212,1.1409176954543985,1.1409176954543985,Assembly,Assembly,Assembly,Low,0.3867452991517565,0.17793888318912904,0.43531581765911453,Assembly stress = 1.14; Drilling stress = 1.02
1608,Crack,0.3559754694537456,1.0977731201395322,0.8254103164602329,1.0977731201395322,Milling,Milling,Assembly,Medium,0.274051924728443,0.28771432617982146,0.43823374909173546,Assembly stress = 0.83; Milling stress = 1.10
1609,Crack,0.3138618266762142,0.9615518714409764,0.8096336367837131,0.9615518714409764,Milling,No clear abnormal zone,No clear abnormal zone,Low,,,,No production zone shows strong deviation from baseline.
1610,Crack,1.3349080584305195,1.1423734060951325,0.915300456642826,1.3349080584305195,Drilling,Drilling,Drilling,Medium,0.48315304249352753,0.19926819455989722,0.3175787629465753,Drilling stress = 1.33; Assembly stress = 0.92
1611,Crack,1.4861918811281514,0.9427149719047068,0.9180634667758624,1.4861918811281514,Drilling,Drilling,Drilling,High,0.5385181391505363,0.1563656368653432,0.3051162239841205,Drilling stress = 1.49; Assembly stress = 0.92
1612,Crack,1.2033472293986796,1.1103178785496988,1.461558664009592,1.461558664009592,Assembly,Assembly,Assembly,Medium,0.36361046217232323,0.16565488270274892,0.4707346551249278,Assembly stress = 1.46; Drilling stress = 1.20
1613,Crack,1.2611645753562708,0.6015164864670591,0.9100527300572804,1.2611645753562708,Drilling,Drilling,Drilling,Medium,0.5095744849118171,0.13173347659279794,0.3586920384953849,Drilling stress = 1.26; Assembly stress = 0.91
1614,Crack,0.5196526743363332,0.498413670061518,0.8787285855452307,0.8787285855452307,Assembly,No clear abnormal zone,No clear abnormal zone,Low,,,,No production zone shows strong deviation from baseline.
1615,Crack,1.367269833887403,0.847538644692126,0.9069784155868208,1.367269833887403,Drilling,Drilling,Drilling,Medium,0.5185538849145809,0.15418691144327157,0.3272592036421475,Drilling stress = 1.37; Assembly stress = 0.91
1616,Crack,0.2551204236663487,0.2256514645533573,0.6486594518185712,0.6486594518185712,Assembly,No clear abnormal zone,No clear abnormal zone,Low,,,,No production zone shows strong deviation from baseline.
1617,Crack,0.4317611759134327,0.3287961543935128,0.372786723300245,0.4317611759134327,Drilling,No clear abnormal zone,No clear abnormal zone,Low,,,,No production zone shows strong deviation from baseline.
1618,Crack,1.124111568672887,1.028780406143205,1.314562263817634,1.314562263817634,Assembly,Assembly,Assembly,Low,0.3753287917105998,0.17060041653284913,0.454070791756551,Assembly stress = 1.31; Drilling stress = 1.12
1619,Crack,1.123871704930804,1.031999987689939,1.314393112207196,1.314393112207196,Assembly,Assembly,Assembly,Low,0.3750949896446182,0.171084981657536,0.4538200286978458,Assembly stress = 1.31; Drilling stress = 1.12
1620,Crack,0.7238972057029135,1.543722444624469,0.9009805691125488,1.543722444624469,Milling,Milling,Assembly,Low,0.3004101673320849,0.3409810226417167,0.3586088100261984,Assembly stress = 0.90; Milling stress = 1.54
1621,Crack,1.3462511039786695,1.2502754917053365,1.6682989023866832,1.6682989023866832,Assembly,Assembly,Assembly,Medium,0.3528340204027702,0.16027241422255298,0.486893565374677,Assembly stress = 1.67; Drilling stress = 1.35
1622,Crack,1.13667710958751,1.041715026291281,1.345532176338314,1.345532176338314,Assembly,Assembly,Assembly,Low,0.37216640450174304,0.16922544403550832,0.45860815146274864,Assembly stress = 1.35; Drilling stress = 1.14
1623,Crack,0.8821664878980506,0.845799050610196,0.935713470885016,0.935713470885016,Assembly,No clear abnormal zone,No clear abnormal zone,Low,,,,No production zone shows strong deviation from baseline.
1624,Crack,0.8486452786972585,0.6634930471261051,0.8354459780848578,0.8486452786972585,Drilling,No clear abnormal zone,No clear abnormal zone,Low,,,,No production zone shows strong deviation from baseline.
1625,Crack,0.2708567298639514,0.1438119627566851,0.3109916764340203,0.3109916764340203,Assembly,No clear abnormal zone,No clear abnormal zone,Low,,,,No production zone shows strong deviation from baseline.
1626,Crack,0.6143670503028611,0.4422416733513114,0.8776729904070573,0.8776729904070573,Assembly,No clear abnormal zone,No clear abnormal zone,Low,,,,No production zone shows strong deviation from baseline.
1627,Crack,0.2702397061694054,0.1159865380678242,0.4395556408962385,0.4395556408962385,Assembly,No clear abnormal zone,No clear abnormal zone,Low,,,,No production zone shows strong deviation from baseline.
1628,Crack,0.219254432610679,0.5980623669646524,0.5911253576208473,0.5980623669646524,Milling,No clear abnormal zone,No clear abnormal zone,Low,,,,No production zone shows strong deviation from baseline.
1629,Crack,0.325691165960038,0.5962216585244622,0.7559597291201848,0.7559597291201848,Assembly,No clear abnormal zone,No clear abnormal zone,Low,,,,No production zone shows strong deviation from baseline.
1630,Crack,0.3358676070294409,0.6752743041494893,0.8299649111920633,0.8299649111920633,Assembly,No clear abnormal zone,No clear abnormal zone,Low,,,,No production zone shows strong deviation from baseline.
1631,Crack,0.3301568312888329,0.3653103229909221,0.4637273733977641,0.4637273733977641,Assembly,No clear abnormal zone,No clear abnormal zone,Low,,,,No production zone shows strong deviation from baseline.
1632,Crack,1.2422498780742388,1.3084694994402235,0.9149558954312896,1.3084694994402235,Milling,Milling,Drilling,Medium,0.4434388311573506,0.23689862572254006,0.3196625431201094,Drilling stress = 1.24; Assembly stress = 0.91
1633,Crack,0.8109488806746727,0.5063000698888593,0.782255156822796,0.8109488806746727,Drilling,No clear abnormal zone,No clear abnormal zone,Low,,,,No production zone shows strong deviation from baseline.
1634,Crack,0.6761363486165148,1.7349300735995854,0.5172791910812112,1.7349300735995854,Milling,Milling,Milling,Medium,0.3035303115138943,0.43752245190813843,0.2589472365779672,Milling stress = 1.73; Drilling stress = 0.68
1635,Crack,0.6238826843947074,1.3017963244201305,0.8932440719100334,1.3017963244201305,Milling,Milling,Assembly,Low,0.3035813435507768,0.29899177132020066,0.3974268851290226,Assembly stress = 0.89; Drilling stress = 0.62
1636,Crack,0.5484636252917412,0.4853202160867423,0.3910983675975488,0.5484636252917412,Drilling,No clear abnormal zone,No clear abnormal zone,Low,,,,No production zone shows strong deviation from baseline.
1637,Crack,0.5003558390055927,0.2167377945860835,0.3751484953048739,0.5003558390055927,Drilling,No clear abnormal zone,No clear abnormal zone,Low,,,,No production zone shows strong deviation from baseline.
1638,Crack,1.2342729186603338,1.1384886757955337,1.5105553412474282,1.5105553412474282,Assembly,Assembly,Assembly,Medium,0.36067878071574394,0.16386719852337286,0.47545402076088317,Assembly stress = 1.51; Drilling stress = 1.23
1639,Crack,1.0577209479938552,1.3690847972128544,0.8993006629254169,1.3690847972128544,Milling,Milling,Drilling,Low,0.39430094113281444,0.26916675547974545,0.33653230338744006,Drilling stress = 1.06; Assembly stress = 0.90
1640,Crack,0.7540942670993835,0.7341789514314614,0.6691699131186024,0.7540942670993835,Drilling,No clear abnormal zone,No clear abnormal zone,Low,,,,No production zone shows strong deviation from baseline.
1641,Crack,0.7367833515058235,0.7183690089605457,0.6550655821142884,0.7367833515058235,Drilling,No clear abnormal zone,No clear abnormal zone,Low,,,,No production zone shows strong deviation from baseline.
1642,Crack,0.8671230707669486,0.8271592540158228,0.8663994592065547,0.8671230707669486,Drilling,No clear abnormal zone,No clear abnormal zone,Low,,,,No production zone shows strong deviation from baseline.
1643,Crack,0.2086858615589003,0.121111822326611,0.3973563991216092,0.3973563991216092,Assembly,No clear abnormal zone,No clear abnormal zone,Low,,,,No production zone shows strong deviation from baseline.
1644,Crack,1.497494304634969,1.450192962002714,0.9166030366584554,1.497494304634969,Drilling,Drilling,Drilling,High,0.49108688687549656,0.23419932007073557,0.2747137930537678,Drilling stress = 1.50; Assembly stress = 0.92
1645,Crack,1.1271369188607956,1.0356569300116834,1.311805029872608,1.311805029872608,Assembly,Assembly,Assembly,Low,0.37606582314892234,0.1715949950452654,0.4523391818058123,Assembly stress = 1.31; Drilling stress = 1.13
1646,Crack,1.4418550575170397,0.6561742067479068,0.915292228771538,1.4418550575170397,Drilling,Drilling,Drilling,High,0.549892815644368,0.12532311814766037,0.3247840662079717,Drilling stress = 1.44; Assembly stress = 0.92
1647,Crack,1.15235090669246,1.061545656678999,1.3641698095949073,1.3641698095949073,Assembly,Assembly,Assembly,Low,0.3713990340336093,0.16957997042307116,0.4590209955433195,Assembly stress = 1.36; Drilling stress = 1.15
1648,Crack,0.84855137186037,0.8173576093204193,0.8654754860429215,0.8654754860429215,Assembly,No clear abnormal zone,No clear abnormal zone,Low,,,,No production zone shows strong deviation from baseline.
1649,Crack,1.3797599518620252,0.8273180908212721,0.917759209400842,1.3797599518620252,Drilling,Drilling,Drilling,Medium,0.5214326492607908,0.15005337683877953,0.3285139739004296,Drilling stress = 1.38; Assembly stress = 0.92
1650,Crack,0.9994398652689108,0.9545128639178828,0.8942951098048987,0.9994398652689108,Drilling,No clear abnormal zone,No clear abnormal zone,Low,,,,No production zone shows strong deviation from baseline.
1651,Crack,0.8994360777224026,0.5652182947478175,0.914560313480476,0.914560313480476,Assembly,No clear abnormal zone,No clear abnormal zone,Low,,,,No production zone shows strong deviation from baseline.
1652,Crack,1.3274639521962397,1.2329217956077754,1.6612819806958972,1.6612819806958972,Assembly,Assembly,Assembly,Medium,0.3507315193231771,0.1595459057910116,0.48972257488581133,Assembly stress = 1.66; Drilling stress = 1.33
1653,Crack,0.2973677981113096,1.1721847022039105,0.4827979412482711,1.1721847022039105,Milling,Milling,Assembly,Low,0.2938623185109307,0.35240499803160164,0.35373268345746767,Assembly stress = 0.48; Milling stress = 1.17
1654,Crack,1.2189329252794072,1.123637895816348,1.482876475413388,1.482876475413388,Assembly,Assembly,Assembly,Medium,0.36276480015970564,0.1648955891872094,0.472339610653085,Assembly stress = 1.48; Drilling stress = 1.22
1655,Crack,1.1631151373277573,0.743154274053571,0.9004992697976835,1.1631151373277573,Drilling,Drilling,Drilling,Medium,0.47674133485503345,0.15662681871135162,0.366631846433615,Drilling stress = 1.16; Assembly stress = 0.90
1656,Crack,0.5655227684585964,0.609050466731494,0.3657759458959123,0.609050466731494,Milling,No clear abnormal zone,No clear abnormal zone,Low,,,,No production zone shows strong deviation from baseline.
1657,Crack,1.4415997474405635,1.3465771379969538,1.6684622038506898,1.6684622038506898,Assembly,Assembly,Assembly,Low,0.3690944691420726,0.16781846592482472,0.46308706493310275,Assembly stress = 1.67; Drilling stress = 1.44
1658,Crack,0.3181964515369051,0.2512818347478055,0.7149318645275345,0.7149318645275345,Assembly,No clear abnormal zone,No clear abnormal zone,Low,,,,No production zone shows strong deviation from baseline.
1659,Crack,1.4620329113239134,0.97975495763992,0.9120718244107032,1.4620329113239134,Drilling,Drilling,Drilling,High,0.5303183027274347,0.1637027467188695,0.3059789505536957,Drilling stress = 1.46; Assembly stress = 0.91
1660,Crack,0.5460408837935862,0.6396647762004404,0.8644374152367094,0.8644374152367094,Assembly,No clear abnormal zone,No clear abnormal zone,Low,,,,No production zone shows strong deviation from baseline.
1661,Crack,0.9852377502479884,0.9220513861265904,1.0737685061163045,1.0737685061163045,Assembly,Assembly,Assembly,Low,0.39032735903221233,0.1832135155751014,0.4264591253926863,Assembly stress = 1.07; Drilling stress = 0.99
1662,Crack,0.3587841633401046,0.3120341779680279,0.8184488632591087,0.8184488632591087,Assembly,No clear abnormal zone,No clear abnormal zone,Low,,,,No production zone shows strong deviation from baseline.
1663,Crack,0.6982052437105903,0.694318496639684,0.5687609213352767,0.6982052437105903,Drilling,No clear abnormal zone,No clear abnormal zone,Low,,,,No production zone shows strong deviation from baseline.
1664,Crack,0.3876794994002027,0.8174636938688009,0.8312265246225314,0.8312265246225314,Assembly,No clear abnormal zone,No clear abnormal zone,Low,,,,No production zone shows strong deviation from baseline.
1665,Crack,0.9941547622748228,0.917699429900003,1.0934561601766568,1.0934561601766568,Assembly,Assembly,Assembly,Low,0.38946933197555106,0.18040108325884013,0.4301295847656088,Assembly stress = 1.09; Drilling stress = 0.99
1666,Crack,0.2592357732671026,0.8893479678392939,0.6404356153070493,0.8893479678392939,Milling,No clear abnormal zone,No clear abnormal zone,Low,,,,No production zone shows strong deviation from baseline.
1667,Crack,0.991565986580387,0.9192085410890236,1.0827156208195574,1.0827156208195574,Assembly,Assembly,Assembly,Low,0.39054382823367834,0.18164161058985195,0.4278145611764696,Assembly stress = 1.08; Drilling stress = 0.99
1668,Crack,1.177235785290106,0.7453312802936733,0.9145415769044508,1.177235785290106,Drilling,Drilling,Drilling,Medium,0.47764326319557365,0.1550600493414974,0.367296687462929,Drilling stress = 1.18; Assembly stress = 0.91
1669,Crack,0.50290131502143,0.579177859737352,0.3236143503685495,0.579177859737352,Milling,No clear abnormal zone,No clear abnormal zone,Low,,,,No production zone shows strong deviation from baseline.
1670,Crack,0.3042622429458129,0.6825387868467664,0.740983225823862,0.740983225823862,Assembly,No clear abnormal zone,No clear abnormal zone,Low,,,,No production zone shows strong deviation from baseline.
1671,Crack,1.1919988537657336,1.0380332754688666,0.9126678974903044,1.1919988537657336,Drilling,Drilling,Drilling,Medium,0.4576784029814085,0.19618419762657083,0.34613739939202076,Drilling stress = 1.19; Assembly stress = 0.91
1672,Crack,1.228866406265967,1.1321144672726111,1.5039426599703742,1.5039426599703742,Assembly,Assembly,Assembly,Medium,0.360942857006593,0.16382856331183224,0.4752285796815747,Assembly stress = 1.50; Drilling stress = 1.23
1673,Crack,0.2897493605072993,0.6880338662432848,0.8082262206735494,0.8082262206735494,Assembly,No clear abnormal zone,No clear abnormal zone,Low,,,,No production zone shows strong deviation from baseline.
1674,Crack,0.5258838875419471,0.5697507863987643,0.356221428472379,0.5697507863987643,Milling,No clear abnormal zone,No clear abnormal zone,Low,,,,No production zone shows strong deviation from baseline.
1675,Crack,1.4328121784145715,0.577718996418854,0.9012794202109876,1.4328121784145715,Drilling,Drilling,Drilling,High,0.5554551867337695,0.1181018716778197,0.32644294158841075,Drilling stress = 1.43; Assembly stress = 0.90
1676,Crack,1.3414129465640652,1.2460902522098172,1.667285160229971,1.667285160229971,Assembly,Assembly,Assembly,Medium,0.35214018896994204,0.16006171914615552,0.48779809188390255,Assembly stress = 1.67; Drilling stress = 1.34
1677,Crack,1.3489504912032948,1.2518279059413877,1.668400073523561,1.668400073523561,Assembly,Assembly,Assembly,Medium,0.3533453589877962,0.16032069723505565,0.48633394377714806,Assembly stress = 1.67; Drilling stress = 1.35
1678,Crack,0.2986916282662929,0.4687056438211651,0.6705273808951215,0.6705273808951215,Assembly,No clear abnormal zone,No clear abnormal zone,Low,,,,No production zone shows strong deviation from baseline.
1679,Crack,1.000598417282118,0.712927610200586,0.9058540958695698,1.000598417282118,Drilling,Drilling,Drilling,Low,0.43771152761286325,0.16414367198364704,0.3981448004034898,Drilling stress = 1.00; Assembly stress = 0.91
1680,Crack,1.4440515811067431,0.7655210420073554,0.9189110427589248,1.4440515811067431,Drilling,Drilling,Drilling,High,0.5419604092202447,0.13748505680146517,0.32055453397829015,Drilling stress = 1.44; Assembly stress = 0.92
1681,Crack,0.5028334116021336,0.456324671053414,0.8957003508277458,0.8957003508277458,Assembly,No clear abnormal zone,No clear abnormal zone,Low,,,,No production zone shows strong deviation from baseline.
1682,Crack,0.4776490348371068,0.5169601717066047,0.7616860232212506,0.7616860232212506,Assembly,No clear abnormal zone,No clear abnormal zone,Low,,,,No production zone shows strong deviation from baseline.
1683,Crack,1.0259948427872585,0.832924771809203,1.1464844067791409,1.1464844067791409,Assembly,Assembly,Assembly,Low,0.3936603255475348,0.1622715502492199,0.4440681242032452,Assembly stress = 1.15; Drilling stress = 1.03
1684,Crack,1.4674097675518638,0.60558377871125,0.9079293619040548,1.4674097675518638,Drilling,Drilling,Drilling,High,0.560946567751367,0.11846913789332637,0.32058429435530666,Drilling stress = 1.47; Assembly stress = 0.91
1685,Crack,0.714284782179923,0.5981832841603747,0.6033626928302476,0.714284782179923,Drilling,No clear abnormal zone,No clear abnormal zone,Low,,,,No production zone shows strong deviation from baseline.
1686,Crack,1.3506766255996383,0.6860961658117442,0.9183003337480922,1.3506766255996383,Drilling,Drilling,Drilling,Medium,0.5246012280619567,0.13495086753795812,0.3404479044000851,Drilling stress = 1.35; Assembly stress = 0.92
1687,Crack,1.2250374766627514,1.129078923675758,1.4935536131594302,1.4935536131594302,Assembly,Assembly,Assembly,Medium,0.362020708821415,0.16444820926379228,0.47353108191479276,Assembly stress = 1.49; Drilling stress = 1.23
1688,Crack,0.2491743388430028,0.514719643826611,0.6465358951101249,0.6465358951101249,Assembly,No clear abnormal zone,No clear abnormal zone,Low,,,,No production zone shows strong deviation from baseline.
1689,Crack,0.5147415263824453,0.5576194377731081,0.3690438806176329,0.5576194377731081,Milling,No clear abnormal zone,No clear abnormal zone,Low,,,,No production zone shows strong deviation from baseline.
1690,Crack,1.3185167635681605,1.221145531967771,1.645423072947524,1.645423072947524,Assembly,Assembly,Assembly,Medium,0.3520778239999405,0.15970587302577793,0.4882163029742816,Assembly stress = 1.65; Drilling stress = 1.32
1691,Crack,0.3148927871858657,0.429851512388585,0.8152098527792558,0.8152098527792558,Assembly,No clear abnormal zone,No clear abnormal zone,Low,,,,No production zone shows strong deviation from baseline.
1692,Crack,1.0328213586036736,0.5562378655025201,0.9063568411122946,1.0328213586036736,Drilling,Drilling,Drilling,Low,0.45627599347748565,0.14165112971165414,0.40207287681086024,Drilling stress = 1.03; Assembly stress = 0.91
1693,Crack,0.2684774182256744,0.1260580773737354,0.384430779280685,0.384430779280685,Assembly,No clear abnormal zone,No clear abnormal zone,Low,,,,No production zone shows strong deviation from baseline.
1694,Crack,0.7118881840971135,0.6958297729810561,0.59317220971173,0.7118881840971135,Drilling,No clear abnormal zone,No clear abnormal zone,Low,,,,No production zone shows strong deviation from baseline.
1695,Crack,1.10188995327914,1.0145575203459651,1.2842840921752496,1.2842840921752496,Assembly,Assembly,Assembly,Low,0.37618404284927,0.1723623394681456,0.45145361768258435,Assembly stress = 1.28; Drilling stress = 1.10
1696,Crack,0.5439216014054407,0.224028151873999,0.3872904205401219,0.5439216014054407,Drilling,No clear abnormal zone,No clear abnormal zone,Low,,,,No production zone shows strong deviation from baseline.
1697,Crack,1.0170086994624836,0.7277989508587855,1.1393068104756896,1.1393068104756896,Assembly,Assembly,Assembly,Low,0.39927834385293054,0.14950081557325118,0.45122084057381834,Assembly stress = 1.14; Drilling stress = 1.02
1698,Crack,1.44892673168149,0.6863103828640349,0.9149454109515,1.44892673168149,Drilling,Drilling,Drilling,High,0.5496050346162483,0.12818010843040661,0.32221485695334495,Drilling stress = 1.45; Assembly stress = 0.91
1699,Crack,0.7248831399419942,0.7030851985110533,0.6622456657481124,0.7248831399419942,Drilling,No clear abnormal zone,No clear abnormal zone,Low,,,,No production zone shows strong deviation from baseline.
1700,Crack,1.4472646114104653,1.5610950739283973,0.9112710375313195,1.5610950739283973,Milling,Milling,Drilling,Medium,0.46612033714347917,0.26115839926175977,0.27272126359476107,Drilling stress = 1.45; Assembly stress = 0.91
1701,Crack,0.917668238656648,0.7104283748509708,0.8558429634883198,0.917668238656648,Drilling,No clear abnormal zone,No clear abnormal zone,Low,,,,No production zone shows strong deviation from baseline.
1702,Crack,1.3511654145742806,1.2549565510893568,1.668270380989216,1.668270380989216,Assembly,Assembly,Assembly,Medium,0.35369635846214253,0.1606266545920187,0.48567698694583883,Assembly stress = 1.67; Drilling stress = 1.35
1703,Crack,1.0984693423454233,1.009337338026412,1.2684908666896428,1.2684908666896428,Assembly,Assembly,Assembly,Low,0.3784019126362775,0.17306681032933843,0.4485312770343841,Assembly stress = 1.27; Drilling stress = 1.10
1704,Crack,1.0661731032779236,0.6999914346424682,0.8736457922998997,1.0661731032779236,Drilling,Drilling,Drilling,Low,0.460498400612927,0.1596494594547338,0.3798521399323391,Drilling stress = 1.07; Assembly stress = 0.87
1705,Crack,0.7324615358804679,0.5221515090642473,0.6366706629866448,0.7324615358804679,Drilling,No clear abnormal zone,No clear abnormal zone,Low,,,,No production zone shows strong deviation from baseline.
1706,Crack,1.0635480477094017,0.9790620126948842,1.2205914407209022,1.2205914407209022,Assembly,Assembly,Assembly,Low,0.3802948505644196,0.17474253443715218,0.44496261499842826,Assembly stress = 1.22; Drilling stress = 1.06
1707,Crack,1.3620412905813974,0.7021135517293373,0.9186806835667256,1.3620412905813974,Drilling,Drilling,Drilling,Medium,0.5262271499654639,0.13600042954479966,0.33777242048973627,Drilling stress = 1.36; Assembly stress = 0.92
1708,Crack,0.3028473322700091,0.0567052814922115,0.4243073886747396,0.4243073886747396,Assembly,No clear abnormal zone,No clear abnormal zone,Low,,,,No production zone shows strong deviation from baseline.
1709,Crack,1.2778353511501708,1.207489361899597,0.9114556678243092,1.2778353511501708,Drilling,Drilling,Drilling,Medium,0.4631183695198387,0.21582966514869267,0.3210519653314686,Drilling stress = 1.28; Assembly stress = 0.91
1710,Crack,0.6303633053498761,0.2646423778180763,0.4138143616621268,0.6303633053498761,Drilling,No clear abnormal zone,No clear abnormal zone,Low,,,,No production zone shows strong deviation from baseline.
1711,Crack,1.516824570247307,0.7629141985761061,0.9215514018101136,1.516824570247307,Drilling,Drilling,Drilling,High,0.5596993730956431,0.13167572266387598,0.30862490424048095,Drilling stress = 1.52; Assembly stress = 0.92
1712,Crack,0.2299552410642533,0.2962355404711372,0.6550793413432778,0.6550793413432778,Assembly,No clear abnormal zone,No clear abnormal zone,Low,,,,No production zone shows strong deviation from baseline.
1713,Crack,1.0269735468098555,1.245248827424679,0.9178845904859968,1.245248827424679,Milling,Milling,Drilling,Low,0.39704355393720486,0.24694708486836664,0.3560093611944285,Drilling stress = 1.03; Assembly stress = 0.92
1714,Crack,0.814108644708029,0.7648266829674533,0.7681329531974405,0.814108644708029,Drilling,No clear abnormal zone,No clear abnormal zone,Low,,,,No production zone shows strong deviation from baseline.
1715,Crack,0.3395666158467392,0.4853905474342749,0.66575376018041,0.66575376018041,Assembly,No clear abnormal zone,No clear abnormal zone,Low,,,,No production zone shows strong deviation from baseline.
1716,Crack,1.235369029183603,1.1410695373985642,1.5155052327742116,1.5155052327742116,Assembly,Assembly,Assembly,Medium,0.35993037261239197,0.1637701517374563,0.47629947565015174,Assembly stress = 1.52; Drilling stress = 1.24
1717,Crack,1.501659465413179,0.9195316835362392,0.9135461999777156,1.501659465413179,Drilling,Drilling,Drilling,High,0.5450398337011279,0.15225913715069855,0.30270102914817354,Drilling stress = 1.50; Assembly stress = 0.91
1718,Crack,1.378264344223467,1.1292067355251494,0.9198086986495768,1.378264344223467,Drilling,Drilling,Drilling,Medium,0.4945532730247255,0.19276080869182083,0.3126859182834537,Drilling stress = 1.38; Assembly stress = 0.92
1719,Crack,1.2433971864489206,0.7814953487576547,0.9058530735264372,1.2433971864489206,Drilling,Drilling,Drilling,Medium,0.492959893779133,0.15530311705243302,0.35173698916843404,Drilling stress = 1.24; Assembly stress = 0.91
1720,Crack,0.5691978764178971,0.5458472043209205,0.3566347892992723,0.5691978764178971,Drilling,No clear abnormal zone,No clear abnormal zone,Low,,,,No production zone shows strong deviation from baseline.
1721,Crack,0.8138612628439341,0.7567494446155423,0.9075689351244044,0.9075689351244044,Assembly,No clear abnormal zone,No clear abnormal zone,Low,,,,No production zone shows strong deviation from baseline.
1722,Crack,0.2516801360933869,0.4448604684574656,0.4164125591804002,0.4448604684574656,Milling,No clear abnormal zone,No clear abnormal zone,Low,,,,No production zone shows strong deviation from baseline.
1723,Crack,1.1156973046199032,0.5658882441408907,0.9014454318441923,1.1156973046199032,Drilling,Drilling,Drilling,Low,0.47717321368324195,0.13767878338796719,0.3851480029287908,Drilling stress = 1.12; Assembly stress = 0.90
1724,Crack,1.2644097453899883,0.7904693515320051,0.91153912648988,1.2644097453899883,Drilling,Drilling,Drilling,Medium,0.49653905354633016,0.1545587933866714,0.3489021530669984,Drilling stress = 1.26; Assembly stress = 0.91
1725,Crack,0.2735249510879561,0.1221337956223536,0.3796634696781369,0.3796634696781369,Assembly,No clear abnormal zone,No clear abnormal zone,Low,,,,No production zone shows strong deviation from baseline.
1726,Crack,0.6846495282772639,0.4933614782458733,0.5450733594106933,0.6846495282772639,Drilling,No clear abnormal zone,No clear abnormal zone,Low,,,,No production zone shows strong deviation from baseline.
1727,Crack,1.4410358898450235,1.3463389712382847,1.6684622038506898,1.6684622038506898,Assembly,Assembly,Assembly,Low,0.3689779257570029,0.16782012500006616,0.463201949242931,Assembly stress = 1.67; Drilling stress = 1.44
1728,Crack,0.6065967021172677,0.6165873620671907,0.4003672166682377,0.6165873620671907,Milling,No clear abnormal zone,No clear abnormal zone,Low,,,,No production zone shows strong deviation from baseline.
1729,Crack,1.146310943230013,0.7347615073570153,0.9170943010549828,1.146310943230013,Drilling,Drilling,Drilling,Low,0.4702634477024833,0.1558036324919992,0.3739329198055174,Drilling stress = 1.15; Assembly stress = 0.92
1730,Crack,0.8477753975468028,0.7933504000465883,0.8233123064818753,0.8477753975468028,Drilling,No clear abnormal zone,No clear abnormal zone,Low,,,,No production zone shows strong deviation from baseline.
1731,Crack,0.4190819546318006,0.1882898351581492,0.3891561606956911,0.4190819546318006,Drilling,No clear abnormal zone,No clear abnormal zone,Low,,,,No production zone shows strong deviation from baseline.
1732,Crack,1.0035331271385912,0.9206916704498256,1.102919545984648,1.102919545984648,Assembly,Assembly,Assembly,Low,0.3899028342801099,0.17945220910924464,0.4306449566106454,Assembly stress = 1.10; Drilling stress = 1.00
1733,Crack,0.5064101826243868,0.3904179461847185,0.4092370457970657,0.5064101826243868,Drilling,No clear abnormal zone,No clear abnormal zone,Low,,,,No production zone shows strong deviation from baseline.
1734,Crack,0.2908348783024802,0.6864615724903375,0.354522074745808,0.6864615724903375,Milling,No clear abnormal zone,No clear abnormal zone,Low,,,,No production zone shows strong deviation from baseline.
1735,Crack,1.1088367061307758,1.013493648578475,0.915294742281738,1.1088367061307758,Drilling,Drilling,Drilling,Low,0.43887256398774854,0.1994809704924511,0.36164646551980034,Drilling stress = 1.11; Assembly stress = 0.92
1736,Crack,0.5451331864950805,1.11307639033176,0.8793241979896849,1.11307639033176,Milling,Milling,Assembly,Medium,0.30495923144179893,0.2690706874068963,0.42597008115130475,Assembly stress = 0.88; Drilling stress = 0.55
1737,Crack,0.3176287651553781,0.3205975338056725,0.7282847996898643,0.7282847996898643,Assembly,No clear abnormal zone,No clear abnormal zone,Low,,,,No production zone shows strong deviation from baseline.
1738,Crack,1.3347709727417134,0.966416922779434,0.9169940129098836,1.3347709727417134,Drilling,Drilling,Drilling,Medium,0.4988911703407438,0.17258446105276173,0.3285243686064945,Drilling stress = 1.33; Assembly stress = 0.92
1739,Crack,1.0189200365636943,0.8600281513403096,0.9036776753791568,1.0189200365636943,Drilling,Drilling,Drilling,Low,0.43146326234516474,0.18403819207715497,0.38449854557768026,Drilling stress = 1.02; Assembly stress = 0.90
1740,Crack,0.3071047604595062,0.4795180621485021,0.2703995046765974,0.4795180621485021,Milling,No clear abnormal zone,No clear abnormal zone,Low,,,,No production zone shows strong deviation from baseline.
1741,Crack,0.4338108429272233,0.4850294800734182,0.8127427049057783,0.8127427049057783,Assembly,No clear abnormal zone,No clear abnormal zone,Low,,,,No production zone shows strong deviation from baseline.
1742,Crack,0.5491813540559235,0.3663918598255836,0.3908041996373415,0.5491813540559235,Drilling,No clear abnormal zone,No clear abnormal zone,Low,,,,No production zone shows strong deviation from baseline.
1743,Crack,0.2823752610752784,0.3879001279871727,0.4883483434539457,0.4883483434539457,Assembly,No clear abnormal zone,No clear abnormal zone,Low,,,,No production zone shows strong deviation from baseline.
1744,Crack,1.324954137783908,1.22881233644456,1.6573276262155288,1.6573276262155288,Assembly,Assembly,Assembly,Medium,0.3510692219102395,0.15944426661369068,0.4894865114760698,Assembly stress = 1.66; Drilling stress = 1.32
1745,Crack,0.9864848028103432,0.914330452841013,1.0815717265075244,1.0815717265075244,Assembly,Assembly,Assembly,Low,0.38987143859906226,0.18136571355253842,0.4287628478483994,Assembly stress = 1.08; Drilling stress = 0.99
1746,Crack,0.5234677898471156,0.5731695619618395,0.4063325104273214,0.5731695619618395,Milling,No clear abnormal zone,No clear abnormal zone,Low,,,,No production zone shows strong deviation from baseline.
1747,Crack,0.6800870839801814,0.6726280003819967,0.5509398834694358,0.6800870839801814,Drilling,No clear abnormal zone,No clear abnormal zone,Low,,,,No production zone shows strong deviation from baseline.
1748,Crack,1.106646185173296,1.0184244824458084,1.2848748329512532,1.2848748329512532,Assembly,Assembly,Assembly,Low,0.37694918308412473,0.17255939606072773,0.4504914208551476,Assembly stress = 1.28; Drilling stress = 1.11
1749,Crack,1.116783145205293,1.0270764312425462,1.3095722751962406,1.3095722751962406,Assembly,Assembly,Assembly,Low,0.3745701769112495,0.17121589074299365,0.4542139323457569,Assembly stress = 1.31; Drilling stress = 1.12
1750,Crack,0.3058324808456383,0.9876848663455604,0.762593572362753,0.9876848663455604,Milling,No clear abnormal zone,No clear abnormal zone,Low,,,,No production zone shows strong deviation from baseline.
1751,Crack,0.725671387744799,0.7103752664786749,0.6090629881976044,0.725671387744799,Drilling,No clear abnormal zone,No clear abnormal zone,Low,,,,No production zone shows strong deviation from baseline.
1752,Crack,0.9541587995120172,0.7535720657164123,1.0215100261418872,1.0215100261418872,Assembly,Assembly,Assembly,Low,0.4034216013232003,0.16504996692075574,0.43152843175604405,Assembly stress = 1.02; Drilling stress = 0.95
1753,Crack,0.7701507244860277,0.7469879927431484,0.7172430372454762,0.7701507244860277,Drilling,No clear abnormal zone,No clear abnormal zone,Low,,,,No production zone shows strong deviation from baseline.
1754,Crack,0.1408646224723205,0.1625835102971022,0.6902908610232297,0.6902908610232297,Assembly,No clear abnormal zone,No clear abnormal zone,Low,,,,No production zone shows strong deviation from baseline.
1755,Crack,1.4276330004195803,0.8055736301426787,0.91627453496969,1.4276330004195803,Drilling,Drilling,Drilling,High,0.5353034626211421,0.14368555341827252,0.32101098396058536,Drilling stress = 1.43; Assembly stress = 0.92
1756,Crack,0.7396765101005449,0.7211720957196477,0.9004308638395366,0.9004308638395366,Assembly,No clear abnormal zone,No clear abnormal zone,Low,,,,No production zone shows strong deviation from baseline.
1757,Crack,1.3546749936621163,0.7695989175919985,0.9204238661321488,1.3546749936621163,Drilling,Drilling,Drilling,Medium,0.5191349757410064,0.14459556834748238,0.33626945591151125,Drilling stress = 1.35; Assembly stress = 0.92
1758,Crack,0.6828558891085164,0.696726146054592,0.5953574851997032,0.696726146054592,Milling,No clear abnormal zone,No clear abnormal zone,Low,,,,No production zone shows strong deviation from baseline.
1759,Crack,0.3484357230794123,0.3929138020574524,0.386916311602088,0.3929138020574524,Milling,No clear abnormal zone,No clear abnormal zone,Low,,,,No production zone shows strong deviation from baseline.
1760,Crack,1.3913917849090471,0.5943801443163966,0.905074699149373,1.3913917849090471,Drilling,Drilling,Drilling,High,0.5434122040996003,0.12245080216848875,0.3341369937319108,Drilling stress = 1.39; Assembly stress = 0.91
1761,Crack,0.5438060420023417,0.2272471635938343,0.4476613547894585,0.5438060420023417,Drilling,No clear abnormal zone,No clear abnormal zone,Low,,,,No production zone shows strong deviation from baseline.
1762,Crack,1.3264707202822568,1.2304881643646488,1.6599292112734332,1.6599292112734332,Assembly,Assembly,Assembly,Medium,0.3508738640680612,0.15938092007206023,0.48974521585987857,Assembly stress = 1.66; Drilling stress = 1.33
1763,Crack,0.6976522974813064,0.6382969776154408,0.8892106494576708,0.8892106494576708,Assembly,No clear abnormal zone,No clear abnormal zone,Low,,,,No production zone shows strong deviation from baseline.
1764,Crack,0.993232754373896,0.9155494336149276,1.088087811722904,1.088087811722904,Assembly,Assembly,Assembly,Low,0.3903005361225053,0.18056422767661953,0.4291352362008752,Assembly stress = 1.09; Drilling stress = 0.99
1765,Crack,1.450890435523397,1.3555949975411012,1.6684622038506898,1.6684622038506898,Assembly,Assembly,Assembly,Low,0.3706989478015094,0.1685020057362295,0.4607990464622611,Assembly stress = 1.67; Drilling stress = 1.45
1766,Crack,0.2899132198583295,0.5299860859043702,0.6317635239487989,0.6317635239487989,Assembly,No clear abnormal zone,No clear abnormal zone,Low,,,,No production zone shows strong deviation from baseline.
1767,Crack,1.3569662419643511,1.1483881993276994,0.9196437052416202,1.3569662419643511,Drilling,Drilling,Drilling,Medium,0.48741685701109694,0.19782731485881744,0.3147558281300855,Drilling stress = 1.36; Assembly stress = 0.92
1768,Crack,0.8330781225009968,0.8090694061187396,0.8390103691905513,0.8390103691905513,Assembly,No clear abnormal zone,No clear abnormal zone,Low,,,,No production zone shows strong deviation from baseline.
1769,Crack,0.3309786316061431,0.2813317594538498,0.7013846404474104,0.7013846404474104,Assembly,No clear abnormal zone,No clear abnormal zone,Low,,,,No production zone shows strong deviation from baseline.
1770,Crack,0.523427456140772,0.7451098832767871,0.8675877575679558,0.8675877575679558,Assembly,No clear abnormal zone,No clear abnormal zone,Low,,,,No production zone shows strong deviation from baseline.
1771,Crack,1.3605536800906213,0.6221727985725048,0.920058185930398,1.3605536800906213,Drilling,Drilling,Drilling,Medium,0.5311630982379999,0.12691798176944516,0.341918919992555,Drilling stress = 1.36; Assembly stress = 0.92
1772,Crack,0.6576806409446643,0.6089206882909166,0.8855101018406502,0.8855101018406502,Assembly,No clear abnormal zone,No clear abnormal zone,Low,,,,No production zone shows strong deviation from baseline.
1773,Crack,1.4439945219411614,1.3488916858607456,1.6684622038506898,1.6684622038506898,Assembly,Assembly,Assembly,Low,0.3695087347093607,0.1679933445317427,0.4624979207588965,Assembly stress = 1.67; Drilling stress = 1.44
1774,Crack,0.4124558350026807,1.769259946552464,0.3854613666759749,1.769259946552464,Milling,Milling,Milling,High,0.2554117069727229,0.49597906160721483,0.24860923142006225,Milling stress = 1.77; Drilling stress = 0.41
1775,Crack,1.3330490588968895,1.2350328191505229,1.6672683441539036,1.6672683441539036,Assembly,Assembly,Assembly,Medium,0.3508566945138423,0.1590493357860037,0.49009396970015406,Assembly stress = 1.67; Drilling stress = 1.33
1776,Crack,0.3907850749819865,0.1756096565245478,0.387807669131841,0.3907850749819865,Drilling,No clear abnormal zone,No clear abnormal zone,Low,,,,No production zone shows strong deviation from baseline.
1777,Crack,0.763228718013301,0.7622977850208593,0.6896733638323326,0.763228718013301,Drilling,No clear abnormal zone,No clear abnormal zone,Low,,,,No production zone shows strong deviation from baseline.
1778,Crack,0.8528949967793144,0.8047109544350977,0.8531246526168809,0.8531246526168809,Assembly,No clear abnormal zone,No clear abnormal zone,Low,,,,No production zone shows strong deviation from baseline.
1779,Crack,1.0238491127692166,0.8432491013479344,0.913294438649172,1.0238491127692166,Drilling,Drilling,Drilling,Low,0.4323909281196108,0.18047331242976586,0.38713575945062323,Drilling stress = 1.02; Assembly stress = 0.91
1780,Crack,0.2696614854325763,0.8812275642330296,0.5883509879839804,0.8812275642330296,Milling,No clear abnormal zone,No clear abnormal zone,Low,,,,No production zone shows strong deviation from baseline.
1781,Crack,1.200819498138808,0.8067781019365035,0.8851404599470372,1.200819498138808,Drilling,Drilling,Drilling,Medium,0.48392016559695966,0.16316000893888938,0.3529198254641509,Drilling stress = 1.20; Assembly stress = 0.89
1782,Crack,1.3248569209570906,1.2292540275242734,1.6583981357835142,1.6583981357835142,Assembly,Assembly,Assembly,Medium,0.35083841615342826,0.15942533454377059,0.4897362493028012,Assembly stress = 1.66; Drilling stress = 1.32
1783,Crack,1.3293515789169406,1.2343767779880075,1.6656614403306067,1.6656614403306067,Assembly,Assembly,Assembly,Medium,0.35032765571913815,0.15929325814490228,0.4903790861359596,Assembly stress = 1.67; Drilling stress = 1.33
1784,Crack,0.9583840241513792,0.8926854247827076,1.0501237712435518,1.0501237712435518,Assembly,Assembly,Assembly,Low,0.3899720929253144,0.1825874798891004,0.42744042718558534,Assembly stress = 1.05; Drilling stress = 0.96
1785,Crack,1.1137045835872392,1.023293910084413,1.2995527891170666,1.2995527891170666,Assembly,Assembly,Assembly,Low,0.37579611225659465,0.17165538435246755,0.4525485033909378,Assembly stress = 1.30; Drilling stress = 1.11
1786,Crack,0.3336566745366276,1.285935420607513,0.8050791489585094,1.285935420607513,Milling,Milling,Assembly,Low,0.2565368119194933,0.3324214980330506,0.4110416900474562,Assembly stress = 0.81; Milling stress = 1.29
1787,Crack,1.4184367904340038,0.8659593081166974,0.9174377112434148,1.4184367904340038,Drilling,Drilling,Drilling,High,0.528070626961044,0.15195818359466437,0.31997118944429165,Drilling stress = 1.42; Assembly stress = 0.92
1788,Crack,0.871585729812647,0.8119144163086578,0.8867440434533396,0.8867440434533396,Assembly,No clear abnormal zone,No clear abnormal zone,Low,,,,No production zone shows strong deviation from baseline.
1789,Crack,1.2825615198852844,0.6618209240807128,0.9172304008799568,1.2825615198852844,Drilling,Drilling,Drilling,Medium,0.5094918535941478,0.13693770127012314,0.35357044513572916,Drilling stress = 1.28; Assembly stress = 0.92
1790,Crack,0.284984633684558,0.5479406065792619,0.6116085759484566,0.6116085759484566,Assembly,No clear abnormal zone,No clear abnormal zone,Low,,,,No production zone shows strong deviation from baseline.
1791,Crack,1.455984747811347,0.9256044676014497,0.915141273033348,1.455984747811347,Drilling,Drilling,Drilling,High,0.5329219133907037,0.15678061143461153,0.31029747517468476,Drilling stress = 1.46; Assembly stress = 0.92
1792,Crack,1.087829253457202,0.679338592292089,0.911746122779312,1.087829253457202,Drilling,Drilling,Drilling,Low,0.4606438321564861,0.1530840786791463,0.3862720891643676,Drilling stress = 1.09; Assembly stress = 0.91
1793,Crack,1.3383149703494894,1.2415672489474583,1.6684622038506898,1.6684622038506898,Assembly,Assembly,Assembly,Medium,0.35148576448305113,0.1595367509449311,0.4889774845720178,Assembly stress = 1.67; Drilling stress = 1.34
1794,Crack,0.9543824921503364,0.614826292290624,0.8923038155322536,0.9543824921503364,Drilling,No clear abnormal zone,No clear abnormal zone,Low,,,,No production zone shows strong deviation from baseline.
1795,Crack,1.32769241173926,1.22955931400584,1.6592129850116373,1.6592129850116373,Assembly,Assembly,Assembly,Medium,0.35132727086259125,0.15924404606105402,0.48942868307635484,Assembly stress = 1.66; Drilling stress = 1.33
1796,Crack,0.2630609394949494,0.1047436303781699,0.3733081044808884,0.3733081044808884,Assembly,No clear abnormal zone,No clear abnormal zone,Low,,,,No production zone shows strong deviation from baseline.
1797,Crack,0.9670914917755888,0.8760597266384862,0.8788484939311471,0.9670914917755888,Drilling,No clear abnormal zone,No clear abnormal zone,Low,,,,No production zone shows strong deviation from baseline.
1798,Crack,1.4148453235637473,1.8465511235672512,0.8875410636954811,1.8465511235672512,Milling,Milling,Drilling,Low,0.42370460423526735,0.3262275499159977,0.2500678458487349,Drilling stress = 1.41; Milling stress = 1.85
1799,Crack,1.3376717190120488,1.236905675934601,1.6682855188080647,1.6682855188080647,Assembly,Assembly,Assembly,Medium,0.35163049209568614,0.15896239459011008,0.4894071133142038,Assembly stress = 1.67; Drilling stress = 1.34
1800,Crack,1.3104143220105606,0.9638786061336722,0.9132699060589904,1.3104143220105606,Drilling,Drilling,Drilling,Medium,0.4936312392651864,0.17453160850027882,0.3318371522345349,Drilling stress = 1.31; Assembly stress = 0.91
1801,Crack,0.6431256416184232,0.6496860460651211,0.4955486479337179,0.6496860460651211,Milling,No clear abnormal zone,No clear abnormal zone,Low,,,,No production zone shows strong deviation from baseline.
1802,Crack,1.3190806211637005,1.2233734737375015,1.649346403898134,1.649346403898134,Assembly,Assembly,Assembly,Medium,0.351407025576715,0.1596670709316985,0.4889259034915864,Assembly stress = 1.65; Drilling stress = 1.32
1803,Crack,0.4962857172834833,0.5748326378095793,0.8785890539096616,0.8785890539096616,Assembly,No clear abnormal zone,No clear abnormal zone,Low,,,,No production zone shows strong deviation from baseline.
1804,Crack,1.2164763393772566,1.1190542682881466,1.475929714625524,1.475929714625524,Assembly,Assembly,Assembly,Medium,0.3636617719295136,0.16495207646060747,0.4713861516098789,Assembly stress = 1.48; Drilling stress = 1.22
1805,Crack,0.2764359446121178,0.4315728844356415,0.800505221962521,0.800505221962521,Assembly,No clear abnormal zone,No clear abnormal zone,Low,,,,No production zone shows strong deviation from baseline.
1806,Crack,1.311731029056317,1.2168520348546752,1.6372914715756308,1.6372914715756308,Assembly,Assembly,Assembly,Medium,0.3521687225596953,0.16014572972048585,0.48768554771981876,Assembly stress = 1.64; Drilling stress = 1.31
1807,Crack,0.6804248279833388,0.4134587938320313,0.5495645265441298,0.6804248279833388,Drilling,No clear abnormal zone,No clear abnormal zone,Low,,,,No production zone shows strong deviation from baseline.
1808,Crack,0.5770793074102242,0.5993936519083075,0.4639903547068335,0.5993936519083075,Milling,No clear abnormal zone,No clear abnormal zone,Low,,,,No production zone shows strong deviation from baseline.
1809,Crack,1.0792240573041652,0.9301604532278664,0.9116584963048456,1.0792240573041652,Drilling,Drilling,Drilling,Low,0.43927499233458517,0.18922084757149882,0.37150416009391596,Drilling stress = 1.08; Assembly stress = 0.91
1810,Crack,0.2093486428244917,0.3188501811920184,0.7401828668698474,0.7401828668698474,Assembly,No clear abnormal zone,No clear abnormal zone,Low,,,,No production zone shows strong deviation from baseline.
1811,Crack,0.7196396442033344,0.616457129017641,0.6200922926198404,0.7196396442033344,Drilling,No clear abnormal zone,No clear abnormal zone,Low,,,,No production zone shows strong deviation from baseline.
1812,Crack,0.5783673040576702,0.4491382886725375,0.8670317235349724,0.8670317235349724,Assembly,No clear abnormal zone,No clear abnormal zone,Low,,,,No production zone shows strong deviation from baseline.
1813,Crack,1.343216318701525,1.248077862068527,1.6682368182436225,1.6682368182436225,Assembly,Assembly,Assembly,Medium,0.35227609551046773,0.16015299757871676,0.48757090691081567,Assembly stress = 1.67; Drilling stress = 1.34
1814,Crack,1.4591413476438757,0.5958272247590151,0.8864864356291975,1.4591413476438757,Drilling,Drilling,Drilling,High,0.5634097992942048,0.11881241977022465,0.3177777809355705,Drilling stress = 1.46; Assembly stress = 0.89
1815,Crack,0.9983177173993176,0.8552582715928434,1.105179613233298,1.105179613233298,Assembly,Assembly,Assembly,Low,0.3927526396974592,0.1701998562951567,0.437047504007384,Assembly stress = 1.11; Drilling stress = 1.00
1816,Crack,1.4849251306876212,0.9724114715510754,0.9179103074211384,1.4849251306876212,Drilling,Drilling,Drilling,High,0.5357018007237943,0.1604394839814511,0.30385871529475467,Drilling stress = 1.48; Assembly stress = 0.92
1817,Crack,0.9394151996632892,0.8822948586476865,1.0040988473328043,1.0040988473328043,Assembly,Assembly,Assembly,Low,0.39384628089569695,0.1859900470101152,0.420163672094188,Assembly stress = 1.00; Drilling stress = 0.94
1818,Crack,1.226654053902985,1.1326232780752223,1.5016652181149015,1.5016652181149015,Assembly,Assembly,Assembly,Medium,0.36079295475871254,0.16420675005096227,0.4750002951903252,Assembly stress = 1.50; Drilling stress = 1.23
1819,Crack,1.2139074789459618,1.1190261213075765,1.4697386517217577,1.4697386517217577,Assembly,Assembly,Assembly,Medium,0.36412958327017236,0.1655844379959779,0.47028597873384975,Assembly stress = 1.47; Drilling stress = 1.21
1820,Crack,1.3120771908875772,0.8928852109074562,0.9168292776005856,1.3120771908875772,Drilling,Drilling,Drilling,Medium,0.499425157550555,0.164205483479993,0.3363693589694519,Drilling stress = 1.31; Assembly stress = 0.92
1821,Crack,0.2958806653808325,0.5137512186077313,0.7096674672091046,0.7096674672091046,Assembly,No clear abnormal zone,No clear abnormal zone,Low,,,,No production zone shows strong deviation from baseline.
1822,Crack,1.4830169477154225,1.136443951226541,0.9184554705919435,1.4830169477154225,Drilling,Drilling,Drilling,High,0.5202472312374923,0.18393528176987753,0.29581748699263016,Drilling stress = 1.48; Assembly stress = 0.92
1823,Crack,1.3280885720261,1.052889425994762,0.8933440816422201,1.3280885720261,Drilling,Drilling,Drilling,Medium,0.4933057164218018,0.18731332879012633,0.31938095478807177,Drilling stress = 1.33; Assembly stress = 0.89
1824,Crack,0.9969524765785364,0.6386181105852307,0.9126546227819734,0.9969524765785364,Drilling,No clear abnormal zone,No clear abnormal zone,Low,,,,No production zone shows strong deviation from baseline.
1825,Crack,0.6885922768056572,0.6026326239795793,0.5950237765542085,0.6885922768056572,Drilling,No clear abnormal zone,No clear abnormal zone,Low,,,,No production zone shows strong deviation from baseline.
1826,Crack,0.777063412161678,0.9839625565516152,0.7386690013808785,0.9839625565516152,Milling,No clear abnormal zone,No clear abnormal zone,Low,,,,No production zone shows strong deviation from baseline.
1827,Crack,0.3261338418138093,1.5329712943947256,0.7552618970508985,1.5329712943947256,Milling,Milling,Milling,Low,0.23767841638718198,0.3972670959987894,0.3650544876140287,Milling stress = 1.53; Assembly stress = 0.76
1828,Crack,1.1258010398558178,0.6612019805305012,0.9136836938887842,1.1258010398558178,Drilling,Drilling,Drilling,Low,0.4710175207313033,0.14799064354041663,0.38099183572828005,Drilling stress = 1.13; Assembly stress = 0.91
1829,Crack,1.254825395828973,0.745510987938851,0.9167459556029852,1.254825395828973,Drilling,Drilling,Drilling,Medium,0.4966248527627228,0.14921277824989845,0.3541623689873788,Drilling stress = 1.25; Assembly stress = 0.92
1830,Crack,1.051978448494622,1.4391299839791647,0.8929333493040581,1.4391299839791647,Milling,Milling,Drilling,Low,0.3861976487461881,0.2843920195052041,0.32941033174860784,Drilling stress = 1.05; Assembly stress = 0.89
1831,Crack,0.2783241579304605,0.541387324200689,0.7757978278528993,0.7757978278528993,Assembly,No clear abnormal zone,No clear abnormal zone,Low,,,,No production zone shows strong deviation from baseline.
1832,Crack,0.9801796099415914,0.9101603694119548,1.0607677569399765,1.0607677569399765,Assembly,Assembly,Assembly,Low,0.39213958903058804,0.18281074726685034,0.4250496637025617,Assembly stress = 1.06; Drilling stress = 0.98
1833,Crack,1.005467414008696,0.9291725722107922,1.1216201564571704,1.1216201564571704,Assembly,Assembly,Assembly,Low,0.38663198183049874,0.17911557482305135,0.43425244334644997,Assembly stress = 1.12; Drilling stress = 1.01
1834,Crack,1.091656833730001,0.8861106094751358,0.9006204195313635,1.091656833730001,Drilling,Drilling,Drilling,Low,0.44778717879092667,0.1822947107704144,0.36991811043865896,Drilling stress = 1.09; Assembly stress = 0.90
1835,Crack,0.4227062091953097,0.3051743422382552,0.3672791214940984,0.4227062091953097,Drilling,No clear abnormal zone,No clear abnormal zone,Low,,,,No production zone shows strong deviation from baseline.
1836,Crack,0.7830571443561962,0.6345276077797557,0.7274816622949936,0.7830571443561962,Drilling,No clear abnormal zone,No clear abnormal zone,Low,,,,No production zone shows strong deviation from baseline.
1837,Crack,1.2384789501075022,0.935980618084131,0.8925985273774306,1.2384789501075022,Drilling,Drilling,Drilling,Medium,0.4814446524817625,0.17788651022269455,0.340668837295543,Drilling stress = 1.24; Assembly stress = 0.89
1838,Crack,1.3351521829170354,1.2378994808639567,1.6684622038506898,1.6684622038506898,Assembly,Assembly,Assembly,Medium,0.35097038641863043,0.15922240017288566,0.4898072134084839,Assembly stress = 1.67; Drilling stress = 1.34
1839,Crack,1.44010433242624,0.6845501140022362,0.9181129717378846,1.44010433242624,Drilling,Drilling,Drilling,High,0.5469822409033578,0.1284725080815516,0.3245452510150905,Drilling stress = 1.44; Assembly stress = 0.92
1840,Crack,0.3077701745125021,0.4384661186984388,0.720446909303461,0.720446909303461,Assembly,No clear abnormal zone,No clear abnormal zone,Low,,,,No production zone shows strong deviation from baseline.
1841,Crack,0.7764760475612373,0.7404947008408919,0.7098241804856966,0.7764760475612373,Drilling,No clear abnormal zone,No clear abnormal zone,Low,,,,No production zone shows strong deviation from baseline.
1842,Crack,0.3516258769788318,0.5274908274217284,0.8628307399807345,0.8628307399807345,Assembly,No clear abnormal zone,No clear abnormal zone,Low,,,,No production zone shows strong deviation from baseline.
1843,Crack,1.367976345211488,0.7981320969255147,0.9187164007284108,1.367976345211488,Drilling,Drilling,Drilling,Medium,0.5205874181232625,0.14722564286838308,0.3321869390083544,Drilling stress = 1.37; Assembly stress = 0.92
1844,Crack,1.3437218462009743,1.247766080129906,1.6681102911487862,1.6681102911487862,Assembly,Assembly,Assembly,Medium,0.3524307827175205,0.1600924234871618,0.4874767937953177,Assembly stress = 1.67; Drilling stress = 1.34
1845,Crack,1.3210038940542344,1.2243975907997782,1.6521165057903393,1.6521165057903393,Assembly,Assembly,Assembly,Medium,0.35131192159600405,0.15948039679065207,0.48920768161334377,Assembly stress = 1.65; Drilling stress = 1.32
1846,Crack,1.3194497070357836,0.7050428104922196,0.917813371379078,1.3194497070357836,Drilling,Drilling,Drilling,Medium,0.5155423390685974,0.13944431626647624,0.34501334466492645,Drilling stress = 1.32; Assembly stress = 0.92
1847,Crack,0.6780318793897845,0.6578549761644086,0.5851932555541024,0.6780318793897845,Drilling,No clear abnormal zone,No clear abnormal zone,Low,,,,No production zone shows strong deviation from baseline.
1848,Crack,1.2558652076425392,0.6953013558392481,0.911201118868159,1.2558652076425392,Drilling,Drilling,Drilling,Medium,0.5015292048540522,0.14315827098815864,0.35531252415778936,Drilling stress = 1.26; Assembly stress = 0.91
1849,Crack,0.8728927007994403,0.6188754172103245,0.9068173295213184,0.9068173295213184,Assembly,No clear abnormal zone,No clear abnormal zone,Low,,,,No production zone shows strong deviation from baseline.
1850,Crack,1.4686904866596735,1.4359746442413956,0.9161750014778038,1.4686904866596735,Drilling,Drilling,Drilling,High,0.4855766516963757,0.23497382718504436,0.27944952111858,Drilling stress = 1.47; Assembly stress = 0.92
1851,Crack,1.3386114816712822,1.2459105445646397,1.6682624834110509,1.6682624834110509,Assembly,Assembly,Assembly,Medium,0.35134370464930365,0.16011892849354897,0.4885373668571472,Assembly stress = 1.67; Drilling stress = 1.34
1852,Crack,0.9160838659845862,0.9509396061172624,0.8987702699831721,0.9509396061172624,Milling,No clear abnormal zone,No clear abnormal zone,Low,,,,No production zone shows strong deviation from baseline.
1853,Crack,1.015183873232608,0.7479739063284082,0.8761204530054503,1.015183873232608,Drilling,Drilling,Drilling,Low,0.4438666284712331,0.169892686784569,0.38624068474419776,Drilling stress = 1.02; Assembly stress = 0.88
1854,Crack,1.3465913371316742,0.651127473054372,0.9169871731469096,1.3465913371316742,Drilling,Drilling,Drilling,Medium,0.5262636782621709,0.13126147575438205,0.3424748459834471,Drilling stress = 1.35; Assembly stress = 0.92
1855,Crack,0.8338440320187708,0.8025566278453193,0.8305469543652566,0.8338440320187708,Drilling,No clear abnormal zone,No clear abnormal zone,Low,,,,No production zone shows strong deviation from baseline.
1856,Crack,0.4367003520087143,1.0233823300163876,0.8679282095117847,1.0233823300163876,Milling,Milling,Assembly,Medium,0.29085387759834425,0.26147947728198906,0.4476666451196667,Assembly stress = 0.87; Drilling stress = 0.44
1857,Crack,1.2216972564843642,0.9382468467030598,0.9000624980406714,1.2216972564843642,Drilling,Drilling,Drilling,Medium,0.4758385450129106,0.1791961498687309,0.34496530511835843,Drilling stress = 1.22; Assembly stress = 0.90
1858,Crack,1.1827057385650563,1.088815750546595,1.4239286157015976,1.4239286157015976,Assembly,Assembly,Assembly,Medium,0.3665694339526533,0.16685927395541222,0.4665712920919345,Assembly stress = 1.42; Drilling stress = 1.18
1859,Crack,0.4381551675552525,1.411806207302436,0.8683978679323785,1.411806207302436,Milling,Milling,Assembly,Low,0.2589715975156164,0.3428257336070873,0.3982026688772964,Assembly stress = 0.87; Milling stress = 1.41
1860,Crack,1.328084519607423,1.2322224513982292,1.662479999569311,1.662479999569311,Assembly,Assembly,Assembly,Medium,0.3507061193962595,0.15932391916127336,0.4899699614424672,Assembly stress = 1.66; Drilling stress = 1.33
1861,Crack,1.4784043882477356,0.6783146082603237,0.9168013947937844,1.4784043882477356,Drilling,Drilling,Drilling,High,0.557122162791179,0.12515432528868936,0.31772351192013176,Drilling stress = 1.48; Assembly stress = 0.92
1862,Crack,0.7762722131507553,0.6752886429808209,0.7480170182762308,0.7762722131507553,Drilling,No clear abnormal zone,No clear abnormal zone,Low,,,,No production zone shows strong deviation from baseline.
1863,Crack,1.3516786978567064,1.3208487669182845,0.9136463087022052,1.3516786978567064,Drilling,Drilling,Drilling,Medium,0.4694559926955225,0.22760176350323408,0.3029422438012434,Drilling stress = 1.35; Assembly stress = 0.91
1864,Crack,0.6467186267884747,0.6557766196299919,0.5082842381728012,0.6557766196299919,Milling,No clear abnormal zone,No clear abnormal zone,Low,,,,No production zone shows strong deviation from baseline.
1865,Crack,1.2376882856665434,1.1417775422175165,1.5100856030072318,1.5100856030072318,Assembly,Assembly,Assembly,Medium,0.3613524621354498,0.16415250551655888,0.47449503234799134,Assembly stress = 1.51; Drilling stress = 1.24
1866,Crack,1.0854550708032171,0.999501050893384,1.250228286726605,1.250228286726605,Assembly,Assembly,Assembly,Low,0.3790831194783553,0.17393023893735202,0.4469866415842927,Assembly stress = 1.25; Drilling stress = 1.09
1867,Crack,1.2062269814027764,1.1137431495698285,1.4652248069681475,1.4652248069681475,Assembly,Assembly,Assembly,Medium,0.36344301684793257,0.16566894831155865,0.47088803484050884,Assembly stress = 1.47; Drilling stress = 1.21
1868,Crack,1.439443154165668,1.342684194068892,1.6684622038506898,1.6684622038506898,Assembly,Assembly,Assembly,Low,0.3688331032208783,0.16740869635755798,0.4637582004215636,Assembly stress = 1.67; Drilling stress = 1.44
1869,Crack,1.064292925863795,0.7900952312804576,0.902080814825546,1.064292925863795,Drilling,Drilling,Drilling,Low,0.4483597762815949,0.1704174656415365,0.38122275807686856,Drilling stress = 1.06; Assembly stress = 0.90
1870,Crack,0.4610564308821145,0.9537916988509654,0.8317823068080492,0.9537916988509654,Milling,No clear abnormal zone,No clear abnormal zone,Low,,,,No production zone shows strong deviation from baseline.
1871,Crack,1.472958191971193,1.6280090526960107,0.9150773601236052,1.6280090526960107,Milling,Milling,Drilling,Medium,0.4637617688423272,0.27077133199846287,0.26546689915920985,Drilling stress = 1.47; Milling stress = 1.63
1872,Crack,0.836445307181591,1.4040965954599405,0.8964762242639954,1.4040965954599405,Milling,Milling,Assembly,Low,0.3396821323804918,0.2996198136903744,0.3606980539291338,Assembly stress = 0.90; Drilling stress = 0.84
1873,Crack,0.2640291822371589,1.1582974150211585,0.5085014373938477,1.1582974150211585,Milling,Milling,Assembly,Low,0.28573714343983225,0.3493916018702203,0.3648712546899475,Assembly stress = 0.51; Milling stress = 1.16
1874,Crack,1.226127267981412,1.1321945779096183,1.4939428700813986,1.4939428700813986,Assembly,Assembly,Assembly,Medium,0.36202002874193434,0.16478138692489547,0.47319858433317025,Assembly stress = 1.49; Drilling stress = 1.23
1875,Crack,1.5237481010284446,0.8424371692161083,0.9176607180982724,1.5237481010284446,Drilling,Drilling,Drilling,High,0.5560320129205756,0.14066311235301532,0.30330487472640916,Drilling stress = 1.52; Assembly stress = 0.92
1876,Crack,1.1006765572121378,1.0131458410127636,1.2761113676789373,1.2761113676789373,Assembly,Assembly,Assembly,Low,0.377378475928942,0.17287533054579818,0.4497461935252597,Assembly stress = 1.28; Drilling stress = 1.10
1877,Crack,1.4092977971249314,0.6444445355632139,0.9139956214141832,1.4092977971249314,Drilling,Drilling,Drilling,High,0.5428622754053981,0.1263246536184603,0.33081307097614177,Drilling stress = 1.41; Assembly stress = 0.91
1878,Crack,1.1158996311923846,1.027676178443922,1.3112830245793652,1.3112830245793652,Assembly,Assembly,Assembly,Low,0.37403380245061296,0.17122449656876904,0.45474170098061806,Assembly stress = 1.31; Drilling stress = 1.12
1879,Crack,0.3168794909769489,0.4774404926346743,0.7519921134716526,0.7519921134716526,Assembly,No clear abnormal zone,No clear abnormal zone,Low,,,,No production zone shows strong deviation from baseline.
1880,Crack,0.2851066953046898,0.4637219690623769,0.6479599963624079,0.6479599963624079,Assembly,No clear abnormal zone,No clear abnormal zone,Low,,,,No production zone shows strong deviation from baseline.
1881,Crack,0.8130251896653591,0.4368605459594243,0.7966250690597387,0.8130251896653591,Drilling,No clear abnormal zone,No clear abnormal zone,Low,,,,No production zone shows strong deviation from baseline.
1882,Crack,0.4617665178475859,0.4485950733451052,0.384746567283118,0.4617665178475859,Drilling,No clear abnormal zone,No clear abnormal zone,Low,,,,No production zone shows strong deviation from baseline.
1883,Crack,0.6414104685506163,0.4083401675645133,0.489417785509207,0.6414104685506163,Drilling,No clear abnormal zone,No clear abnormal zone,Low,,,,No production zone shows strong deviation from baseline.
1884,Crack,1.0255752454365958,0.9482908674748548,1.1503000279195352,1.1503000279195352,Assembly,Assembly,Assembly,Low,0.38525996486141456,0.17830343345555547,0.43643660168303006,Assembly stress = 1.15; Drilling stress = 1.03
1885,Crack,0.3407086588329916,1.078514221673566,0.6288996184535691,1.078514221673566,Milling,Milling,Assembly,Low,0.2958857732825612,0.30939904795115386,0.394715178766285,Assembly stress = 0.63; Milling stress = 1.08
1886,Crack,0.277299279241029,0.4631794578841803,0.7415640447414238,0.7415640447414238,Assembly,No clear abnormal zone,No clear abnormal zone,Low,,,,No production zone shows strong deviation from baseline.
1887,Crack,1.3412249940322185,1.2426628160373356,1.6684622038506898,1.6684622038506898,Assembly,Assembly,Assembly,Medium,0.3520878620947086,0.15952033306317584,0.48839180484211564,Assembly stress = 1.67; Drilling stress = 1.34
1888,Crack,0.8154455022915345,0.7739246531486075,0.7715125111020017,0.8154455022915345,Drilling,No clear abnormal zone,No clear abnormal zone,Low,,,,No production zone shows strong deviation from baseline.
1889,Crack,0.2911822299904456,0.4310923953545632,0.8065039693244103,0.8065039693244103,Assembly,No clear abnormal zone,No clear abnormal zone,Low,,,,No production zone shows strong deviation from baseline.
1890,Crack,1.1791924910499658,0.9261832491973636,0.9188025283368088,1.1791924910499658,Drilling,Drilling,Drilling,Medium,0.46318140532168695,0.1798210804575364,0.3569975142207767,Drilling stress = 1.18; Assembly stress = 0.92
1891,Crack,1.1072786731738071,1.018879164439631,1.2957567171599305,1.2957567171599305,Assembly,Assembly,Assembly,Low,0.3752192987339955,0.17173695286637178,0.45304374839963285,Assembly stress = 1.30; Drilling stress = 1.11
1892,Crack,1.1130722938800377,1.024408963545454,1.3000931546542465,1.3000931546542465,Assembly,Assembly,Assembly,Low,0.3754840108038688,0.1718127770300148,0.4527032121661164,Assembly stress = 1.30; Drilling stress = 1.11
1893,Crack,0.3725558593577212,0.8098500342928409,0.7966774090209661,0.8098500342928409,Milling,No clear abnormal zone,No clear abnormal zone,Low,,,,No production zone shows strong deviation from baseline.
1894,Crack,1.1643832922086106,1.071481540820198,1.388376506249504,1.388376506249504,Assembly,Assembly,Assembly,Low,0.36945302619156606,0.16833813624097058,0.46220883756746334,Assembly stress = 1.39; Drilling stress = 1.16
1895,Crack,0.3000476348366686,1.0834461928068673,0.6589817241147826,1.0834461928068673,Milling,Milling,Assembly,Low,0.28358723589942925,0.31037187137997047,0.4060408927206003,Assembly stress = 0.66; Milling stress = 1.08
1896,Crack,1.222101911504185,0.8545834262166112,0.8959431498808139,1.222101911504185,Drilling,Drilling,Drilling,Medium,0.48357866826425433,0.16742715173232647,0.3489941800034192,Drilling stress = 1.22; Assembly stress = 0.90
1897,Crack,1.1132352484524235,1.0228652099188087,1.3016744997718028,1.3016744997718028,Assembly,Assembly,Assembly,Low,0.37535279446059355,0.1714598536749715,0.453187351864435,Assembly stress = 1.30; Drilling stress = 1.11
1898,Crack,1.0108925874487862,0.9396215974593048,1.121641895717295,1.121641895717295,Assembly,Assembly,Assembly,Low,0.38718876399314606,0.18027692949660387,0.43253430651025015,Assembly stress = 1.12; Drilling stress = 1.01
1899,Crack,0.3139060802518353,0.5014604822039606,0.8097877895559423,0.8097877895559423,Assembly,No clear abnormal zone,No clear abnormal zone,Low,,,,No production zone shows strong deviation from baseline.
1900,Crack,0.2029786708113579,1.172702903818493,0.4299511234597341,1.172702903818493,Milling,Milling,Milling,Low,0.2798452236070152,0.3690063047541334,0.3511484716388515,Milling stress = 1.17; Assembly stress = 0.43
1901,Crack,1.001148371821389,0.926429324181396,1.1133201195327636,1.1133201195327636,Assembly,Assembly,Assembly,Low,0.38719063922132096,0.1796572647951314,0.4331520959835478,Assembly stress = 1.11; Drilling stress = 1.00
1902,Crack,0.8824798456166303,0.8376299307878508,0.9351799864645026,0.9351799864645026,Assembly,No clear abnormal zone,No clear abnormal zone,Low,,,,No production zone shows strong deviation from baseline.
1903,Crack,1.1745750683348064,0.8350719410789144,0.9204037889444032,1.1745750683348064,Drilling,Drilling,Drilling,Medium,0.4691265499167525,0.1670381540153487,0.3638352960678988,Drilling stress = 1.17; Assembly stress = 0.92
1904,Crack,1.3757570091286788,0.6754867092927591,0.9084020181254602,1.3757570091286788,Drilling,Drilling,Drilling,Medium,0.5333665754074245,0.1323952101998809,0.33423821439269463,Drilling stress = 1.38; Assembly stress = 0.91
1905,Crack,1.2316988966594782,1.138098948372257,1.5035918979908978,1.5035918979908978,Assembly,Assembly,Assembly,Medium,0.3613016897418415,0.16450914907470537,0.4741891611834531,Assembly stress = 1.50; Drilling stress = 1.23
1906,Crack,0.7581778551547584,0.48493011524816,0.8509678805850448,0.8509678805850448,Assembly,No clear abnormal zone,No clear abnormal zone,Low,,,,No production zone shows strong deviation from baseline.
1907,Crack,0.4967650047763799,0.5813594911434259,0.8233709507348026,0.8233709507348026,Assembly,No clear abnormal zone,No clear abnormal zone,Low,,,,No production zone shows strong deviation from baseline.
1908,Crack,1.3335027374220365,1.2383953007524582,1.6681587443851784,1.6681587443851784,Assembly,Assembly,Assembly,Medium,0.3506191857305017,0.15940467207721276,0.4899761421922855,Assembly stress = 1.67; Drilling stress = 1.33
1909,Crack,1.4350489535935291,1.3396767974526085,1.6684622038506898,1.6684622038506898,Assembly,Assembly,Assembly,Low,0.36799603934921965,0.16726056045888774,0.4647434001918926,Assembly stress = 1.67; Drilling stress = 1.44
1910,Crack,1.2256148921952423,1.1294426692708162,1.4949274094130185,1.4949274094130185,Assembly,Assembly,Assembly,Medium,0.3618968939992105,0.1643568444086509,0.4737462615921386,Assembly stress = 1.49; Drilling stress = 1.23
1911,Crack,0.4531385309539608,2.1238538891010337,0.3464636292478756,2.1238538891010337,Milling,Milling,Milling,High,0.21945212875494538,0.5833003851674649,0.1972474860775898,Milling stress = 2.12; Drilling stress = 0.45
1912,Crack,0.856556632407083,0.8293886252747541,0.8627365567276293,0.8627365567276293,Assembly,No clear abnormal zone,No clear abnormal zone,Low,,,,No production zone shows strong deviation from baseline.
1913,Crack,1.344762066247919,1.251656858905616,1.668458690713104,1.668458690713104,Assembly,Assembly,Assembly,Medium,0.35238854045721907,0.1605301839792628,0.4870812755635181,Assembly stress = 1.67; Drilling stress = 1.34
1914,Crack,1.2852604310996931,0.6336563803753428,0.9180884911160248,1.2852604310996931,Drilling,Drilling,Drilling,Medium,0.5119554227142477,0.13341790234351897,0.35462667494223343,Drilling stress = 1.29; Assembly stress = 0.92
1915,Crack,1.2222262406999944,1.1264244468927749,1.4830695954186033,1.4830695954186033,Assembly,Assembly,Assembly,Medium,0.36332636450865174,0.1650671782173585,0.47160645727398987,Assembly stress = 1.48; Drilling stress = 1.22
1916,Crack,0.3110685576533785,0.5216416588251422,0.7279663134336739,0.7279663134336739,Assembly,No clear abnormal zone,No clear abnormal zone,Low,,,,No production zone shows strong deviation from baseline.
1917,Crack,0.2002615653939551,0.227486728837881,0.2639819673402956,0.2639819673402956,Assembly,No clear abnormal zone,No clear abnormal zone,Low,,,,No production zone shows strong deviation from baseline.
1918,Crack,0.7555001440742364,0.7373011011223762,0.6871363451690389,0.7555001440742364,Drilling,No clear abnormal zone,No clear abnormal zone,Low,,,,No production zone shows strong deviation from baseline.
1919,Crack,1.0457445061604558,0.8735791980551745,0.9037632959437724,1.0457445061604558,Drilling,Drilling,Drilling,Low,0.4369564559692698,0.1839237111604547,0.37911983287027556,Drilling stress = 1.05; Assembly stress = 0.90
1920,Crack,0.9827743466753938,0.90548797063734,1.0718472292077856,1.0718472292077856,Assembly,Assembly,Assembly,Low,0.39124048621136887,0.18107093644856798,0.4276885773400632,Assembly stress = 1.07; Drilling stress = 0.98
1921,Crack,1.1105064699509508,1.0189073114202012,1.2995132715459308,1.2995132715459308,Assembly,Assembly,Assembly,Low,0.37533527968880964,0.17124124754315634,0.4534234727680341,Assembly stress = 1.30; Drilling stress = 1.11
1922,Crack,1.0661406478714888,0.7097680033837523,0.8534645890195498,1.0661406478714888,Drilling,Drilling,Drilling,Low,0.46327958121498763,0.16219687804200034,0.3745235407430119,Drilling stress = 1.07; Assembly stress = 0.85
1923,Crack,0.2383901016651794,2.233062815440267,0.6881059076807434,2.233062815440267,Milling,Milling,Milling,High,0.160185427643377,0.588665199529667,0.25114937282695593,Milling stress = 2.23; Assembly stress = 0.69
1924,Crack,0.3156998796135495,0.2900803118404792,0.7594710227537402,0.7594710227537402,Assembly,No clear abnormal zone,No clear abnormal zone,Low,,,,No production zone shows strong deviation from baseline.
1925,Crack,1.3039746772027905,0.6370932007633888,0.9169726005510856,1.3039746772027905,Drilling,Drilling,Drilling,Medium,0.516597474416022,0.13258650956990065,0.3508160160140774,Drilling stress = 1.30; Assembly stress = 0.92
1926,Crack,0.4809615951323041,0.4246015872705809,0.8413685182013888,0.8413685182013888,Assembly,No clear abnormal zone,No clear abnormal zone,Low,,,,No production zone shows strong deviation from baseline.
1927,Crack,1.3300482995091307,1.2306483856386623,1.6622777451072936,1.6622777451072936,Assembly,Assembly,Assembly,Medium,0.3512761741442605,0.15901930987133503,0.4897045159844045,Assembly stress = 1.66; Drilling stress = 1.33
1928,Crack,1.1492035523025868,0.7047067776543204,0.9191603382322926,1.1492035523025868,Drilling,Drilling,Drilling,Low,0.4727969901312707,0.15156614719553377,0.3756368626731954,Drilling stress = 1.15; Assembly stress = 0.92
1929,Crack,0.980575146880821,0.908324320217852,1.0658383884544491,1.0658383884544491,Assembly,Assembly,Assembly,Low,0.39151930632291115,0.18211472046314578,0.426365973213943,Assembly stress = 1.07; Drilling stress = 0.98
1930,Crack,1.3376436214562613,0.813950440202889,0.914633436415886,1.3376436214562613,Drilling,Drilling,Drilling,Medium,0.5124955580951235,0.1517829715861937,0.3357214703186827,Drilling stress = 1.34; Assembly stress = 0.91
1931,Crack,1.0908979303013162,1.001601248674374,1.2559417870491068,1.2559417870491068,Assembly,Assembly,Assembly,Low,0.3792573617385797,0.17342949833691979,0.4473131399245006,Assembly stress = 1.26; Drilling stress = 1.09
1932,Crack,0.8118764295911576,0.8365357931871744,0.8708967100534252,0.8708967100534252,Assembly,No clear abnormal zone,No clear abnormal zone,Low,,,,No production zone shows strong deviation from baseline.
1933,Crack,0.4653002851277317,0.5255829630224427,0.8611112371295601,0.8611112371295601,Assembly,No clear abnormal zone,No clear abnormal zone,Low,,,,No production zone shows strong deviation from baseline.
1934,Crack,0.8746101824150165,0.8265162037674166,0.8612872639118674,0.8746101824150165,Drilling,No clear abnormal zone,No clear abnormal zone,Low,,,,No production zone shows strong deviation from baseline.
1935,Crack,1.328424778501283,1.2339329217559425,1.6671434396281053,1.6671434396281053,Assembly,Assembly,Assembly,Medium,0.3498869391298433,0.15916971675613062,0.4909433441140261,Assembly stress = 1.67; Drilling stress = 1.33
1936,Crack,0.4549448549764095,0.3876557054153409,0.7669585580618702,0.7669585580618702,Assembly,No clear abnormal zone,No clear abnormal zone,Low,,,,No production zone shows strong deviation from baseline.
1937,Crack,1.3340244677259556,1.2375400655736015,1.6684622038506898,1.6684622038506898,Assembly,Assembly,Assembly,Medium,0.35073362292677634,0.15923728425879458,0.490029092814429,Assembly stress = 1.67; Drilling stress = 1.33
1938,Crack,1.134233942337091,1.2641107639152025,0.9171594624704308,1.2641107639152025,Milling,Milling,Drilling,Low,0.42119201032840264,0.23980316770067758,0.33900482197091975,Drilling stress = 1.13; Assembly stress = 0.92
1939,Crack,1.0121754244285954,0.9320370687718742,1.1263997290344712,1.1263997290344712,Assembly,Assembly,Assembly,Low,0.38722200508205995,0.1787007553151215,0.4340772396028184,Assembly stress = 1.13; Drilling stress = 1.01
1940,Crack,1.2996011488209818,0.8610810484235707,0.9099550458024824,1.2996011488209818,Drilling,Drilling,Drilling,Medium,0.5000520946147353,0.16126435924086943,0.3386835461443952,Drilling stress = 1.30; Assembly stress = 0.91
1941,Crack,1.3041612115433878,0.6077542903918344,0.9165376074733445,1.3041612115433878,Drilling,Drilling,Drilling,Medium,0.5187114429676376,0.12925583277995778,0.35203272425240456,Drilling stress = 1.30; Assembly stress = 0.92
1942,Crack,1.3888604932321176,0.6983698109447857,0.9111640191394204,1.3888604932321176,Drilling,Drilling,Drilling,High,0.5345091320351787,0.13398273557581147,0.33150813238900995,Drilling stress = 1.39; Assembly stress = 0.91
1943,Crack,0.6988552670687512,0.6439199732197078,0.6061119536310001,0.6988552670687512,Drilling,No clear abnormal zone,No clear abnormal zone,Low,,,,No production zone shows strong deviation from baseline.
1944,Crack,1.031532618866477,1.6383167518639548,0.8840275812924296,1.6383167518639548,Milling,Milling,Drilling,Low,0.35969680039613744,0.32993590485982155,0.310367294744041,Drilling stress = 1.03; Milling stress = 1.64
1945,Crack,1.2619960141711362,1.1667980427918665,1.55176220672556,1.55176220672556,Assembly,Assembly,Assembly,Medium,0.3583315556478064,0.16289625714692071,0.47877218720527287,Assembly stress = 1.55; Drilling stress = 1.26
1946,Crack,0.7944661262610411,0.6314835150766538,0.7151807363685722,0.7944661262610411,Drilling,No clear abnormal zone,No clear abnormal zone,Low,,,,No production zone shows strong deviation from baseline.
1947,Crack,0.7652530824543426,0.7572443194323744,0.7005647881431856,0.7652530824543426,Drilling,No clear abnormal zone,No clear abnormal zone,Low,,,,No production zone shows strong deviation from baseline.
1948,Crack,1.0056620543974035,0.7445798279484837,0.9144222870962604,1.0056620543974035,Drilling,Drilling,Drilling,Low,0.4351785042558267,0.16759106824246117,0.397230427501712,Drilling stress = 1.01; Assembly stress = 0.91
1949,Crack,0.8033893119465959,0.5403385290763175,0.899585664169348,0.899585664169348,Assembly,No clear abnormal zone,No clear abnormal zone,Low,,,,No production zone shows strong deviation from baseline.
1950,Crack,0.60957590068715,0.6378188460263525,0.419516771910266,0.6378188460263525,Milling,No clear abnormal zone,No clear abnormal zone,Low,,,,No production zone shows strong deviation from baseline.
1951,Crack,0.5720547860023297,0.4082418194720423,0.3677528535143274,0.5720547860023297,Drilling,No clear abnormal zone,No clear abnormal zone,Low,,,,No production zone shows strong deviation from baseline.
1952,Crack,1.0916364818332691,0.5727304854009152,0.8943203695330495,1.0916364818332691,Drilling,Drilling,Drilling,Low,0.4720283679408602,0.14046887140028966,0.3875027606588502,Drilling stress = 1.09; Assembly stress = 0.89
1953,Crack,1.3258096458598996,1.230678697771584,1.6579240456434317,1.6579240456434317,Assembly,Assembly,Assembly,Medium,0.35105712719402266,0.15960002427471126,0.48934284853126603,Assembly stress = 1.66; Drilling stress = 1.33
1954,Crack,1.462360050038756,1.2614551427749028,0.9175808150312736,1.462360050038756,Drilling,Drilling,Drilling,High,0.5027740779388882,0.20563213749751919,0.2915937845635925,Drilling stress = 1.46; Assembly stress = 0.92
1955,Crack,1.464482639556291,0.9505326335023104,0.9174979236118964,1.464482639556291,Drilling,Drilling,Drilling,High,0.5325504837152008,0.15926675670830975,0.3081827595764895,Drilling stress = 1.46; Assembly stress = 0.92
1956,Crack,0.5393546540698069,0.5108496506456175,0.4091343440881881,0.5393546540698069,Drilling,No clear abnormal zone,No clear abnormal zone,Low,,,,No production zone shows strong deviation from baseline.
1957,Crack,0.967737535689301,0.8966021853866363,1.0585394669308796,1.0585394669308796,Assembly,Assembly,Assembly,Low,0.39051516735373976,0.18185038317371882,0.42763444947254126,Assembly stress = 1.06; Drilling stress = 0.97
1958,Crack,0.5785320419445782,0.5584310697880477,0.3978538092261507,0.5785320419445782,Drilling,No clear abnormal zone,No clear abnormal zone,Low,,,,No production zone shows strong deviation from baseline.
1959,Crack,0.502216882430969,0.3440366617959747,0.4365910622150483,0.502216882430969,Drilling,No clear abnormal zone,No clear abnormal zone,Low,,,,No production zone shows strong deviation from baseline.
1960,Crack,1.1551431693364775,0.6612370444916388,0.9148965636905706,1.1551431693364775,Drilling,Drilling,Drilling,Medium,0.4781136470335966,0.14588157378925123,0.37600477917715214,Drilling stress = 1.16; Assembly stress = 0.91
1961,Crack,0.485180283591048,2.015567247870637,0.3570113293651731,2.015567247870637,Milling,Milling,Milling,High,0.2386813226092872,0.5513495873162981,0.20996909007441472,Milling stress = 2.02; Drilling stress = 0.49
1962,Crack,1.2191135852115873,0.5721798082317529,0.8889047097317007,1.2191135852115873,Drilling,Drilling,Drilling,Medium,0.5048980017231195,0.13219465223902177,0.3629073460378587,Drilling stress = 1.22; Assembly stress = 0.89
1963,Crack,0.2806860867130206,0.5835558462093613,0.4802430914759921,0.5835558462093613,Milling,No clear abnormal zone,No clear abnormal zone,Low,,,,No production zone shows strong deviation from baseline.
1964,Crack,0.2717380983265785,0.3450054878707836,0.3784910634591903,0.3784910634591903,Assembly,No clear abnormal zone,No clear abnormal zone,Low,,,,No production zone shows strong deviation from baseline.
1965,Crack,1.3965738764176678,0.8957720096584183,0.9196403579810236,1.3965738764176678,Drilling,Drilling,Drilling,Medium,0.5198299421757328,0.15752003814514234,0.32265001967912493,Drilling stress = 1.40; Assembly stress = 0.92
1966,Crack,0.3824516259000551,0.4057155916897558,0.4198715898186791,0.4198715898186791,Assembly,No clear abnormal zone,No clear abnormal zone,Low,,,,No production zone shows strong deviation from baseline.
1967,Crack,1.3364451667137047,1.2399780271214311,1.6681942689349114,1.6681942689349114,Assembly,Assembly,Assembly,Medium,0.35119473824751896,0.15944938864268654,0.48935587310979467,Assembly stress = 1.67; Drilling stress = 1.34
1968,Crack,1.3479100000015585,1.2516265467726946,1.6664755210307032,1.6664755210307032,Assembly,Assembly,Assembly,Medium,0.35344968755451006,0.16050265987135684,0.4860476525741331,Assembly stress = 1.67; Drilling stress = 1.35
1969,Crack,1.120819520001897,1.032443843922004,1.3058681151926217,1.3058681151926217,Assembly,Assembly,Assembly,Low,0.3758006383579308,0.1720071299242188,0.4521922317178505,Assembly stress = 1.31; Drilling stress = 1.12
1970,Crack,0.3135858920585797,0.4656637294899198,0.6765401159622244,0.6765401159622244,Assembly,No clear abnormal zone,No clear abnormal zone,Low,,,,No production zone shows strong deviation from baseline.
1971,Crack,1.3798392415109546,0.8208344793773548,0.9170881383938212,1.3798392415109546,Drilling,Drilling,Drilling,Medium,0.5220737414606068,0.1492550969902065,0.32867116154918663,Drilling stress = 1.38; Assembly stress = 0.92
1972,Crack,1.074037355575843,0.8274200490416538,0.887048833597395,1.074037355575843,Drilling,Drilling,Drilling,Low,0.4504153300449945,0.17598620753062655,0.37359846242437883,Drilling stress = 1.07; Assembly stress = 0.89
1973,Crack,0.330499527889,0.4246845188837588,0.7505416805325299,0.7505416805325299,Assembly,No clear abnormal zone,No clear abnormal zone,Low,,,,No production zone shows strong deviation from baseline.
1974,Crack,0.29210143383721,0.5021743373419552,0.5937112580301409,0.5937112580301409,Assembly,No clear abnormal zone,No clear abnormal zone,Low,,,,No production zone shows strong deviation from baseline.
1975,Crack,1.4754841123492557,0.7164859483879749,0.9090260790146774,1.4754841123492557,Drilling,Drilling,Drilling,High,0.5550622729525347,0.12992209043423977,0.31501563661322557,Drilling stress = 1.48; Assembly stress = 0.91
1976,Crack,1.0012320711146745,0.9116586548392176,1.0930413809058694,1.0930413809058694,Assembly,Assembly,Assembly,Low,0.39164751451194996,0.1790458003090833,0.4293066851789668,Assembly stress = 1.09; Drilling stress = 1.00
1977,Crack,0.613159237912612,0.5336682395416571,0.4092964577941312,0.613159237912612,Drilling,No clear abnormal zone,No clear abnormal zone,Low,,,,No production zone shows strong deviation from baseline.
1978,Crack,1.2917266840535353,2.0731080549454246,0.890776148929437,2.0731080549454246,Milling,Milling,Milling,Low,0.3620660409471097,0.3954644192038255,0.24246953984906475,Milling stress = 2.07; Drilling stress = 1.29
1979,Crack,1.0771751089666473,0.7452398342381199,0.917088098117912,1.0771751089666473,Drilling,Drilling,Drilling,Low,0.45231747673583894,0.16227653078433552,0.38540599247982554,Drilling stress = 1.08; Assembly stress = 0.92
1980,Crack,0.3514983811056476,0.6005245958305374,0.802856190132847,0.802856190132847,Assembly,No clear abnormal zone,No clear abnormal zone,Low,,,,No production zone shows strong deviation from baseline.
1981,Crack,0.2742036288442145,0.2874682207880784,0.8201847218005391,0.8201847218005391,Assembly,No clear abnormal zone,No clear abnormal zone,Low,,,,No production zone shows strong deviation from baseline.
1982,Crack,0.2712575858925149,0.4485723464681081,0.4454163438593245,0.4485723464681081,Milling,No clear abnormal zone,No clear abnormal zone,Low,,,,No production zone shows strong deviation from baseline.
1983,Crack,0.5672222389350369,0.4544803785469,0.4146900650213017,0.5672222389350369,Drilling,No clear abnormal zone,No clear abnormal zone,Low,,,,No production zone shows strong deviation from baseline.
1984,Crack,0.9923052360018156,0.9160604095698902,1.0827089795241562,1.0827089795241562,Assembly,Assembly,Assembly,Low,0.3909440467960304,0.18112229026149196,0.42793366294247753,Assembly stress = 1.08; Drilling stress = 0.99
1985,Crack,0.5284022373225887,0.5843504087051714,0.4120710168620707,0.5843504087051714,Milling,No clear abnormal zone,No clear abnormal zone,Low,,,,No production zone shows strong deviation from baseline.
1986,Crack,0.9225849197266356,0.8549230026195687,0.9769103098183398,0.9769103098183398,Assembly,No clear abnormal zone,No clear abnormal zone,Low,,,,No production zone shows strong deviation from baseline.
1987,Crack,0.991280412961643,0.5591521605676877,0.901963878720416,0.991280412961643,Drilling,No clear abnormal zone,No clear abnormal zone,Low,,,,No production zone shows strong deviation from baseline.
1988,Crack,0.7696724162690817,0.89039912009203,0.8923563077471615,0.8923563077471615,Assembly,No clear abnormal zone,No clear abnormal zone,Low,,,,No production zone shows strong deviation from baseline.
1989,Crack,0.6838891793443055,0.668724230692177,0.5645939249493471,0.6838891793443055,Drilling,No clear abnormal zone,No clear abnormal zone,Low,,,,No production zone shows strong deviation from baseline.
1990,Crack,1.4566755094025698,0.5852432518560644,0.9169972774589495,1.4566755094025698,Drilling,Drilling,Drilling,High,0.558000914448258,0.11672038037419272,0.32527870517754937,Drilling stress = 1.46; Assembly stress = 0.92
1991,Crack,0.3672702835544486,0.5969567325759236,0.7476295076245001,0.7476295076245001,Assembly,No clear abnormal zone,No clear abnormal zone,Low,,,,No production zone shows strong deviation from baseline.
1992,Crack,1.099254586157973,1.0108334583013234,1.283010120922371,1.283010120922371,Assembly,Assembly,Assembly,Low,0.376023301255518,0.17210122213116927,0.4518754766133127,Assembly stress = 1.28; Drilling stress = 1.10
1993,Crack,1.218833810463948,1.122890918255068,1.4800953387815263,1.4800953387815263,Assembly,Assembly,Assembly,Medium,0.3632631692359629,0.16501518219045375,0.47172164857358334,Assembly stress = 1.48; Drilling stress = 1.22
1994,Crack,1.3237283724136697,1.2264912931237135,1.6517589281554916,1.6517589281554916,Assembly,Assembly,Assembly,Medium,0.35187703930074704,0.1596362092930848,0.4884867514061682,Assembly stress = 1.65; Drilling stress = 1.32
1995,Crack,1.4089943898138406,0.6215929151985071,0.919076086096364,1.4089943898138406,Drilling,Drilling,Drilling,High,0.5434223611460871,0.12363555820656402,0.33294208064734887,Drilling stress = 1.41; Assembly stress = 0.92
1996,Crack,0.8338033161345821,0.7928610756151413,0.8007299604709837,0.8338033161345821,Drilling,No clear abnormal zone,No clear abnormal zone,Low,,,,No production zone shows strong deviation from baseline.
1997,Crack,0.3187699845674011,0.3268681504233997,0.3502799519481305,0.3502799519481305,Assembly,No clear abnormal zone,No clear abnormal zone,Low,,,,No production zone shows strong deviation from baseline.
1998,Crack,1.0915362609385777,1.0067153385287018,1.2542420623436947,1.2542420623436947,Assembly,Assembly,Assembly,Low,0.37935851876238214,0.17425393201812078,0.4463875492194972,Assembly stress = 1.25; Drilling stress = 1.09
1999,Crack,1.0146348106728007,0.9307184909897888,1.119515949264686,1.119515949264686,Assembly,Assembly,Assembly,Low,0.3890546937398433,0.1788694901068557,0.43207581615330104,Assembly stress = 1.12; Drilling stress = 1.01
2000,Crack,0.6416645154194316,0.6696595765080406,0.451709028336559,0.6696595765080406,Milling,No clear abnormal zone,No clear abnormal zone,Low,,,,No production zone shows strong deviation from baseline.
2001,Crack,1.237187899947086,1.142903421440315,1.516842150232805,1.516842150232805,Assembly,Assembly,Assembly,Medium,0.3600121097808036,0.16380980186883784,0.47617808835035846,Assembly stress = 1.52; Drilling stress = 1.24
2002,Crack,0.6773958544553262,0.6853872431895981,0.5484574222465084,0.6853872431895981,Milling,No clear abnormal zone,No clear abnormal zone,Low,,,,No production zone shows strong deviation from baseline.
2003,Crack,1.3521537856469226,1.2571043822220809,1.6684622038506898,1.6684622038506898,Assembly,Assembly,Assembly,Medium,0.3537672402910367,0.1608452302095616,0.48538752949940167,Assembly stress = 1.67; Drilling stress = 1.35
2004,Crack,0.8542440092770359,0.8125617968617671,0.8692472021965021,0.8692472021965021,Assembly,No clear abnormal zone,No clear abnormal zone,Low,,,,No production zone shows strong deviation from baseline.
2005,Crack,0.2644769032259154,0.1975902353419392,0.3485885774929942,0.3485885774929942,Assembly,No clear abnormal zone,No clear abnormal zone,Low,,,,No production zone shows strong deviation from baseline.
2006,Crack,0.2579923264145803,0.23010641996886,0.5583677493382375,0.5583677493382375,Assembly,No clear abnormal zone,No clear abnormal zone,Low,,,,No production zone shows strong deviation from baseline.
2007,Crack,1.423913891677506,0.7463314362008764,0.9132411404781936,1.423913891677506,Drilling,Drilling,Drilling,High,0.5393704413455056,0.13695781709921337,0.323671741555281,Drilling stress = 1.42; Assembly stress = 0.91
2008,Crack,0.2277557412638926,0.8463554974745559,0.3930933705117352,0.8463554974745559,Milling,No clear abnormal zone,No clear abnormal zone,Low,,,,No production zone shows strong deviation from baseline.
2009,Crack,1.013652956092606,0.9411112222771616,1.1160261355403756,1.1160261355403756,Assembly,Assembly,Assembly,Low,0.38868004086415375,0.18074145302128788,0.43057850611455833,Assembly stress = 1.12; Drilling stress = 1.01
2010,Crack,0.7285600098565923,0.400045248836337,0.6439278924854963,0.7285600098565923,Drilling,No clear abnormal zone,No clear abnormal zone,Low,,,,No production zone shows strong deviation from baseline.
2011,Crack,1.31437856730664,1.2187920113616515,1.6423795970776598,1.6423795970776598,Assembly,Assembly,Assembly,Medium,0.3517893459491852,0.15986006054622093,0.48835059350459376,Assembly stress = 1.64; Drilling stress = 1.31
2012,Crack,0.5048411046760681,1.5050299212138425,0.8707726852687028,1.5050299212138425,Milling,Milling,Assembly,Low,0.2630710705497769,0.35761817318522504,0.379310756264998,Assembly stress = 0.87; Milling stress = 1.51
2013,Crack,1.1237333255102135,1.0317423345601062,1.3153874600699047,1.3153874600699047,Assembly,Assembly,Assembly,Low,0.37490980637378746,0.17098012286576109,0.45411007076045146,Assembly stress = 1.32; Drilling stress = 1.12
2014,Crack,1.4955753742312603,0.6610349737771052,0.9138053970623454,1.4955753742312603,Drilling,Drilling,Drilling,High,0.5630804362371566,0.12220927055871471,0.31471029320412863,Drilling stress = 1.50; Assembly stress = 0.91
2015,Crack,1.2449353263180265,0.8542642233103905,0.9145016932981428,1.2449353263180265,Drilling,Drilling,Drilling,Medium,0.4861653440131411,0.16447038054107335,0.3493642754457855,Drilling stress = 1.24; Assembly stress = 0.91
2016,Crack,1.2524535865888842,0.911730592460734,0.9189716642282184,1.2524535865888842,Drilling,Drilling,Drilling,Medium,0.4826131840753654,0.17163073801534573,0.345756077909289,Drilling stress = 1.25; Assembly stress = 0.92
2017,Crack,0.346686908038478,0.5113284804972689,0.2965762731954042,0.5113284804972689,Milling,No clear abnormal zone,No clear abnormal zone,Low,,,,No production zone shows strong deviation from baseline.
2018,Crack,1.20900056339612,0.7362139846744129,0.918673149312839,1.20900056339612,Drilling,Drilling,Drilling,Medium,0.48551934830801463,0.1513031408988108,0.3631775107931745,Drilling stress = 1.21; Assembly stress = 0.92
2019,Crack,0.6091902040880482,0.5875458763213703,0.8341740193391118,0.8341740193391118,Assembly,No clear abnormal zone,No clear abnormal zone,Low,,,,No production zone shows strong deviation from baseline.
2020,Crack,1.468262401944029,1.0283717926794855,0.915210855501187,1.468262401944029,Drilling,Drilling,Drilling,High,0.527079960251605,0.16974791344604517,0.3031721263023499,Drilling stress = 1.47; Assembly stress = 0.92
2021,Crack,0.3395782755425474,0.4540255583615174,0.3888776337485923,0.4540255583615174,Milling,No clear abnormal zone,No clear abnormal zone,Low,,,,No production zone shows strong deviation from baseline.
2022,Crack,0.237603224642024,0.163715315642485,0.3963909099033064,0.3963909099033064,Assembly,No clear abnormal zone,No clear abnormal zone,Low,,,,No production zone shows strong deviation from baseline.
2023,Crack,0.3243483630843466,0.3305830724784555,0.6148738861334591,0.6148738861334591,Assembly,No clear abnormal zone,No clear abnormal zone,Low,,,,No production zone shows strong deviation from baseline.
2024,Crack,1.516508667910563,0.6562944143831703,0.9222794476223956,1.516508667910563,Drilling,Drilling,Drilling,High,0.5670465725731685,0.11995060161775546,0.3130028258090762,Drilling stress = 1.52; Assembly stress = 0.92
2025,Crack,0.2679365188722356,0.3416218039745177,0.6649066915487466,0.6649066915487466,Assembly,No clear abnormal zone,No clear abnormal zone,Low,,,,No production zone shows strong deviation from baseline.
2026,Crack,0.2720147432908653,0.394721900156526,0.4084264559104824,0.4084264559104824,Assembly,No clear abnormal zone,No clear abnormal zone,Low,,,,No production zone shows strong deviation from baseline.
2027,Crack,1.4446701709118237,0.700248728962508,0.9142068396508184,1.4446701709118237,Drilling,Drilling,Drilling,High,0.547694066248812,0.13007981651944306,0.3222261172317448,Drilling stress = 1.44; Assembly stress = 0.91
2028,Crack,1.4794356512415905,1.1196549631474753,0.9156939517448176,1.4794356512415905,Drilling,Drilling,Drilling,High,0.5213790323783292,0.18191679604477293,0.296704171576898,Drilling stress = 1.48; Assembly stress = 0.92
2029,Crack,0.8528149254419785,0.8111327963097534,0.8201778589653645,0.8528149254419785,Drilling,No clear abnormal zone,No clear abnormal zone,Low,,,,No production zone shows strong deviation from baseline.
2030,Crack,1.1517088515688716,1.316946070896487,0.9169785449667712,1.316946070896487,Milling,Milling,Drilling,Low,0.42005854252307034,0.24776584513029684,0.3321756123466328,Drilling stress = 1.15; Assembly stress = 0.92
2031,Crack,1.1043383377485392,1.0166122499275727,1.2842455242630348,1.2842455242630348,Assembly,Assembly,Assembly,Low,0.376631928501372,0.17249963580378183,0.45086843569484625,Assembly stress = 1.28; Drilling stress = 1.10
2032,Crack,0.3501753177374798,0.474339017723628,0.3359867564508155,0.474339017723628,Milling,No clear abnormal zone,No clear abnormal zone,Low,,,,No production zone shows strong deviation from baseline.
2033,Crack,1.4865136653221676,0.900796562730458,0.9159668291443706,1.4865136653221676,Drilling,Drilling,Drilling,High,0.5424259765992973,0.15098603427432272,0.30658798912638,Drilling stress = 1.49; Assembly stress = 0.92
2034,Crack,0.4053688667629785,0.6346929237082422,0.850028567847102,0.850028567847102,Assembly,No clear abnormal zone,No clear abnormal zone,Low,,,,No production zone shows strong deviation from baseline.
2035,Crack,0.6647963021455361,1.0416580072764283,0.5285303137997484,1.0416580072764283,Milling,Milling,Drilling,Low,0.3843992563245324,0.2801699174159438,0.3354308262595238,Drilling stress = 0.66; Assembly stress = 0.53
2036,Crack,0.3190933279001555,1.7109377941214092,0.8057673564235112,1.7109377941214092,Milling,Milling,Milling,Low,0.21560890898864382,0.4336177760377568,0.3507733149735993,Milling stress = 1.71; Assembly stress = 0.81
2037,Crack,0.5684191980887806,0.5598796214927757,0.4335364295595081,0.5684191980887806,Drilling,No clear abnormal zone,No clear abnormal zone,Low,,,,No production zone shows strong deviation from baseline.
2038,Crack,1.447797960639528,1.0128874059200448,0.913996749782799,1.447797960639528,Drilling,Drilling,Drilling,High,0.5235511398327207,0.16945323322522451,0.3069956269420548,Drilling stress = 1.45; Assembly stress = 0.91
2039,Crack,0.3244641280836535,1.8700516899645203,0.795320512258711,1.8700516899645203,Milling,Milling,Milling,Medium,0.20215380956851828,0.47412415723273127,0.3237220331987505,Milling stress = 1.87; Assembly stress = 0.80
2040,Crack,0.2949139271161803,0.4003086042180577,0.4573676947070081,0.4573676947070081,Assembly,No clear abnormal zone,No clear abnormal zone,Low,,,,No production zone shows strong deviation from baseline.
2041,Crack,1.1429988933889317,1.0521943636727151,1.3517778548510022,1.3517778548510022,Assembly,Assembly,Assembly,Low,0.3719171726680382,0.16981667368612618,0.4582661536458356,Assembly stress = 1.35; Drilling stress = 1.14
2042,Crack,0.969322245928707,0.7839458367021973,0.9095468056025412,0.969322245928707,Drilling,No clear abnormal zone,No clear abnormal zone,Low,,,,No production zone shows strong deviation from baseline.
2043,Crack,1.319088722565935,1.2224532839880988,1.6501670720688266,1.6501670720688266,Assembly,Assembly,Assembly,Medium,0.3513194424690011,0.1594791643965414,0.4892013931344575,Assembly stress = 1.65; Drilling stress = 1.32
2044,Crack,1.3323717816700626,1.237490267069516,1.6684622038506898,1.6684622038506898,Assembly,Assembly,Assembly,Medium,0.3503601467276369,0.15932289369361088,0.4903169595787523,Assembly stress = 1.67; Drilling stress = 1.33
2045,Crack,0.5149081392333839,0.4163259772071445,0.4129917533370333,0.5149081392333839,Drilling,No clear abnormal zone,No clear abnormal zone,Low,,,,No production zone shows strong deviation from baseline.
2046,Crack,1.423364001021211,0.6014180255868949,0.910749796212411,1.423364001021211,Drilling,Drilling,Drilling,High,0.5498386026181219,0.1208477669824545,0.3293136303994236,Drilling stress = 1.42; Assembly stress = 0.91
2047,Crack,1.333838135474556,1.2385706780929326,1.6675408358140884,1.6675408358140884,Assembly,Assembly,Assembly,Medium,0.3507919089794261,0.15945767999080906,0.4897504110297649,Assembly stress = 1.67; Drilling stress = 1.33
2048,Crack,0.5320613883245747,0.3425846742032286,0.347214358487238,0.5320613883245747,Drilling,No clear abnormal zone,No clear abnormal zone,Low,,,,No production zone shows strong deviation from baseline.
2049,Crack,1.4015387829728447,0.9220954415576638,0.9123692540295788,1.4015387829728447,Drilling,Drilling,Drilling,High,0.5201021175995322,0.16100487601276342,0.31889300638770435,Drilling stress = 1.40; Assembly stress = 0.91
2050,Crack,1.1320085828131137,1.0442547499996326,1.3280946957970532,1.3280946957970532,Assembly,Assembly,Assembly,Low,0.3738842123002756,0.17123641462308184,0.4548793730766426,Assembly stress = 1.33; Drilling stress = 1.13
2051,Crack,1.5442801219358684,0.7305196339898734,0.9180085625391696,1.5442801219358684,Drilling,Drilling,Drilling,High,0.5694192028250177,0.12617997116699206,0.30440082600799023,Drilling stress = 1.54; Assembly stress = 0.92
2052,Crack,1.4529862902645887,0.5544791390841989,0.8801610309894867,1.4529862902645887,Drilling,Drilling,Drilling,High,0.565764951431203,0.1151832547995187,0.3190517937692782,Drilling stress = 1.45; Assembly stress = 0.88
2053,Crack,1.3916828131067178,0.8745390024003037,0.9086613670666556,1.3916828131067178,Drilling,Drilling,Drilling,High,0.522185818519553,0.15566908550372524,0.32214509597672186,Drilling stress = 1.39; Assembly stress = 0.91
2054,Crack,0.8150423256314376,0.7668142928261633,0.7863249667679266,0.8150423256314376,Drilling,No clear abnormal zone,No clear abnormal zone,Low,,,,No production zone shows strong deviation from baseline.
2055,Crack,0.6915049987585309,0.6088682700255075,0.5544967810464068,0.6915049987585309,Drilling,No clear abnormal zone,No clear abnormal zone,Low,,,,No production zone shows strong deviation from baseline.
2056,Crack,1.4203113153327085,1.9669038308360265,0.916917701300818,1.9669038308360265,Milling,Milling,Drilling,Low,0.40516104915093454,0.3499288944857288,0.24491005636333668,Drilling stress = 1.42; Milling stress = 1.97
2057,Crack,1.290086905584828,1.1517596854095125,0.9121961042025526,1.290086905584828,Drilling,Drilling,Drilling,Medium,0.47153970708771903,0.20531161787868904,0.3231486750335918,Drilling stress = 1.29; Assembly stress = 0.91
2058,Crack,0.260143907486969,0.4359546814558416,0.7982492771487584,0.7982492771487584,Assembly,No clear abnormal zone,No clear abnormal zone,Low,,,,No production zone shows strong deviation from baseline.
2059,Crack,1.404748094503509,0.7209713121195996,0.911057757859093,1.404748094503509,Drilling,Drilling,Drilling,High,0.5368483666448678,0.13547562305095234,0.3276760103041799,Drilling stress = 1.40; Assembly stress = 0.91
2060,Crack,0.8778097402304916,0.6054048567956312,0.8543345908804163,0.8778097402304916,Drilling,No clear abnormal zone,No clear abnormal zone,Low,,,,No production zone shows strong deviation from baseline.
2061,Crack,0.3181244220299604,0.6301065059792751,0.8394638909368979,0.8394638909368979,Assembly,No clear abnormal zone,No clear abnormal zone,Low,,,,No production zone shows strong deviation from baseline.
2062,Crack,1.3904041215585656,0.6363608975790009,0.8900308156389949,1.3904041215585656,Drilling,Drilling,Drilling,High,0.5430253827497181,0.12773600327769594,0.3292386139725859,Drilling stress = 1.39; Assembly stress = 0.89
2063,Crack,1.4504250006100414,0.7325723643461741,0.9173571908265158,1.4504250006100414,Drilling,Drilling,Drilling,High,0.5462387510846118,0.13322725261545262,0.32053399629993545,Drilling stress = 1.45; Assembly stress = 0.92
2064,Crack,1.1165873521757914,1.028682974287386,1.3026799512897904,1.3026799512897904,Assembly,Assembly,Assembly,Low,0.3755927767752386,0.17199303082581588,0.45241419239894554,Assembly stress = 1.30; Drilling stress = 1.12
2065,Crack,0.711946801792951,0.7096347843744496,0.5847890856627749,0.711946801792951,Drilling,No clear abnormal zone,No clear abnormal zone,Low,,,,No production zone shows strong deviation from baseline.
2066,Crack,0.7599862756855698,0.630541899673355,0.8674417318222706,0.8674417318222706,Assembly,No clear abnormal zone,No clear abnormal zone,Low,,,,No production zone shows strong deviation from baseline.
2067,Crack,0.3097422404668362,0.6658648713159079,0.7250371491591276,0.7250371491591276,Assembly,No clear abnormal zone,No clear abnormal zone,Low,,,,No production zone shows strong deviation from baseline.
2068,Crack,0.510864218388643,0.2819846185874451,0.4212615464102334,0.510864218388643,Drilling,No clear abnormal zone,No clear abnormal zone,Low,,,,No production zone shows strong deviation from baseline.
2069,Crack,1.4229532741716313,1.369248450979902,0.915048626822542,1.4229532741716313,Drilling,Drilling,Drilling,Medium,0.48178583319107526,0.2282970614647044,0.2899171053442204,Drilling stress = 1.42; Assembly stress = 0.92
2070,Crack,0.589201306588568,0.3943504721409678,0.4222101451665936,0.589201306588568,Drilling,No clear abnormal zone,No clear abnormal zone,Low,,,,No production zone shows strong deviation from baseline.
2071,Crack,0.7771821537282056,1.559114670318399,0.9107569015806228,1.559114670318399,Milling,Milling,Assembly,Low,0.3090471008379518,0.3377408992353086,0.3532119999267396,Assembly stress = 0.91; Milling stress = 1.56
2072,Crack,0.7897177751876421,0.5243353510550058,0.9087966149900688,0.9087966149900688,Assembly,No clear abnormal zone,No clear abnormal zone,Low,,,,No production zone shows strong deviation from baseline.
2073,Crack,0.4107994678954212,1.4967539493536026,0.8087441772756996,1.4967539493536026,Milling,Milling,Assembly,Low,0.25189585245017254,0.37309124673990074,0.3750129008099268,Assembly stress = 0.81; Milling stress = 1.50
2074,Crack,0.5175606798686494,2.160988417082228,0.3560431054199778,2.160988417082228,Milling,Milling,Milling,High,0.22536294141112528,0.5828866442469832,0.1917504143418914,Milling stress = 2.16; Drilling stress = 0.52
2075,Crack,1.1343457269842157,1.04270017061123,1.3332527504018912,1.3332527504018912,Assembly,Assembly,Assembly,Low,0.3736525941017976,0.17046563736279544,0.455881768535407,Assembly stress = 1.33; Drilling stress = 1.13
2076,Crack,0.4381510580662027,0.5462307364040289,0.3456681285850679,0.5462307364040289,Milling,No clear abnormal zone,No clear abnormal zone,Low,,,,No production zone shows strong deviation from baseline.
2077,Crack,1.1012543349079231,1.0131458410127636,1.2849175397439707,1.2849175397439707,Assembly,Assembly,Assembly,Low,0.3760187539125928,0.17215295331599934,0.4518282927714079,Assembly stress = 1.28; Drilling stress = 1.10
2078,Crack,0.5254522887607944,0.8735861618112366,0.8149392539351327,0.8735861618112366,Milling,No clear abnormal zone,No clear abnormal zone,Low,,,,No production zone shows strong deviation from baseline.
2079,Crack,1.2151347696502688,1.1201628262921328,1.4777052465509914,1.4777052465509914,Assembly,Assembly,Assembly,Medium,0.3629807111562339,0.16504704783070684,0.47197224101305923,Assembly stress = 1.48; Drilling stress = 1.22
2080,Crack,1.1140614120719998,1.026177893016659,1.2952858961540894,1.2952858961540894,Assembly,Assembly,Assembly,Low,0.3764184373031301,0.17237471628022863,0.45120684641664116,Assembly stress = 1.30; Drilling stress = 1.11
2081,Crack,1.1210284489866802,1.0292177669182152,1.301000690336391,1.301000690336391,Assembly,Assembly,Assembly,Low,0.37688588245041854,0.17191232009119695,0.4512017974583845,Assembly stress = 1.30; Drilling stress = 1.12
2082,Crack,1.092431049764537,1.0115631146437911,1.2691309822359311,1.2691309822359311,Assembly,Assembly,Assembly,Low,0.37672861150578807,0.17373131674906253,0.44954007174514937,Assembly stress = 1.27; Drilling stress = 1.09
2083,Crack,0.2980355743864463,0.3387620143992716,0.7317182671959099,0.7317182671959099,Assembly,No clear abnormal zone,No clear abnormal zone,Low,,,,No production zone shows strong deviation from baseline.
2084,Crack,0.7728319114471329,0.6074686581657148,0.8799289666338722,0.8799289666338722,Assembly,No clear abnormal zone,No clear abnormal zone,Low,,,,No production zone shows strong deviation from baseline.
2085,Crack,0.2886595219917348,0.4253186618031832,0.6875548148905547,0.6875548148905547,Assembly,No clear abnormal zone,No clear abnormal zone,Low,,,,No production zone shows strong deviation from baseline.
2086,Crack,0.2692995617900705,0.0944166731982206,0.4189863429543181,0.4189863429543181,Assembly,No clear abnormal zone,No clear abnormal zone,Low,,,,No production zone shows strong deviation from baseline.
2087,Crack,0.3908720536678966,0.4387920530402341,0.8154345962063374,0.8154345962063374,Assembly,No clear abnormal zone,No clear abnormal zone,Low,,,,No production zone shows strong deviation from baseline.
2088,Crack,0.5716372913263097,0.7373144445527191,0.8687210612438325,0.8687210612438325,Assembly,No clear abnormal zone,No clear abnormal zone,Low,,,,No production zone shows strong deviation from baseline.
2089,Crack,0.5429250196918501,1.6312848714217614,0.8768290656690416,1.6312848714217614,Milling,Milling,Milling,Low,0.2576583099051433,0.38254526958218144,0.3597964205126754,Milling stress = 1.63; Assembly stress = 0.88
2090,Crack,1.013897294539133,0.9315953776921608,1.1180666276325946,1.1180666276325946,Assembly,Assembly,Assembly,Low,0.38906186954922206,0.17916179517608066,0.4317763352746971,Assembly stress = 1.12; Drilling stress = 1.01
2091,Crack,1.2364808921345276,0.6740728648072062,0.906679787952456,1.2364808921345276,Drilling,Drilling,Drilling,Medium,0.49900589184656685,0.14217556897261197,0.3588185391808212,Drilling stress = 1.24; Assembly stress = 0.91
2092,Crack,1.320162968502265,1.2225918537385971,1.6460581215748185,1.6460581215748185,Assembly,Assembly,Assembly,Medium,0.3522628792508464,0.15975787975797054,0.48797924099118295,Assembly stress = 1.65; Drilling stress = 1.32
2093,Crack,0.2635365759836178,0.9866745767085296,0.728594085160412,0.9866745767085296,Milling,No clear abnormal zone,No clear abnormal zone,Low,,,,No production zone shows strong deviation from baseline.
2094,Crack,1.0999256386878056,0.7497108738440417,0.9125410246783332,1.0999256386878056,Drilling,Drilling,Drilling,Low,0.45842263400364414,0.16148779949340325,0.3800895665029526,Drilling stress = 1.10; Assembly stress = 0.91
2095,Crack,0.8847991598262621,0.8322105544519562,0.9148138069214102,0.9148138069214102,Assembly,No clear abnormal zone,No clear abnormal zone,Low,,,,No production zone shows strong deviation from baseline.
2096,Crack,1.3407263763678372,0.7029217521225934,0.9019122599089792,1.3407263763678372,Drilling,Drilling,Drilling,Medium,0.5238272580282161,0.13840859791461277,0.3377641440571711,Drilling stress = 1.34; Assembly stress = 0.90
2097,Crack,0.2393441412784276,0.4512051455312534,0.7603238716311058,0.7603238716311058,Assembly,No clear abnormal zone,No clear abnormal zone,Low,,,,No production zone shows strong deviation from baseline.
2098,Crack,0.2577894730447819,0.4270304388425668,0.3394786264015327,0.4270304388425668,Milling,No clear abnormal zone,No clear abnormal zone,Low,,,,No production zone shows strong deviation from baseline.
2099,Crack,1.136570968696227,1.05050987514322,1.3444571430518764,1.3444571430518764,Assembly,Assembly,Assembly,Low,0.3717690314470652,0.17055613910223982,0.45767482945069493,Assembly stress = 1.34; Drilling stress = 1.14
2100,Crack,0.6660423614270002,0.6620598917541494,0.5370405449749186,0.6660423614270002,Drilling,No clear abnormal zone,No clear abnormal zone,Low,,,,No production zone shows strong deviation from baseline.
2101,Crack,0.4002822597291721,1.4724812378027592,0.8405893918111553,1.4724812378027592,Milling,Milling,Assembly,Low,0.24912290783044086,0.3639433333616521,0.3869337588079071,Assembly stress = 0.84; Milling stress = 1.47
2102,Crack,0.9721420494257312,0.9000447776255787,1.0436833153264504,1.0436833153264504,Assembly,Assembly,Assembly,Low,0.3937964971645907,0.18320208237385743,0.42300142046155187,Assembly stress = 1.04; Drilling stress = 0.97
2103,Crack,0.5861891029639417,0.4303258902588709,0.8896675450541642,0.8896675450541642,Assembly,No clear abnormal zone,No clear abnormal zone,Low,,,,No production zone shows strong deviation from baseline.
2104,Crack,0.7055352392777081,0.7121182141216613,0.6215556720861974,0.7121182141216613,Milling,No clear abnormal zone,No clear abnormal zone,Low,,,,No production zone shows strong deviation from baseline.
2105,Crack,0.9553056330310554,0.8846808565390794,1.0264446469012052,1.0264446469012052,Assembly,Assembly,Assembly,Low,0.39375718289019707,0.1834537285455956,0.4227890885642073,Assembly stress = 1.03; Drilling stress = 0.96
2106,Crack,1.212221581431605,1.1162179187076342,1.4673782524209382,1.4673782524209382,Assembly,Assembly,Assembly,Medium,0.3643127720425554,0.1654819158817614,0.47020531207568317,Assembly stress = 1.47; Drilling stress = 1.21
2107,Crack,0.7582394550899201,0.924125594162518,0.8695364004887884,0.924125594162518,Milling,No clear abnormal zone,No clear abnormal zone,Low,,,,No production zone shows strong deviation from baseline.
2108,Crack,0.2105813957477574,0.1176296033312025,0.392021983631169,0.392021983631169,Assembly,No clear abnormal zone,No clear abnormal zone,Low,,,,No production zone shows strong deviation from baseline.
2109,Crack,0.7814935149205522,0.7007422035498048,0.7223733979818733,0.7814935149205522,Drilling,No clear abnormal zone,No clear abnormal zone,Low,,,,No production zone shows strong deviation from baseline.
2110,Crack,0.3339055454198459,0.4750210407143618,0.437054182241408,0.4750210407143618,Milling,No clear abnormal zone,No clear abnormal zone,Low,,,,No production zone shows strong deviation from baseline.
2111,Crack,1.3285641226197211,1.234047674830574,1.6667409599435823,1.6667409599435823,Assembly,Assembly,Assembly,Medium,0.3499813804995166,0.1592087646368563,0.49080985486362705,Assembly stress = 1.67; Drilling stress = 1.33
2112,Crack,0.6868130888098365,0.7001622428364797,0.5589532488543429,0.7001622428364797,Milling,No clear abnormal zone,No clear abnormal zone,Low,,,,No production zone shows strong deviation from baseline.
2113,Crack,0.3353238447272363,0.8479782933480483,0.7641147209547694,0.8479782933480483,Milling,No clear abnormal zone,No clear abnormal zone,Low,,,,No production zone shows strong deviation from baseline.
2114,Crack,1.4471573093736154,1.351797320316507,1.6684622038506898,1.6684622038506898,Assembly,Assembly,Assembly,Low,0.3700651892438002,0.16820307137831542,0.4617317393778845,Assembly stress = 1.67; Drilling stress = 1.45
2115,Crack,1.2145853143413488,1.1209920796427713,1.4692947589083676,1.4692947589083676,Assembly,Assembly,Assembly,Medium,0.36424388545601294,0.16584991336236604,0.469906201181621,Assembly stress = 1.47; Drilling stress = 1.21
2116,Crack,0.9253701061016076,0.7722042154998178,0.9059110247801756,0.9253701061016076,Drilling,No clear abnormal zone,No clear abnormal zone,Low,,,,No production zone shows strong deviation from baseline.
2117,Crack,0.3797170127247629,0.6107875191252734,0.8165204080348017,0.8165204080348017,Assembly,No clear abnormal zone,No clear abnormal zone,Low,,,,No production zone shows strong deviation from baseline.
2118,Crack,1.4170130581140097,0.6281070948983561,0.9150341940282748,1.4170130581140097,Drilling,Drilling,Drilling,High,0.5457018774806763,0.12396752930999522,0.33033059320932845,Drilling stress = 1.42; Assembly stress = 0.92
2119,Crack,0.8394078522051744,0.5968208853352508,0.8945643072117524,0.8945643072117524,Assembly,No clear abnormal zone,No clear abnormal zone,Low,,,,No production zone shows strong deviation from baseline.
2120,Crack,0.3147931800950926,0.0856008640014947,0.5759855090023998,0.5759855090023998,Assembly,No clear abnormal zone,No clear abnormal zone,Low,,,,No production zone shows strong deviation from baseline.
2121,Crack,0.3647317231033428,0.4477437109755907,0.3571262140588618,0.4477437109755907,Milling,No clear abnormal zone,No clear abnormal zone,Low,,,,No production zone shows strong deviation from baseline.
2122,Crack,1.4118509127128334,0.5862107239415781,0.904371166677152,1.4118509127128334,Drilling,Drilling,Drilling,High,0.5491523918602864,0.12025188859832149,0.3305957195413921,Drilling stress = 1.41; Assembly stress = 0.90
2123,Crack,1.2192984939415243,1.1259589391371947,1.4843874190037094,1.4843874190037094,Assembly,Assembly,Assembly,Medium,0.36245161278330695,0.16507571510037797,0.47247267211631505,Assembly stress = 1.48; Drilling stress = 1.22
2124,Crack,1.1402261631022548,0.8292535140172654,0.8930978237786403,1.1402261631022548,Drilling,Drilling,Drilling,Medium,0.46567781999045665,0.1706089664433223,0.36371321356622105,Drilling stress = 1.14; Assembly stress = 0.89
2125,Crack,0.4410215783563661,0.3789815160488402,0.2914002372695963,0.4410215783563661,Drilling,No clear abnormal zone,No clear abnormal zone,Low,,,,No production zone shows strong deviation from baseline.
2126,Crack,0.4646545316212314,0.5423203992017473,0.416055743090766,0.5423203992017473,Milling,No clear abnormal zone,No clear abnormal zone,Low,,,,No production zone shows strong deviation from baseline.
2127,Crack,1.1517965004478068,0.6129352194624551,0.9123468394493524,1.1517965004478068,Drilling,Drilling,Drilling,Medium,0.4810543941176246,0.140326505249391,0.3786191006329844,Drilling stress = 1.15; Assembly stress = 0.91
2128,Crack,0.5818313545457519,0.462525667388213,0.8445644362832054,0.8445644362832054,Assembly,No clear abnormal zone,No clear abnormal zone,Low,,,,No production zone shows strong deviation from baseline.
2129,Crack,1.406034068272953,0.7209065234760981,0.9176805572632444,1.406034068272953,Drilling,Drilling,Drilling,High,0.5360065401866846,0.13508060002169767,0.3289128597916177,Drilling stress = 1.41; Assembly stress = 0.92
2130,Crack,1.196385029481375,0.8317023750446941,0.9102417365242176,1.196385029481375,Drilling,Drilling,Drilling,Medium,0.47656186174578313,0.16546632585340965,0.3579718124008072,Drilling stress = 1.20; Assembly stress = 0.91
2131,Crack,1.28744559955244,0.8584540855807428,0.9023680209799596,1.28744559955244,Drilling,Drilling,Drilling,Medium,0.49850931324716413,0.16230602188270565,0.3391846648701302,Drilling stress = 1.29; Assembly stress = 0.90
2132,Crack,0.4491135374481567,0.5410537850760988,0.3123832291052275,0.5410537850760988,Milling,No clear abnormal zone,No clear abnormal zone,Low,,,,No production zone shows strong deviation from baseline.
2133,Crack,0.5736846597033874,0.6706356955989521,0.8774599178651412,0.8774599178651412,Assembly,No clear abnormal zone,No clear abnormal zone,Low,,,,No production zone shows strong deviation from baseline.
2134,Crack,0.484919817515212,0.4730547630929732,0.4289287865451051,0.484919817515212,Drilling,No clear abnormal zone,No clear abnormal zone,Low,,,,No production zone shows strong deviation from baseline.
2135,Crack,1.220040978843645,1.1233867381435698,1.487529143134596,1.487529143134596,Assembly,Assembly,Assembly,Medium,0.36223837477921217,0.16443265063179457,0.47332897458899326,Assembly stress = 1.49; Drilling stress = 1.22
2136,Crack,0.5896192123671529,0.2430647764302874,0.394085235819747,0.5896192123671529,Drilling,No clear abnormal zone,No clear abnormal zone,Low,,,,No production zone shows strong deviation from baseline.
2137,Crack,1.372001217780649,0.6632923700662972,0.8915988893601459,1.372001217780649,Drilling,Drilling,Drilling,High,0.536286718573138,0.13200145067491126,0.33171183075195065,Drilling stress = 1.37; Assembly stress = 0.89
2138,Crack,0.4583337592262706,0.1857190069193016,0.3335411610468651,0.4583337592262706,Drilling,No clear abnormal zone,No clear abnormal zone,Low,,,,No production zone shows strong deviation from baseline.
2139,Crack,1.4609543091316377,0.6392430053812233,0.8959471134086499,1.4609543091316377,Drilling,Drilling,Drilling,High,0.5592230176615881,0.12293919303099256,0.31783778930741935,Drilling stress = 1.46; Assembly stress = 0.90
2140,Crack,1.362578224234923,0.6311262949479878,0.9180617466449132,1.362578224234923,Drilling,Drilling,Drilling,Medium,0.5314232977068885,0.1278630494088,0.3407136528843115,Drilling stress = 1.36; Assembly stress = 0.92
2141,Crack,1.325091861621899,1.23016555666427,1.657161277497363,1.657161277497363,Assembly,Assembly,Assembly,Medium,0.3510533876567284,0.1596309882231831,0.4893156241200884,Assembly stress = 1.66; Drilling stress = 1.33
2142,Crack,0.3097227812332557,0.2902571099310977,0.6345443603688823,0.6345443603688823,Assembly,No clear abnormal zone,No clear abnormal zone,Low,,,,No production zone shows strong deviation from baseline.
2143,Crack,1.3080515426527677,0.6713339470825131,0.8989993505914966,1.3080515426527677,Drilling,Drilling,Drilling,Medium,0.5184590639149688,0.13713917655668417,0.3444017595283471,Drilling stress = 1.31; Assembly stress = 0.90
2144,Crack,0.3536493746566818,0.5225541405750419,0.8400768281143358,0.8400768281143358,Assembly,No clear abnormal zone,No clear abnormal zone,Low,,,,No production zone shows strong deviation from baseline.
2145,Crack,1.3394033261893346,1.3690924456462212,0.8995599551130876,1.3690924456462212,Milling,Milling,Drilling,Medium,0.4631335458856448,0.2385448606076105,0.29832159350674475,Drilling stress = 1.34; Assembly stress = 0.90
2146,Crack,1.5609154606083069,0.6905799863353164,0.9193053232624464,1.5609154606083069,Drilling,Drilling,Drilling,High,0.576086773976889,0.12063574625096299,0.30327747977214803,Drilling stress = 1.56; Assembly stress = 0.92
2147,Crack,0.876147418540606,0.8309612615451198,0.8869175648460134,0.8869175648460134,Assembly,No clear abnormal zone,No clear abnormal zone,Low,,,,No production zone shows strong deviation from baseline.
2148,Crack,1.26461625532848,0.867797481473454,0.9024176760137206,1.26461625532848,Drilling,Drilling,Drilling,Medium,0.4920358935252702,0.16543621517577892,0.34252789129895084,Drilling stress = 1.26; Assembly stress = 0.90
2149,Crack,1.1417471151836245,0.6599114750630212,0.8820419103237739,1.1417471151836245,Drilling,Drilling,Drilling,Medium,0.4807453768759834,0.14846584729688392,0.37078877582713266,Drilling stress = 1.14; Assembly stress = 0.88
2150,Crack,1.3717421204587448,0.8102481074686566,0.9181744195356084,1.3717421204587448,Drilling,Drilling,Drilling,Medium,0.5206881123592326,0.14848887449987733,0.3308230131408899,Drilling stress = 1.37; Assembly stress = 0.92
2151,Crack,1.3559530857732545,0.9636375883295224,0.9178139035387428,1.3559530857732545,Drilling,Drilling,Drilling,Medium,0.5042911511889134,0.17032205809450016,0.3253867907165864,Drilling stress = 1.36; Assembly stress = 0.92
2152,Crack,0.7762253290550603,0.5400763305896059,0.8611085222178412,0.8611085222178412,Assembly,No clear abnormal zone,No clear abnormal zone,Low,,,,No production zone shows strong deviation from baseline.
2153,Crack,0.8684587165671105,0.8286358879195702,0.8972257495104176,0.8972257495104176,Assembly,No clear abnormal zone,No clear abnormal zone,Low,,,,No production zone shows strong deviation from baseline.
2154,Crack,0.2603698210244216,0.2440871486585589,0.4631120605499063,0.4631120605499063,Assembly,No clear abnormal zone,No clear abnormal zone,Low,,,,No production zone shows strong deviation from baseline.
2155,Crack,0.3811373098937411,1.135815841891776,0.7687412882661795,1.135815841891776,Milling,Milling,Assembly,Medium,0.2827326686348644,0.3006759686675356,0.41659136269759983,Assembly stress = 0.77; Milling stress = 1.14
2156,Crack,0.9781283307262212,0.9080233640409888,1.0628049826707282,1.0628049826707282,Assembly,Assembly,Assembly,Low,0.391464037956401,0.18248016950915502,0.426055792534444,Assembly stress = 1.06; Drilling stress = 0.98
2157,Crack,0.786724125669817,0.6047245439236965,0.654151359591979,0.786724125669817,Drilling,No clear abnormal zone,No clear abnormal zone,Low,,,,No production zone shows strong deviation from baseline.
2158,Crack,1.400045728018001,0.8363812692763632,0.9169912417288446,1.400045728018001,Drilling,Drilling,Drilling,High,0.5259127545129288,0.14965366039923408,0.3244335850878371,Drilling stress = 1.40; Assembly stress = 0.92
2159,Crack,0.2859811888703706,0.4018805868046323,0.6459749395264911,0.6459749395264911,Assembly,No clear abnormal zone,No clear abnormal zone,Low,,,,No production zone shows strong deviation from baseline.
2160,Crack,0.2341553155402803,0.2983844400420347,0.3940955846562994,0.3940955846562994,Assembly,No clear abnormal zone,No clear abnormal zone,Low,,,,No production zone shows strong deviation from baseline.
2161,Crack,0.3607957100123936,0.6451462091778661,0.8217996036820066,0.8217996036820066,Assembly,No clear abnormal zone,No clear abnormal zone,Low,,,,No production zone shows strong deviation from baseline.
2162,Crack,0.6647980894915622,0.6466050342688856,0.4619762596657312,0.6647980894915622,Drilling,No clear abnormal zone,No clear abnormal zone,Low,,,,No production zone shows strong deviation from baseline.
2163,Crack,0.4358811651319457,0.1138025141545669,0.2911343290453716,0.4358811651319457,Drilling,No clear abnormal zone,No clear abnormal zone,Low,,,,No production zone shows strong deviation from baseline.
2164,Crack,0.9896405359557364,1.4210843808100917,0.8948899731820106,1.4210843808100917,Milling,Milling,Drilling,Low,0.3732263623247229,0.2872870153060686,0.3394866223692085,Drilling stress = 0.99; Assembly stress = 0.89
2165,Crack,1.1101753198999469,1.020834297013068,1.3020023556116755,1.3020023556116755,Assembly,Assembly,Assembly,Low,0.3747103796351425,0.17134262436998243,0.45394699599487504,Assembly stress = 1.30; Drilling stress = 1.11
2166,Crack,0.259728806641005,0.6164234820721629,0.7261088083632836,0.7261088083632836,Assembly,No clear abnormal zone,No clear abnormal zone,Low,,,,No production zone shows strong deviation from baseline.
2167,Crack,1.3215175229559188,1.226521605256635,1.6534645346975312,1.6534645346975312,Assembly,Assembly,Assembly,Medium,0.3510783151136219,0.15963121048279316,0.489290474403585,Assembly stress = 1.65; Drilling stress = 1.32
2168,Crack,1.2879564521337958,0.7894476708435039,0.9176288646087776,1.2879564521337958,Drilling,Drilling,Drilling,Medium,0.5014476809857876,0.15229863770621982,0.34625368130799256,Drilling stress = 1.29; Assembly stress = 0.92
2169,Crack,1.0844172757789807,0.6811528271632592,0.886018179395141,1.0844172757789807,Drilling,Drilling,Drilling,Low,0.46422880184417026,0.1550838454320012,0.38068735272382853,Drilling stress = 1.08; Assembly stress = 0.89
2170,Crack,1.188951844910663,0.9121905466545446,0.9160622510873098,1.188951844910663,Drilling,Drilling,Drilling,Medium,0.4672254094474986,0.17713343841263696,0.35564115213986447,Drilling stress = 1.19; Assembly stress = 0.92
2171,Crack,1.330432305975059,1.2349007448570792,1.6680042137035371,1.6680042137035371,Assembly,Assembly,Assembly,Medium,0.35014186752016546,0.15912016419686667,0.49073796828296784,Assembly stress = 1.67; Drilling stress = 1.33
2172,Crack,0.5680979005656834,0.6359818520504777,0.8300330482380566,0.8300330482380566,Assembly,No clear abnormal zone,No clear abnormal zone,Low,,,,No production zone shows strong deviation from baseline.
2173,Crack,1.104882538064062,1.5709719968731688,0.906576241946632,1.5709719968731688,Milling,Milling,Drilling,Low,0.38211789154775455,0.30450011227240786,0.3133819961798376,Drilling stress = 1.10; Assembly stress = 0.91
2174,Crack,0.8744431301887814,0.821638115519406,0.8756566882750203,0.8756566882750203,Assembly,No clear abnormal zone,No clear abnormal zone,Low,,,,No production zone shows strong deviation from baseline.
2175,Crack,1.1600407176652086,0.6004487858511469,0.8998342662098264,1.1600407176652086,Drilling,Drilling,Drilling,Medium,0.48623622795188803,0.13892795080020437,0.37483582124790754,Drilling stress = 1.16; Assembly stress = 0.90
2176,Crack,0.8939232682004843,0.8419797218620866,0.924664758610334,0.924664758610334,Assembly,No clear abnormal zone,No clear abnormal zone,Low,,,,No production zone shows strong deviation from baseline.
2177,Crack,0.3610151820496808,0.4079269684630029,0.3146443669948212,0.4079269684630029,Milling,No clear abnormal zone,No clear abnormal zone,Low,,,,No production zone shows strong deviation from baseline.
2178,Crack,1.4105177599766767,1.295586798695898,0.9168333422317456,1.4105177599766767,Drilling,Drilling,Drilling,Medium,0.48636069092399314,0.2167776923460196,0.29686161672998734,Drilling stress = 1.41; Assembly stress = 0.92
2179,Crack,1.4063681898461535,1.1478385945008809,0.9110071723183144,1.4063681898461535,Drilling,Drilling,Drilling,Medium,0.5011416080926991,0.1934873113933231,0.30537108051397777,Drilling stress = 1.41; Assembly stress = 0.91
2180,Crack,1.1569971894579525,1.785870356508379,0.9022990301810618,1.785870356508379,Milling,Milling,Drilling,Low,0.3686094488578759,0.3456627766544591,0.285727774487665,Drilling stress = 1.16; Milling stress = 1.79
2181,Crack,0.5061982480581066,2.0588637543128425,0.3111385390419341,2.0588637543128425,Milling,Milling,Milling,High,0.23895957633857887,0.5644279422639722,0.196612481397449,Milling stress = 2.06; Drilling stress = 0.51
2182,Crack,0.868754505953798,1.1980734848188477,0.8858936507985391,1.1980734848188477,Milling,Milling,Assembly,Low,0.3686911258321269,0.2562442354646772,0.375064638703196,Assembly stress = 0.89; Drilling stress = 0.87
2183,Crack,0.7914798940101339,1.1143687455912588,0.879978858202175,1.1143687455912588,Milling,Milling,Assembly,Low,0.35931297431241516,0.24812570046227755,0.39256132522530734,Assembly stress = 0.88; Drilling stress = 0.79
2184,Crack,0.3254651144687119,0.1784126006958284,0.3264711980174131,0.3264711980174131,Assembly,No clear abnormal zone,No clear abnormal zone,Low,,,,No production zone shows strong deviation from baseline.
2185,Crack,1.3113181543442256,1.8746158283478604,0.9074554338221832,1.8746158283478604,Milling,Milling,Drilling,Low,0.39277862825352927,0.34494902749366013,0.2622723442528106,Drilling stress = 1.31; Milling stress = 1.87
2186,Crack,0.3925830402914976,0.4006001048011731,0.3445402563040239,0.4006001048011731,Milling,No clear abnormal zone,No clear abnormal zone,Low,,,,No production zone shows strong deviation from baseline.
2187,Crack,0.6941313453202891,0.4600503264352845,0.6428331716041317,0.6941313453202891,Drilling,No clear abnormal zone,No clear abnormal zone,Low,,,,No production zone shows strong deviation from baseline.
2188,Crack,1.1663009827245188,1.2776648032668994,0.8937527341985387,1.2776648032668994,Milling,Milling,Drilling,Medium,0.4309717975188339,0.24087046345586294,0.3281577390253031,Drilling stress = 1.17; Assembly stress = 0.89
2189,Crack,0.4827735803352446,0.6059617393975217,0.8435188219061167,0.8435188219061167,Assembly,No clear abnormal zone,No clear abnormal zone,Low,,,,No production zone shows strong deviation from baseline.
2190,Crack,1.393807365192843,0.8978173130947444,0.9178702153685594,1.393807365192843,Drilling,Drilling,Drilling,Medium,0.5192683937585115,0.15810883945363655,0.3226227667878518,Drilling stress = 1.39; Assembly stress = 0.92
2191,Crack,1.194873553194808,1.1941907580346078,0.9160974765208524,1.194873553194808,Drilling,Drilling,Drilling,Medium,0.44319010848407636,0.2214438018545527,0.3353660896613709,Drilling stress = 1.19; Assembly stress = 0.92
2192,Crack,0.9664547155103604,0.7327792425758769,0.8853939187598054,0.9664547155103604,Drilling,No clear abnormal zone,No clear abnormal zone,Low,,,,No production zone shows strong deviation from baseline.
2193,Crack,0.890405416145204,0.9137849009144148,0.9012149480702036,0.9137849009144148,Milling,No clear abnormal zone,No clear abnormal zone,Low,,,,No production zone shows strong deviation from baseline.
2194,Crack,0.5418659415428292,0.2575758290966456,0.3864772224212784,0.5418659415428292,Drilling,No clear abnormal zone,No clear abnormal zone,Low,,,,No production zone shows strong deviation from baseline.
2195,Crack,1.0151661087101538,0.937348187490192,1.1348790940571956,1.1348790940571956,Assembly,Assembly,Assembly,Low,0.38613919099689553,0.17861502672877416,0.4352457822743303,Assembly stress = 1.13; Drilling stress = 1.02
2196,Crack,0.532867541210087,1.2828201897719276,0.831329316076814,1.2828201897719276,Milling,Milling,Assembly,Low,0.29357936885569685,0.31073905008304203,0.39568158106126117,Assembly stress = 0.83; Milling stress = 1.28
2197,Crack,1.4426739933768942,1.3484110220387049,1.6684622038506898,1.6684622038506898,Assembly,Assembly,Assembly,Low,0.36923096369672587,0.168008103643777,0.46276093265949725,Assembly stress = 1.67; Drilling stress = 1.44
2198,Crack,1.090789420924722,1.0003476254628345,1.2524590865544571,1.2524590865544571,Assembly,Assembly,Assembly,Low,0.3799051986389121,0.1735269238966214,0.4465678774644665,Assembly stress = 1.25; Drilling stress = 1.09
2199,Crack,0.994931486010986,0.9213736934405596,1.0899311585593128,1.0899311585593128,Assembly,Assembly,Assembly,Low,0.38998522312820705,0.1811642133183887,0.42885056355340434,Assembly stress = 1.09; Drilling stress = 0.99
2200,Crack,0.2599240234686596,0.1081120687017955,0.3521047126605228,0.3521047126605228,Assembly,No clear abnormal zone,No clear abnormal zone,Low,,,,No production zone shows strong deviation from baseline.
2201,Crack,0.424205109780446,0.4088580322373653,0.3874011452528444,0.424205109780446,Drilling,No clear abnormal zone,No clear abnormal zone,Low,,,,No production zone shows strong deviation from baseline.
2202,Crack,1.4366206256270744,1.3393909973422058,1.6684622038506898,1.6684622038506898,Assembly,Assembly,Assembly,Low,0.3683792436400603,0.16712401674236868,0.4644967396175711,Assembly stress = 1.67; Drilling stress = 1.44
2203,Crack,1.1134891365872206,1.0319328679670416,1.3058829301756092,1.3058829301756092,Assembly,Assembly,Assembly,Low,0.3741131392212052,0.17240645745674388,0.45348040332205086,Assembly stress = 1.31; Drilling stress = 1.11
2204,Crack,0.2905096106521737,1.955305455131784,0.6172404394919622,1.955305455131784,Milling,Milling,Milling,High,0.19885754863903662,0.5254407301006978,0.2757017212602656,Milling stress = 1.96; Assembly stress = 0.62
2205,Crack,1.423423126017704,0.868667913708469,0.9199259938785724,1.423423126017704,Drilling,Drilling,Drilling,High,0.5286754492686603,0.15178610612354135,0.3195384446077985,Drilling stress = 1.42; Assembly stress = 0.92
2206,Crack,1.5149796719911617,2.362955933530813,0.9149855515732972,2.362955933530813,Milling,Milling,Milling,Low,0.36815147153397015,0.4298015290946126,0.20204699937141724,Milling stress = 2.36; Drilling stress = 1.51
2207,Crack,0.6457773842692028,1.3578588253119102,0.9037822274888584,1.3578588253119102,Milling,Milling,Assembly,Low,0.3017993514806047,0.3075681405479691,0.39063250797142623,Assembly stress = 0.90; Milling stress = 1.36
2208,Crack,0.4709440259815798,0.6883185789493969,0.8260553236095676,0.8260553236095676,Assembly,No clear abnormal zone,No clear abnormal zone,Low,,,,No production zone shows strong deviation from baseline.
2209,Crack,1.3424920533417366,1.246477814480742,1.6683724169128966,1.6683724169128966,Assembly,Assembly,Assembly,Medium,0.35217775788921196,0.15996813237083612,0.48785410973995186,Assembly stress = 1.67; Drilling stress = 1.34
2210,Crack,1.4687360634411832,0.7771237278876854,0.9116949364314446,1.4687360634411832,Drilling,Drilling,Drilling,High,0.5484603953036585,0.1373257108377077,0.31421389385863374,Drilling stress = 1.47; Assembly stress = 0.91
2211,Crack,0.2650913140197209,0.1407816310106092,0.4868687406882892,0.4868687406882892,Assembly,No clear abnormal zone,No clear abnormal zone,Low,,,,No production zone shows strong deviation from baseline.
2212,Crack,0.7937590948577792,0.72636245132553,0.7744436714177436,0.7937590948577792,Drilling,No clear abnormal zone,No clear abnormal zone,Low,,,,No production zone shows strong deviation from baseline.
2213,Crack,0.9790853465932092,0.9053450705821386,1.0607326680872915,1.0607326680872915,Assembly,Assembly,Assembly,Low,0.3922292294785214,0.1821734001152328,0.4255973704062458,Assembly stress = 1.06; Drilling stress = 0.98
2214,Crack,1.433305202422178,1.4105311468900514,0.9161542877877672,1.433305202422178,Drilling,Drilling,Drilling,Medium,0.4796258624612965,0.23441313918435844,0.2859609983543451,Drilling stress = 1.43; Assembly stress = 0.92
2215,Crack,0.3748228156579115,0.3518453479507187,0.2131155163482065,0.3748228156579115,Drilling,No clear abnormal zone,No clear abnormal zone,Low,,,,No production zone shows strong deviation from baseline.
2216,Crack,1.0916641555126942,1.018192811144194,1.266546715642238,1.266546715642238,Assembly,Assembly,Assembly,Low,0.3765502984433056,0.1749382593906018,0.44851144216609246,Assembly stress = 1.27; Drilling stress = 1.09
2217,Crack,1.224187778447317,2.2150546129217714,0.9092210875421244,2.2150546129217714,Milling,Milling,Milling,Medium,0.3250344082782261,0.43775119554047875,0.23721439618129497,Milling stress = 2.22; Drilling stress = 1.22
2218,Crack,0.3415400686301709,0.8775386531629487,0.7069446087740778,0.8775386531629487,Milling,No clear abnormal zone,No clear abnormal zone,Low,,,,No production zone shows strong deviation from baseline.
2219,Crack,0.6767076270757546,0.6754924969430787,0.5106107172078812,0.6767076270757546,Drilling,No clear abnormal zone,No clear abnormal zone,Low,,,,No production zone shows strong deviation from baseline.
2220,Crack,1.433371963330932,1.338563909143919,1.6684622038506898,1.6684622038506898,Assembly,Assembly,Assembly,Low,0.3676745437551778,0.16720873132777542,0.4651167249170467,Assembly stress = 1.67; Drilling stress = 1.43
2221,Crack,1.3534856561743185,1.259496875570528,1.6680103490188525,1.6680103490188525,Assembly,Assembly,Assembly,Medium,0.35401304560592384,0.1611277942581367,0.48485916013593955,Assembly stress = 1.67; Drilling stress = 1.35
2222,Crack,0.792894409293365,0.7549276064162307,0.7228101393432618,0.792894409293365,Drilling,No clear abnormal zone,No clear abnormal zone,Low,,,,No production zone shows strong deviation from baseline.
2223,Crack,1.3315584008856918,1.234827129677127,1.6684622038506898,1.6684622038506898,Assembly,Assembly,Assembly,Medium,0.35032352374626047,0.15901183434989566,0.4906646419038439,Assembly stress = 1.67; Drilling stress = 1.33
2224,Crack,0.1895873135796855,0.6357321548221371,0.7003438507163934,0.7003438507163934,Assembly,No clear abnormal zone,No clear abnormal zone,Low,,,,No production zone shows strong deviation from baseline.
2225,Crack,0.6739564835801344,1.713035818659015,0.8914283291380674,1.713035818659015,Milling,Milling,Milling,Low,0.27350523391683973,0.3865467867155289,0.33994797936763127,Milling stress = 1.71; Assembly stress = 0.89
2226,Crack,0.2115976215835738,0.233988878090995,0.390993254834206,0.390993254834206,Assembly,No clear abnormal zone,No clear abnormal zone,Low,,,,No production zone shows strong deviation from baseline.
2227,Crack,1.5238049746019249,0.7289434030779551,0.9096187939056356,1.5238049746019249,Drilling,Drilling,Drilling,High,0.5659620462641258,0.12780661073549937,0.3062313430003748,Drilling stress = 1.52; Assembly stress = 0.91
2228,Crack,0.5207608248326381,1.188513546468145,0.8512330362815229,1.188513546468145,Milling,Milling,Assembly,Medium,0.2970399626562658,0.2895917652580423,0.4133682720856917,Assembly stress = 0.85; Drilling stress = 0.52
2229,Crack,0.3415661136004528,0.8774772616573554,0.7122462885935488,0.8774772616573554,Milling,No clear abnormal zone,No clear abnormal zone,Low,,,,No production zone shows strong deviation from baseline.
2230,Crack,0.2885759001371426,0.1020729390015862,0.2906327224509694,0.2906327224509694,Assembly,No clear abnormal zone,No clear abnormal zone,Low,,,,No production zone shows strong deviation from baseline.
2231,Crack,0.257817494886597,0.9109420970970636,0.6816496330534008,0.9109420970970636,Milling,No clear abnormal zone,No clear abnormal zone,Low,,,,No production zone shows strong deviation from baseline.
2232,Crack,1.3137888463535292,0.6400529640279385,0.9207471534375852,1.3137888463535292,Drilling,Drilling,Drilling,Medium,0.518161338620533,0.13207944470851274,0.3497592166709541,Drilling stress = 1.31; Assembly stress = 0.92
2233,Crack,0.5388815372678086,0.1843738232890051,0.3483551404154005,0.5388815372678086,Drilling,No clear abnormal zone,No clear abnormal zone,Low,,,,No production zone shows strong deviation from baseline.
2234,Crack,0.7059829136802884,0.6209333294608471,0.8936751945654374,0.8936751945654374,Assembly,No clear abnormal zone,No clear abnormal zone,Low,,,,No production zone shows strong deviation from baseline.
2235,Crack,1.3363933177394025,1.2414243488922572,1.6684622038506898,1.6684622038506898,Assembly,Assembly,Assembly,Medium,0.3510558694656413,0.15962530636956135,0.48931882416479744,Assembly stress = 1.67; Drilling stress = 1.34
2236,Crack,0.6749484352954791,0.6550383026781181,0.5576954215008025,0.6749484352954791,Drilling,No clear abnormal zone,No clear abnormal zone,Low,,,,No production zone shows strong deviation from baseline.
2237,Crack,0.3714354086310457,0.2735432395210961,0.4403311271160215,0.4403311271160215,Assembly,No clear abnormal zone,No clear abnormal zone,Low,,,,No production zone shows strong deviation from baseline.
2238,Crack,0.2425901907180964,0.2269264940367392,0.6877334444824963,0.6877334444824963,Assembly,No clear abnormal zone,No clear abnormal zone,Low,,,,No production zone shows strong deviation from baseline.
2239,Crack,0.1814770158532557,0.5216591747504895,0.7182014851681708,0.7182014851681708,Assembly,No clear abnormal zone,No clear abnormal zone,Low,,,,No production zone shows strong deviation from baseline.
2240,Crack,0.3911098465349547,0.1546512358271118,0.3567197890231892,0.3911098465349547,Drilling,No clear abnormal zone,No clear abnormal zone,Low,,,,No production zone shows strong deviation from baseline.
2241,Crack,0.2547993656856819,0.666903701595339,0.730128674712919,0.730128674712919,Assembly,No clear abnormal zone,No clear abnormal zone,Low,,,,No production zone shows strong deviation from baseline.
2242,Crack,1.2390488250061942,0.8245508768275707,0.9101253144725986,1.2390488250061942,Drilling,Drilling,Drilling,Medium,0.48779678574920515,0.16113681193987991,0.35106640231091496,Drilling stress = 1.24; Assembly stress = 0.91
2243,Crack,1.2784603670795995,0.7397976517266882,0.9173991041154286,1.2784603670795995,Drilling,Drilling,Drilling,Medium,0.5028409665410166,0.1467109103595762,0.3504481230994071,Drilling stress = 1.28; Assembly stress = 0.92
2244,Crack,0.2922669472033621,0.4411733447033147,0.8180077665146013,0.8180077665146013,Assembly,No clear abnormal zone,No clear abnormal zone,Low,,,,No production zone shows strong deviation from baseline.
2245,Crack,1.5459414865857315,0.9009367530235052,0.9137933629142948,1.5459414865857315,Drilling,Drilling,Drilling,High,0.5574822808528931,0.14624434306749365,0.2962733760796132,Drilling stress = 1.55; Assembly stress = 0.91
2246,Crack,0.7334181967973371,0.8674470771644687,0.8806023806209395,0.8806023806209395,Assembly,No clear abnormal zone,No clear abnormal zone,Low,,,,No production zone shows strong deviation from baseline.
2247,Crack,1.007991024541003,0.608071538763165,0.9136443580441624,1.007991024541003,Drilling,Drilling,Drilling,Low,0.4454036932258114,0.1492935318424873,0.4053027749317014,Drilling stress = 1.01; Assembly stress = 0.91
2248,Crack,1.1636603322113093,1.359831068050701,0.9021965450508724,1.359831068050701,Milling,Milling,Drilling,Low,0.4204699805820029,0.2558001926641445,0.32372982675385265,Drilling stress = 1.16; Assembly stress = 0.90
2249,Crack,1.3432276606646536,1.246921670712807,1.6684622038506898,1.6684622038506898,Assembly,Assembly,Assembly,Medium,0.35230516147013596,0.1599793213804173,0.4877155171494467,Assembly stress = 1.67; Drilling stress = 1.34
2250,Crack,1.3242023276565211,1.2289682274138705,1.6579074676688357,1.6579074676688357,Assembly,Assembly,Assembly,Medium,0.35078962394531776,0.15946196040062538,0.4897484156540569,Assembly stress = 1.66; Drilling stress = 1.32
2251,Crack,0.7260154264588585,0.6291200486505636,0.8890730201923052,0.8890730201923052,Assembly,No clear abnormal zone,No clear abnormal zone,Low,,,,No production zone shows strong deviation from baseline.
2252,Crack,1.1370869653215872,1.0731794672447454,0.8607655768032108,1.1370869653215872,Drilling,Drilling,Drilling,Medium,0.4489106098968831,0.21055967448685198,0.34052971561626505,Drilling stress = 1.14; Assembly stress = 0.86
2253,Crack,1.395046215995837,0.8418785599094121,0.914676198144046,1.395046215995837,Drilling,Drilling,Drilling,High,0.524626757791256,0.15086301438540412,0.3245102278233399,Drilling stress = 1.40; Assembly stress = 0.91
2254,Crack,0.7135839037567748,0.7043431520272956,0.6273134844377996,0.7135839037567748,Drilling,No clear abnormal zone,No clear abnormal zone,Low,,,,No production zone shows strong deviation from baseline.
2255,Crack,0.3582720275304791,0.3593673934052306,0.6978299824453675,0.6978299824453675,Assembly,No clear abnormal zone,No clear abnormal zone,Low,,,,No production zone shows strong deviation from baseline.
2256,Crack,1.0555401950893422,0.9471743204451514,0.9102438288074612,1.0555401950893422,Drilling,Drilling,Drilling,Low,0.43226128755864646,0.1939338618259151,0.3738048506154384,Drilling stress = 1.06; Assembly stress = 0.91
2257,Crack,0.3414192641593405,0.1726920921002195,0.5729306883016643,0.5729306883016643,Assembly,No clear abnormal zone,No clear abnormal zone,Low,,,,No production zone shows strong deviation from baseline.
2258,Crack,1.2159856485765923,1.2297096789966822,0.89392685277105,1.2297096789966822,Milling,Milling,Drilling,Medium,0.4481160281559294,0.22715419049202062,0.32472978135204994,Drilling stress = 1.22; Assembly stress = 0.89
2259,Crack,1.3872759837020023,1.4195889737286946,0.9180783753124724,1.4195889737286946,Milling,Milling,Drilling,Medium,0.46686990150721375,0.24110112344196558,0.29202897505082076,Drilling stress = 1.39; Assembly stress = 0.92
2260,Crack,1.3166518207737163,1.2204483529105763,1.643444821882173,1.643444821882173,Assembly,Assembly,Assembly,Medium,0.3520316051186896,0.15987149086449756,0.4880969040168127,Assembly stress = 1.64; Drilling stress = 1.32
2261,Crack,0.7337394919039013,0.8026487311756176,0.647511284519048,0.8026487311756176,Milling,No clear abnormal zone,No clear abnormal zone,Low,,,,No production zone shows strong deviation from baseline.
2262,Crack,1.106442131393806,0.6768442598171723,0.9084593621475772,1.106442131393806,Drilling,Drilling,Drilling,Low,0.4660333119766823,0.1516404206066516,0.38232626741666614,Drilling stress = 1.11; Assembly stress = 0.91
2263,Crack,0.5800162062824026,0.5396461784617946,0.4244147230704326,0.5800162062824026,Drilling,No clear abnormal zone,No clear abnormal zone,Low,,,,No production zone shows strong deviation from baseline.
2264,Crack,1.4194437334573191,0.6179853939246343,0.907346975393934,1.4194437334573191,Drilling,Drilling,Drilling,High,0.54837342120939,0.1230204941200194,0.32860608467059055,Drilling stress = 1.42; Assembly stress = 0.91
2265,Crack,0.839040565698161,0.6271044248417947,0.8779370182127019,0.8779370182127019,Assembly,No clear abnormal zone,No clear abnormal zone,Low,,,,No production zone shows strong deviation from baseline.
2266,Crack,0.5014048786365528,0.3859548127500146,0.8361990328845571,0.8361990328845571,Assembly,No clear abnormal zone,No clear abnormal zone,Low,,,,No production zone shows strong deviation from baseline.
2267,Crack,1.1807769305872242,0.5661468469726613,0.8752629833201041,1.1807769305872242,Drilling,Drilling,Drilling,Medium,0.4982151215837508,0.13472756341131784,0.3670573150049314,Drilling stress = 1.18; Assembly stress = 0.88
2268,Crack,0.5065573245348868,0.8575689813916222,0.3523824604163525,0.8575689813916222,Milling,No clear abnormal zone,No clear abnormal zone,Low,,,,No production zone shows strong deviation from baseline.
2269,Crack,1.2545048648470651,1.1618290181450912,1.5430210508752649,1.5430210508752649,Assembly,Assembly,Assembly,Medium,0.3583984798486532,0.16333812068709033,0.47826339946425644,Assembly stress = 1.54; Drilling stress = 1.25
2270,Crack,1.232081694012683,0.7058918579319096,0.8970176980961062,1.232081694012683,Drilling,Drilling,Drilling,Medium,0.4973347152230458,0.14692558792904534,0.35573969684790885,Drilling stress = 1.23; Assembly stress = 0.90
2271,Crack,1.0142208985341667,0.930032137694352,1.1145567787073167,1.1145567787073167,Assembly,Assembly,Assembly,Low,0.3898375516955463,0.1791805894433386,0.43098185886111506,Assembly stress = 1.11; Drilling stress = 1.01
2272,Crack,1.43746934447271,0.9275184622802076,0.9116264277322136,1.43746934447271,Drilling,Drilling,Drilling,High,0.5287314018961906,0.15875823227372468,0.31251036583008474,Drilling stress = 1.44; Assembly stress = 0.91
2273,Crack,1.2922474566796565,0.770288237684762,0.889017619385482,1.2922474566796565,Drilling,Drilling,Drilling,Medium,0.5089480808394536,0.15099392579959134,0.340057993360955,Drilling stress = 1.29; Assembly stress = 0.89
2274,Crack,1.4362933848520203,0.861943403286895,0.9198220169406892,1.4362933848520203,Drilling,Drilling,Drilling,High,0.5324367167189152,0.14989977236882232,0.31766351091226247,Drilling stress = 1.44; Assembly stress = 0.92
2275,Crack,1.1860527663114184,0.6892437163366855,0.9104653202038724,1.1860527663114184,Drilling,Drilling,Drilling,Medium,0.4846462548235625,0.14744614976552303,0.36790759541091445,Drilling stress = 1.19; Assembly stress = 0.91
2276,Crack,0.2361910446897577,0.7086777357186218,0.3659024484870405,0.7086777357186218,Milling,No clear abnormal zone,No clear abnormal zone,Low,,,,No production zone shows strong deviation from baseline.
2277,Crack,1.502349853409554,0.8026223516811766,0.9179288021448018,1.502349853409554,Drilling,Drilling,Drilling,High,0.5537746129043893,0.137535640308907,0.3086897467867037,Drilling stress = 1.50; Assembly stress = 0.92
2278,Crack,0.9197672122745616,0.7498148395499802,0.891656623354827,0.9197672122745616,Drilling,No clear abnormal zone,No clear abnormal zone,Low,,,,No production zone shows strong deviation from baseline.
2279,Crack,1.0038599952626877,1.0523776054926348,0.8931097633175223,1.0523776054926348,Milling,Milling,Drilling,Low,0.4132198564845346,0.2168813047440558,0.3698988387714096,Drilling stress = 1.00; Assembly stress = 0.89
2280,Crack,0.7229269449662274,0.7104250649827603,0.6085226803240671,0.7229269449662274,Drilling,No clear abnormal zone,No clear abnormal zone,Low,,,,No production zone shows strong deviation from baseline.
2281,Crack,1.2237773614270335,0.6701175602676972,0.9172588231349212,1.2237773614270335,Drilling,Drilling,Drilling,Medium,0.4942113157672337,0.14204674715108198,0.3637419370816844,Drilling stress = 1.22; Assembly stress = 0.92
2282,Crack,1.4421571239143156,1.3457717013221822,1.6684622038506898,1.6684622038506898,Assembly,Assembly,Assembly,Low,0.369274154754076,0.16767150398798913,0.4630543412579348,Assembly stress = 1.67; Drilling stress = 1.44
2283,Crack,0.7540110180206993,0.568227641464277,0.8975683333011262,0.8975683333011262,Assembly,No clear abnormal zone,No clear abnormal zone,Low,,,,No production zone shows strong deviation from baseline.
2284,Crack,1.4367335646706068,0.8167401762806002,0.916248462208834,1.4367335646706068,Drilling,Drilling,Drilling,High,0.5367092454582582,0.14436083105431044,0.31892992348743154,Drilling stress = 1.44; Assembly stress = 0.92
2285,Crack,1.326736446275557,1.2324346363286796,1.6632136632178427,1.6632136632178427,Assembly,Assembly,Assembly,Medium,0.35026134650845714,0.15937032619407035,0.4903683272974724,Assembly stress = 1.66; Drilling stress = 1.33
2286,Crack,0.2304223567449975,1.0823371685843035,0.6903295854795423,1.0823371685843035,Milling,Milling,Assembly,Medium,0.26624120619589703,0.31205214940944925,0.42170664439465383,Assembly stress = 0.69; Milling stress = 1.08
2287,Crack,1.3346012875650712,1.2416993232409022,1.6684622038506898,1.6684622038506898,Assembly,Assembly,Assembly,Medium,0.35063232394753857,0.15976260895499175,0.48960506709746965,Assembly stress = 1.67; Drilling stress = 1.33
2288,Crack,1.2492805225242405,1.155974446186538,1.5345454145705992,1.5345454145705992,Assembly,Assembly,Assembly,Medium,0.35899274131994247,0.1635058733335906,0.477501385346467,Assembly stress = 1.53; Drilling stress = 1.25
2289,Crack,1.1360414241792078,1.0470174844001927,1.3416615321301872,1.3416615321301872,Assembly,Assembly,Assembly,Low,0.37234263685570457,0.17031392926360572,0.45734343388068965,Assembly stress = 1.34; Drilling stress = 1.14
2290,Crack,1.1077145270907558,1.0141483065515249,1.2978234248712597,1.2978234248712597,Assembly,Assembly,Assembly,Low,0.37527392965388884,0.17087680141375983,0.45384926893235134,Assembly stress = 1.30; Drilling stress = 1.11
2291,Crack,0.7233143563806186,0.5431216292177947,0.6354832987188932,0.7233143563806186,Drilling,No clear abnormal zone,No clear abnormal zone,Low,,,,No production zone shows strong deviation from baseline.
2292,Crack,1.116547784012992,1.0326105606530722,1.3003539951270289,1.3003539951270289,Assembly,Assembly,Assembly,Low,0.37572410535194317,0.1727370865780264,0.45153880807003055,Assembly stress = 1.30; Drilling stress = 1.12
2293,Crack,0.7295968783342468,0.7263627514424165,0.646167869101378,0.7295968783342468,Drilling,No clear abnormal zone,No clear abnormal zone,Low,,,,No production zone shows strong deviation from baseline.
2294,Crack,0.4350206902557614,0.3783771450234448,0.2406543690689274,0.4350206902557614,Drilling,No clear abnormal zone,No clear abnormal zone,Low,,,,No production zone shows strong deviation from baseline.
2295,Crack,0.8959419571980602,0.8361597923411578,0.9104509750171844,0.9104509750171844,Assembly,No clear abnormal zone,No clear abnormal zone,Low,,,,No production zone shows strong deviation from baseline.
2296,Crack,0.5242814227930708,0.5737973840883775,0.3867306036005296,0.5737973840883775,Milling,No clear abnormal zone,No clear abnormal zone,Low,,,,No production zone shows strong deviation from baseline.
2297,Crack,1.2018587342743716,1.1075421532350296,1.4586941965177675,1.4586941965177675,Assembly,Assembly,Assembly,Medium,0.36392357154845306,0.16558424784494755,0.4704921806065994,Assembly stress = 1.46; Drilling stress = 1.20
2298,Crack,1.116058934639331,1.0266369053151845,1.3145280526379493,1.3145280526379493,Assembly,Assembly,Assembly,Low,0.37358539831524956,0.1708143701132967,0.45560023157145374,Assembly stress = 1.31; Drilling stress = 1.12
2299,Crack,0.5499210120351599,0.6641018371510503,0.8496626537588339,0.8496626537588339,Assembly,No clear abnormal zone,No clear abnormal zone,Low,,,,No production zone shows strong deviation from baseline.
2300,Crack,0.9775350508940336,0.8975613478783668,1.0628554717268637,1.0628554717268637,Assembly,Assembly,Assembly,Low,0.3920590353806964,0.18096281086788074,0.4269781537514228,Assembly stress = 1.06; Drilling stress = 0.98
2301,Crack,1.3786815150739633,0.7119634283426076,0.9088573938354804,1.3786815150739633,Drilling,Drilling,Drilling,Medium,0.5314039649691169,0.1364089320320237,0.3321871029988594,Drilling stress = 1.38; Assembly stress = 0.91
2302,Crack,1.3066595675765886,0.9699518584797308,0.9167733832699484,1.3066595675765886,Drilling,Drilling,Drilling,Medium,0.4915955090753733,0.1755284876755658,0.3328760032490609,Drilling stress = 1.31; Assembly stress = 0.92
2303,Crack,1.1781018881317185,0.7746209248124755,0.9151980537919292,1.1781018881317185,Drilling,Drilling,Drilling,Medium,0.4755538683187503,0.15883279091844715,0.3656133407628025,Drilling stress = 1.18; Assembly stress = 0.92
2304,Crack,0.3764621146836227,0.14934307465872,0.4227990595703473,0.4227990595703473,Assembly,No clear abnormal zone,No clear abnormal zone,Low,,,,No production zone shows strong deviation from baseline.
2305,Crack,0.2797839511048605,0.6642964862164424,0.7097816283038436,0.7097816283038436,Assembly,No clear abnormal zone,No clear abnormal zone,Low,,,,No production zone shows strong deviation from baseline.
2306,Crack,0.343365218348399,0.3472639057318727,0.3597945100359191,0.3597945100359191,Assembly,No clear abnormal zone,No clear abnormal zone,Low,,,,No production zone shows strong deviation from baseline.
2307,Crack,1.436004919057232,1.340765869085431,1.6684622038506898,1.6684622038506898,Assembly,Assembly,Assembly,Low,0.36815132611459933,0.16735341526732436,0.4644952586180763,Assembly stress = 1.67; Drilling stress = 1.44
2308,Crack,1.2123008169814584,1.1181665558240166,1.460867483930233,1.460867483930233,Assembly,Assembly,Assembly,Medium,0.36532795476635965,0.16625354700208148,0.46841849823155884,Assembly stress = 1.46; Drilling stress = 1.21
2309,Crack,0.3432636544706732,0.4937409479457421,0.225488086582279,0.4937409479457421,Milling,No clear abnormal zone,No clear abnormal zone,Low,,,,No production zone shows strong deviation from baseline.
2310,Crack,1.2822581786689915,1.984456260678128,0.9083151002056564,1.984456260678128,Milling,Milling,Milling,Low,0.3707674955407448,0.37413850794154513,0.25509399651771003,Milling stress = 1.98; Drilling stress = 1.28
2311,Crack,1.3756463628148838,0.8085824535690463,0.9179086429780046,1.3756463628148838,Drilling,Drilling,Drilling,Medium,0.5218369020780371,0.1479898959948323,0.33017320192713057,Drilling stress = 1.38; Assembly stress = 0.92
2312,Crack,1.215298527245705,1.0031414293127954,0.9188370664646276,1.215298527245705,Drilling,Drilling,Drilling,Medium,0.46557902371179516,0.18828891493224928,0.34613206135595553,Drilling stress = 1.22; Assembly stress = 0.92
2313,Crack,0.4210530346372118,0.6266561011856202,0.8589584588071633,0.8589584588071633,Assembly,No clear abnormal zone,No clear abnormal zone,Low,,,,No production zone shows strong deviation from baseline.
2314,Crack,1.5606258077159838,1.3599556962034915,0.9177799596933436,1.5606258077159838,Drilling,Drilling,Drilling,High,0.5168265517414992,0.21142916735820377,0.2717442809002971,Drilling stress = 1.56; Assembly stress = 0.92
2315,Crack,1.1077152935065933,1.0106212733708726,1.29278761718639,1.29278761718639,Assembly,Assembly,Assembly,Low,0.3763585406815648,0.17076717072018985,0.4528742885982454,Assembly stress = 1.29; Drilling stress = 1.11
2316,Crack,1.3288687353437485,1.2377544156564035,1.667643408221528,1.667643408221528,Assembly,Assembly,Assembly,Medium,0.34968901169044925,0.15961788198069551,0.4906931063288552,Assembly stress = 1.67; Drilling stress = 1.33
2317,Crack,1.287756586553041,0.8449670591128953,0.9082212257464748,1.287756586553041,Drilling,Drilling,Drilling,Medium,0.4986783986466456,0.16013619762378134,0.341185403729573,Drilling stress = 1.29; Assembly stress = 0.91
2318,Crack,0.5979894509637999,0.5493403310754966,0.3609525967710902,0.5979894509637999,Drilling,No clear abnormal zone,No clear abnormal zone,Low,,,,No production zone shows strong deviation from baseline.
2319,Crack,1.2063515497524724,1.1114026198778182,1.4627324141911886,1.4627324141911886,Assembly,Assembly,Assembly,Medium,0.364039521780758,0.1655322976314151,0.4704281805878268,Assembly stress = 1.46; Drilling stress = 1.21
2320,Crack,0.6632365504792074,0.683278384799202,0.5350937281234752,0.683278384799202,Milling,No clear abnormal zone,No clear abnormal zone,Low,,,,No production zone shows strong deviation from baseline.
2321,Crack,1.2079906005187715,0.6680236391334733,0.910104883370194,1.2079906005187715,Drilling,Drilling,Drilling,Medium,0.49169770155489595,0.14327272159276372,0.3650295768523404,Drilling stress = 1.21; Assembly stress = 0.91
2322,Crack,1.4636669344333273,0.7464831413446907,0.9180279618547508,1.4636669344333273,Drilling,Drilling,Drilling,High,0.5483857499797565,0.13384039246011242,0.31777385756013093,Drilling stress = 1.46; Assembly stress = 0.92
2323,Crack,0.5397422942928486,0.5883083072037791,0.3579956454505555,0.5883083072037791,Milling,No clear abnormal zone,No clear abnormal zone,Low,,,,No production zone shows strong deviation from baseline.
2324,Crack,0.6909425496586614,0.489058172775807,0.8833628788808305,0.8833628788808305,Assembly,No clear abnormal zone,No clear abnormal zone,Low,,,,No production zone shows strong deviation from baseline.
2325,Crack,1.1118503080750992,0.8635409010870889,0.8953223795837594,1.1118503080750992,Drilling,Drilling,Drilling,Low,0.45550422687889247,0.17767364435244612,0.3668221287686615,Drilling stress = 1.11; Assembly stress = 0.90
2326,Crack,0.2328659031706578,0.4038987579988661,0.3396270795984619,0.4038987579988661,Milling,No clear abnormal zone,No clear abnormal zone,Low,,,,No production zone shows strong deviation from baseline.
2327,Crack,0.3569218790000698,0.789704092145894,0.7775119828419758,0.789704092145894,Milling,No clear abnormal zone,No clear abnormal zone,Low,,,,No production zone shows strong deviation from baseline.
2328,Crack,0.2843249681105037,0.2244719056899601,0.4949359389458257,0.4949359389458257,Assembly,No clear abnormal zone,No clear abnormal zone,Low,,,,No production zone shows strong deviation from baseline.
2329,Crack,0.7138535506415586,0.6942080738697556,0.6100613697483073,0.7138535506415586,Drilling,No clear abnormal zone,No clear abnormal zone,Low,,,,No production zone shows strong deviation from baseline.
2330,Crack,0.2767058748911515,0.2726542906419143,0.5526797101576453,0.5526797101576453,Assembly,No clear abnormal zone,No clear abnormal zone,Low,,,,No production zone shows strong deviation from baseline.
2331,Crack,0.3651484765115143,0.4009421885176965,0.4202810543671574,0.4202810543671574,Assembly,No clear abnormal zone,No clear abnormal zone,Low,,,,No production zone shows strong deviation from baseline.
2332,Crack,0.5570439165735288,0.2992175822695765,0.3747514782749461,0.5570439165735288,Drilling,No clear abnormal zone,No clear abnormal zone,Low,,,,No production zone shows strong deviation from baseline.
2333,Crack,1.2315336280538889,1.1346022273245264,1.497903444661039,1.497903444661039,Assembly,Assembly,Assembly,Medium,0.362446643260184,0.1644815969273895,0.47307175981242655,Assembly stress = 1.50; Drilling stress = 1.23
2334,Crack,1.195426569588943,1.1019993632150975,1.4431043599648838,1.4431043599648838,Assembly,Assembly,Assembly,Medium,0.36543707036624035,0.16642083041449363,0.4681420992192661,Assembly stress = 1.44; Drilling stress = 1.20
2335,Crack,1.4056691219477844,0.9540833848399158,0.9097660015115568,1.4056691219477844,Drilling,Drilling,Drilling,High,0.5188526239814616,0.1651554189637008,0.31599195705483757,Drilling stress = 1.41; Assembly stress = 0.91
2336,Crack,1.0995587037980117,1.0116951889372348,1.2736563999149262,1.2736563999149262,Assembly,Assembly,Assembly,Low,0.3776271371035372,0.17293168006802842,0.4494411828284345,Assembly stress = 1.27; Drilling stress = 1.10
2337,Crack,0.582908197175795,0.5244772440558847,0.4123755779229146,0.582908197175795,Drilling,No clear abnormal zone,No clear abnormal zone,Low,,,,No production zone shows strong deviation from baseline.
2338,Crack,1.4382392857935813,1.3432774458132128,1.6684622038506898,1.6684622038506898,Assembly,Assembly,Assembly,Low,0.3685162661797968,0.16756575337803534,0.4639179804421678,Assembly stress = 1.67; Drilling stress = 1.44
2339,Crack,1.0075038199338555,0.928776349330461,1.1136242043324187,1.1136242043324187,Assembly,Assembly,Assembly,Low,0.38848505074013373,0.17953677084811087,0.43197817841175545,Assembly stress = 1.11; Drilling stress = 1.01
2340,Crack,0.25011650361104,0.418355290527014,0.4743590404358939,0.4743590404358939,Assembly,No clear abnormal zone,No clear abnormal zone,Low,,,,No production zone shows strong deviation from baseline.
2341,Crack,0.277801135053136,0.2450327897149627,0.651910684571467,0.651910684571467,Assembly,No clear abnormal zone,No clear abnormal zone,Low,,,,No production zone shows strong deviation from baseline.
2342,Crack,1.4657606394947909,0.7772298203529105,0.9111087741401512,1.4657606394947909,Drilling,Drilling,Drilling,High,0.5478164584841264,0.13758780586033595,0.3145957356555377,Drilling stress = 1.47; Assembly stress = 0.91
2343,Crack,1.3285462995348043,1.2342447036945638,1.6657992313620245,1.6657992313620245,Assembly,Assembly,Assembly,Medium,0.35012809906080433,0.15930973217691544,0.4905621687622802,Assembly stress = 1.67; Drilling stress = 1.33
2344,Crack,1.0046095415729597,0.9292829949807204,1.1082863467123885,1.1082863467123885,Assembly,Assembly,Assembly,Low,0.38865709131713677,0.18022817993430187,0.43111472874856127,Assembly stress = 1.11; Drilling stress = 1.00
2345,Crack,1.093853739929071,1.0013002924975103,1.2617342010872423,1.2617342010872423,Assembly,Assembly,Assembly,Low,0.37898951043729573,0.17274351113325892,0.4482669784294454,Assembly stress = 1.26; Drilling stress = 1.09
2346,Crack,1.307039934899104,1.0215210143393083,0.8885493941361261,1.307039934899104,Drilling,Drilling,Drilling,Medium,0.4916780021818975,0.18477852283077617,0.32354347498732633,Drilling stress = 1.31; Assembly stress = 0.89
2347,Crack,1.337635647023891,0.6272244363450876,0.9070580837920766,1.337635647023891,Drilling,Drilling,Drilling,Medium,0.5274666306307975,0.12960964632169208,0.3429237230475104,Drilling stress = 1.34; Assembly stress = 0.91
2348,Crack,1.2542418585179471,1.160337228174883,1.5409412372404074,1.5409412372404074,Assembly,Assembly,Assembly,Medium,0.35878191278444604,0.1633120695791066,0.47790601763644736,Assembly stress = 1.54; Drilling stress = 1.25
2349,Crack,1.119382290661747,0.7056272173147473,0.8857107966998992,1.119382290661747,Drilling,Drilling,Drilling,Low,0.47120839884170185,0.1557727481653136,0.3730188529929845,Drilling stress = 1.12; Assembly stress = 0.89
2350,Crack,0.270657663932104,0.4450365806226425,0.3584661305324047,0.4450365806226425,Milling,No clear abnormal zone,No clear abnormal zone,Low,,,,No production zone shows strong deviation from baseline.
2351,Crack,1.4564479361421472,1.0496441782334096,0.9132000400656468,1.4564479361421472,Drilling,Drilling,Drilling,High,0.5225353746898111,0.17394545026439226,0.30351917504579656,Drilling stress = 1.46; Assembly stress = 0.91
2352,Crack,0.8544612331482713,0.8287395347082631,0.8866100836672246,0.8866100836672246,Assembly,No clear abnormal zone,No clear abnormal zone,Low,,,,No production zone shows strong deviation from baseline.
2353,Crack,1.3229673702794311,1.3875546997477688,0.9110779616589572,1.3875546997477688,Milling,Milling,Drilling,Medium,0.4554238237389396,0.24290456147095674,0.3016716147901037,Drilling stress = 1.32; Assembly stress = 0.91
2354,Crack,1.4558227997113211,1.1849835711267946,0.8978114045439489,1.4558227997113211,Drilling,Drilling,Drilling,High,0.5118452089053926,0.19520218036681183,0.2929526107277955,Drilling stress = 1.46; Assembly stress = 0.90
2355,Crack,1.507578743693014,0.8654396466503711,0.9150973663242448,1.507578743693014,Drilling,Drilling,Drilling,High,0.5506497724808125,0.14486651146690563,0.3044837160522818,Drilling stress = 1.51; Assembly stress = 0.92
2356,Crack,0.5550436801995919,0.9244025502396503,0.8688548583215718,0.9244025502396503,Milling,No clear abnormal zone,No clear abnormal zone,Low,,,,No production zone shows strong deviation from baseline.
2357,Crack,0.8867693639215695,0.8471306193063906,0.932874842747263,0.932874842747263,Assembly,No clear abnormal zone,No clear abnormal zone,Low,,,,No production zone shows strong deviation from baseline.
2358,Crack,1.1592203754045622,1.0632799437125795,1.3726849523745464,1.3726849523745464,Assembly,Assembly,Assembly,Low,0.3714408475011654,0.16873037270989563,0.45982877978893894,Assembly stress = 1.37; Drilling stress = 1.16
2359,Crack,0.983184856702544,0.9038987488113126,1.0372557514369003,1.0372557514369003,Assembly,Assembly,Assembly,Low,0.39722779067671865,0.18347466778178276,0.4192975415414985,Assembly stress = 1.04; Drilling stress = 0.98
2360,Crack,0.7283257241825184,0.7120164519611392,0.665123496571177,0.7283257241825184,Drilling,No clear abnormal zone,No clear abnormal zone,Low,,,,No production zone shows strong deviation from baseline.
2361,Crack,1.3880009818632035,0.6432249122229385,0.9126888441584882,1.3880009818632035,Drilling,Drilling,Drilling,High,0.5378914158344118,0.12770634649636428,0.33440223766922383,Drilling stress = 1.39; Assembly stress = 0.91
2362,Crack,1.2339526632020017,1.135574380730366,1.4972196397233546,1.4972196397233546,Assembly,Assembly,Assembly,Medium,0.363065089943032,0.16452403456266243,0.47241087549430566,Assembly stress = 1.50; Drilling stress = 1.23
2363,Crack,0.5932076759897968,0.6227515508120136,0.4031568940344746,0.6227515508120136,Milling,No clear abnormal zone,No clear abnormal zone,Low,,,,No production zone shows strong deviation from baseline.
2364,Crack,0.2361270543476376,0.4648521008029845,0.6817354886226616,0.6817354886226616,Assembly,No clear abnormal zone,No clear abnormal zone,Low,,,,No production zone shows strong deviation from baseline.
2365,Crack,1.5175325290441286,1.1430684199999752,0.9188738879587576,1.5175325290441286,Drilling,Drilling,Drilling,High,0.5281567972355059,0.18159554146799867,0.2902476612964954,Drilling stress = 1.52; Assembly stress = 0.92
2366,Crack,0.3138142947333917,0.427597498791177,0.7597959878947235,0.7597959878947235,Assembly,No clear abnormal zone,No clear abnormal zone,Low,,,,No production zone shows strong deviation from baseline.
2367,Crack,1.043873417912398,1.0198519181761916,0.912819612572426,1.043873417912398,Drilling,Drilling,Drilling,Low,0.4227788265427024,0.20637202637910465,0.3708491470781931,Drilling stress = 1.04; Assembly stress = 0.91
2368,Crack,0.6674334645965814,0.6631273118634566,0.5214828247515324,0.6674334645965814,Drilling,No clear abnormal zone,No clear abnormal zone,Low,,,,No production zone shows strong deviation from baseline.
2369,Crack,0.4776545219170583,2.3576132044623748,0.7899133377379812,2.3576132044623748,Milling,Milling,Milling,High,0.17720676660133858,0.5806387122582206,0.24215452114044078,Milling stress = 2.36; Assembly stress = 0.79
2370,Crack,1.223725970884567,1.1290464463904848,1.4886998548654158,1.4886998548654158,Assembly,Assembly,Assembly,Medium,0.3625514590793208,0.1649000800888531,0.47254846083182617,Assembly stress = 1.49; Drilling stress = 1.22
2371,Crack,0.2894420919189702,0.4130135567741007,0.7746983699935698,0.7746983699935698,Assembly,No clear abnormal zone,No clear abnormal zone,Low,,,,No production zone shows strong deviation from baseline.
2372,Crack,1.1095006045000826,1.0197430602278938,1.3015083344096272,1.3015083344096272,Assembly,Assembly,Assembly,Low,0.3747063777735364,0.17126944220727913,0.4540241800191845,Assembly stress = 1.30; Drilling stress = 1.11
2373,Crack,0.2819950282735665,0.31323624378413,0.3870119134827836,0.3870119134827836,Assembly,No clear abnormal zone,No clear abnormal zone,Low,,,,No production zone shows strong deviation from baseline.
2374,Crack,0.6559167728072743,0.6929392945917556,0.5200177143265161,0.6929392945917556,Milling,No clear abnormal zone,No clear abnormal zone,Low,,,,No production zone shows strong deviation from baseline.
2375,Crack,0.8108863106006605,0.6661297926166327,0.90600860311444,0.90600860311444,Assembly,No clear abnormal zone,No clear abnormal zone,Low,,,,No production zone shows strong deviation from baseline.
2376,Crack,1.1186972391195107,1.0290315638159833,1.2941872528502314,1.2941872528502314,Assembly,Assembly,Assembly,Low,0.37750828589442675,0.17256598101479154,0.44992573309078177,Assembly stress = 1.29; Drilling stress = 1.12
2377,Crack,0.6873247468206778,0.4822878647422214,0.5386807514107287,0.6873247468206778,Drilling,No clear abnormal zone,No clear abnormal zone,Low,,,,No production zone shows strong deviation from baseline.
2378,Crack,1.277984694745888,0.6763486499251291,0.9154317820743594,1.277984694745888,Drilling,Drilling,Drilling,Medium,0.5076516465074162,0.1390748464321989,0.35327350706038485,Drilling stress = 1.28; Assembly stress = 0.92
2379,Crack,1.2358112420507317,0.8068182790684911,0.8890731227362451,1.2358112420507317,Drilling,Drilling,Drilling,Medium,0.4919873206106986,0.16018234162543088,0.34783033776387046,Drilling stress = 1.24; Assembly stress = 0.89
2380,Crack,1.3399098898189046,0.604847995554429,0.9170654972005888,1.3399098898189046,Drilling,Drilling,Drilling,Medium,0.5277271911964676,0.12651620364438768,0.3457566051591448,Drilling stress = 1.34; Assembly stress = 0.92
2381,Crack,1.2206654768371266,1.1246230401362969,1.4814382514437432,1.4814382514437432,Assembly,Assembly,Assembly,Medium,0.36335289011489214,0.16503950902109393,0.47160760086401393,Assembly stress = 1.48; Drilling stress = 1.22
2382,Crack,0.4886235594601067,0.9899201187296736,0.8185929504816454,0.9899201187296736,Milling,No clear abnormal zone,No clear abnormal zone,Low,,,,No production zone shows strong deviation from baseline.
2383,Crack,1.1159563079206611,0.81774378712278,0.917842728950723,1.1159563079206611,Drilling,Drilling,Drilling,Low,0.45634001524711515,0.16933491133447662,0.37432507341840826,Drilling stress = 1.12; Assembly stress = 0.92
2384,Crack,0.5345102015170337,1.3328511094622189,0.4320391504272262,1.3328511094622189,Milling,Milling,Milling,Low,0.33183674022767434,0.3686459981847846,0.29951726158754094,Milling stress = 1.33; Drilling stress = 0.53
2385,Crack,1.1688440584448636,0.579549438162634,0.9056052401596436,1.1688440584448636,Drilling,Drilling,Drilling,Medium,0.48877825095263633,0.13556715294550709,0.37565459610185653,Drilling stress = 1.17; Assembly stress = 0.91
2386,Crack,0.2874968674847972,0.5950586520533881,0.6848295134662156,0.6848295134662156,Assembly,No clear abnormal zone,No clear abnormal zone,Low,,,,No production zone shows strong deviation from baseline.
2387,Crack,1.49385827886917,0.6797222634086201,0.9196820706647008,1.49385827886917,Drilling,Drilling,Drilling,High,0.5603246735572487,0.12411805807509757,0.31555726836765374,Drilling stress = 1.49; Assembly stress = 0.92
2388,Crack,0.9022156604268216,0.8554837770786166,0.945443557741458,0.945443557741458,Assembly,No clear abnormal zone,No clear abnormal zone,Low,,,,No production zone shows strong deviation from baseline.
2389,Crack,0.3903143191882226,0.9905011467996356,0.809761768076624,0.9905011467996356,Milling,No clear abnormal zone,No clear abnormal zone,Low,,,,No production zone shows strong deviation from baseline.
2390,Crack,0.8447062578726123,0.8158484981313988,0.8588902293383851,0.8588902293383851,Assembly,No clear abnormal zone,No clear abnormal zone,Low,,,,No production zone shows strong deviation from baseline.
2391,Crack,1.3388140167271512,1.2437453922131037,1.668262922157941,1.668262922157941,Assembly,Assembly,Assembly,Medium,0.35151151088000665,0.15981655936411096,0.4886719297558823,Assembly stress = 1.67; Drilling stress = 1.34
2392,Crack,0.3773493785637077,0.3713543465048793,0.8153577714508898,0.8153577714508898,Assembly,No clear abnormal zone,No clear abnormal zone,Low,,,,No production zone shows strong deviation from baseline.
2393,Crack,1.4906734774902486,1.1502051060211094,0.9017392527365318,1.4906734774902486,Drilling,Drilling,Drilling,High,0.5233856830637348,0.18617797740471262,0.2904363395315525,Drilling stress = 1.49; Assembly stress = 0.90
2394,Crack,1.2228866807122936,1.1283449370285872,1.4893149135346202,1.4893149135346202,Assembly,Assembly,Assembly,Medium,0.3622940593191574,0.16480571188830684,0.47290022879253574,Assembly stress = 1.49; Drilling stress = 1.22
2395,Crack,0.8804407380463286,0.7088625911099441,0.8867756356818036,0.8867756356818036,Assembly,No clear abnormal zone,No clear abnormal zone,Low,,,,No production zone shows strong deviation from baseline.
2396,Crack,0.3567861025968816,0.3014160187864954,0.7559059600582845,0.7559059600582845,Assembly,No clear abnormal zone,No clear abnormal zone,Low,,,,No production zone shows strong deviation from baseline.
2397,Crack,0.2568732418278264,0.5422563235667186,0.6816856445587851,0.6816856445587851,Assembly,No clear abnormal zone,No clear abnormal zone,Low,,,,No production zone shows strong deviation from baseline.
2398,Crack,0.339441903207217,0.981325566380826,0.7284964923292072,0.981325566380826,Milling,No clear abnormal zone,No clear abnormal zone,Low,,,,No production zone shows strong deviation from baseline.
2399,Crack,1.245401608399367,1.1523499811500668,1.5259052090022278,1.5259052090022278,Assembly,Assembly,Assembly,Medium,0.35979382593351306,0.16391243525204321,0.4762937388144437,Assembly stress = 1.53; Drilling stress = 1.25
2400,Crack,0.8256709067936843,0.5851109499166653,0.8085477778160273,0.8256709067936843,Drilling,No clear abnormal zone,No clear abnormal zone,Low,,,,No production zone shows strong deviation from baseline.
2401,Crack,0.1938300842762523,0.2502858667978405,0.3326083401123541,0.3326083401123541,Assembly,No clear abnormal zone,No clear abnormal zone,Low,,,,No production zone shows strong deviation from baseline.
2402,Crack,0.2193065132585477,0.3360189112981046,0.4506677579421142,0.4506677579421142,Assembly,No clear abnormal zone,No clear abnormal zone,Low,,,,No production zone shows strong deviation from baseline.
2403,Crack,0.458210355306561,0.188884435448087,0.476137214682465,0.476137214682465,Assembly,No clear abnormal zone,No clear abnormal zone,Low,,,,No production zone shows strong deviation from baseline.
2404,Crack,0.9502797789720768,0.6723698318724072,0.8818153345285611,0.9502797789720768,Drilling,No clear abnormal zone,No clear abnormal zone,Low,,,,No production zone shows strong deviation from baseline.
2405,Crack,0.2863673818125504,1.298528597770409,0.5688162817995482,1.298528597770409,Milling,Milling,Milling,Low,0.27011370434446125,0.3716145023479791,0.35827179330755965,Milling stress = 1.30; Assembly stress = 0.57
2406,Crack,1.1254505100827732,1.0343491779913556,1.320586170135979,1.320586170135979,Assembly,Assembly,Assembly,Low,0.3742601159667683,0.1708357451599735,0.4549041388732582,Assembly stress = 1.32; Drilling stress = 1.13
2407,Crack,0.7356286504014072,0.5419107465702746,0.9021391262677187,0.9021391262677187,Assembly,No clear abnormal zone,No clear abnormal zone,Low,,,,No production zone shows strong deviation from baseline.
2408,Crack,0.3548982765687248,0.4000795401738406,0.8116606163102356,0.8116606163102356,Assembly,No clear abnormal zone,No clear abnormal zone,Low,,,,No production zone shows strong deviation from baseline.
2409,Crack,0.2616462264276619,0.3835544938791021,0.6845432037816284,0.6845432037816284,Assembly,No clear abnormal zone,No clear abnormal zone,Low,,,,No production zone shows strong deviation from baseline.
2410,Crack,1.2580071718578307,0.6092822275703746,0.920936126817963,1.2580071718578307,Drilling,Drilling,Drilling,Medium,0.5062742462541442,0.13231777108657877,0.361407982659277,Drilling stress = 1.26; Assembly stress = 0.92
2411,Crack,0.2478524321963395,1.202981588409984,0.3998329909561752,1.202981588409984,Milling,Milling,Milling,Low,0.28871354734557964,0.37518415542443395,0.3361022972299863,Milling stress = 1.20; Assembly stress = 0.40
2412,Crack,0.8560215328272991,1.716373193684774,0.9094030559286956,1.716373193684774,Milling,Milling,Milling,Low,0.3089444408204281,0.3651710733387919,0.32588448584078006,Milling stress = 1.72; Assembly stress = 0.91
2413,Crack,0.2733182984360364,0.2333526662160979,0.6692862763087872,0.6692862763087872,Assembly,No clear abnormal zone,No clear abnormal zone,Low,,,,No production zone shows strong deviation from baseline.
2414,Crack,0.8648979490898476,0.9755538144701096,0.908572869307094,0.9755538144701096,Milling,No clear abnormal zone,No clear abnormal zone,Low,,,,No production zone shows strong deviation from baseline.
2415,Crack,1.1200045103888592,1.0268252735697685,1.310986966345907,1.310986966345907,Assembly,Assembly,Assembly,Low,0.37510034210761717,0.17086386900254577,0.45403578888983714,Assembly stress = 1.31; Drilling stress = 1.12
2416,Crack,0.977931729448296,0.9056590176731112,1.058255907808944,1.058255907808944,Assembly,Assembly,Assembly,Low,0.39234505225443367,0.1824948211972124,0.425160126548354,Assembly stress = 1.06; Drilling stress = 0.98
2417,Crack,0.9053296173367626,1.1771620729116326,0.9156580453539996,1.1771620729116326,Milling,Milling,Assembly,Low,0.37501422683678576,0.2460781672472421,0.37890760591597217,Assembly stress = 0.92; Drilling stress = 0.91
2418,Crack,0.9669332194438812,0.898591960397698,1.0304971757574974,1.0304971757574974,Assembly,Assembly,Assembly,Low,0.39485137672655424,0.18438408363237296,0.4207645396410729,Assembly stress = 1.03; Drilling stress = 0.97
2419,Crack,0.8396531404353023,0.6196556165559421,0.842136172152226,0.842136172152226,Assembly,No clear abnormal zone,No clear abnormal zone,Low,,,,No production zone shows strong deviation from baseline.
2420,Crack,0.9853325843907524,0.9110935500754668,1.0692464225479796,1.0692464225479796,Assembly,Assembly,Assembly,Low,0.3918863760494186,0.1819234011862021,0.42619022276437935,Assembly stress = 1.07; Drilling stress = 0.99
2421,Crack,1.3329858679594582,1.2357581451882873,1.6683956833527671,1.6683956833527671,Assembly,Assembly,Assembly,Medium,0.3506080146798673,0.15906197860142893,0.4903300067187038,Assembly stress = 1.67; Drilling stress = 1.33
2422,Crack,1.224595921514941,1.12937771470027,1.497825340095729,1.497825340095729,Assembly,Assembly,Assembly,Medium,0.3611687308288967,0.1641827046020255,0.4746485645690777,Assembly stress = 1.50; Drilling stress = 1.22
2423,Crack,1.5058782503579535,0.9642077092911058,0.9164052452294076,1.5058782503579535,Drilling,Drilling,Drilling,High,0.5418564405330782,0.1576194171125394,0.30052414235438224,Drilling stress = 1.51; Assembly stress = 0.92
2424,Crack,0.6942851545024629,0.6910859241788407,0.5627028093113613,0.6942851545024629,Drilling,No clear abnormal zone,No clear abnormal zone,Low,,,,No production zone shows strong deviation from baseline.
2425,Crack,0.8467661144103589,0.7980855882393976,0.8274854686039002,0.8467661144103589,Drilling,No clear abnormal zone,No clear abnormal zone,Low,,,,No production zone shows strong deviation from baseline.
2426,Crack,0.4701133630324295,0.3577812670486134,0.4156759660956702,0.4701133630324295,Drilling,No clear abnormal zone,No clear abnormal zone,Low,,,,No production zone shows strong deviation from baseline.
2427,Crack,1.4375697757134644,0.7449047491003695,0.9152256951031298,1.4375697757134644,Drilling,Drilling,Drilling,High,0.5425202575123979,0.13569547471661023,0.3217842677709919,Drilling stress = 1.44; Assembly stress = 0.92
2428,Crack,1.089014021759929,1.0071007356472752,1.2618638958992998,1.2618638958992998,Assembly,Assembly,Assembly,Low,0.3774491405249483,0.17388173180702438,0.4486691276680273,Assembly stress = 1.26; Drilling stress = 1.09
2429,Crack,1.4044351957316406,0.8193373392535106,0.9149328760223566,1.4044351957316406,Drilling,Drilling,Drilling,High,0.5286929498647123,0.14725456021647937,0.32405248991880836,Drilling stress = 1.40; Assembly stress = 0.91
2430,Crack,1.3273294689191424,1.23102512214783,1.665331363519083,1.665331363519083,Assembly,Assembly,Assembly,Medium,0.350111009444082,0.15898323345711066,0.4909057570988073,Assembly stress = 1.67; Drilling stress = 1.33
2431,Crack,0.5997332713089936,0.4384021568285832,0.4334399014191749,0.5997332713089936,Drilling,No clear abnormal zone,No clear abnormal zone,Low,,,,No production zone shows strong deviation from baseline.
2432,Crack,1.0082590977567394,0.5675041586399301,0.9063499646099766,1.0082590977567394,Drilling,Drilling,Drilling,Low,0.44946106739419023,0.14462542401672696,0.4059135085890829,Drilling stress = 1.01; Assembly stress = 0.91
2433,Crack,0.6385808767736876,0.6632355694810335,0.5215780786191423,0.6632355694810335,Milling,No clear abnormal zone,No clear abnormal zone,Low,,,,No production zone shows strong deviation from baseline.
2434,Crack,0.3061273549323907,0.2873222876196614,0.7820601731774396,0.7820601731774396,Assembly,No clear abnormal zone,No clear abnormal zone,Low,,,,No production zone shows strong deviation from baseline.
2435,Crack,1.1603314125449926,0.7106700414538617,0.9182266701324092,1.1603314125449926,Drilling,Drilling,Drilling,Medium,0.47530866388065457,0.1515864152522233,0.37310492086712216,Drilling stress = 1.16; Assembly stress = 0.92
2436,Crack,0.8684443065582215,0.8190918963539997,0.880762178929292,0.880762178929292,Assembly,No clear abnormal zone,No clear abnormal zone,Low,,,,No production zone shows strong deviation from baseline.
2437,Crack,1.4413194389232409,1.3464948622075954,1.6684622038506898,1.6684622038506898,Assembly,Assembly,Assembly,Low,0.3690342935677343,0.16782433694482643,0.46314136948743934,Assembly stress = 1.67; Drilling stress = 1.44
2438,Crack,0.8732796010198534,0.942927003137214,0.8693826578083803,0.942927003137214,Milling,No clear abnormal zone,No clear abnormal zone,Low,,,,No production zone shows strong deviation from baseline.
2439,Crack,0.2905581068355393,1.3819955126729604,0.7091245464499796,1.3819955126729604,Milling,Milling,Assembly,Low,0.24943518596446307,0.3714778841005817,0.3790869299349553,Assembly stress = 0.71; Milling stress = 1.38
2440,Crack,1.2423457264357824,1.1469912290800153,1.5302200625875773,1.5302200625875773,Assembly,Assembly,Assembly,Medium,0.35866526048769615,0.16302243894262552,0.4783123005696784,Assembly stress = 1.53; Drilling stress = 1.24
2441,Crack,0.4098925246521644,0.5482542732953759,0.8166232679436856,0.8166232679436856,Assembly,No clear abnormal zone,No clear abnormal zone,Low,,,,No production zone shows strong deviation from baseline.
2442,Crack,0.99094053106694,0.569231899753306,0.8935254833219584,0.99094053106694,Drilling,No clear abnormal zone,No clear abnormal zone,Low,,,,No production zone shows strong deviation from baseline.
2443,Crack,1.2721990535616223,0.6247446132964207,0.902270771458977,1.2721990535616223,Drilling,Drilling,Drilling,Medium,0.5121712229658056,0.1340291573122366,0.35379961972195767,Drilling stress = 1.27; Assembly stress = 0.90
2444,Crack,0.2900043091051086,0.5064353571697779,0.6545105803500149,0.6545105803500149,Assembly,No clear abnormal zone,No clear abnormal zone,Low,,,,No production zone shows strong deviation from baseline.
2445,Crack,1.4522822564273306,1.3559435870696983,1.6684622038506898,1.6684622038506898,Assembly,Assembly,Assembly,Low,0.3710019074205677,0.16846387817657746,0.46053421440285486,Assembly stress = 1.67; Drilling stress = 1.45
2446,Crack,1.106391238629055,1.0154733797906648,1.2695192736861052,1.2695192736861052,Assembly,Assembly,Assembly,Low,0.3796891001414424,0.1733456747625755,0.44696522509598213,Assembly stress = 1.27; Drilling stress = 1.11
2447,Crack,1.5244039217219942,1.084245162349706,0.916483555501776,1.5244039217219942,Drilling,Drilling,Drilling,High,0.5357767304354891,0.17250247542589522,0.2917207941386158,Drilling stress = 1.52; Assembly stress = 0.92
2448,Crack,0.9168855388248822,0.855429648269828,0.959754448634663,0.959754448634663,Assembly,No clear abnormal zone,No clear abnormal zone,Low,,,,No production zone shows strong deviation from baseline.
2449,Crack,1.317240820167478,0.8164166265181826,0.9159456992450998,1.317240820167478,Drilling,Drilling,Drilling,Medium,0.5069790878302995,0.1536225134093161,0.33939839876038425,Drilling stress = 1.32; Assembly stress = 0.92
2450,Crack,0.4610688388842144,0.5212925116190374,0.4523335691581288,0.5212925116190374,Milling,No clear abnormal zone,No clear abnormal zone,Low,,,,No production zone shows strong deviation from baseline.
2451,Crack,1.3539858573430237,0.7490790145349755,0.9183397263336096,1.3539858573430237,Drilling,Drilling,Drilling,Medium,0.5208579562766765,0.14222685375445257,0.336915189968871,Drilling stress = 1.35; Assembly stress = 0.92
2452,Crack,1.2964754035743384,0.7989329320741592,0.917284805299336,1.2964754035743384,Drilling,Drilling,Drilling,Medium,0.5029101697955293,0.15289048995857885,0.3441993402458919,Drilling stress = 1.30; Assembly stress = 0.92
2453,Crack,0.8335344546242793,0.7859802214419599,0.801594899167802,0.8335344546242793,Drilling,No clear abnormal zone,No clear abnormal zone,Low,,,,No production zone shows strong deviation from baseline.
2454,Crack,1.112478729329533,1.017779267045051,1.292756197840494,1.292756197840494,Assembly,Assembly,Assembly,Low,0.3770209163474432,0.17147783634117036,0.45150124731138647,Assembly stress = 1.29; Drilling stress = 1.11
2455,Crack,1.4390235015299069,1.3427708001629537,1.6684622038506898,1.6684622038506898,Assembly,Assembly,Assembly,Low,0.36873006832760546,0.16744668000730903,0.46382325166508553,Assembly stress = 1.67; Drilling stress = 1.44
2456,Crack,1.2418256494529398,1.1480759704081347,1.52416541295845,1.52416541295845,Assembly,Assembly,Assembly,Medium,0.35952023935328253,0.16367350406034975,0.4768062565863677,Assembly stress = 1.52; Drilling stress = 1.24
2457,Crack,1.1505700474378977,1.0613118202250331,1.361641723073503,1.361641723073503,Assembly,Assembly,Assembly,Low,0.3714288663746122,0.16985616000390785,0.45871497362148,Assembly stress = 1.36; Drilling stress = 1.15
2458,Crack,1.4110673204517985,1.0069505581721332,0.9051637407853133,1.4110673204517985,Drilling,Drilling,Drilling,High,0.5163306100095625,0.17234242393288585,0.3113269660575517,Drilling stress = 1.41; Assembly stress = 0.91
2459,Crack,1.2158173443180955,1.1201411747686176,1.4845185989964562,1.4845185989964562,Assembly,Assembly,Assembly,Medium,0.3619721642512932,0.1644725956322737,0.4735552401164331,Assembly stress = 1.48; Drilling stress = 1.22
2460,Crack,1.0921615966007687,1.3748127781589794,0.9059039166284196,1.3748127781589794,Milling,Milling,Drilling,Low,0.4010618771641353,0.26603283035239106,0.33290529248347356,Drilling stress = 1.09; Assembly stress = 0.91
2461,Crack,0.436469923702087,0.6279831165708318,0.7914597994754784,0.7914597994754784,Assembly,No clear abnormal zone,No clear abnormal zone,Low,,,,No production zone shows strong deviation from baseline.
2462,Crack,1.4377661639030708,1.3410473388911308,1.6684622038506898,1.6684622038506898,Assembly,Assembly,Assembly,Low,0.36854376335956723,0.16728408246779022,0.4641721541726427,Assembly stress = 1.67; Drilling stress = 1.44
2463,Crack,1.4538025119039533,0.8254213483885446,0.9170103531907612,1.4538025119039533,Drilling,Drilling,Drilling,High,0.5401469757486711,0.14407196558756313,0.31578105866376566,Drilling stress = 1.45; Assembly stress = 0.92
2464,Crack,0.3094005893097115,0.5454477581328826,0.6166686710829676,0.6166686710829676,Assembly,No clear abnormal zone,No clear abnormal zone,Low,,,,No production zone shows strong deviation from baseline.
2465,Crack,1.0768734526568855,1.4659202052859963,0.8613817498846242,1.4659202052859963,Milling,Milling,Drilling,Low,0.3930923103229434,0.2900183052890696,0.316889384387987,Drilling stress = 1.08; Assembly stress = 0.86
2466,Crack,1.444496808879717,1.3495823694608855,1.6684622038506898,1.6684622038506898,Assembly,Assembly,Assembly,Low,0.3695828715422682,0.16805870879746027,0.4623584196602715,Assembly stress = 1.67; Drilling stress = 1.44
2467,Crack,1.3408620512121008,1.247354701183114,1.6681326528523588,1.6681326528523588,Assembly,Assembly,Assembly,Medium,0.3517977352700143,0.16019660852337647,0.48800565620660935,Assembly stress = 1.67; Drilling stress = 1.34
2468,Crack,0.3377252480378523,0.5140427009887559,0.8011522215982831,0.8011522215982831,Assembly,No clear abnormal zone,No clear abnormal zone,Low,,,,No production zone shows strong deviation from baseline.
2469,Crack,0.3416514080880503,0.6844611751401926,0.7967880956399855,0.7967880956399855,Assembly,No clear abnormal zone,No clear abnormal zone,Low,,,,No production zone shows strong deviation from baseline.
2470,Crack,0.3761446748706639,0.3312027558456275,0.797513124278229,0.797513124278229,Assembly,No clear abnormal zone,No clear abnormal zone,Low,,,,No production zone shows strong deviation from baseline.
2471,Crack,1.2111678518677154,0.882348706932294,0.918491312956635,1.2111678518677154,Drilling,Drilling,Drilling,Medium,0.47479997277057745,0.17087414303784307,0.35432588419157945,Drilling stress = 1.21; Assembly stress = 0.92
2472,Crack,0.3269364411709244,0.3574687474335801,0.846905363511,0.846905363511,Assembly,No clear abnormal zone,No clear abnormal zone,Low,,,,No production zone shows strong deviation from baseline.
2473,Crack,1.204977119903791,1.109168182651033,1.459370132788995,1.459370132788995,Assembly,Assembly,Assembly,Medium,0.3644318364223368,0.1655682357499037,0.4699999278277596,Assembly stress = 1.46; Drilling stress = 1.20
2474,Crack,1.5387788631032653,0.6679006718838256,0.9174885833455592,1.5387788631032653,Drilling,Drilling,Drilling,High,0.5725597263246902,0.11983211046107395,0.30760816321423595,Drilling stress = 1.54; Assembly stress = 0.92
2475,Crack,0.8638513028590901,0.8219542277627303,0.8802982539491584,0.8802982539491584,Assembly,No clear abnormal zone,No clear abnormal zone,Low,,,,No production zone shows strong deviation from baseline.
2476,Crack,0.9930916384632702,0.916928635662856,1.078589806708307,1.078589806708307,Assembly,Assembly,Assembly,Low,0.39175863031067815,0.1815145340268151,0.4267268356625068,Assembly stress = 1.08; Drilling stress = 0.99
2477,Crack,0.2223653005042256,0.8932892410222142,0.4093549074627552,0.8932892410222142,Milling,No clear abnormal zone,No clear abnormal zone,Low,,,,No production zone shows strong deviation from baseline.
2478,Crack,0.6693541312013966,0.6968201926773777,0.8826082694175871,0.8826082694175871,Assembly,No clear abnormal zone,No clear abnormal zone,Low,,,,No production zone shows strong deviation from baseline.
2479,Crack,1.4763356282327895,0.8783222797807659,0.9106079962204952,1.4763356282327895,Drilling,Drilling,Drilling,High,0.5426235553971677,0.14919516519051523,0.3081812794123171,Drilling stress = 1.48; Assembly stress = 0.91
2480,Crack,0.2351044015108672,0.3879745133322342,0.7494058229345965,0.7494058229345965,Assembly,No clear abnormal zone,No clear abnormal zone,Low,,,,No production zone shows strong deviation from baseline.
2481,Crack,1.4453646044874724,0.9728358414119768,0.91854311213701,1.4453646044874724,Drilling,Drilling,Drilling,High,0.5257096399838326,0.16386994606838745,0.31042041394778,Drilling stress = 1.45; Assembly stress = 0.92
2482,Crack,0.8495488629572256,0.811676249549989,0.8458525248410069,0.8495488629572256,Drilling,No clear abnormal zone,No clear abnormal zone,Low,,,,No production zone shows strong deviation from baseline.
2483,Crack,0.2513330202684955,0.4434336330578035,0.3765940697990215,0.4434336330578035,Milling,No clear abnormal zone,No clear abnormal zone,Low,,,,No production zone shows strong deviation from baseline.
2484,Crack,1.3847292486600713,0.7971769935170635,0.918366996570257,1.3847292486600713,Drilling,Drilling,Drilling,Medium,0.5249005171656992,0.14583988149769783,0.32925960133660287,Drilling stress = 1.38; Assembly stress = 0.92
2485,Crack,1.1012875067275203,0.5616661970553954,0.8805603657476881,1.1012875067275203,Drilling,Drilling,Drilling,Low,0.4776872401405368,0.13923842044714033,0.38307433941232294,Drilling stress = 1.10; Assembly stress = 0.88
2486,Crack,1.4927824436991417,1.1807417819235997,0.9109152840519134,1.4927824436991417,Drilling,Drilling,Drilling,High,0.5195264523965754,0.1901341519407463,0.29033939566267836,Drilling stress = 1.49; Assembly stress = 0.91
2487,Crack,1.2367905390904372,1.14613815905351,1.5145011570040614,1.5145011570040614,Assembly,Assembly,Assembly,Medium,0.36013043465355654,0.16445989214242174,0.4754096732040217,Assembly stress = 1.51; Drilling stress = 1.24
2488,Crack,0.2328386172918509,0.2439066326207936,0.6565695338713371,0.6565695338713371,Assembly,No clear abnormal zone,No clear abnormal zone,Low,,,,No production zone shows strong deviation from baseline.
2489,Crack,0.8184770634495069,0.8083743922138966,0.8139875706795836,0.8184770634495069,Drilling,No clear abnormal zone,No clear abnormal zone,Low,,,,No production zone shows strong deviation from baseline.
2490,Crack,0.3224910957051125,0.4023656452271344,0.7545876615179692,0.7545876615179692,Assembly,No clear abnormal zone,No clear abnormal zone,Low,,,,No production zone shows strong deviation from baseline.
2491,Crack,1.3282967763459737,1.233183779042311,1.6639546105790637,1.6639546105790637,Assembly,Assembly,Assembly,Medium,0.3504473855447033,0.15932567929538408,0.4902269351599126,Assembly stress = 1.66; Drilling stress = 1.33
2492,Crack,0.6981646257637197,0.5329017393027742,0.8573063751162872,0.8573063751162872,Assembly,No clear abnormal zone,No clear abnormal zone,Low,,,,No production zone shows strong deviation from baseline.
2493,Crack,1.007932486833352,0.9313831927617104,1.112553745073791,1.112553745073791,Assembly,Assembly,Assembly,Low,0.38858437898017495,0.17997426407476785,0.43144135694505725,Assembly stress = 1.11; Drilling stress = 1.01
2494,Crack,0.6645677091599457,1.3012309204319803,0.8548624795307703,1.3012309204319803,Milling,Milling,Assembly,Low,0.3169885845227014,0.29958008964363353,0.383431325833665,Assembly stress = 0.85; Drilling stress = 0.66
2495,Crack,1.1810568442771414,0.6998702615244002,0.9110079615581644,1.1810568442771414,Drilling,Drilling,Drilling,Medium,0.4825400194878243,0.14911683049304336,0.36834315001913226,Drilling stress = 1.18; Assembly stress = 0.91
2496,Crack,1.4015436490436437,0.8026521012781894,0.9125817665236068,1.4015436490436437,Drilling,Drilling,Drilling,High,0.5296686323369811,0.14550535072567625,0.32482601693734264,Drilling stress = 1.40; Assembly stress = 0.91
2497,Crack,1.41136992368499,0.7450363099170754,0.9063446010342598,1.41136992368499,Drilling,Drilling,Drilling,High,0.5375522253795809,0.13804022448372708,0.324407550136692,Drilling stress = 1.41; Assembly stress = 0.91
2498,Crack,0.7339800642249054,0.6538079807626891,0.861414957672296,0.861414957672296,Assembly,No clear abnormal zone,No clear abnormal zone,Low,,,,No production zone shows strong deviation from baseline.
2499,Crack,0.9211271588938093,0.859521786214231,0.9521686387728588,0.9521686387728588,Assembly,No clear abnormal zone,No clear abnormal zone,Low,,,,No production zone shows strong deviation from baseline.
2500,Crack,0.3094946499950115,0.2888034043890721,0.6378156035981153,0.6378156035981153,Assembly,No clear abnormal zone,No clear abnormal zone,Low,,,,No production zone shows strong deviation from baseline.
2501,Crack,1.0042842913745005,0.9224735908351398,1.0909843040234912,1.0909843040234912,Assembly,Assembly,Assembly,Low,0.39195816925963833,0.18058421641985017,0.4274576143205114,Assembly stress = 1.09; Drilling stress = 1.00
2502,Crack,0.9251961836895736,0.8526452623457528,0.9799122536481472,0.9799122536481472,Assembly,No clear abnormal zone,No clear abnormal zone,Low,,,,No production zone shows strong deviation from baseline.
2503,Crack,1.419024973210666,0.836820795203725,0.9212431446963316,1.419024973210666,Drilling,Drilling,Drilling,High,0.5298826395250934,0.1480136040210031,0.32210375645390343,Drilling stress = 1.42; Assembly stress = 0.92
2504,Crack,1.4541933542495071,0.8526468545037933,0.9195832791374862,1.4541933542495071,Drilling,Drilling,Drilling,High,0.5376692474883975,0.14731157613019433,0.31501917638140814,Drilling stress = 1.45; Assembly stress = 0.92
2505,Crack,1.1238485242261709,1.0343664992101678,1.3249963507406566,1.3249963507406566,Assembly,Assembly,Assembly,Low,0.3731332323162946,0.1705973909367725,0.4562693767469329,Assembly stress = 1.32; Drilling stress = 1.12
2506,Crack,0.8152596332341746,0.5787534491213338,0.7456609517981734,0.8152596332341746,Drilling,No clear abnormal zone,No clear abnormal zone,Low,,,,No production zone shows strong deviation from baseline.
2507,Crack,0.4918489426398711,0.5729227345937644,0.3053336776884113,0.5729227345937644,Milling,No clear abnormal zone,No clear abnormal zone,Low,,,,No production zone shows strong deviation from baseline.
2508,Crack,0.4171292389352577,0.1629648294551283,0.422474985161823,0.422474985161823,Assembly,No clear abnormal zone,No clear abnormal zone,Low,,,,No production zone shows strong deviation from baseline.
2509,Crack,0.6705369905683884,0.6739877160587611,0.5729606409559799,0.6739877160587611,Milling,No clear abnormal zone,No clear abnormal zone,Low,,,,No production zone shows strong deviation from baseline.
2510,Crack,0.6100528060397568,0.4822216808739219,0.8737275354566316,0.8737275354566316,Assembly,No clear abnormal zone,No clear abnormal zone,Low,,,,No production zone shows strong deviation from baseline.
2511,Crack,0.2915724779627276,0.4975910645249208,0.7601094507960922,0.7601094507960922,Assembly,No clear abnormal zone,No clear abnormal zone,Low,,,,No production zone shows strong deviation from baseline.
2512,Crack,0.5034825029314771,0.5608195329486784,0.3742106010377616,0.5608195329486784,Milling,No clear abnormal zone,No clear abnormal zone,Low,,,,No production zone shows strong deviation from baseline.
2513,Crack,0.257142076510417,0.5124795595853997,0.5648814438133921,0.5648814438133921,Assembly,No clear abnormal zone,No clear abnormal zone,Low,,,,No production zone shows strong deviation from baseline.
2514,Crack,1.241617104507183,0.6614961512279821,0.9152595183820058,1.241617104507183,Drilling,Drilling,Drilling,Medium,0.4996346544967227,0.1398553964742123,0.3605099490290651,Drilling stress = 1.24; Assembly stress = 0.92
2515,Crack,0.283403343415428,2.1644209904395217,0.6721752472472344,2.1644209904395217,Milling,Milling,Milling,High,0.17375419471847076,0.5699291716714967,0.25631663361003254,Milling stress = 2.16; Assembly stress = 0.67
2516,Crack,1.196478129197416,0.6794251983861506,0.914060009986544,1.196478129197416,Drilling,Drilling,Drilling,Medium,0.48730663984397826,0.14528443827231619,0.36740892188370566,Drilling stress = 1.20; Assembly stress = 0.91
2517,Crack,0.3285265229195495,0.3318428031806329,0.7984516747240122,0.7984516747240122,Assembly,No clear abnormal zone,No clear abnormal zone,Low,,,,No production zone shows strong deviation from baseline.
2518,Crack,0.9802682838697568,0.9079345927945756,1.0682019357419033,1.0682019357419033,Assembly,Assembly,Assembly,Low,0.39107934071022743,0.18189499775669402,0.42702566153307864,Assembly stress = 1.07; Drilling stress = 0.98
2519,Crack,0.6314143340898268,0.65605592428334,0.4761329402418308,0.65605592428334,Milling,No clear abnormal zone,No clear abnormal zone,Low,,,,No production zone shows strong deviation from baseline.
2520,Crack,1.401432367023021,0.8602952285753818,0.9042143146623908,1.401432367023021,Drilling,Drilling,Drilling,High,0.5265199330989442,0.1532399312955449,0.32024013560551085,Drilling stress = 1.40; Assembly stress = 0.90
2521,Crack,1.1135589795378489,1.0229777978410888,1.2955224438437494,1.2955224438437494,Assembly,Assembly,Assembly,Low,0.3764676890690517,0.17193282738856114,0.45159948354238716,Assembly stress = 1.30; Drilling stress = 1.11
2522,Crack,1.2431221018712888,1.1459194786660047,1.5223435808027277,1.5223435808027277,Assembly,Assembly,Assembly,Medium,0.3602582942916565,0.16344416843514534,0.4762975372731982,Assembly stress = 1.52; Drilling stress = 1.24
2523,Crack,1.522052506911018,0.7635918912621369,0.9209589954810716,1.522052506911018,Drilling,Drilling,Drilling,High,0.5610396299808266,0.13139180647279328,0.3075685635463802,Drilling stress = 1.52; Assembly stress = 0.92
2524,Crack,1.221344034818321,0.9575888666599532,0.8993761663945297,1.221344034818321,Drilling,Drilling,Drilling,Medium,0.47420282795671764,0.18213219845384213,0.3436649735894402,Drilling stress = 1.22; Assembly stress = 0.90
2525,Crack,0.2365673262669602,0.1062335557484999,0.6106059551664567,0.6106059551664567,Assembly,No clear abnormal zone,No clear abnormal zone,Low,,,,No production zone shows strong deviation from baseline.
2526,Crack,0.4477699739871278,0.3923013689276071,0.3843268052968874,0.4477699739871278,Drilling,No clear abnormal zone,No clear abnormal zone,Low,,,,No production zone shows strong deviation from baseline.
2527,Crack,1.059071971293223,0.7839023065798342,0.8897006066839617,1.059071971293223,Drilling,Drilling,Drilling,Low,0.44965707476258754,0.17074451772293667,0.3795984075144758,Drilling stress = 1.06; Assembly stress = 0.89
2528,Crack,1.3242606577526117,1.2280783497973893,1.656757671392921,1.656757671392921,Assembly,Assembly,Assembly,Medium,0.35105026195197286,0.15942919754685214,0.48952054050117516,Assembly stress = 1.66; Drilling stress = 1.32
2529,Crack,0.8771082931291232,0.7790692618652595,0.8958189692188534,0.8958189692188534,Assembly,No clear abnormal zone,No clear abnormal zone,Low,,,,No production zone shows strong deviation from baseline.
2530,Crack,1.2269401329867746,1.1316576201264374,1.4942890705900391,1.4942890705900391,Assembly,Assembly,Assembly,Medium,0.36218049247691003,0.16463205138314882,0.4731874561399411,Assembly stress = 1.49; Drilling stress = 1.23
2531,Crack,0.5481049804207442,0.3655603018374094,0.391769150015995,0.5481049804207442,Drilling,No clear abnormal zone,No clear abnormal zone,Low,,,,No production zone shows strong deviation from baseline.
2532,Crack,0.2369872019911681,0.396653161627459,0.4528105227252008,0.4528105227252008,Assembly,No clear abnormal zone,No clear abnormal zone,Low,,,,No production zone shows strong deviation from baseline.
2533,Crack,0.2278931757150473,0.046391302569604,0.4428662351764507,0.4428662351764507,Assembly,No clear abnormal zone,No clear abnormal zone,Low,,,,No production zone shows strong deviation from baseline.
2534,Crack,0.8646896901040545,0.8156168268297843,0.8488292875709637,0.8646896901040545,Drilling,No clear abnormal zone,No clear abnormal zone,Low,,,,No production zone shows strong deviation from baseline.
2535,Crack,1.4111620749700515,0.8437171507916652,0.9097850444197092,1.4111620749700515,Drilling,Drilling,Drilling,High,0.5293295841337612,0.15005759176449449,0.32061282410174435,Drilling stress = 1.41; Assembly stress = 0.91
2536,Crack,1.4387228118839812,1.07447466552181,0.9182145001740368,1.4387228118839812,Drilling,Drilling,Drilling,High,0.5150450282943492,0.1789057272148879,0.3060492444907628,Drilling stress = 1.44; Assembly stress = 0.92
2537,Crack,0.5662209503525775,0.6714664805007555,0.3862362173744846,0.6714664805007555,Milling,No clear abnormal zone,No clear abnormal zone,Low,,,,No production zone shows strong deviation from baseline.
2538,Crack,1.324568511037533,1.2282753786613791,1.6560674547201883,1.6560674547201883,Assembly,Assembly,Assembly,Medium,0.3512279831988369,0.15949223289607536,0.48927978390508786,Assembly stress = 1.66; Drilling stress = 1.32
2539,Crack,0.2242363243300018,0.1712603146185021,0.4449986882669935,0.4449986882669935,Assembly,No clear abnormal zone,No clear abnormal zone,Low,,,,No production zone shows strong deviation from baseline.
2540,Crack,1.3138681789658495,1.21988974360388,1.6424800101907566,1.6424800101907566,Assembly,Assembly,Assembly,Medium,0.3515939801398736,0.16002842063223124,0.48837759922789536,Assembly stress = 1.64; Drilling stress = 1.31
2541,Crack,0.8794766414526707,0.8277633315219013,0.9020556705600452,0.9020556705600452,Assembly,No clear abnormal zone,No clear abnormal zone,Low,,,,No production zone shows strong deviation from baseline.
2542,Crack,1.3309021873046756,1.2366198758241986,1.6684622038506898,1.6684622038506898,Assembly,Assembly,Assembly,Medium,0.35007427881828745,0.15928831548769096,0.49063740569402153,Assembly stress = 1.67; Drilling stress = 1.33
2543,Crack,0.388816763465642,0.4313236358387762,0.4673922239279882,0.4673922239279882,Assembly,No clear abnormal zone,No clear abnormal zone,Low,,,,No production zone shows strong deviation from baseline.
2544,Crack,1.4396424486606434,1.342894213846991,1.6684622038506898,1.6684622038506898,Assembly,Assembly,Assembly,Low,0.36886652980688617,0.1674256639416184,0.46370780625149544,Assembly stress = 1.67; Drilling stress = 1.44
2545,Crack,1.3331203512365553,1.2354528587067208,1.6680756569269133,1.6680756569269133,Assembly,Assembly,Assembly,Medium,0.35071068326017796,0.15903860098841144,0.4902507157514107,Assembly stress = 1.67; Drilling stress = 1.33
2546,Crack,0.2422937595018377,0.4657096655220754,0.7257011579337505,0.7257011579337505,Assembly,No clear abnormal zone,No clear abnormal zone,Low,,,,No production zone shows strong deviation from baseline.
2547,Crack,1.3246819306688196,1.229600451900519,1.65482075120666,1.65482075120666,Assembly,Assembly,Assembly,Medium,0.3513937222412042,0.15976095251814149,0.48884532524065416,Assembly stress = 1.65; Drilling stress = 1.32
2548,Crack,0.6591266187503311,0.6403542394300011,0.4979178386364474,0.6591266187503311,Drilling,No clear abnormal zone,No clear abnormal zone,Low,,,,No production zone shows strong deviation from baseline.
2549,Crack,0.4230449507503829,0.4076931802722389,0.4027929360378742,0.4230449507503829,Drilling,No clear abnormal zone,No clear abnormal zone,Low,,,,No production zone shows strong deviation from baseline.
2550,Crack,0.294499407994706,0.8719379777805931,0.5601372973519061,0.8719379777805931,Milling,No clear abnormal zone,No clear abnormal zone,Low,,,,No production zone shows strong deviation from baseline.
2551,Crack,1.2508207175975312,1.152367302368879,1.5387572808715224,1.5387572808715224,Assembly,Assembly,Assembly,Medium,0.3588355804530453,0.1625952029655735,0.4785692165813812,Assembly stress = 1.54; Drilling stress = 1.25
2552,Crack,1.3568715863835656,0.8745657638120954,0.9096507227776496,1.3568715863835656,Drilling,Drilling,Drilling,Medium,0.5133254704793909,0.15845285214246027,0.3282216773781487,Drilling stress = 1.36; Assembly stress = 0.91
2553,Crack,1.101883471449556,1.0090775197442277,1.276966381925971,1.276966381925971,Assembly,Assembly,Assembly,Low,0.3777818694245028,0.1721495940689091,0.45006853650658807,Assembly stress = 1.28; Drilling stress = 1.10
2554,Crack,1.531511060130449,0.8227911969410022,0.9189092158074308,1.531511060130449,Drilling,Drilling,Drilling,High,0.5592603513966165,0.13765465736841628,0.3030849912349672,Drilling stress = 1.53; Assembly stress = 0.92
2555,Crack,0.4434039737260515,0.2762264035973747,0.4571184437005904,0.4571184437005904,Assembly,No clear abnormal zone,No clear abnormal zone,Low,,,,No production zone shows strong deviation from baseline.
2556,Crack,0.3477044371284736,0.9868067113398796,0.8179797383414431,0.9868067113398796,Milling,No clear abnormal zone,No clear abnormal zone,Low,,,,No production zone shows strong deviation from baseline.
2557,Crack,0.5883621157786451,0.3230599338448929,0.2916597845785487,0.5883621157786451,Drilling,No clear abnormal zone,No clear abnormal zone,Low,,,,No production zone shows strong deviation from baseline.
2558,Crack,1.1172632488489211,1.024846324320464,1.2997083023477602,1.2997083023477602,Assembly,Assembly,Assembly,Low,0.3765045101263373,0.1716342777969257,0.45186121207673696,Assembly stress = 1.30; Drilling stress = 1.12
2559,Crack,1.291132025188455,0.6384110692318044,0.8932824608767336,1.291132025188455,Drilling,Drilling,Drilling,Medium,0.5175777961740465,0.13473255077666216,0.34768965304929134,Drilling stress = 1.29; Assembly stress = 0.89
2560,Crack,0.6677149312395678,0.6833411742173965,0.5597126311873519,0.6833411742173965,Milling,No clear abnormal zone,No clear abnormal zone,Low,,,,No production zone shows strong deviation from baseline.
2561,Crack,0.961142775077485,0.8903687117665643,1.0171127337421342,1.0171127337421342,Assembly,Assembly,Assembly,Low,0.39629038966687613,0.18460640274348084,0.41910320758964303,Assembly stress = 1.02; Drilling stress = 0.96
2562,Crack,0.2920865809013807,0.6554483498161745,0.8100837473959175,0.8100837473959175,Assembly,No clear abnormal zone,No clear abnormal zone,Low,,,,No production zone shows strong deviation from baseline.
2563,Crack,1.399659721880956,0.7652150113633711,0.9147760347011848,1.399659721880956,Drilling,Drilling,Drilling,High,0.5316649734033166,0.14095231626261095,0.32738271033407246,Drilling stress = 1.40; Assembly stress = 0.91
2564,Crack,1.3439073901550778,0.6365367566090439,0.9084195858255416,1.3439073901550778,Drilling,Drilling,Drilling,Medium,0.5281453095159334,0.13017160769740208,0.3416830827866645,Drilling stress = 1.34; Assembly stress = 0.91
2565,Crack,1.2851660808840737,0.8119629081310731,0.9190548338918824,1.2851660808840737,Drilling,Drilling,Drilling,Medium,0.4987711784717781,0.15536809020167708,0.3458607313265448,Drilling stress = 1.29; Assembly stress = 0.92
2566,Crack,1.3483966274858823,0.8222819464515996,0.9173723086007846,1.3483966274858823,Drilling,Drilling,Drilling,Medium,0.5140618336898469,0.1518786270519333,0.33405953925821974,Drilling stress = 1.35; Assembly stress = 0.92
2567,Crack,0.9247699230180468,0.8596949984023539,0.9752861533940862,0.9752861533940862,Assembly,No clear abnormal zone,No clear abnormal zone,Low,,,,No production zone shows strong deviation from baseline.
2568,Crack,1.2446011898585718,1.148545808468418,1.5311849295400886,1.5311849295400886,Assembly,Assembly,Assembly,Medium,0.35892768320678164,0.163027413347335,0.47804490344588335,Assembly stress = 1.53; Drilling stress = 1.24
2569,Crack,1.385772094671207,1.3417327177769405,0.9167756838842264,1.385772094671207,Drilling,Drilling,Drilling,Medium,0.4752653005764432,0.22739455085064203,0.2973401485729149,Drilling stress = 1.39; Assembly stress = 0.92
2570,Crack,0.3438722045070294,0.3490802999741108,0.4926022733490164,0.4926022733490164,Assembly,No clear abnormal zone,No clear abnormal zone,Low,,,,No production zone shows strong deviation from baseline.
2571,Crack,0.3748796710957008,0.4218489291484547,0.3520544826380511,0.4218489291484547,Milling,No clear abnormal zone,No clear abnormal zone,Low,,,,No production zone shows strong deviation from baseline.
2572,Crack,0.646418981964298,0.5473162049699559,0.8874148494979237,0.8874148494979237,Assembly,No clear abnormal zone,No clear abnormal zone,Low,,,,No production zone shows strong deviation from baseline.
2573,Crack,0.8962259944375675,0.8478689362582644,0.9246413470350194,0.9246413470350194,Assembly,No clear abnormal zone,No clear abnormal zone,Low,,,,No production zone shows strong deviation from baseline.
2574,Crack,1.2254775865685343,1.1315038943094784,1.4951002003362823,1.4951002003362823,Assembly,Assembly,Assembly,Medium,0.36171290116227744,0.1646348405178233,0.47365225831989927,Assembly stress = 1.50; Drilling stress = 1.23
2575,Crack,1.4114970426260145,0.8678103419321446,0.915444260620872,1.4114970426260145,Drilling,Drilling,Drilling,High,0.5265287857723168,0.15285230412723552,0.3206189101004477,Drilling stress = 1.41; Assembly stress = 0.92
2576,Crack,1.0271298202434505,0.8516013759935525,1.130399860178215,1.130399860178215,Assembly,Assembly,Assembly,Low,0.3955230661391353,0.16592460229974848,0.43855233156111617,Assembly stress = 1.13; Drilling stress = 1.03
2577,Crack,1.386966808886297,1.386811031503191,0.920841834225778,1.386966808886297,Drilling,Drilling,Drilling,Medium,0.4700681775641222,0.23499747863836015,0.29493434379751765,Drilling stress = 1.39; Assembly stress = 0.92
2578,Crack,0.709150932990894,1.7919588643385964,0.8681255455574133,1.7919588643385964,Milling,Milling,Milling,Low,0.2740636069718888,0.40464938352689694,0.32128700950121425,Milling stress = 1.79; Assembly stress = 0.87
2579,Crack,1.2320369255083687,1.1403442113607998,1.5058391912987263,1.5058391912987263,Assembly,Assembly,Assembly,Medium,0.36086133995839315,0.16462232156290457,0.47451633847870234,Assembly stress = 1.51; Drilling stress = 1.23
2580,Crack,1.2934751968313465,0.5929146254947006,0.9126009015488644,1.2934751968313465,Drilling,Drilling,Drilling,Medium,0.5177545064686101,0.12848259559072456,0.3537628979406654,Drilling stress = 1.29; Assembly stress = 0.91
2581,Crack,1.4757556643689205,2.005805462440001,0.9069867503375296,2.005805462440001,Milling,Milling,Drilling,Low,0.41395345445784043,0.35165696042363187,0.23438958511852773,Drilling stress = 1.48; Milling stress = 2.01
2582,Crack,1.3606995495309793,0.6233666517992571,0.912807913763571,1.3606995495309793,Drilling,Drilling,Drilling,Medium,0.5324337375506171,0.1273549888555372,0.34021127359384573,Drilling stress = 1.36; Assembly stress = 0.91
2583,Crack,0.3085151551520475,0.0787909475833789,0.3873731527795686,0.3873731527795686,Assembly,No clear abnormal zone,No clear abnormal zone,Low,,,,No production zone shows strong deviation from baseline.
2584,Crack,0.3530303221038648,0.3128781050651456,0.334794421201195,0.3530303221038648,Drilling,No clear abnormal zone,No clear abnormal zone,Low,,,,No production zone shows strong deviation from baseline.
2585,Crack,0.7548957654534669,1.3648578123716262,0.8709351666248808,1.3648578123716262,Milling,Milling,Assembly,Low,0.3285992158883247,0.30237068115096577,0.3690301029607095,Assembly stress = 0.87; Drilling stress = 0.75
2586,Crack,0.3052735895803264,1.0342149412555754,0.7716497680134649,1.0342149412555754,Milling,Milling,Assembly,Medium,0.2754328429759186,0.2854703029050764,0.43909685411900506,Assembly stress = 0.77; Milling stress = 1.03
2587,Crack,0.6155568191762254,0.4416246267094929,0.379897843721382,0.6155568191762254,Drilling,No clear abnormal zone,No clear abnormal zone,Low,,,,No production zone shows strong deviation from baseline.
2588,Crack,1.0144301812796883,1.227877036437921,0.8801250278384066,1.227877036437921,Milling,Milling,Drilling,Low,0.4010761556031251,0.24825364810285863,0.35067019629401625,Drilling stress = 1.01; Assembly stress = 0.88
2589,Crack,0.2770650479807908,0.4161696675666611,0.7242384239388869,0.7242384239388869,Assembly,No clear abnormal zone,No clear abnormal zone,Low,,,,No production zone shows strong deviation from baseline.
2590,Crack,0.8600289211014627,0.821493050311853,0.8876539283244671,0.8876539283244671,Assembly,No clear abnormal zone,No clear abnormal zone,Low,,,,No production zone shows strong deviation from baseline.
2591,Crack,1.4842696453208482,0.6863882513827428,0.9148268480374856,1.4842696453208482,Drilling,Drilling,Drilling,High,0.5583530280040025,0.12570813794461994,0.31593883405137746,Drilling stress = 1.48; Assembly stress = 0.91
2592,Crack,1.428097227902287,1.2318325402839965,0.9014622809775336,1.428097227902287,Drilling,Drilling,Drilling,High,0.49962869183286795,0.20529610221298908,0.295075205954143,Drilling stress = 1.43; Assembly stress = 0.90
2593,Crack,0.8203054305995231,0.7819703592869152,0.8048299981691154,0.8203054305995231,Drilling,No clear abnormal zone,No clear abnormal zone,Low,,,,No production zone shows strong deviation from baseline.
2594,Crack,1.2427443484663627,1.1481907234827662,1.5207070772096474,1.5207070772096474,Assembly,Assembly,Assembly,Medium,0.36031797201337945,0.16390485248029368,0.4757771755063268,Assembly stress = 1.52; Drilling stress = 1.24
2595,Crack,1.4115727775442115,0.8174277526663498,0.9201677024850984,1.4115727775442115,Drilling,Drilling,Drilling,High,0.5297217939778818,0.14621231040513133,0.32406589561698684,Drilling stress = 1.41; Assembly stress = 0.92
2596,Crack,0.3482135863083355,0.6984665353994948,0.4256321657934542,0.6984665353994948,Milling,No clear abnormal zone,No clear abnormal zone,Low,,,,No production zone shows strong deviation from baseline.
2597,Crack,0.2438030372268112,0.7544544075298307,0.4788876349956557,0.7544544075298307,Milling,No clear abnormal zone,No clear abnormal zone,Low,,,,No production zone shows strong deviation from baseline.
2598,Crack,1.2187773694269135,1.128593929549014,1.4828725752379963,1.4828725752379963,Assembly,Assembly,Assembly,Medium,0.3624325673252939,0.165588834536443,0.47197859813826315,Assembly stress = 1.48; Drilling stress = 1.22
2599,Crack,1.193276691078217,0.9783865813537492,0.9097322806034378,1.193276691078217,Drilling,Drilling,Drilling,Medium,0.46373054145721904,0.1870295009747224,0.34923995756805865,Drilling stress = 1.19; Assembly stress = 0.91
2600,Crack,1.3196639221246036,1.2245902893590648,1.6528250172290786,1.6528250172290786,Assembly,Assembly,Assembly,Medium,0.3508741081688986,0.159525961917018,0.4895999299140834,Assembly stress = 1.65; Drilling stress = 1.32
2601,Crack,1.106009547851558,1.0167248378498526,1.2832576944591376,1.2832576944591376,Assembly,Assembly,Assembly,Low,0.3771848577342827,0.1724838338947019,0.4503313083710154,Assembly stress = 1.28; Drilling stress = 1.11
2602,Crack,1.1160927976290085,1.0249935546803686,1.2923000853043392,1.2923000853043392,Assembly,Assembly,Assembly,Low,0.37747973785598327,0.17230574210558652,0.45021452003843015,Assembly stress = 1.29; Drilling stress = 1.12
2603,Crack,1.1264699300327623,1.0687370117902395,0.9165933293109556,1.1264699300327623,Drilling,Drilling,Drilling,Low,0.4380901351127239,0.20675708015657965,0.35515278473069645,Drilling stress = 1.13; Assembly stress = 0.92
2604,Crack,0.3612477509892204,0.7572905449482359,0.7541531438332035,0.7572905449482359,Milling,No clear abnormal zone,No clear abnormal zone,Low,,,,No production zone shows strong deviation from baseline.
2605,Crack,0.4717807542218627,0.2655584794835535,0.4929022626366305,0.4929022626366305,Assembly,No clear abnormal zone,No clear abnormal zone,Low,,,,No production zone shows strong deviation from baseline.
2606,Crack,0.6055537888624682,0.5234520863167127,0.837653254574436,0.837653254574436,Assembly,No clear abnormal zone,No clear abnormal zone,Low,,,,No production zone shows strong deviation from baseline.
2607,Crack,0.5354053285747993,0.8990737975472873,0.8599912584691807,0.8990737975472873,Milling,No clear abnormal zone,No clear abnormal zone,Low,,,,No production zone shows strong deviation from baseline.
2608,Crack,0.517444662093908,0.568085784240433,0.3845043068890815,0.568085784240433,Milling,No clear abnormal zone,No clear abnormal zone,Low,,,,No production zone shows strong deviation from baseline.
2609,Crack,0.3413783585727603,0.6492379259943422,0.807114547100916,0.807114547100916,Assembly,No clear abnormal zone,No clear abnormal zone,Low,,,,No production zone shows strong deviation from baseline.
2610,Crack,0.9928812842633756,0.910424517998842,1.0813989938429456,1.0813989938429456,Assembly,Assembly,Assembly,Low,0.3916992312366336,0.18034836312608077,0.42795240563728576,Assembly stress = 1.08; Drilling stress = 0.99
2611,Crack,1.4519614408988335,1.3559327613079408,1.6684622038506898,1.6684622038506898,Assembly,Assembly,Assembly,Low,0.37092772172677535,0.16848241179962722,0.46058986647359756,Assembly stress = 1.67; Drilling stress = 1.45
2612,Crack,1.4112031362559527,0.8496178063639943,0.9175411849680922,1.4112031362559527,Drilling,Drilling,Drilling,High,0.5275543755221358,0.15043324502590638,0.3220123794519578,Drilling stress = 1.41; Assembly stress = 0.92
2613,Crack,1.4895867379608032,0.7149785110785553,0.9168877154084224,1.4895867379608032,Drilling,Drilling,Drilling,High,0.5572759019799632,0.1284198591454381,0.3143042388745987,Drilling stress = 1.49; Assembly stress = 0.92
2614,Crack,1.283745332900398,0.6004808832613808,0.9123099431014486,1.283745332900398,Drilling,Drilling,Drilling,Medium,0.5148730077393923,0.12999664639267614,0.35513034586793163,Drilling stress = 1.28; Assembly stress = 0.91
2615,Crack,1.0935856112281273,1.0094737426245586,1.2617234042449312,1.2617234042449312,Assembly,Assembly,Assembly,Low,0.3783917391200844,0.17393313725202925,0.4476751236278865,Assembly stress = 1.26; Drilling stress = 1.09
2616,Crack,1.4496849468708637,1.3551554716137393,1.6684622038506898,1.6684622038506898,Assembly,Assembly,Assembly,Low,0.3704452155476918,0.16851569851565748,0.4610390859366508,Assembly stress = 1.67; Drilling stress = 1.45
2617,Crack,0.8456216208635288,0.8000970147739744,0.858800406999579,0.858800406999579,Assembly,No clear abnormal zone,No clear abnormal zone,Low,,,,No production zone shows strong deviation from baseline.
2618,Crack,0.5913413384112683,1.1945034665967535,0.8541794743392084,1.1945034665967535,Milling,Milling,Assembly,Low,0.31108446600081574,0.2843140445197036,0.40460148947948066,Assembly stress = 0.85; Drilling stress = 0.59
2619,Crack,0.8773281134948869,0.8255700321897954,0.9167874310731288,0.9167874310731288,Assembly,No clear abnormal zone,No clear abnormal zone,Low,,,,No production zone shows strong deviation from baseline.
2620,Crack,0.7699735248961294,0.7504933744002851,0.7286360086491966,0.7699735248961294,Drilling,No clear abnormal zone,No clear abnormal zone,Low,,,,No production zone shows strong deviation from baseline.
2621,Crack,0.9294423175324596,1.459079081294683,0.8898137992261577,1.459079081294683,Milling,Milling,Drilling,Low,0.3558333808217141,0.30215863867845966,0.3420079804998263,Drilling stress = 0.93; Assembly stress = 0.89
2622,Crack,1.4435862112685292,1.3468131396032712,1.6684622038506898,1.6684622038506898,Assembly,Assembly,Assembly,Low,0.3695425378267713,0.1677283328560915,0.46272912931713706,Assembly stress = 1.67; Drilling stress = 1.44
2623,Crack,0.4474344407416605,0.4794679635275303,0.3467844983477719,0.4794679635275303,Milling,No clear abnormal zone,No clear abnormal zone,Low,,,,No production zone shows strong deviation from baseline.
2624,Crack,1.4290360928548833,1.3322611506485975,1.6684622038506898,1.6684622038506898,Assembly,Assembly,Assembly,Low,0.36705330360923033,0.16659820513642584,0.46634849125434386,Assembly stress = 1.67; Drilling stress = 1.43
2625,Crack,0.8890148578334129,0.8218459701451535,0.898717320489937,0.898717320489937,Assembly,No clear abnormal zone,No clear abnormal zone,Low,,,,No production zone shows strong deviation from baseline.
2626,Crack,1.402644631270486,0.6093326864561041,0.9171329657690364,1.402644631270486,Drilling,Drilling,Drilling,High,0.5430195472630003,0.1228158639407234,0.33416458879627625,Drilling stress = 1.40; Assembly stress = 0.92
2627,Crack,1.3640986000236532,0.8018775392722481,0.9164708084644388,1.3640986000236532,Drilling,Drilling,Drilling,Medium,0.5197198808976323,0.14810503744991893,0.3321750816524488,Drilling stress = 1.36; Assembly stress = 0.92
2628,Crack,0.8901709554109625,0.7335240549848053,0.9023252653432524,0.9023252653432524,Assembly,No clear abnormal zone,No clear abnormal zone,Low,,,,No production zone shows strong deviation from baseline.
2629,Crack,0.25547053851718,0.7421570785930938,0.6748408142455251,0.7421570785930938,Milling,No clear abnormal zone,No clear abnormal zone,Low,,,,No production zone shows strong deviation from baseline.
2630,Crack,1.3301325540923723,1.2354073905073386,1.663891758093769,1.663891758093769,Assembly,Assembly,Assembly,Medium,0.3507518636969447,0.1595259632996439,0.4897221730034114,Assembly stress = 1.66; Drilling stress = 1.33
2631,Crack,0.2601120226925802,0.5182727412456967,0.5306689033145673,0.5306689033145673,Assembly,No clear abnormal zone,No clear abnormal zone,Low,,,,No production zone shows strong deviation from baseline.
2632,Crack,1.134182894015622,1.050436259963268,1.3351358104097808,1.3351358104097808,Assembly,Assembly,Assembly,Low,0.37280057076197726,0.17142567645148576,0.455773752786537,Assembly stress = 1.34; Drilling stress = 1.13
2633,Crack,1.225384300496152,0.9973508992805518,1.4803252761791548,1.4803252761791548,Assembly,Assembly,Assembly,Medium,0.37196371290684405,0.14805972235450443,0.47997656473865147,Assembly stress = 1.48; Drilling stress = 1.23
2634,Crack,0.7432193346948581,1.1937746454182396,0.8939608624870954,1.1937746454182396,Milling,Milling,Assembly,Low,0.33929499998472396,0.26620802861121445,0.39449697140406165,Assembly stress = 0.89; Drilling stress = 0.74
2635,Crack,0.8128989036491409,0.7277460116617749,0.7764829628472425,0.8128989036491409,Drilling,No clear abnormal zone,No clear abnormal zone,Low,,,,No production zone shows strong deviation from baseline.
2636,Crack,1.1020300892739372,0.8352164173112369,0.9174184110194497,1.1020300892739372,Drilling,Drilling,Drilling,Low,0.45160285999666033,0.17292229171773266,0.375474848285607,Drilling stress = 1.10; Assembly stress = 0.92
2637,Crack,0.9624670396192352,0.8922112564177214,1.0538039558668784,1.0538039558668784,Assembly,Assembly,Assembly,Low,0.3903633709640076,0.18193965424278977,0.42769697479320273,Assembly stress = 1.05; Drilling stress = 0.96
2638,Crack,0.9956618972286748,0.9121198322900947,1.0833116125889468,1.0833116125889468,Assembly,Assembly,Assembly,Low,0.3919214211755505,0.18025492843548377,0.42782365038896575,Assembly stress = 1.08; Drilling stress = 1.00
2639,Crack,1.1702756296944703,0.66087214091635,0.9058395782397464,1.1702756296944703,Drilling,Drilling,Drilling,Medium,0.4835436366154835,0.14526953704407083,0.3711868263404457,Drilling stress = 1.17; Assembly stress = 0.91
2640,Crack,1.3332385473047874,0.958585566723928,0.908492228903622,1.3332385473047874,Drilling,Drilling,Drilling,Medium,0.5005757705145613,0.17207988485033596,0.32734434463510276,Drilling stress = 1.33; Assembly stress = 0.91
2641,Crack,1.015765098644294,0.5771640629801154,0.9192195889309408,1.015765098644294,Drilling,Drilling,Drilling,Low,0.44834251498933814,0.14457657044287825,0.40708091456778367,Drilling stress = 1.02; Assembly stress = 0.92
2642,Crack,0.2908525683000336,2.2815882099428912,0.7871860221468306,2.2815882099428912,Milling,Milling,Milling,High,0.1586509364191339,0.580735196793026,0.2606138667878402,Milling stress = 2.28; Assembly stress = 0.79
2643,Crack,1.4511257517697145,0.9438399313971488,0.9183640776995154,1.4511257517697145,Drilling,Drilling,Drilling,High,0.529648252678992,0.15945792767441871,0.3108938196465893,Drilling stress = 1.45; Assembly stress = 0.92
2644,Crack,0.2718103950403002,1.47552918685248,0.7803202259240856,1.47552918685248,Milling,Milling,Milling,Low,0.23099730451480974,0.384897726267389,0.38410496921780113,Milling stress = 1.48; Assembly stress = 0.78
2645,Crack,1.22441772792639,1.13260595685641,1.4967138488538088,1.4967138488538088,Assembly,Assembly,Assembly,Medium,0.36112631663242484,0.1647235893454083,0.4741500940221669,Assembly stress = 1.50; Drilling stress = 1.22
2646,Crack,0.7465274454003568,0.5933854695000979,0.8364700443950137,0.8364700443950137,Assembly,No clear abnormal zone,No clear abnormal zone,Low,,,,No production zone shows strong deviation from baseline.
2647,Crack,0.2668861537326508,0.3378001149712991,0.7921719328811134,0.7921719328811134,Assembly,No clear abnormal zone,No clear abnormal zone,Low,,,,No production zone shows strong deviation from baseline.
2648,Crack,1.5767456644465538,0.8049825435507094,0.9194628860294564,1.5767456644465538,Drilling,Drilling,Drilling,High,0.5716388157356427,0.13210499848528778,0.2962561857790696,Drilling stress = 1.58; Assembly stress = 0.92
2649,Crack,0.3575717314915476,0.2498438157749506,0.532040099505732,0.532040099505732,Assembly,No clear abnormal zone,No clear abnormal zone,Low,,,,No production zone shows strong deviation from baseline.
2650,Crack,1.3598111761560174,1.5882520777907776,0.920099206261452,1.5882520777907776,Milling,Milling,Drilling,Medium,0.4400359533429246,0.27648322686562254,0.28348081979145284,Drilling stress = 1.36; Assembly stress = 0.92
2651,Crack,1.1029576654586664,1.0164931665482384,1.2809787502831125,1.2809787502831125,Assembly,Assembly,Assembly,Low,0.37687004302425914,0.1728265922882103,0.4503033646875307,Assembly stress = 1.28; Drilling stress = 1.10
2652,Crack,0.9352115121298376,0.8736082674133243,1.0060297989397162,1.0060297989397162,Assembly,Assembly,Assembly,Low,0.3931568546051058,0.1848340190617293,0.4220091263331648,Assembly stress = 1.01; Drilling stress = 0.94
2653,Crack,1.392814562512797,0.9285036066001564,0.9169268694203948,1.392814562512797,Drilling,Drilling,Drilling,Medium,0.516631053143703,0.162368891243768,0.3210000556125292,Drilling stress = 1.39; Assembly stress = 0.92
2654,Crack,1.4705241988985085,1.004098426652174,0.918935430809416,1.4705241988985085,Drilling,Drilling,Drilling,High,0.5291974137855888,0.16596693676370783,0.3048356494507034,Drilling stress = 1.47; Assembly stress = 0.92
2655,Crack,0.3245689081133528,0.2898985831123088,0.3138078194311402,0.3245689081133528,Drilling,No clear abnormal zone,No clear abnormal zone,Low,,,,No production zone shows strong deviation from baseline.
2656,Crack,0.5948235965189091,1.1620293758914009,0.8509607680580047,1.1620293758914009,Milling,Milling,Assembly,Low,0.31509992476221643,0.27781305092863084,0.40708702430915283,Assembly stress = 0.85; Drilling stress = 0.59
2657,Crack,1.1069429350788849,1.0154495631147982,1.2886928955181505,1.2886928955181505,Assembly,Assembly,Assembly,Low,0.3765630242398866,0.17181956332972856,0.4516174124303849,Assembly stress = 1.29; Drilling stress = 1.11
2658,Crack,1.216180630709769,1.5798772684950364,0.9139957921295682,1.5798772684950364,Milling,Milling,Drilling,Medium,0.4067487295048705,0.2925820323383577,0.3006692381567717,Drilling stress = 1.22; Assembly stress = 0.91
2659,Crack,0.292433465770414,1.2573318202051371,0.6895720909065288,1.2573318202051371,Milling,Milling,Assembly,Low,0.2631701830346088,0.34534781913230883,0.39148199783308246,Assembly stress = 0.69; Milling stress = 1.26
2660,Crack,1.1444349450002655,1.054976584444439,1.3654645964405911,1.3654645964405911,Assembly,Assembly,Assembly,Low,0.3697440532065039,0.16905185075431106,0.46120409603918505,Assembly stress = 1.37; Drilling stress = 1.14
2661,Crack,0.907377967817232,1.5549343865719398,0.8873477294051765,1.5549343865719398,Milling,Milling,Drilling,Low,0.34064564223594745,0.3254640476420778,0.33389031012197473,Drilling stress = 0.91; Assembly stress = 0.89
2662,Crack,0.5383142360329684,0.7793137838175697,0.8611447762475842,0.8611447762475842,Assembly,No clear abnormal zone,No clear abnormal zone,Low,,,,No production zone shows strong deviation from baseline.
2663,Crack,1.3373152573137188,1.241993783960711,1.6682460310354934,1.6682460310354934,Assembly,Assembly,Assembly,Medium,0.3512711430885885,0.15966689818783378,0.48906195872357766,Assembly stress = 1.67; Drilling stress = 1.34
2664,Crack,1.0154907762910823,0.936625026604779,1.128785980050668,1.128785980050668,Assembly,Assembly,Assembly,Low,0.38728999532018304,0.17895973279463015,0.43375027188518683,Assembly stress = 1.13; Drilling stress = 1.02
2665,Crack,0.4678789474635484,1.1770789194425555,0.7796358547346323,1.1770789194425555,Milling,Milling,Assembly,Medium,0.29568259407829434,0.30046742730142617,0.40384997862027955,Assembly stress = 0.78; Milling stress = 1.18
2666,Crack,0.4138557701745404,0.8390406182962489,0.8325624366976063,0.8390406182962489,Milling,No clear abnormal zone,No clear abnormal zone,Low,,,,No production zone shows strong deviation from baseline.
2667,Crack,1.0131952411461356,0.9312294669447512,1.1306516138547074,1.1306516138547074,Assembly,Assembly,Assembly,Low,0.3868046529132279,0.17818223843616435,0.43501310865060777,Assembly stress = 1.13; Drilling stress = 1.01
2668,Crack,1.1401522721143595,1.0515253315960906,1.3402156028729235,1.3402156028729235,Assembly,Assembly,Assembly,Low,0.37326335804942795,0.17080287319175014,0.4559337687588219,Assembly stress = 1.34; Drilling stress = 1.14
2669,Crack,0.7087655806831673,1.3135215844813213,0.5906594865559998,1.3135215844813213,Milling,Milling,Drilling,Low,0.35663280923050034,0.32646264446832346,0.3169045463011762,Drilling stress = 0.71; Milling stress = 1.31
2670,Crack,0.9371379742619104,0.8245217983347655,1.0146112342339182,1.0146112342339182,Assembly,Assembly,Assembly,Low,0.3956791665088985,0.17676838932475644,0.42755244416634514,Assembly stress = 1.01; Drilling stress = 0.94
2671,Crack,0.3906970386254124,0.2116169659799143,0.4294535855195511,0.4294535855195511,Assembly,No clear abnormal zone,No clear abnormal zone,Low,,,,No production zone shows strong deviation from baseline.
2672,Crack,0.2761899257192501,0.3639674105369621,0.8083761732676218,0.8083761732676218,Assembly,No clear abnormal zone,No clear abnormal zone,Low,,,,No production zone shows strong deviation from baseline.
2673,Crack,0.3135260913314913,0.4383735520442308,0.7946128646181725,0.7946128646181725,Assembly,No clear abnormal zone,No clear abnormal zone,Low,,,,No production zone shows strong deviation from baseline.
2674,Crack,1.2582812176722034,1.1640504644577672,1.550332507839836,1.550332507839836,Assembly,Assembly,Assembly,Medium,0.35788315504985163,0.16284985100654933,0.4792669939435991,Assembly stress = 1.55; Drilling stress = 1.26
2675,Crack,0.5759948708946836,0.4469611171173706,0.4544467629878557,0.5759948708946836,Drilling,No clear abnormal zone,No clear abnormal zone,Low,,,,No production zone shows strong deviation from baseline.
2676,Crack,0.3947545200341987,0.7384343091458454,0.8480728569490503,0.8480728569490503,Assembly,No clear abnormal zone,No clear abnormal zone,Low,,,,No production zone shows strong deviation from baseline.
2677,Crack,1.1074227369079337,1.0205744787308837,1.2950498475930885,1.2950498475930885,Assembly,Assembly,Assembly,Low,0.3752638546574654,0.17202399144543049,0.4527121538971042,Assembly stress = 1.30; Drilling stress = 1.11
2678,Crack,1.4467336525262322,0.6445766098566575,0.9157918902508912,1.4467336525262322,Drilling,Drilling,Drilling,High,0.5518059427785762,0.12370407337231097,0.3244899838491128,Drilling stress = 1.45; Assembly stress = 0.92
2679,Crack,0.4765602234329938,1.0561477481756638,0.8532740658741649,1.0561477481756638,Milling,Milling,Assembly,Medium,0.29849515562262563,0.26645198214783167,0.43505286222954265,Assembly stress = 0.85; Drilling stress = 0.48
2680,Crack,1.34047966502662,1.2447695092753803,1.6684622038506898,1.6684622038506898,Assembly,Assembly,Assembly,Medium,0.35179947335292144,0.15984490461921122,0.4883556220278673,Assembly stress = 1.67; Drilling stress = 1.34
2681,Crack,0.9541547141971324,0.8870971665633933,1.0273224784944306,1.0273224784944306,Assembly,Assembly,Assembly,Low,0.3931618594610613,0.18383096281699116,0.4230071777219474,Assembly stress = 1.03; Drilling stress = 0.95
2682,Crack,1.1941832484080463,0.807427856016644,0.9099966628121108,1.1941832484080463,Drilling,Drilling,Drilling,Medium,0.47795325532017785,0.16232660120545936,0.35972014347436276,Drilling stress = 1.19; Assembly stress = 0.91
2683,Crack,1.4427299669939069,1.1617865059494754,0.9187895332259186,1.4427299669939069,Drilling,Drilling,Drilling,High,0.5076868868397107,0.1916698290634618,0.3006432840968274,Drilling stress = 1.44; Assembly stress = 0.92
2684,Crack,1.0106558631486788,0.9300949271125464,1.118727307585606,1.118727307585606,Assembly,Assembly,Assembly,Low,0.3882851750422455,0.17911569543776049,0.4325991295199941,Assembly stress = 1.12; Drilling stress = 1.01
2685,Crack,1.2511025034113632,1.160623028285286,1.5397725610147543,1.5397725610147543,Assembly,Assembly,Assembly,Medium,0.3582434527621429,0.16362645807109505,0.4781300891667621,Assembly stress = 1.54; Drilling stress = 1.25
2686,Crack,1.1110672143251263,1.024603827257092,1.2974198543716402,1.2974198543716402,Assembly,Assembly,Assembly,Low,0.3754554800131394,0.1721780876822466,0.45236643230461404,Assembly stress = 1.30; Drilling stress = 1.11
2687,Crack,1.316686058930009,2.120140389722458,0.9170018455738846,2.120140389722458,Milling,Milling,Milling,Low,0.35878909095254,0.4006314292907455,0.2405794797567144,Milling stress = 2.12; Drilling stress = 1.32
2688,Crack,0.7935428710181136,0.7685875526020713,0.7355896479034464,0.7935428710181136,Drilling,No clear abnormal zone,No clear abnormal zone,Low,,,,No production zone shows strong deviation from baseline.
2689,Crack,0.3208165984696514,0.2365400558489961,0.7347528830415748,0.7347528830415748,Assembly,No clear abnormal zone,No clear abnormal zone,Low,,,,No production zone shows strong deviation from baseline.
2690,Crack,0.569204265425438,0.5379174691773244,0.8428977601729244,0.8428977601729244,Assembly,No clear abnormal zone,No clear abnormal zone,Low,,,,No production zone shows strong deviation from baseline.
2691,Crack,1.2365295688762132,1.140389679560182,1.508401790008755,1.508401790008755,Assembly,Assembly,Assembly,Medium,0.36145609184902056,0.1641619603061653,0.4743819478448141,Assembly stress = 1.51; Drilling stress = 1.24
2692,Crack,0.5187089200443687,0.4742629062093624,0.4201872728432368,0.5187089200443687,Drilling,No clear abnormal zone,No clear abnormal zone,Low,,,,No production zone shows strong deviation from baseline.
2693,Crack,0.5304142494645075,0.429404954410553,0.8503356068381315,0.8503356068381315,Assembly,No clear abnormal zone,No clear abnormal zone,Low,,,,No production zone shows strong deviation from baseline.
2694,Crack,1.3607561292282984,0.6402954610913105,0.9146130475889208,1.3607561292282984,Drilling,Drilling,Drilling,Medium,0.5309669993989321,0.12916517641017566,0.33986782419089234,Drilling stress = 1.36; Assembly stress = 0.91
2695,Crack,1.206383620128742,0.8832862179005092,0.919780015537127,1.206383620128742,Drilling,Drilling,Drilling,Medium,0.4733143124014273,0.17131690607730982,0.3553687815212629,Drilling stress = 1.21; Assembly stress = 0.92
2696,Crack,1.220486876371698,1.1219014436304162,1.4820671860266774,1.4820671860266774,Assembly,Assembly,Assembly,Medium,0.36336675915187094,0.16462663088615,0.47200660996197896,Assembly stress = 1.48; Drilling stress = 1.22
2697,Crack,0.3544908176500578,0.4675794120821328,0.361559280044101,0.4675794120821328,Milling,No clear abnormal zone,No clear abnormal zone,Low,,,,No production zone shows strong deviation from baseline.
2698,Crack,1.3896108828098876,1.4811345730541574,0.9105510214395592,1.4811345730541574,Milling,Milling,Drilling,Medium,0.46140640501547037,0.25281442890930605,0.28577916607522347,Drilling stress = 1.39; Assembly stress = 0.91
2699,Crack,1.3376538959271325,1.2397290346010044,1.6681925145012473,1.6681925145012473,Assembly,Assembly,Assembly,Medium,0.35148445367304687,0.15934847008751762,0.48916707623943545,Assembly stress = 1.67; Drilling stress = 1.34
2700,Crack,1.355718417581329,0.7034424046086087,0.8993017866748989,1.355718417581329,Drilling,Drilling,Drilling,Medium,0.5279888755833192,0.13750386433698022,0.33450726007970066,Drilling stress = 1.36; Assembly stress = 0.90
2701,Crack,0.2699188374826292,0.4290358766833125,0.5623833250590706,0.5623833250590706,Assembly,No clear abnormal zone,No clear abnormal zone,Low,,,,No production zone shows strong deviation from baseline.
2702,Crack,0.2889077075711131,0.3114803389431921,0.3528567956372617,0.3528567956372617,Assembly,No clear abnormal zone,No clear abnormal zone,Low,,,,No production zone shows strong deviation from baseline.
2703,Crack,1.1271713074434215,1.037360904912342,1.3071061255395042,1.3071061255395042,Assembly,Assembly,Assembly,Low,0.37676255611378845,0.17220017035903246,0.45103727352717915,Assembly stress = 1.31; Drilling stress = 1.13
2704,Crack,0.2680301737446511,0.3494137261627429,0.2979106904187179,0.3494137261627429,Milling,No clear abnormal zone,No clear abnormal zone,Low,,,,No production zone shows strong deviation from baseline.
2705,Crack,1.505638210045074,0.599411297999722,0.9179892440023014,1.505638210045074,Drilling,Drilling,Drilling,High,0.5689398703474319,0.11493889736774011,0.3161212322848281,Drilling stress = 1.51; Assembly stress = 0.92
2706,Crack,1.4021640729791756,0.5909536025457931,0.9215482638048318,1.4021640729791756,Drilling,Drilling,Drilling,High,0.5433121937021386,0.12070221100071395,0.3359855952971475,Drilling stress = 1.40; Assembly stress = 0.92
2707,Crack,0.5453846749517676,0.4784049246372103,0.3638636938073399,0.5453846749517676,Drilling,No clear abnormal zone,No clear abnormal zone,Low,,,,No production zone shows strong deviation from baseline.
2708,Crack,0.3230073256057468,0.4761529000144585,0.8194147091038445,0.8194147091038445,Assembly,No clear abnormal zone,No clear abnormal zone,Low,,,,No production zone shows strong deviation from baseline.
2709,Crack,1.356674524173025,0.8646060629950296,0.911856543011842,1.356674524173025,Drilling,Drilling,Drilling,Medium,0.5137106327461497,0.15703119719838182,0.3292581700554684,Drilling stress = 1.36; Assembly stress = 0.91
2710,Crack,1.4056654044677162,0.813497854388636,0.9110098318698756,1.4056654044677162,Drilling,Drilling,Drilling,High,0.5301258813866448,0.14661348346649974,0.3232606351468553,Drilling stress = 1.41; Assembly stress = 0.91
2711,Crack,1.030917290374067,0.9523786751145548,1.157091395627649,1.157091395627649,Assembly,Assembly,Assembly,Low,0.38510226491699173,0.1780070446790892,0.436890690403919,Assembly stress = 1.16; Drilling stress = 1.03
2712,Crack,1.4715887665922056,1.93133550198342,0.915157826611206,1.93133550198342,Milling,Milling,Drilling,Low,0.4228172824451843,0.33480212449615254,0.24238059305866322,Drilling stress = 1.47; Milling stress = 1.93
2713,Crack,1.4392163149030943,1.3440915430973903,1.6684622038506898,1.6684622038506898,Assembly,Assembly,Assembly,Low,0.36869336419869536,0.16761896783407845,0.4636876679672262,Assembly stress = 1.67; Drilling stress = 1.44
2714,Crack,1.4401929029020937,1.4526857122499357,0.8902611378308096,1.4526857122499357,Milling,Milling,Drilling,High,0.4800134945034302,0.24302391298473888,0.27696259251183086,Drilling stress = 1.44; Assembly stress = 0.89
2715,Crack,0.5360206617710701,0.857774520866041,0.3657107587056682,0.857774520866041,Milling,No clear abnormal zone,No clear abnormal zone,Low,,,,No production zone shows strong deviation from baseline.
2716,Crack,0.6491858978975884,0.5430960092894741,0.5186120673771821,0.6491858978975884,Drilling,No clear abnormal zone,No clear abnormal zone,Low,,,,No production zone shows strong deviation from baseline.
2717,Crack,1.5276987828079778,0.8915946636956814,0.9197551692663046,1.5276987828079778,Drilling,Drilling,Drilling,High,0.5527473815264506,0.14629860647761483,0.30095401199593463,Drilling stress = 1.53; Assembly stress = 0.92
2718,Crack,1.4004965295533782,0.9048605536942912,0.9189946466793196,1.4004965295533782,Drilling,Drilling,Drilling,Medium,0.5201705417172601,0.15843961871062148,0.32138983957211836,Drilling stress = 1.40; Assembly stress = 0.92
2719,Crack,0.4906960847488517,0.3628672099223715,0.376471094292357,0.4906960847488517,Drilling,No clear abnormal zone,No clear abnormal zone,Low,,,,No production zone shows strong deviation from baseline.
2720,Crack,0.4444939933429619,0.5656911257396342,0.3440499446214971,0.5656911257396342,Milling,No clear abnormal zone,No clear abnormal zone,Low,,,,No production zone shows strong deviation from baseline.
2721,Crack,1.365339308553648,0.8564519526959866,0.911262833655832,1.365339308553648,Drilling,Drilling,Drilling,Medium,0.5166313415161989,0.1552901047664474,0.3280785537173536,Drilling stress = 1.37; Assembly stress = 0.91
2722,Crack,0.4838107543396991,0.5550385041146697,0.3612223817539138,0.5550385041146697,Milling,No clear abnormal zone,No clear abnormal zone,Low,,,,No production zone shows strong deviation from baseline.
2723,Crack,0.4426661673284904,1.9936506476887088,0.8059451921884575,1.9936506476887088,Milling,Milling,Milling,Medium,0.20850306962066545,0.4916617909437331,0.2998351394356015,Milling stress = 1.99; Assembly stress = 0.81
2724,Crack,1.2091822727272024,0.9091161377135712,0.897479010484526,1.2091822727272024,Drilling,Drilling,Drilling,Medium,0.4756053952309172,0.17615692079518902,0.34823768397389376,Drilling stress = 1.21; Assembly stress = 0.90
2725,Crack,0.6825185293256655,0.3797010022333599,0.5540293548741826,0.6825185293256655,Drilling,No clear abnormal zone,No clear abnormal zone,Low,,,,No production zone shows strong deviation from baseline.
2726,Crack,0.6513007063553227,0.6532931898827801,0.4725916343199571,0.6532931898827801,Milling,No clear abnormal zone,No clear abnormal zone,Low,,,,No production zone shows strong deviation from baseline.
2727,Crack,1.2189805769751494,1.6004301074904086,0.8825273413841321,1.6004301074904086,Milling,Milling,Drilling,Medium,0.4087468285067569,0.29928560349940375,0.2919675679938393,Drilling stress = 1.22; Milling stress = 1.60
2728,Crack,0.4490525884034227,0.5253065687823644,0.2849104648267552,0.5253065687823644,Milling,No clear abnormal zone,No clear abnormal zone,Low,,,,No production zone shows strong deviation from baseline.
2729,Crack,1.3832532300932512,1.0162794167961573,0.9082374910760598,1.3832532300932512,Drilling,Drilling,Drilling,Medium,0.5080554316104018,0.17599746035130126,0.31594710803829695,Drilling stress = 1.38; Assembly stress = 0.91
2730,Crack,0.2741511329101673,0.1946695588183336,0.5392884038353991,0.5392884038353991,Assembly,No clear abnormal zone,No clear abnormal zone,Low,,,,No production zone shows strong deviation from baseline.
2731,Crack,1.440285699998084,1.344065561269172,1.6684622038506898,1.6684622038506898,Assembly,Assembly,Assembly,Low,0.3689439137873661,0.16754924667339074,0.4635068395392433,Assembly stress = 1.67; Drilling stress = 1.44
2732,Crack,1.1121198177086202,1.018004442889611,1.2854439661422858,1.2854439661422858,Assembly,Assembly,Assembly,Low,0.37816613799908644,0.17209920128218587,0.4497346607187277,Assembly stress = 1.29; Drilling stress = 1.11
2733,Crack,1.1520912464639212,0.685396240608006,0.909298993998524,1.1520912464639212,Drilling,Drilling,Drilling,Medium,0.47665121216968453,0.1494471510457825,0.3739016367845329,Drilling stress = 1.15; Assembly stress = 0.91
2734,Crack,1.3539814619910864,1.256794765435811,1.6684622038506898,1.6684622038506898,Assembly,Assembly,Assembly,Medium,0.3542028131954194,0.16069944041962891,0.4850977463849517,Assembly stress = 1.67; Drilling stress = 1.35
2735,Crack,0.9758317427688956,0.9054706494185276,1.048545943617451,1.048545943617451,Assembly,Assembly,Assembly,Low,0.39347589614348,0.18337102091059998,0.4231530829459199,Assembly stress = 1.05; Drilling stress = 0.98
2736,Crack,1.3771224586877155,0.8715020571469319,0.9089949734493656,1.3771224586877155,Drilling,Drilling,Drilling,Medium,0.5187423347088894,0.1564348630613864,0.3248228022297243,Drilling stress = 1.38; Assembly stress = 0.91
2737,Crack,0.3029752164945494,0.6893683069487861,0.7865427681807569,0.7865427681807569,Assembly,No clear abnormal zone,No clear abnormal zone,Low,,,,No production zone shows strong deviation from baseline.
2738,Crack,0.8901559355146689,0.8477498528789299,0.9224989666715238,0.9224989666715238,Assembly,No clear abnormal zone,No clear abnormal zone,Low,,,,No production zone shows strong deviation from baseline.
2739,Crack,0.7516124375476096,0.7381498408441785,0.6597439806752083,0.7516124375476096,Drilling,No clear abnormal zone,No clear abnormal zone,Low,,,,No production zone shows strong deviation from baseline.
2740,Crack,0.4704694766143462,0.1465336239894072,0.42924831500215,0.4704694766143462,Drilling,No clear abnormal zone,No clear abnormal zone,Low,,,,No production zone shows strong deviation from baseline.
2741,Crack,1.2835850767778851,0.6051991301104169,0.9064283831013592,1.2835850767778851,Drilling,Drilling,Drilling,Medium,0.5155898162288741,0.1308142518703511,0.35359593190077476,Drilling stress = 1.28; Assembly stress = 0.91
2742,Crack,0.6500392112174117,0.7340187637644942,0.8865641225104477,0.8865641225104477,Assembly,No clear abnormal zone,No clear abnormal zone,Low,,,,No production zone shows strong deviation from baseline.
2743,Crack,0.657088450275964,0.6585631707064188,0.5057806192182953,0.6585631707064188,Milling,No clear abnormal zone,No clear abnormal zone,Low,,,,No production zone shows strong deviation from baseline.
2744,Crack,0.5595420832528442,0.526406277564908,0.2873559666836943,0.5595420832528442,Drilling,No clear abnormal zone,No clear abnormal zone,Low,,,,No production zone shows strong deviation from baseline.
2745,Crack,0.7364484932293951,0.7213352676821501,0.6394313096824166,0.7364484932293951,Drilling,No clear abnormal zone,No clear abnormal zone,Low,,,,No production zone shows strong deviation from baseline.
2746,Crack,0.4827064478045895,0.4637944065464486,0.8547031847765194,0.8547031847765194,Assembly,No clear abnormal zone,No clear abnormal zone,Low,,,,No production zone shows strong deviation from baseline.
2747,Crack,0.3053478239938685,0.1229418438838664,0.4350119943493401,0.4350119943493401,Assembly,No clear abnormal zone,No clear abnormal zone,Low,,,,No production zone shows strong deviation from baseline.
2748,Crack,1.3910839537379316,0.8227673802651354,0.9148213387092596,1.3910839537379316,Drilling,Drilling,Drilling,Medium,0.5251164563643044,0.14873352851265556,0.32615001512304004,Drilling stress = 1.39; Assembly stress = 0.91
2749,Crack,0.8733077845928217,0.8230822721378805,0.8716504338674402,0.8733077845928217,Drilling,No clear abnormal zone,No clear abnormal zone,Low,,,,No production zone shows strong deviation from baseline.
2750,Crack,0.7127332631309901,0.7051031205026848,0.6194116658496609,0.7127332631309901,Drilling,No clear abnormal zone,No clear abnormal zone,Low,,,,No production zone shows strong deviation from baseline.
2751,Crack,0.4251357179901786,0.5094599540178932,0.3471569436242904,0.5094599540178932,Milling,No clear abnormal zone,No clear abnormal zone,Low,,,,No production zone shows strong deviation from baseline.
2752,Crack,0.754371865032484,0.7236952837453243,0.6579270397468,0.754371865032484,Drilling,No clear abnormal zone,No clear abnormal zone,Low,,,,No production zone shows strong deviation from baseline.
2753,Crack,1.46145563775984,0.7088287621412738,0.9190773384522084,1.46145563775984,Drilling,Drilling,Drilling,High,0.5503796580946545,0.12964945020340365,0.3199708917019417,Drilling stress = 1.46; Assembly stress = 0.92
2754,Crack,0.6444841450281937,0.5157746605959663,0.8664960632727687,0.8664960632727687,Assembly,No clear abnormal zone,No clear abnormal zone,Low,,,,No production zone shows strong deviation from baseline.
2755,Crack,1.2780971723354115,0.6828911367836551,0.9000935103801784,1.2780971723354115,Drilling,Drilling,Drilling,Medium,0.5099562690535929,0.1406074210075811,0.3494363099388259,Drilling stress = 1.28; Assembly stress = 0.90
2756,Crack,0.8853012452538772,0.8317125694111029,0.9385296345074212,0.9385296345074212,Assembly,No clear abnormal zone,No clear abnormal zone,Low,,,,No production zone shows strong deviation from baseline.
2757,Crack,0.7369843909800202,1.4459370970638263,0.6458887311669406,1.4459370970638263,Milling,Milling,Milling,Low,0.3414296000045996,0.3468689468948934,0.311701453100507,Milling stress = 1.45; Drilling stress = 0.74
2758,Crack,0.8492887882459127,0.8055380426333845,0.8277675093982846,0.8492887882459127,Drilling,No clear abnormal zone,No clear abnormal zone,Low,,,,No production zone shows strong deviation from baseline.
2759,Crack,0.2345731193002166,1.473350837840544,0.6286403406512293,1.473350837840544,Milling,Milling,Milling,Low,0.2376032640760575,0.4100310395565855,0.352365696367357,Milling stress = 1.47; Assembly stress = 0.63
2760,Crack,0.547770564157732,1.6138397347245943,0.8773369962343216,1.6138397347245943,Milling,Milling,Milling,Low,0.2602583260987463,0.3778875594833212,0.3618541144179325,Milling stress = 1.61; Assembly stress = 0.88
2761,Crack,1.4406039879620824,0.7945659955874698,0.9134395969514774,1.4406039879620824,Drilling,Drilling,Drilling,High,0.5398590031821492,0.14147497231094436,0.3186660245069065,Drilling stress = 1.44; Assembly stress = 0.91
2762,Crack,0.7229096355611178,0.5654421070228852,0.6479533219990303,0.7229096355611178,Drilling,No clear abnormal zone,No clear abnormal zone,Low,,,,No production zone shows strong deviation from baseline.
2763,Crack,0.2457387548992907,0.1952548906901436,0.6118916453996164,0.6118916453996164,Assembly,No clear abnormal zone,No clear abnormal zone,Low,,,,No production zone shows strong deviation from baseline.
2764,Crack,0.3014303737311923,0.0561915996105816,0.3557665466660446,0.3557665466660446,Assembly,No clear abnormal zone,No clear abnormal zone,Low,,,,No production zone shows strong deviation from baseline.
2765,Crack,0.8672747185850944,1.1029948740430262,0.8970209105525059,1.1029948740430262,Milling,Milling,Assembly,Low,0.37550180511513226,0.2376588526894829,0.38683934219538485,Assembly stress = 0.90; Drilling stress = 0.87
2766,Crack,0.5393622755648088,2.1751918165083035,0.4242268588096567,2.1751918165083035,Milling,Milling,Milling,High,0.22431066039078942,0.5757734850088921,0.19991585460031838,Milling stress = 2.18; Drilling stress = 0.54
2767,Crack,0.4189057898380526,1.2153093998616944,0.4111914114196196,1.2153093998616944,Milling,Milling,Milling,Low,0.3224671578992822,0.35754374723753174,0.31998909486318605,Milling stress = 1.22; Drilling stress = 0.42
2768,Crack,0.290488707603426,0.4934730453635071,0.3106809770183365,0.4934730453635071,Milling,No clear abnormal zone,No clear abnormal zone,Low,,,,No production zone shows strong deviation from baseline.
2769,Crack,0.7386161363573314,0.5932101169585522,0.6057062250464471,0.7386161363573314,Drilling,No clear abnormal zone,No clear abnormal zone,Low,,,,No production zone shows strong deviation from baseline.
2770,Crack,1.1133252159017502,1.0266282447057784,1.2914738054574513,1.2914738054574513,Assembly,Assembly,Assembly,Low,0.37686354335413436,0.17278343961276074,0.4503530170331049,Assembly stress = 1.29; Drilling stress = 1.11
2771,Crack,0.5870176968345814,1.2975843454479945,0.4112638574077494,1.2975843454479945,Milling,Milling,Milling,Low,0.35009145077405074,0.3562432828805787,0.2936652663453706,Milling stress = 1.30; Drilling stress = 0.59
2772,Crack,1.2616655395672802,0.7154709751520959,0.9134325146266148,1.2616655395672802,Drilling,Drilling,Drilling,Medium,0.5011252451675352,0.14511322724146883,0.35376152759099605,Drilling stress = 1.26; Assembly stress = 0.91
2773,Crack,0.4168772088081168,0.4280607435411803,0.3437346634466251,0.4280607435411803,Milling,No clear abnormal zone,No clear abnormal zone,Low,,,,No production zone shows strong deviation from baseline.
2774,Crack,0.6718893036937397,0.8872646901745714,0.8713860651179267,0.8872646901745714,Milling,No clear abnormal zone,No clear abnormal zone,Low,,,,No production zone shows strong deviation from baseline.
2775,Crack,0.8910285343403657,0.8417610414745814,0.9276493543559424,0.9276493543559424,Assembly,No clear abnormal zone,No clear abnormal zone,Low,,,,No production zone shows strong deviation from baseline.
2776,Crack,0.2616379243471808,0.2542289404867202,0.7765884998951316,0.7765884998951316,Assembly,No clear abnormal zone,No clear abnormal zone,Low,,,,No production zone shows strong deviation from baseline.
2777,Crack,0.2622504947637407,0.6730151033991436,0.6069847887698194,0.6730151033991436,Milling,No clear abnormal zone,No clear abnormal zone,Low,,,,No production zone shows strong deviation from baseline.
2778,Crack,1.242911237352399,1.146534381933841,1.5210597448168364,1.5210597448168364,Assembly,Assembly,Assembly,Medium,0.36039371472464354,0.16364068022371073,0.4759656050516457,Assembly stress = 1.52; Drilling stress = 1.24
2779,Crack,0.3574089026051769,2.248435397136173,0.7895140069284636,2.248435397136173,Milling,Milling,Milling,High,0.1708356114499662,0.5659926382784756,0.26317175027155815,Milling stress = 2.25; Assembly stress = 0.79
2780,Crack,0.2679517738586101,0.417501603343457,0.3775285711722546,0.417501603343457,Milling,No clear abnormal zone,No clear abnormal zone,Low,,,,No production zone shows strong deviation from baseline.
2781,Crack,0.7051574789472415,0.3921289767311764,0.6400267552676738,0.7051574789472415,Drilling,No clear abnormal zone,No clear abnormal zone,Low,,,,No production zone shows strong deviation from baseline.
2782,Crack,0.2701150414813387,0.2464330459915896,0.5782615395813023,0.5782615395813023,Assembly,No clear abnormal zone,No clear abnormal zone,Low,,,,No production zone shows strong deviation from baseline.
2783,Crack,0.2997153542998245,0.5835476948602589,0.796928359365044,0.796928359365044,Assembly,No clear abnormal zone,No clear abnormal zone,Low,,,,No production zone shows strong deviation from baseline.
2784,Crack,0.4583859813124969,0.1468770392745733,0.4070042666100448,0.4583859813124969,Drilling,No clear abnormal zone,No clear abnormal zone,Low,,,,No production zone shows strong deviation from baseline.
2785,Crack,1.1518385947719048,0.7296752245727743,0.9092676016411732,1.1518385947719048,Drilling,Drilling,Drilling,Medium,0.4733903711999485,0.15518373568962415,0.3714258931104274,Drilling stress = 1.15; Assembly stress = 0.91
2786,Crack,1.440675630447637,1.299095454613974,0.9154920389510834,1.440675630447637,Drilling,Drilling,Drilling,High,0.4937199902279757,0.2142709163655062,0.2920090934065181,Drilling stress = 1.44; Assembly stress = 0.92
2787,Crack,1.368860332609105,0.9465291050443936,0.9143898823786244,1.368860332609105,Drilling,Drilling,Drilling,Medium,0.5095431138009063,0.16700705562623996,0.32344983057285376,Drilling stress = 1.37; Assembly stress = 0.91
2788,Crack,0.7328268215578696,0.4819023642998489,0.8501608752737164,0.8501608752737164,Assembly,No clear abnormal zone,No clear abnormal zone,Low,,,,No production zone shows strong deviation from baseline.
2789,Crack,1.2190530414721867,0.7487817793769551,0.8845055523690586,1.2190530414721867,Drilling,Drilling,Drilling,Medium,0.4930776255722304,0.15404552483113135,0.35287684959663834,Drilling stress = 1.22; Assembly stress = 0.88
2790,Crack,0.5749919024559071,0.915826621533128,0.8851939999060687,0.915826621533128,Milling,No clear abnormal zone,No clear abnormal zone,Low,,,,No production zone shows strong deviation from baseline.
2791,Crack,1.0854975948499828,0.9930857044757828,1.2481727546198842,1.2481727546198842,Assembly,Assembly,Assembly,Low,0.37986427995282174,0.17316674253101863,0.44696897751615966,Assembly stress = 1.25; Drilling stress = 1.09
2792,Crack,0.7312767117546535,0.7231236835245187,0.6286376200789592,0.7312767117546535,Drilling,No clear abnormal zone,No clear abnormal zone,Low,,,,No production zone shows strong deviation from baseline.
2793,Crack,1.438249007476263,1.342095272629274,1.6684622038506898,1.6684622038506898,Assembly,Assembly,Assembly,Low,0.3685915000642713,0.16740031997770596,0.4640081799580228,Assembly stress = 1.67; Drilling stress = 1.44
2794,Crack,1.117618472066774,1.0219753323023275,1.3061081138522814,1.3061081138522814,Assembly,Assembly,Assembly,Low,0.37568298549779483,0.17070814496734574,0.45360886953485946,Assembly stress = 1.31; Drilling stress = 1.12
2795,Crack,0.2603288421282271,0.1312869060102061,0.4302944449282264,0.4302944449282264,Assembly,No clear abnormal zone,No clear abnormal zone,Low,,,,No production zone shows strong deviation from baseline.
2796,Crack,1.3531968147997944,0.7367654279342077,0.8975716930599396,1.3531968147997944,Drilling,Drilling,Drilling,Medium,0.525214145622034,0.14177304557729828,0.3330128088006677,Drilling stress = 1.35; Assembly stress = 0.90
2797,Crack,1.128831175889093,1.0374756579869735,1.321030197319768,1.321030197319768,Assembly,Assembly,Assembly,Low,0.3747763133629412,0.1710278915760889,0.4541957950609699,Assembly stress = 1.32; Drilling stress = 1.13
2798,Crack,1.2866669078499575,0.7815716066346012,0.8805113006940133,1.2866669078499575,Drilling,Drilling,Drilling,Medium,0.5081480202330667,0.1533204693530908,0.3385315104138425,Drilling stress = 1.29; Assembly stress = 0.88
2799,Crack,0.3463036736632,0.1933641050643089,0.2798947891213932,0.3463036736632,Drilling,No clear abnormal zone,No clear abnormal zone,Low,,,,No production zone shows strong deviation from baseline.
2800,Crack,0.3076190957824578,0.0412144339148974,0.3851837951572477,0.3851837951572477,Assembly,No clear abnormal zone,No clear abnormal zone,Low,,,,No production zone shows strong deviation from baseline.
2801,Crack,1.381616716230588,0.5816001443871577,0.9167137391647586,1.381616716230588,Drilling,Drilling,Drilling,High,0.5397071129600729,0.1212510096271262,0.3390418774128009,Drilling stress = 1.38; Assembly stress = 0.92
2802,Crack,0.272681618427222,0.1986755650723652,0.4509510987548515,0.4509510987548515,Assembly,No clear abnormal zone,No clear abnormal zone,Low,,,,No production zone shows strong deviation from baseline.
2803,Crack,1.4376721876371474,1.3422533287509364,1.6684622038506898,1.6684622038506898,Assembly,Assembly,Assembly,Low,0.3684475144545969,0.16745794276946227,0.46409454277594087,Assembly stress = 1.67; Drilling stress = 1.44
2804,Crack,1.452443808959016,0.923353395073906,0.9168234923490484,1.452443808959016,Drilling,Drilling,Drilling,High,0.5319498657870453,0.15669663158975136,0.31135350262320327,Drilling stress = 1.45; Assembly stress = 0.92
2805,Crack,0.2277465221501268,1.07760825574106,0.7296563569459409,1.07760825574106,Milling,Milling,Assembly,Medium,0.2616749720273079,0.3060711899755915,0.43225383799710065,Assembly stress = 0.73; Milling stress = 1.08
2806,Crack,0.3543586914054751,1.655255671983988,0.3895976259739339,1.655255671983988,Milling,Milling,Milling,High,0.2582536644637649,0.4742298394449,0.2675164960913351,Milling stress = 1.66; Assembly stress = 0.39
2807,Crack,1.3249103902118402,1.2291630911255087,1.6536799375293167,1.6536799375293167,Assembly,Assembly,Assembly,Medium,0.35166634856600726,0.15977848273470022,0.4885551686992924,Assembly stress = 1.65; Drilling stress = 1.32
2808,Crack,1.2930045463239317,0.915921906285381,0.9062124807654316,1.2930045463239317,Drilling,Drilling,Drilling,Medium,0.4945202184698295,0.169585668212257,0.3358941133179134,Drilling stress = 1.29; Assembly stress = 0.91
2809,Crack,0.3123281083983851,0.6373755819026949,0.7753184588049384,0.7753184588049384,Assembly,No clear abnormal zone,No clear abnormal zone,Low,,,,No production zone shows strong deviation from baseline.
2810,Crack,0.8889606647180719,0.8396175406465608,0.9225285603027348,0.9225285603027348,Assembly,No clear abnormal zone,No clear abnormal zone,Low,,,,No production zone shows strong deviation from baseline.
2811,Crack,1.2363201906208576,1.1409721055427453,1.5181956068438898,1.5181956068438898,Assembly,Assembly,Assembly,Medium,0.3596938851863301,0.16349102324978865,0.4768150915638813,Assembly stress = 1.52; Drilling stress = 1.24
2812,Crack,1.1193253325353194,1.0220597732440373,1.312575871549252,1.312575871549252,Assembly,Assembly,Assembly,Low,0.37497503320396475,0.1701102414132254,0.45491472538280986,Assembly stress = 1.31; Drilling stress = 1.12
2813,Crack,0.2470115483419573,0.1782758752071053,0.3755449677313616,0.3755449677313616,Assembly,No clear abnormal zone,No clear abnormal zone,Low,,,,No production zone shows strong deviation from baseline.
2814,Crack,0.945985380803589,0.7329704293387033,0.908716855269198,0.945985380803589,Drilling,No clear abnormal zone,No clear abnormal zone,Low,,,,No production zone shows strong deviation from baseline.
2815,Crack,1.3116872814842495,1.2157954405071256,1.638188378547551,1.638188378547551,Assembly,Assembly,Assembly,Medium,0.3520642163515972,0.1599361335508917,0.4879996500975112,Assembly stress = 1.64; Drilling stress = 1.31
2816,Crack,0.6106489901376315,0.5194648738317387,0.4406079592023594,0.6106489901376315,Drilling,No clear abnormal zone,No clear abnormal zone,Low,,,,No production zone shows strong deviation from baseline.
2817,Crack,1.2902030168532024,1.18291342973219,0.9107157653071456,1.2902030168532024,Drilling,Drilling,Drilling,Medium,0.46874745793748585,0.2105298369950626,0.3207227050674516,Drilling stress = 1.29; Assembly stress = 0.91
2818,Crack,0.6891088496047566,0.6843956034125946,0.5710054267326086,0.6891088496047566,Drilling,No clear abnormal zone,No clear abnormal zone,Low,,,,No production zone shows strong deviation from baseline.
2819,Crack,0.2829309241461336,1.0940206464720663,0.5993930406408408,1.0940206464720663,Milling,Milling,Assembly,Low,0.2859231146641938,0.32171481538347324,0.39236206995233297,Assembly stress = 0.60; Milling stress = 1.09
2820,Crack,0.3646609660972478,1.6248986061209418,0.4161509669079379,1.6248986061209418,Milling,Milling,Milling,Medium,0.2620566813374663,0.462039913778135,0.27590340488439863,Milling stress = 1.62; Assembly stress = 0.42
2821,Crack,1.3944866789435415,0.9934970755057312,0.9033021565777686,1.3944866789435415,Drilling,Drilling,Drilling,Medium,0.5136820060939291,0.17199538151882915,0.31432261238724174,Drilling stress = 1.39; Assembly stress = 0.90
2822,Crack,0.29639846837877,1.461594717651558,0.741757985570741,1.461594717651558,Milling,Milling,Milling,Low,0.240134819050786,0.38500240475283193,0.3748627761963822,Milling stress = 1.46; Assembly stress = 0.74
2823,Crack,0.6545846109661755,0.6620490659923918,0.5160822714239849,0.6620490659923918,Milling,No clear abnormal zone,No clear abnormal zone,Low,,,,No production zone shows strong deviation from baseline.
2824,Crack,0.5252288333519972,0.503262958346584,0.4330483388537962,0.5252288333519972,Drilling,No clear abnormal zone,No clear abnormal zone,Low,,,,No production zone shows strong deviation from baseline.
2825,Crack,1.4558101561699823,0.9052021031560308,0.9169410851083588,1.4558101561699823,Drilling,Drilling,Drilling,High,0.5342715933185306,0.15403026018400043,0.31169814649746896,Drilling stress = 1.46; Assembly stress = 0.92
2826,Crack,0.9995263801393972,0.710173540229381,0.9035771042781762,0.9995263801393972,Drilling,No clear abnormal zone,No clear abnormal zone,Low,,,,No production zone shows strong deviation from baseline.
2827,Crack,0.3057085846854084,0.2945624019262702,0.7464520938419695,0.7464520938419695,Assembly,No clear abnormal zone,No clear abnormal zone,Low,,,,No production zone shows strong deviation from baseline.
2828,Crack,1.3067221927621284,0.7161255440437533,0.8959577552325044,1.3067221927621284,Drilling,Drilling,Drilling,Medium,0.5154263373145598,0.1427722307358517,0.3418014319495885,Drilling stress = 1.31; Assembly stress = 0.90
2829,Crack,1.1632228641012312,1.0726420624806212,1.3899988927381752,1.3899988927381752,Assembly,Assembly,Assembly,Low,0.3688336840042008,0.16844644061269848,0.4627198753831006,Assembly stress = 1.39; Drilling stress = 1.16
2830,Crack,0.9904811613499184,0.8448923393688181,0.8722158266456647,0.9904811613499184,Drilling,No clear abnormal zone,No clear abnormal zone,Low,,,,No production zone shows strong deviation from baseline.
2831,Crack,1.3383570976411103,1.2430612040700182,1.6683603456749272,1.6683603456749272,Assembly,Assembly,Assembly,Medium,0.3514290482172076,0.15974275856837183,0.4888281932144205,Assembly stress = 1.67; Drilling stress = 1.34
2832,Crack,0.3991847978999358,1.3467574799575086,0.808925817674683,1.3467574799575086,Milling,Milling,Assembly,Low,0.2634249199023287,0.33974451032627245,0.3968305697713989,Assembly stress = 0.81; Milling stress = 1.35
2833,Crack,1.0289559655548377,1.3152680868282518,0.914137048852676,1.3152680868282518,Milling,Milling,Drilling,Low,0.3910402417792648,0.26033660167820155,0.34862315654253373,Drilling stress = 1.03; Assembly stress = 0.91
2834,Crack,0.7301023418520234,0.6966601710475537,0.905769925442326,0.905769925442326,Assembly,No clear abnormal zone,No clear abnormal zone,Low,,,,No production zone shows strong deviation from baseline.
2835,Crack,1.1809591774399812,1.1498088831407784,0.9099327329729744,1.1809591774399812,Drilling,Drilling,Drilling,Medium,0.4449860877656975,0.21566915494332226,0.33934475729098035,Drilling stress = 1.18; Assembly stress = 0.91
2836,Crack,1.3391538028826433,0.6642675462379484,0.9170362894376064,1.3391538028826433,Drilling,Drilling,Drilling,Medium,0.5234878105431425,0.13328374920260663,0.34322844025425076,Drilling stress = 1.34; Assembly stress = 0.92
2837,Crack,1.0012518720184764,0.925678016315413,1.0925355240992871,1.0925355240992871,Assembly,Assembly,Assembly,Low,0.3907493454869519,0.18115359417460009,0.4280970603384481,Assembly stress = 1.09; Drilling stress = 1.00
2838,Crack,0.3041584985535527,0.3358404680503234,0.4022403927714276,0.4022403927714276,Assembly,No clear abnormal zone,No clear abnormal zone,Low,,,,No production zone shows strong deviation from baseline.
2839,Crack,1.1841984558510497,0.8476063798294176,0.9116002849317952,1.1841984558510497,Drilling,Drilling,Drilling,Medium,0.47203237932561665,0.1685627909420381,0.3594048297323453,Drilling stress = 1.18; Assembly stress = 0.91
2840,Crack,1.0621542190631812,0.9726271799061194,1.207667011297011,1.207667011297011,Assembly,Assembly,Assembly,Low,0.382582649280984,0.17490981299350417,0.44250753772551177,Assembly stress = 1.21; Drilling stress = 1.06
2841,Crack,0.9886545774276068,0.910825071183876,1.089439914834767,1.089439914834767,Assembly,Assembly,Assembly,Low,0.38931709812640264,0.18008293360464414,0.43059996826895325,Assembly stress = 1.09; Drilling stress = 0.99
2842,Crack,0.4360922064439807,1.020997767668092,0.7731646014815576,1.020997767668092,Milling,Milling,Assembly,Medium,0.303190974731261,0.2720868365238511,0.42472218874488793,Assembly stress = 0.77; Drilling stress = 0.44
2843,Crack,0.8196124029224706,0.7782549578516795,0.8073765630892467,0.8196124029224706,Drilling,No clear abnormal zone,No clear abnormal zone,Low,,,,No production zone shows strong deviation from baseline.
2844,Crack,1.448552747042641,1.0248152302246565,0.9175289863939352,1.448552747042641,Drilling,Drilling,Drilling,High,0.5221112748398674,0.17088589242106514,0.3070028327390674,Drilling stress = 1.45; Assembly stress = 0.92
2845,Crack,0.2842040439710466,0.369940806827523,0.6599067238475251,0.6599067238475251,Assembly,No clear abnormal zone,No clear abnormal zone,Low,,,,No production zone shows strong deviation from baseline.
2846,Crack,1.4393653807042142,1.3422165211609602,1.6684622038506898,1.6684622038506898,Assembly,Assembly,Assembly,Low,0.3688438699031637,0.1673483214790867,0.4638078086177496,Assembly stress = 1.67; Drilling stress = 1.44
2847,Crack,1.4496671237859469,1.3550667003673262,1.6684622038506898,1.6684622038506898,Assembly,Assembly,Assembly,Low,0.37044660036705535,0.16850437297104962,0.4610490266618951,Assembly stress = 1.67; Drilling stress = 1.45
2848,Crack,0.7174880739750765,0.6965182914288446,0.6117777852808731,0.7174880739750765,Drilling,No clear abnormal zone,No clear abnormal zone,Low,,,,No production zone shows strong deviation from baseline.
2849,Crack,1.1653444722334243,0.6703269500564377,0.9030210210482236,1.1653444722334243,Drilling,Drilling,Drilling,Medium,0.482150248651289,0.1469498073586621,0.3708999439900489,Drilling stress = 1.17; Assembly stress = 0.90
2850,Crack,0.2673368045971421,0.3761801946757425,0.4664573456513556,0.4664573456513556,Assembly,No clear abnormal zone,No clear abnormal zone,Low,,,,No production zone shows strong deviation from baseline.
2851,Crack,0.2848088294574675,0.1299688065826061,0.3851422524176305,0.3851422524176305,Assembly,No clear abnormal zone,No clear abnormal zone,Low,,,,No production zone shows strong deviation from baseline.
2852,Crack,0.6873017135169259,0.5187884695875146,0.9105806526913032,0.9105806526913032,Assembly,No clear abnormal zone,No clear abnormal zone,Low,,,,No production zone shows strong deviation from baseline.
2853,Crack,1.3107863534920567,0.597604814839626,0.8946428453883506,1.3107863534920567,Drilling,Drilling,Drilling,Medium,0.5250372252215171,0.1286557774566586,0.34630699732182424,Drilling stress = 1.31; Assembly stress = 0.89
2854,Crack,1.3165349439811256,0.961696132563324,0.9154701253259684,1.3165349439811256,Drilling,Drilling,Drilling,Medium,0.4949882701564925,0.17356428919380523,0.33144744064970233,Drilling stress = 1.32; Assembly stress = 0.92
2855,Crack,1.5417008904589382,0.8278137815783395,0.9097800204543676,1.5417008904589382,Drilling,Drilling,Drilling,High,0.5629241832238362,0.1378423531879304,0.2992334635882335,Drilling stress = 1.54; Assembly stress = 0.91
2856,Crack,1.3281250266185969,1.2315685753880654,1.6667348211501292,1.6667348211501292,Assembly,Assembly,Assembly,Medium,0.3500205511935793,0.15890209195172558,0.4910773568546952,Assembly stress = 1.67; Drilling stress = 1.33
2857,Crack,0.8808346911055794,0.8524634560142127,0.9096293916099027,0.9096293916099027,Assembly,No clear abnormal zone,No clear abnormal zone,Low,,,,No production zone shows strong deviation from baseline.
2858,Crack,1.2264377784211509,1.1292586313209356,1.492813311551997,1.492813311551997,Assembly,Assembly,Assembly,Medium,0.36246043137738765,0.16444710787957284,0.4730924607430396,Assembly stress = 1.49; Drilling stress = 1.23
2859,Crack,0.7237767069265754,0.555627635801255,0.6592759319419552,0.7237767069265754,Drilling,No clear abnormal zone,No clear abnormal zone,Low,,,,No production zone shows strong deviation from baseline.
2860,Crack,1.4235596831435726,0.910575343000299,0.9133305297514732,1.4235596831435726,Drilling,Drilling,Drilling,High,0.5263958369451077,0.15757821697980395,0.3160259460750883,Drilling stress = 1.42; Assembly stress = 0.91
2861,Crack,1.2732169173912076,0.7774959344479601,0.8846036981851267,1.2732169173912076,Drilling,Drilling,Drilling,Medium,0.5043977829738747,0.15362230810167682,0.3419799089244486,Drilling stress = 1.27; Assembly stress = 0.88
2862,Crack,1.3344506014835045,1.238261061306663,1.668390415263679,1.668390415263679,Assembly,Assembly,Assembly,Medium,0.350802722558265,0.15931562551779863,0.4898816519239364,Assembly stress = 1.67; Drilling stress = 1.33
2863,Crack,0.5144192819657105,1.3093946329350383,0.3073592987198479,1.3093946329350383,Milling,Milling,Milling,Low,0.34244650948837285,0.3791544490069278,0.2783990415046993,Milling stress = 1.31; Drilling stress = 0.51
2864,Crack,1.4492980055274485,0.7106310687115341,0.9187893579989262,1.4492980055274485,Drilling,Drilling,Drilling,High,0.547291204586724,0.1307342857289318,0.3219745096843441,Drilling stress = 1.45; Assembly stress = 0.92
2865,Crack,1.087324824429954,1.0002112208646876,1.2534472259313456,1.2534472259313456,Assembly,Assembly,Assembly,Low,0.37893082522156585,0.17365887476703243,0.4474103000114017,Assembly stress = 1.25; Drilling stress = 1.09
2866,Crack,0.2692972475976325,0.4424600493243146,0.4219844471252594,0.4424600493243146,Milling,No clear abnormal zone,No clear abnormal zone,Low,,,,No production zone shows strong deviation from baseline.
2867,Crack,0.5867158621662771,0.3039031122728924,0.3631419783818575,0.5867158621662771,Drilling,No clear abnormal zone,No clear abnormal zone,Low,,,,No production zone shows strong deviation from baseline.
2868,Crack,0.4535901073167376,0.9154949582965356,0.8252437830621465,0.9154949582965356,Milling,No clear abnormal zone,No clear abnormal zone,Low,,,,No production zone shows strong deviation from baseline.
2869,Crack,1.2353885132605569,1.1389758350746289,1.5072071874121282,1.5072071874121282,Assembly,Assembly,Assembly,Medium,0.3614814593487795,0.16412870283408884,0.47438983781713157,Assembly stress = 1.51; Drilling stress = 1.24
2870,Crack,0.2826412541497588,0.5563181732929915,0.4923797820343377,0.5563181732929915,Milling,No clear abnormal zone,No clear abnormal zone,Low,,,,No production zone shows strong deviation from baseline.
2871,Crack,1.202824931425305,0.6738045959120744,0.91829977814825,1.202824931425305,Drilling,Drilling,Drilling,Medium,0.4885287646194467,0.14391614984531648,0.36755508553523675,Drilling stress = 1.20; Assembly stress = 0.92
2872,Crack,1.4716402029554767,1.5719454883024482,0.9129417601197184,1.5719454883024482,Milling,Milling,Drilling,High,0.47065308792948873,0.26015546216972124,0.26919144990079014,Drilling stress = 1.47; Assembly stress = 0.91
2873,Crack,1.4357278511008027,1.341950207421721,1.6684622038506898,1.6684622038506898,Assembly,Assembly,Assembly,Low,0.36801388591435075,0.1675355967640877,0.46445051732156156,Assembly stress = 1.67; Drilling stress = 1.44
2874,Crack,0.2667028870116203,0.1889184309556626,0.3369454190657157,0.3369454190657157,Assembly,No clear abnormal zone,No clear abnormal zone,Low,,,,No production zone shows strong deviation from baseline.
2875,Crack,1.095562974979528,1.012771269655948,1.280632987887361,1.280632987887361,Assembly,Assembly,Assembly,Low,0.37543539435833206,0.17280218797979965,0.4517624176618683,Assembly stress = 1.28; Drilling stress = 1.10
2876,Crack,0.277429536391277,1.5237794012601686,0.7295155412510317,1.5237794012601686,Milling,Milling,Milling,Low,0.23199702582796333,0.40339943954302027,0.36460353462901635,Milling stress = 1.52; Assembly stress = 0.73
2877,Crack,0.3033468060115906,0.4140631060738818,0.3760231294081908,0.4140631060738818,Milling,No clear abnormal zone,No clear abnormal zone,Low,,,,No production zone shows strong deviation from baseline.
2878,Crack,0.3332228838166688,0.0770149122862898,0.3897891339738385,0.3897891339738385,Assembly,No clear abnormal zone,No clear abnormal zone,Low,,,,No production zone shows strong deviation from baseline.
2879,Crack,1.396851511618018,0.7676096698641698,0.9144230125351932,1.396851511618018,Drilling,Drilling,Drilling,High,0.5308474464862444,0.14146971457429552,0.3276828389394602,Drilling stress = 1.40; Assembly stress = 0.91
2880,Crack,1.22254065914107,1.125294237365273,1.4880767253926432,1.4880767253926432,Assembly,Assembly,Assembly,Medium,0.3626083906696047,0.16450316925513775,0.47288844007525754,Assembly stress = 1.49; Drilling stress = 1.22
2881,Crack,1.2369052176056998,1.1388199441053182,1.510294852688962,1.510294852688962,Assembly,Assembly,Assembly,Medium,0.36131108594616523,0.1637771835444157,0.47491173050941915,Assembly stress = 1.51; Drilling stress = 1.24
2882,Crack,0.2812114573823976,0.2805803341667332,0.7986084716229234,0.7986084716229234,Assembly,No clear abnormal zone,No clear abnormal zone,Low,,,,No production zone shows strong deviation from baseline.
2883,Crack,0.3008541060648389,0.5252652856599249,0.697399075888495,0.697399075888495,Assembly,No clear abnormal zone,No clear abnormal zone,Low,,,,No production zone shows strong deviation from baseline.
2884,Crack,0.8910880321765775,0.5732917282967195,0.8614427915156659,0.8910880321765775,Drilling,No clear abnormal zone,No clear abnormal zone,Low,,,,No production zone shows strong deviation from baseline.
2885,Crack,1.001150192782349,0.9238506277307168,1.111485827136995,1.111485827136995,Assembly,Assembly,Assembly,Low,0.38767818240762675,0.17941989179746018,0.432901925794913,Assembly stress = 1.11; Drilling stress = 1.00
2886,Crack,0.4256426797229107,0.2038778856262016,0.3558865470055676,0.4256426797229107,Drilling,No clear abnormal zone,No clear abnormal zone,Low,,,,No production zone shows strong deviation from baseline.
2887,Crack,1.4336854729000907,0.7025593807450079,0.9138499855164042,1.4336854729000907,Drilling,Drilling,Drilling,High,0.5448695518249351,0.13114100768536707,0.32398944048969786,Drilling stress = 1.43; Assembly stress = 0.91
2888,Crack,1.1624593675523265,2.522706071266993,0.8863799065573874,2.522706071266993,Milling,Milling,Milling,High,0.2697359052171944,0.5256012653716047,0.20466282941120087,Milling stress = 2.52; Drilling stress = 1.16
2889,Crack,1.3312412026590552,0.962265567631778,0.917056246892233,1.3312412026590552,Drilling,Drilling,Drilling,Medium,0.4983554680096485,0.17229201484846518,0.3293525171418864,Drilling stress = 1.33; Assembly stress = 0.92
2890,Crack,0.3492650230116896,0.1902869351874783,0.6419673374739612,0.6419673374739612,Assembly,No clear abnormal zone,No clear abnormal zone,Low,,,,No production zone shows strong deviation from baseline.
2891,Crack,1.3723159944668022,0.8527148997372358,0.9013426478222116,1.3723159944668022,Drilling,Drilling,Drilling,Medium,0.5203527938375677,0.15474192912610168,0.32490527703633054,Drilling stress = 1.37; Assembly stress = 0.90
2892,Crack,1.144734475657079,0.7420927132193162,0.9188460907276153,1.144734475657079,Drilling,Drilling,Drilling,Low,0.4690249096395132,0.15678366673753566,0.3741914236229512,Drilling stress = 1.14; Assembly stress = 0.92
2893,Crack,1.4800311135902215,0.5880535691452085,0.8966195289790233,1.4800311135902215,Drilling,Drilling,Drilling,High,0.5672427371586869,0.11624064812261457,0.3165166147186987,Drilling stress = 1.48; Assembly stress = 0.90
2894,Crack,1.2336751622396376,1.1388069531912093,1.5049668027047391,1.5049668027047391,Assembly,Assembly,Assembly,Medium,0.36148010957493015,0.16438177660128644,0.47413811382378346,Assembly stress = 1.50; Drilling stress = 1.23
2895,Crack,1.343595464326112,1.2464973008519058,1.6668577329564849,1.6668577329564849,Assembly,Assembly,Assembly,Medium,0.352688760633128,0.16002669195706024,0.48728454740981175,Assembly stress = 1.67; Drilling stress = 1.34
2896,Crack,1.4578705958605944,0.8093105965004415,0.9136934638664552,1.4578705958605944,Drilling,Drilling,Drilling,High,0.5429712481225137,0.14193215880722146,0.3150965930702648,Drilling stress = 1.46; Assembly stress = 0.91
2897,Crack,1.319506754921249,1.2231872706352696,1.6480759774561764,1.6480759774561764,Assembly,Assembly,Assembly,Medium,0.3517329163553517,0.15971731356393012,0.48854977008071826,Assembly stress = 1.65; Drilling stress = 1.32
2898,Crack,1.22443318238128,1.1284120567514848,1.4923493571755355,1.4923493571755355,Assembly,Assembly,Assembly,Medium,0.36212728467147454,0.16448632876635907,0.47338638656216636,Assembly stress = 1.49; Drilling stress = 1.22
2899,Crack,0.3057606664391588,0.4590863262871668,0.4817266301302748,0.4817266301302748,Assembly,No clear abnormal zone,No clear abnormal zone,Low,,,,No production zone shows strong deviation from baseline.
2900,Crack,1.022221447326183,0.8432620922620435,0.9137791701151124,1.022221447326183,Drilling,Drilling,Drilling,Low,0.43190935504207584,0.18056831891631658,0.3875223260416075,Drilling stress = 1.02; Assembly stress = 0.91
2901,Crack,0.3806160771836083,1.0799365684391504,0.8138386957515985,1.0799365684391504,Milling,Milling,Assembly,Medium,0.2818162108081233,0.2835613308785227,0.43462245831335405,Assembly stress = 0.81; Milling stress = 1.08
2902,Crack,1.4007215138617966,0.614315074419072,0.9056287427996692,1.4007215138617966,Drilling,Drilling,Drilling,High,0.5442906491680001,0.12395638448847165,0.33175296634352824,Drilling stress = 1.40; Assembly stress = 0.91
2903,Crack,1.2256791776060876,1.1321902476049153,1.4938816328794622,1.4938816328794622,Assembly,Assembly,Assembly,Medium,0.36192729087663245,0.16481229613453632,0.47326041298883126,Assembly stress = 1.49; Drilling stress = 1.23
2904,Crack,0.2759276018113081,0.4287152798882955,0.5049633377404663,0.5049633377404663,Assembly,No clear abnormal zone,No clear abnormal zone,Low,,,,No production zone shows strong deviation from baseline.
2905,Crack,0.8794382610530141,0.8388727282376324,0.9056602879054134,0.9056602879054134,Assembly,No clear abnormal zone,No clear abnormal zone,Low,,,,No production zone shows strong deviation from baseline.
2906,Crack,0.9930509635496344,0.9143975725639106,1.0907541097644402,1.0907541097644402,Assembly,Assembly,Assembly,Low,0.38989158570793353,0.18020014387073174,0.4299082704213347,Assembly stress = 1.09; Drilling stress = 0.99
2907,Crack,0.3294160859070721,0.4704921733902975,0.7661749966728191,0.7661749966728191,Assembly,No clear abnormal zone,No clear abnormal zone,Low,,,,No production zone shows strong deviation from baseline.
2908,Crack,1.5061846275719089,1.2585560037761965,0.9192452250634312,1.5061846275719089,Drilling,Drilling,Drilling,High,0.5137818491290181,0.20054184996516022,0.28567630090582147,Drilling stress = 1.51; Assembly stress = 0.92
2909,Crack,0.7335655586611884,0.8909072345196163,0.9035209235086284,0.9035209235086284,Assembly,No clear abnormal zone,No clear abnormal zone,Low,,,,No production zone shows strong deviation from baseline.
2910,Crack,0.7105690937833599,0.7036351472083433,0.6024602947291352,0.7105690937833599,Drilling,No clear abnormal zone,No clear abnormal zone,Low,,,,No production zone shows strong deviation from baseline.
2911,Crack,1.124839949788221,1.0379714778754754,1.3205466363275449,1.3205466363275449,Assembly,Assembly,Assembly,Low,0.37389202191942594,0.1713916677025355,0.45471631037803856,Assembly stress = 1.32; Drilling stress = 1.12
2912,Crack,0.2928163195358131,0.5245445030801382,0.7084066934269768,0.7084066934269768,Assembly,No clear abnormal zone,No clear abnormal zone,Low,,,,No production zone shows strong deviation from baseline.
2913,Crack,0.950116485961527,0.8834662060698675,1.0133887902335406,1.0133887902335406,Assembly,Assembly,Assembly,Low,0.3947766240113277,0.18466117062116133,0.420562205367511,Assembly stress = 1.01; Drilling stress = 0.95
2914,Crack,0.8270697423441298,1.180878848013514,0.8987101753282625,1.180878848013514,Milling,Milling,Assembly,Low,0.3588717705649681,0.2556034102974446,0.38552481913758735,Assembly stress = 0.90; Drilling stress = 0.83
2915,Crack,1.1062892974220777,1.3247763446639882,0.9152356751393196,1.3247763446639882,Milling,Milling,Drilling,Low,0.4084659067626836,0.2541051907050805,0.337428902532236,Drilling stress = 1.11; Assembly stress = 0.92
2916,Crack,1.3340973803460685,1.2379644354345023,1.6682675290532218,1.6682675290532218,Assembly,Assembly,Assembly,Medium,0.3507599766269218,0.15930522829397134,0.4899347950791069,Assembly stress = 1.67; Drilling stress = 1.33
2917,Crack,0.9914534990309928,0.9206678537739588,1.0851839586178311,1.0851839586178311,Assembly,Assembly,Assembly,Low,0.39000123142510673,0.18167458111230864,0.4283241874625845,Assembly stress = 1.09; Drilling stress = 0.99
2918,Crack,1.0069725033566828,0.7938922120958222,0.8756845573085454,1.0069725033566828,Drilling,Drilling,Drilling,Low,0.4384021242358112,0.17713446071478497,0.3844634150494038,Drilling stress = 1.01; Assembly stress = 0.88
2919,Crack,1.4921896455645278,0.8945847509889204,0.8988727305692414,1.4921896455645278,Drilling,Drilling,Drilling,High,0.5471790017196658,0.1505091555241566,0.30231184275617756,Drilling stress = 1.49; Assembly stress = 0.90
2920,Crack,0.2976366410781799,1.2873137997858843,0.7166509313023406,1.2873137997858843,Milling,Milling,Assembly,Low,0.25868904369477225,0.347984074240459,0.3933268820647686,Assembly stress = 0.72; Milling stress = 1.29
2921,Crack,0.4793993315836228,0.4349234584031199,0.8747308322722673,0.8747308322722673,Assembly,No clear abnormal zone,No clear abnormal zone,Low,,,,No production zone shows strong deviation from baseline.
2922,Crack,0.7964906925219273,0.7694795953709042,0.7351976859546654,0.7964906925219273,Drilling,No clear abnormal zone,No clear abnormal zone,Low,,,,No production zone shows strong deviation from baseline.
2923,Crack,0.2561119008217861,0.4158461202652132,0.7269484859014913,0.7269484859014913,Assembly,No clear abnormal zone,No clear abnormal zone,Low,,,,No production zone shows strong deviation from baseline.
2924,Crack,1.4079331566318158,0.7271016903675558,0.9139742541770476,1.4079331566318158,Drilling,Drilling,Drilling,High,0.536681128232082,0.13583290208038426,0.3274859696875338,Drilling stress = 1.41; Assembly stress = 0.91
2925,Crack,1.0342129630448964,0.9538553090183024,1.1617899601852568,1.1617899601852568,Assembly,Assembly,Assembly,Low,0.384990681858809,0.1776320536335863,0.4373772645076047,Assembly stress = 1.16; Drilling stress = 1.03
2926,Crack,1.1003518487794148,1.0093611547022787,1.2718163979580548,1.2718163979580548,Assembly,Assembly,Assembly,Low,0.3782784689305151,0.17268907791647004,0.4490324531530148,Assembly stress = 1.27; Drilling stress = 1.10
2927,Crack,1.0590404712213513,0.6421356489228753,0.9050310739981142,1.0590404712213513,Drilling,Drilling,Drilling,Low,0.45728797921593656,0.15069551454130303,0.39201650624276035,Drilling stress = 1.06; Assembly stress = 0.91
2928,Crack,1.0052218556284276,0.7662522982864337,0.8914904391217311,1.0052218556284276,Drilling,Drilling,Drilling,Low,0.43740378688953935,0.1722143682848154,0.3903818448256453,Drilling stress = 1.01; Assembly stress = 0.89
2929,Crack,0.4726696052489574,0.5324430462294477,0.4352304470089659,0.5324430462294477,Milling,No clear abnormal zone,No clear abnormal zone,Low,,,,No production zone shows strong deviation from baseline.
2930,Crack,1.2492688640342566,1.1512652398219472,1.5292421613122469,1.5292421613122469,Assembly,Assembly,Assembly,Medium,0.36017640554025265,0.1632761798719356,0.47654741458781175,Assembly stress = 1.53; Drilling stress = 1.25
2931,Crack,0.6946180447129138,0.6829297952706048,0.5882159015886645,0.6946180447129138,Drilling,No clear abnormal zone,No clear abnormal zone,Low,,,,No production zone shows strong deviation from baseline.
2932,Crack,1.400050501253433,0.7146340771136985,0.909147551889147,1.400050501253433,Drilling,Drilling,Drilling,High,0.5364767574616975,0.13516005028692957,0.32836319225137284,Drilling stress = 1.40; Assembly stress = 0.91
2933,Crack,1.5249597357985016,0.6333133617022133,0.918017282780669,1.5249597357985016,Drilling,Drilling,Drilling,High,0.5714269909397838,0.11713688058806511,0.3114361284721512,Drilling stress = 1.52; Assembly stress = 0.92
2934,Crack,1.3347049855136763,1.2399780271214311,1.6684622038506898,1.6684622038506898,Assembly,Assembly,Assembly,Medium,0.3507523052032534,0.159525877783315,0.48972181701343154,Assembly stress = 1.67; Drilling stress = 1.33
2935,Crack,1.142578407136362,0.9578559103814606,0.9084428767469506,1.142578407136362,Drilling,Drilling,Drilling,Low,0.45311976580869645,0.18834714892441873,0.3585330852668848,Drilling stress = 1.14; Assembly stress = 0.91
2936,Crack,1.281682358941593,0.6852451279070794,0.9186835606214728,1.281682358941593,Drilling,Drilling,Drilling,Medium,0.5073637569213653,0.13972047282347488,0.3529157702551598,Drilling stress = 1.28; Assembly stress = 0.92
2937,Crack,0.2005840421468464,0.4185893167040379,0.3375488243089992,0.4185893167040379,Milling,No clear abnormal zone,No clear abnormal zone,Low,,,,No production zone shows strong deviation from baseline.
2938,Crack,1.0998918719724284,1.0053296410237187,1.2794099391963578,1.2794099391963578,Assembly,Assembly,Assembly,Low,0.3771413023877317,0.17155613195962258,0.4513025656526457,Assembly stress = 1.28; Drilling stress = 1.10
2939,Crack,1.499791668319787,0.5914361245725666,0.9185039221088844,1.499791668319787,Drilling,Drilling,Drilling,High,0.5679329684651542,0.11449151027601086,0.317575521258835,Drilling stress = 1.50; Assembly stress = 0.92
2940,Crack,0.7772978381785759,0.7459790317473325,0.7220428495759685,0.7772978381785759,Drilling,No clear abnormal zone,No clear abnormal zone,Low,,,,No production zone shows strong deviation from baseline.
2941,Crack,0.2988109806450244,0.5535819907797743,0.3744094629676353,0.5535819907797743,Milling,No clear abnormal zone,No clear abnormal zone,Low,,,,No production zone shows strong deviation from baseline.
2942,Crack,1.1192522160531628,0.8611418031448324,0.904012027580887,1.1192522160531628,Drilling,Drilling,Drilling,Low,0.4560789770584265,0.17616276985217313,0.36775825308940036,Drilling stress = 1.12; Assembly stress = 0.90
2943,Crack,0.8193604676269817,0.8352790583057351,0.8894755469767301,0.8894755469767301,Assembly,No clear abnormal zone,No clear abnormal zone,Low,,,,No production zone shows strong deviation from baseline.
2944,Crack,1.1304440110707246,0.5320441373652021,0.8831448555731332,1.1304440110707246,Drilling,Drilling,Drilling,Medium,0.4864399277437223,0.13369570525041088,0.3798643670058668,Drilling stress = 1.13; Assembly stress = 0.88
2945,Crack,1.4455464160878582,1.45901257802332,0.91794575851473,1.45901257802332,Milling,Milling,Drilling,Medium,0.47691776449621726,0.2416917263194538,0.2813905091843288,Drilling stress = 1.45; Assembly stress = 0.92
2946,Crack,0.7363075791684057,0.6853242184360675,0.671397621441683,0.7363075791684057,Drilling,No clear abnormal zone,No clear abnormal zone,Low,,,,No production zone shows strong deviation from baseline.
2947,Crack,0.4578073924542796,0.493554509508174,0.4515491704709607,0.493554509508174,Milling,No clear abnormal zone,No clear abnormal zone,Low,,,,No production zone shows strong deviation from baseline.
2948,Crack,1.319567929899702,0.6349784894822985,0.9060337743105626,1.319567929899702,Drilling,Drilling,Drilling,Medium,0.5226141513518183,0.1317764347404949,0.34560941390768674,Drilling stress = 1.32; Assembly stress = 0.91
2949,Crack,0.4699116458127153,1.8368868140295915,0.3560252379288812,1.8368868140295915,Milling,Milling,Milling,High,0.2594645016380892,0.5089999333851829,0.23153556497672795,Milling stress = 1.84; Drilling stress = 0.47
2950,Crack,1.3260202823180036,1.2292670184383825,1.6569539912423843,1.6569539912423843,Assembly,Assembly,Assembly,Medium,0.3513509034229356,0.159474654634595,0.48917444194246934,Assembly stress = 1.66; Drilling stress = 1.33
2951,Crack,0.6833792757090755,0.6851382506691714,0.5471310775556019,0.6851382506691714,Milling,No clear abnormal zone,No clear abnormal zone,Low,,,,No production zone shows strong deviation from baseline.
2952,Crack,0.3427879011406216,0.724695680324278,0.7912126632671732,0.7912126632671732,Assembly,No clear abnormal zone,No clear abnormal zone,Low,,,,No production zone shows strong deviation from baseline.
2953,Crack,0.4360435875304131,0.3812003799121698,0.8656004002596698,0.8656004002596698,Assembly,No clear abnormal zone,No clear abnormal zone,Low,,,,No production zone shows strong deviation from baseline.
2954,Crack,0.4721809366550261,0.5284180280079424,0.3296586385034202,0.5284180280079424,Milling,No clear abnormal zone,No clear abnormal zone,Low,,,,No production zone shows strong deviation from baseline.
2955,Crack,1.3717978346098847,1.222941262746804,0.908117430729072,1.3717978346098847,Drilling,Drilling,Drilling,Medium,0.4854814619384153,0.20916791514407912,0.30535062291750564,Drilling stress = 1.37; Assembly stress = 0.91
2956,Crack,0.2811101085991947,0.6514622618447956,0.4644246619498235,0.6514622618447956,Milling,No clear abnormal zone,No clear abnormal zone,Low,,,,No production zone shows strong deviation from baseline.
2957,Crack,1.1256384797391807,0.8702104077106134,0.8827495008137529,1.1256384797391807,Drilling,Drilling,Drilling,Low,0.46047914406489715,0.1783400841075091,0.3611807718275938,Drilling stress = 1.13; Assembly stress = 0.88
2958,Crack,0.2819374094975053,0.8075872462365238,0.6883120995809977,0.8075872462365238,Milling,No clear abnormal zone,No clear abnormal zone,Low,,,,No production zone shows strong deviation from baseline.
2959,Crack,1.4840625338102127,0.8013320966860198,0.9162244745596622,1.4840625338102127,Drilling,Drilling,Drilling,High,0.549641658520783,0.13884926472031064,0.3115090767589064,Drilling stress = 1.48; Assembly stress = 0.92
2960,Crack,0.8446640941383168,0.8049707727172819,0.8503316357767954,0.8503316357767954,Assembly,No clear abnormal zone,No clear abnormal zone,Low,,,,No production zone shows strong deviation from baseline.
2961,Crack,1.1937826579654898,1.10377911844806,1.435531229260846,1.435531229260846,Assembly,Assembly,Assembly,Medium,0.3662416147257964,0.16735922414905857,0.46639916112514496,Assembly stress = 1.44; Drilling stress = 1.19
2962,Crack,0.2836253822000091,0.4355019693065615,0.3247379809551265,0.4355019693065615,Milling,No clear abnormal zone,No clear abnormal zone,Low,,,,No production zone shows strong deviation from baseline.
2963,Crack,0.7559752788054902,0.6239505343223246,0.8889737328093754,0.8889737328093754,Assembly,No clear abnormal zone,No clear abnormal zone,Low,,,,No production zone shows strong deviation from baseline.
2964,Crack,1.2409140143505275,1.5322635096764572,0.908921663103951,1.5322635096764572,Milling,Milling,Drilling,Medium,0.4190045523539656,0.28036269365675087,0.30063275398928346,Drilling stress = 1.24; Assembly stress = 0.91
2965,Crack,1.4395914450181675,0.6441862398670205,0.9166070017001812,1.4395914450181675,Drilling,Drilling,Drilling,High,0.5499194843460334,0.124116357146447,0.32596415850751953,Drilling stress = 1.44; Assembly stress = 0.92
2966,Crack,1.1032295025315555,1.0132324471068253,1.280557905882799,1.280557905882799,Assembly,Assembly,Assembly,Low,0.377217555232248,0.17237595125247754,0.45040649351527456,Assembly stress = 1.28; Drilling stress = 1.10
2967,Crack,1.5270957494838229,0.7325665349028327,0.9181974885797032,1.5270957494838229,Drilling,Drilling,Drilling,High,0.5650206651952082,0.12763644010537292,0.30734289469941894,Drilling stress = 1.53; Assembly stress = 0.92
2968,Crack,1.1759127298884706,0.6836727793361833,0.9157951336926472,1.1759127298884706,Drilling,Drilling,Drilling,Medium,0.48155899749203257,0.14717783553702013,0.37126316697094736,Drilling stress = 1.18; Assembly stress = 0.92
2969,Crack,1.2332046178478413,1.1347451273797278,1.50625423020518,1.50625423020518,Assembly,Assembly,Assembly,Medium,0.36139157871620786,0.16375237938772483,0.4748560418960672,Assembly stress = 1.51; Drilling stress = 1.23
2970,Crack,0.9377240574037792,0.5962481185962688,0.9039193567625404,0.9377240574037792,Drilling,No clear abnormal zone,No clear abnormal zone,Low,,,,No production zone shows strong deviation from baseline.
2971,Crack,0.6851786230505432,0.6423805866957029,0.5564069703121131,0.6851786230505432,Drilling,No clear abnormal zone,No clear abnormal zone,Low,,,,No production zone shows strong deviation from baseline.
2972,Crack,1.3287909618822946,1.233484735219175,1.663336482316212,1.663336482316212,Assembly,Assembly,Assembly,Medium,0.35064927763699755,0.15938666536629337,0.489964056996709,Assembly stress = 1.66; Drilling stress = 1.33
2973,Crack,1.398600919047786,0.8387709996841566,0.91410722353316,1.398600919047786,Drilling,Drilling,Drilling,High,0.5258557714533552,0.1502123375031322,0.3239318910435127,Drilling stress = 1.40; Assembly stress = 0.91
2974,Crack,0.5689431209118192,1.781328698367065,0.3656881389253733,1.781328698367065,Milling,Milling,Milling,Medium,0.2859743400242389,0.48065054264611107,0.23337511732965002,Milling stress = 1.78; Drilling stress = 0.57
2975,Crack,0.4216874932500054,0.7463044217571149,0.8344545929434481,0.8344545929434481,Assembly,No clear abnormal zone,No clear abnormal zone,Low,,,,No production zone shows strong deviation from baseline.
2976,Crack,1.1970957436121,1.3744165552786485,0.9075053302273072,1.3744165552786485,Milling,Milling,Drilling,Medium,0.42633430294474683,0.25452458138945017,0.319141115665803,Drilling stress = 1.20; Assembly stress = 0.91
2977,Crack,0.3176284022595911,0.1841252839970902,0.6606198510064909,0.6606198510064909,Assembly,No clear abnormal zone,No clear abnormal zone,Low,,,,No production zone shows strong deviation from baseline.
2978,Crack,0.5139460931582558,0.5094792050537211,0.3870415560863807,0.5139460931582558,Drilling,No clear abnormal zone,No clear abnormal zone,Low,,,,No production zone shows strong deviation from baseline.
2979,Crack,1.298304731030816,0.6018319383287395,0.9169710620840024,1.298304731030816,Drilling,Drilling,Drilling,Medium,0.5175662100313313,0.12896196111283237,0.35347182885583633,Drilling stress = 1.30; Assembly stress = 0.92
2980,Crack,0.2653805036757592,1.1008796112436745,0.4469385438685859,1.1008796112436745,Milling,Milling,Assembly,Low,0.2983234396433429,0.34396165834365533,0.3577149020130019,Assembly stress = 0.45; Milling stress = 1.10
2981,Crack,0.6211567620381298,0.6457692854611926,0.4494309697286172,0.6457692854611926,Milling,No clear abnormal zone,No clear abnormal zone,Low,,,,No production zone shows strong deviation from baseline.
2982,Crack,1.3445352269853452,1.247352536030763,1.668196461996705,1.668196461996705,Assembly,Assembly,Assembly,Medium,0.35262496271717214,0.15998422107320143,0.4873908162096263,Assembly stress = 1.67; Drilling stress = 1.34
2983,Crack,0.6789770040123793,0.6886674490021751,0.581854108047132,0.6886674490021751,Milling,No clear abnormal zone,No clear abnormal zone,Low,,,,No production zone shows strong deviation from baseline.
2984,Crack,1.015714882091142,0.7171608099079407,0.9189459055135014,1.015714882091142,Drilling,Drilling,Drilling,Low,0.43884463484495423,0.16278725930897048,0.39836810584607535,Drilling stress = 1.02; Assembly stress = 0.92
2985,Crack,1.4871874650582386,1.3299867925139934,0.919414874375784,1.4871874650582386,Drilling,Drilling,Drilling,High,0.5014912395019782,0.21427029645181692,0.28423846404620473,Drilling stress = 1.49; Assembly stress = 0.92
2986,Crack,0.5438291036521123,0.6316954979215406,0.8585034776411853,0.8585034776411853,Assembly,No clear abnormal zone,No clear abnormal zone,Low,,,,No production zone shows strong deviation from baseline.
2987,Crack,1.1868301071976617,1.0916347789082947,1.429352911116886,1.429352911116886,Assembly,Assembly,Assembly,Medium,0.36642680713173215,0.16657677010113145,0.46699642276713643,Assembly stress = 1.43; Drilling stress = 1.19
2988,Crack,0.5200322189643651,0.5250584193650937,0.8601564503748572,0.8601564503748572,Assembly,No clear abnormal zone,No clear abnormal zone,Low,,,,No production zone shows strong deviation from baseline.
2989,Crack,0.2566406841513461,0.5445930850963068,0.3403902474936732,0.5445930850963068,Milling,No clear abnormal zone,No clear abnormal zone,Low,,,,No production zone shows strong deviation from baseline.
2990,Crack,0.9898175385471206,0.7617870157952992,0.8802457968478856,0.9898175385471206,Drilling,No clear abnormal zone,No clear abnormal zone,Low,,,,No production zone shows strong deviation from baseline.
2991,Crack,0.7351513171857829,0.720809000364306,0.6610403474997673,0.7351513171857829,Drilling,No clear abnormal zone,No clear abnormal zone,Low,,,,No production zone shows strong deviation from baseline.
2992,Crack,1.2356912676807723,1.1391728639386187,1.504747725616978,1.504747725616978,Assembly,Assembly,Assembly,Medium,0.36196138789467935,0.16432923707791894,0.47370937502740185,Assembly stress = 1.50; Drilling stress = 1.24
2993,Crack,1.373333345328012,0.801613402103837,0.9040321746845584,1.373333345328012,Drilling,Drilling,Drilling,Medium,0.5241870404141151,0.14796584116732653,0.32784711841855835,Drilling stress = 1.37; Assembly stress = 0.90
2994,Crack,1.2721963651455894,2.201593668011664,0.9086983109367492,2.201593668011664,Milling,Milling,Milling,Low,0.33764037203481195,0.4276185086981643,0.23474111926702373,Milling stress = 2.20; Drilling stress = 1.27
2995,Crack,1.138876181980856,0.9600787637567266,0.9058906345465032,1.138876181980856,Drilling,Drilling,Drilling,Low,0.4524267257020944,0.18917664706173418,0.35839662723617144,Drilling stress = 1.14; Assembly stress = 0.91
2996,Crack,1.573521785113975,0.6285296858766146,0.9195114793787114,1.573521785113975,Drilling,Drilling,Drilling,High,0.5833292457750594,0.11336497613737655,0.3033057780875639,Drilling stress = 1.57; Assembly stress = 0.92
2997,Crack,0.7992023964920203,0.7997295390820611,0.9112455212829992,0.9112455212829992,Assembly,No clear abnormal zone,No clear abnormal zone,Low,,,,No production zone shows strong deviation from baseline.
2998,Crack,1.3765879926791031,0.9008811185416788,0.9220849455075903,1.3765879926791031,Drilling,Drilling,Drilling,Medium,0.5140103424632418,0.15971473729420133,0.3262749202425567,Drilling stress = 1.38; Assembly stress = 0.92
2999,Crack,1.521699459738306,0.6800813725791772,0.915910884362814,1.521699459738306,Drilling,Drilling,Drilling,High,0.5678107257886911,0.12236677243910496,0.309822501772204,Drilling stress = 1.52; Assembly stress = 0.92
