Row,Drilling_Stress,Milling_Stress,Assembly_Stress,Max_Stress,Most_Abnormal_Zone,Zone_Status
0,0.6752532666813598,0.6749490437028431,0.5187718948133382,0.6752532666813598,Drilling,No clear abnormal zone
1,1.2220846317150842,1.127935723234147,1.4897429575387395,1.4897429575387395,Assembly,Assembly
2,1.2154338889256961,1.125560551104512,1.4804879155251067,1.4804879155251067,Assembly,Assembly
3,0.6415644651724226,0.5066186739819707,0.4560536339260852,0.6415644651724226,Drilling,No clear abnormal zone
4,1.2675419065765627,0.8561862631841609,0.9105317430360368,1.2675419065765627,Drilling,Drilling
5,0.8397372710335396,0.7216483405221066,0.8392017810278734,0.8397372710335396,Drilling,No clear abnormal zone
6,1.342897123453475,1.2477162816258207,1.6683838303300556,1.6683838303300556,Assembly,Assembly
7,0.8010683709898115,0.4457145775310133,0.7582941202673597,0.8010683709898115,Drilling,No clear abnormal zone
8,1.1193366827378064,0.7247230762473628,0.8927620667584342,1.1193366827378064,Drilling,Drilling
9,0.46102756611226037,0.5188025143593636,0.34898273509202504,0.5188025143593636,Milling,No clear abnormal zone
10,1.0713092951554852,0.9854946803312977,1.2360370636634768,1.2360370636634768,Assembly,Assembly
11,0.24718719334336522,0.29568140627686945,0.7645347470678708,0.7645347470678708,Assembly,No clear abnormal zone
12,0.30574108345643525,0.48794490156666914,0.6407277805290479,0.6407277805290479,Assembly,No clear abnormal zone
13,1.0136202557584981,0.9415247663763049,1.1286988053886438,1.1286988053886438,Assembly,Assembly
14,1.3426991168183453,0.6007911604292946,0.916485315142346,1.3426991168183453,Drilling,Drilling
15,1.2373697255660954,1.1400649067074515,1.5161799675907073,1.5161799675907073,Assembly,Assembly
16,1.0137926963790163,0.6725924167150121,0.9188238095129957,1.0137926963790163,Drilling,Drilling
17,1.1327103013768196,0.5369513628376512,0.8577064700275168,1.1327103013768196,Drilling,Drilling
18,1.0928246641932757,1.0040435405269066,1.2661820191177935,1.2661820191177935,Assembly,Assembly
19,0.5894413593788559,0.6183324748625287,0.4131027236426976,0.6183324748625287,Milling,No clear abnormal zone
20,1.168808392884025,1.4141231346412497,0.9209839824888082,1.4141231346412497,Milling,Milling
21,1.088305625650178,0.5528444490587893,0.8850455262180017,1.088305625650178,Drilling,Drilling
22,1.243364915877546,1.1467660532354556,1.5189209208004768,1.5189209208004768,Assembly,Assembly
23,0.4134323567392083,1.4246269886395537,0.815562468258902,1.4246269886395537,Milling,Milling
24,0.5544289562148002,0.5902071458160763,0.38832157640817766,0.5902071458160763,Milling,No clear abnormal zone
25,1.3462552158057433,0.8513618509626417,0.9091398520582641,1.3462552158057433,Drilling,Drilling
26,1.1351969509390962,1.0433367254025816,1.3280170092963985,1.3280170092963985,Assembly,Assembly
27,0.27350299015969565,0.15517960412599555,0.34820143954332455,0.34820143954332455,Assembly,No clear abnormal zone
28,1.1020282919406676,1.0102575277758148,1.2727158565011356,1.2727158565011356,Assembly,Assembly
29,1.1659575909040076,0.6539098912223669,0.8602876722165131,1.1659575909040076,Drilling,Drilling
30,0.3613709716344773,1.066837582096807,0.667137286535862,1.066837582096807,Milling,Milling
31,1.2753087495710826,0.9232906056557115,0.916885619741978,1.2753087495710826,Drilling,Drilling
32,0.6686072909504535,0.6772137930625497,0.5374017174539429,0.6772137930625497,Milling,No clear abnormal zone
33,1.1945214047242454,1.0988230847153941,1.4378883745251825,1.4378883745251825,Assembly,Assembly
34,0.4065187129134438,0.11204839854776545,0.4081638274884072,0.4081638274884072,Assembly,No clear abnormal zone
35,1.3357063188298939,1.2415326065098338,1.6684622038506898,1.6684622038506898,Assembly,Assembly
36,0.5710553946630661,0.5006994984009764,0.30675561507017474,0.5710553946630661,Drilling,No clear abnormal zone
37,1.0154328078459967,0.9437007444895986,1.1123975565039843,1.1123975565039843,Assembly,Assembly
38,1.3915727004935454,0.6326830394887423,0.9158699041977526,1.3915727004935454,Drilling,Drilling
39,0.6194089477351429,0.9270432368781663,0.4114843693324919,0.9270432368781663,Milling,No clear abnormal zone
40,0.48634879694267197,1.4347595599564564,0.8629874825120438,1.4347595599564564,Milling,Milling
41,0.28095486172731715,0.9688348024648148,0.7703127632129428,0.9688348024648148,Milling,No clear abnormal zone
42,0.3748066562390668,0.6564621909625427,0.6744779180691249,0.6744779180691249,Assembly,No clear abnormal zone
43,1.441967551102022,1.3447021160605237,1.6684622038506898,1.6684622038506898,Assembly,Assembly
44,0.7049953460100763,1.0197390867730491,0.5903589629303424,1.0197390867730491,Milling,Milling
45,0.8013216752625685,0.5646036984276002,0.9063132136162617,0.9063132136162617,Assembly,No clear abnormal zone
46,0.522403462527534,1.5649268855796654,0.41716458446032156,1.5649268855796654,Milling,Milling
47,0.3848740646345368,0.7990763698198424,0.4341450870860386,0.7990763698198424,Milling,No clear abnormal zone
48,0.5424334682003112,0.39252574318930733,0.8364285157317191,0.8364285157317191,Assembly,No clear abnormal zone
49,1.2346144522900473,1.1397704459876428,1.5094481960585382,1.5094481960585382,Assembly,Assembly
50,0.38984440433564355,1.0242084238563702,0.8334543148506841,1.0242084238563702,Milling,Milling
51,1.093382790260725,1.0034308024114216,1.2698540950212358,1.2698540950212358,Assembly,Assembly
52,0.3711308682050286,0.2337969020181907,0.387963918364417,0.387963918364417,Assembly,No clear abnormal zone
53,1.0986892649806326,1.0102965005181423,1.2760862684743355,1.2760862684743355,Assembly,Assembly
54,0.9898619739884249,1.0693385556548423,0.9000006133111507,1.0693385556548423,Milling,Milling
55,0.9744189815866326,0.894205361733486,1.0570680898835865,1.0570680898835865,Assembly,Assembly
56,1.0941989781957577,1.003974255651657,1.2700412130548717,1.2700412130548717,Assembly,Assembly
57,0.29401976161230775,0.44264467543757013,0.7410032053720681,0.7410032053720681,Assembly,No clear abnormal zone
58,0.6777147180532205,0.6325218629380032,0.8161963785053175,0.8161963785053175,Assembly,No clear abnormal zone
59,0.6873840947997124,0.5040671322463219,0.5555717910033725,0.6873840947997124,Drilling,No clear abnormal zone
60,0.23867866312678598,0.41817185579066074,0.7564605879143312,0.7564605879143312,Assembly,No clear abnormal zone
61,1.4961709541856778,0.6201873538661464,0.9193633051268493,1.4961709541856778,Drilling,Drilling
62,0.25450748150130453,0.42400869303993244,0.43913737839482503,0.43913737839482503,Assembly,No clear abnormal zone
63,0.7436305848200454,0.6269037274638551,0.8605404991499521,0.8605404991499521,Assembly,No clear abnormal zone
64,1.1470506778355596,2.147959083237466,0.9174206765307489,2.147959083237466,Milling,Milling
65,0.9685017933684912,0.898633098292377,1.0468991298170334,1.0468991298170334,Assembly,Assembly
66,0.31576882003211926,0.08842279307891403,0.3943662117665105,0.3943662117665105,Assembly,No clear abnormal zone
67,0.7084624892233715,0.6971375250013839,0.6142809060582174,0.7084624892233715,Drilling,No clear abnormal zone
68,0.2774639020369601,0.29963987655936797,0.64859624118184,0.64859624118184,Assembly,No clear abnormal zone
69,0.5601307737755201,0.5538755892404159,0.4161739248019669,0.5601307737755201,Drilling,No clear abnormal zone
70,0.49469958022749705,0.19471415418655344,0.36145575986579215,0.49469958022749705,Drilling,No clear abnormal zone
71,0.3098351178143707,0.34314273330329914,0.7699677863732939,0.7699677863732939,Assembly,No clear abnormal zone
72,1.1256570192924973,1.0311967161675193,1.32208844222471,1.32208844222471,Assembly,Assembly
73,0.3180530958972282,0.4489197620359946,0.8431313092401026,0.8431313092401026,Assembly,No clear abnormal zone
74,0.26689751954266966,1.2271314588553492,0.3369926629171217,1.2271314588553492,Milling,Milling
75,1.228534975324238,0.8499805174785195,0.9162112893797546,1.228534975324238,Drilling,Drilling
76,0.4750249284468051,0.4619345287197166,0.3952750860590659,0.4750249284468051,Drilling,No clear abnormal zone
77,1.1828955901560383,0.5587944263202327,0.9049976201445886,1.1828955901560383,Drilling,Drilling
78,0.26248541726513763,0.424225208275086,0.3161957192526174,0.424225208275086,Milling,No clear abnormal zone
79,1.012188654550305,0.9403166113641478,1.122278236463666,1.122278236463666,Assembly,Assembly
80,1.4185403693349106,0.9665872117254437,0.9155705145460138,1.4185403693349106,Drilling,Drilling
81,1.3427091709216283,1.2447240410759979,1.6675867578336676,1.6675867578336676,Assembly,Assembly
82,1.3495502700073139,0.7887940773346825,0.919596466025872,1.3495502700073139,Drilling,Drilling
83,0.39558345780671095,0.6081678652558544,0.8537852937885552,0.8537852937885552,Assembly,No clear abnormal zone
84,0.7470181567388785,0.38150955846103096,0.6952582119516078,0.7470181567388785,Drilling,No clear abnormal zone
85,0.8565821219548468,0.5917928802298857,0.8445768096491761,0.8565821219548468,Drilling,No clear abnormal zone
86,1.3406692378389133,1.2453324488867796,1.6681519471326096,1.6681519471326096,Assembly,Assembly
87,0.2760844719597945,0.20742420902346015,0.34062658118602457,0.34062658118602457,Assembly,No clear abnormal zone
88,0.9219624270093005,0.8514630891618142,0.9445270584175913,0.9445270584175913,Assembly,No clear abnormal zone
89,1.2306125370330756,1.1349984502048573,1.499806280937396,1.499806280937396,Assembly,Assembly
90,1.4381890570997256,1.3437862566158238,1.6684622038506898,1.6684622038506898,Assembly,Assembly
91,1.4843155381684496,0.7123601256266289,0.9169128699035813,1.4843155381684496,Drilling,Drilling
92,1.2799426464601318,0.6062037608015297,0.9088898722908052,1.2799426464601318,Drilling,Drilling
93,1.440007011761208,1.3455660118487862,1.6684622038506898,1.6684622038506898,Assembly,Assembly
94,0.23655081520468935,0.4937176142415274,0.6760070889348877,0.6760070889348877,Assembly,No clear abnormal zone
95,0.5971865531886182,0.49781558918657176,0.3124417042353727,0.5971865531886182,Drilling,No clear abnormal zone
96,0.3993878846457589,0.16087329228354447,0.4038540478265873,0.4038540478265873,Assembly,No clear abnormal zone
97,1.356384465196101,1.9727371907073827,0.9172295172286782,1.9727371907073827,Milling,Milling
98,1.1314925913123894,1.0407017349907624,1.3264796055166936,1.3264796055166936,Assembly,Assembly
99,1.0816169237241051,0.995389426577817,1.2452109932217725,1.2452109932217725,Assembly,Assembly
100,0.6491891876385114,0.610502983842488,0.48205663754020944,0.6491891876385114,Drilling,No clear abnormal zone
101,0.9294043962986368,0.8673682983361976,0.9902742867745871,0.9902742867745871,Assembly,No clear abnormal zone
102,0.9962381996714571,0.9235301851826894,1.0964581072419708,1.0964581072419708,Assembly,Assembly
103,1.1628069454861893,0.965695168956611,0.9175986240523206,1.1628069454861893,Drilling,Drilling
104,1.1104444523513766,1.0256301094717202,1.3041902993830843,1.3041902993830843,Assembly,Assembly
105,1.3213846599592685,1.2240121936812047,1.6505081520601586,1.6505081520601586,Assembly,Assembly
106,0.2583825332483927,0.9802778268940642,0.8222240980139495,0.9802778268940642,Milling,No clear abnormal zone
107,0.8807435769188524,0.8231493918607781,0.9011825619824511,0.9011825619824511,Assembly,No clear abnormal zone
108,0.22977280231610822,0.31355749321226717,0.3919908520498872,0.3919908520498872,Assembly,No clear abnormal zone
109,1.1141409031792273,1.311590522974881,0.8899284532663372,1.311590522974881,Milling,Milling
110,0.7858243068119634,0.9248012258055853,0.8902269928861962,0.9248012258055853,Milling,No clear abnormal zone
111,0.7549641689460744,0.8183562275261297,0.9127827606102366,0.9127827606102366,Assembly,No clear abnormal zone
112,0.27114211716583414,0.4036516067223335,0.649822230201144,0.649822230201144,Assembly,No clear abnormal zone
113,0.6940950943630118,0.6947190498247182,0.5460756449037211,0.6947190498247182,Milling,No clear abnormal zone
114,1.3429036045752627,1.2459711688304826,1.6676703168072118,1.6676703168072118,Assembly,Assembly
115,0.6018062424546438,0.6628893839465477,0.8638830261600451,0.8638830261600451,Assembly,No clear abnormal zone
116,1.1203393222038724,1.0306510977749321,1.3125194913947222,1.3125194913947222,Assembly,Assembly
117,1.0896590712335663,1.0007070407531895,1.2536480653706805,1.2536480653706805,Assembly,Assembly
118,1.216527751607912,0.7955792868879886,0.9140238512614622,1.216527751607912,Drilling,Drilling
119,0.31127721355901855,0.44722061522115486,0.8415267808918474,0.8415267808918474,Assembly,No clear abnormal zone
120,0.5420588956826644,0.6710861313835219,0.8533476097318131,0.8533476097318131,Assembly,No clear abnormal zone
121,0.25684993579533894,0.25207737886012627,0.7079646825408811,0.7079646825408811,Assembly,No clear abnormal zone
122,0.2644181861848952,0.41220407574709617,0.6685840462276236,0.6685840462276236,Assembly,No clear abnormal zone
123,0.9909676231295362,0.920769615934481,1.0857950515241601,1.0857950515241601,Assembly,Assembly
124,1.26222608085871,0.8405711844248833,0.9053172727581814,1.26222608085871,Drilling,Drilling
125,0.976508818376479,0.9067697408294494,1.0661699862784333,1.0661699862784333,Assembly,Assembly
126,1.314877882621983,0.63013708320251,0.9192855679959364,1.314877882621983,Drilling,Drilling
127,1.3342480664276353,1.2402898090600523,1.6684622038506898,1.6684622038506898,Assembly,Assembly
128,0.5571607441402004,0.3327938552695828,0.3137466135625939,0.5571607441402004,Drilling,No clear abnormal zone
129,0.7591801557514231,0.7627877610046592,0.8812659774337072,0.8812659774337072,Assembly,No clear abnormal zone
130,1.2421785594334804,0.7819802402669005,0.8805026600130388,1.2421785594334804,Drilling,Drilling
131,0.3118449261755221,0.29212728492802464,0.27871584340618744,0.3118449261755221,Drilling,No clear abnormal zone
132,0.8832460611378481,0.82901255237333,0.886450031715128,0.886450031715128,Assembly,No clear abnormal zone
133,1.525237239764468,0.9093866743593055,0.9118706155421986,1.525237239764468,Drilling,Drilling
134,0.33376289781764357,0.08831423732737208,0.3956262069503803,0.3956262069503803,Assembly,No clear abnormal zone
135,1.4721844110808466,0.5982430654318306,0.9195965197338675,1.4721844110808466,Drilling,Drilling
136,0.7264024418057382,0.5665799748172466,0.8697788285830714,0.8697788285830714,Assembly,No clear abnormal zone
137,1.463873108374477,0.9314205350985233,0.9163298827132262,1.463873108374477,Drilling,Drilling
138,1.3406578958757847,1.2440679999134825,1.6684622038506898,1.6684622038506898,Assembly,Assembly
139,0.8086702595040876,0.7696614681684332,0.7629192893191856,0.8086702595040876,Drilling,No clear abnormal zone
140,1.4468770008562923,1.351554823253135,1.6684622038506898,1.6684622038506898,Assembly,Assembly
141,1.1964560331573841,1.0996047047142985,1.4398794341371257,1.4398794341371257,Assembly,Assembly
142,0.5131704079250972,0.6002858579570688,0.2602484338489888,0.6002858579570688,Milling,No clear abnormal zone
143,0.5411491981299298,0.4234125588004166,0.8878288132240637,0.8878288132240637,Assembly,No clear abnormal zone
144,0.5557550568244329,0.5463516552945016,0.37133473590464555,0.5557550568244329,Drilling,No clear abnormal zone
145,0.31714629825501717,0.41423542893172405,0.733847478216594,0.733847478216594,Assembly,No clear abnormal zone
146,0.9996734457109139,0.920498971890539,1.084555451682182,1.084555451682182,Assembly,Assembly
147,1.2761851355877551,0.625186690645843,0.919605877940409,1.2761851355877551,Drilling,Drilling
148,1.3641269142332173,1.1940035958232937,0.9071007683997065,1.3641269142332173,Drilling,Drilling
149,0.6565872597812631,0.6529900685535652,0.48357478066360815,0.6565872597812631,Drilling,No clear abnormal zone
150,1.3028253651341832,0.7791328850407865,0.9015905425865557,1.3028253651341832,Drilling,Drilling
151,1.4384969103846468,1.343084747253926,1.6684622038506898,1.6684622038506898,Assembly,Assembly
152,0.5544204104017891,0.5541982249244083,0.36586226476171996,0.5544204104017891,Drilling,No clear abnormal zone
153,0.4721224622216972,0.5149786272450719,0.35861253707455254,0.5149786272450719,Milling,No clear abnormal zone
154,0.9208524778740357,0.48549613732835933,0.8308933354975413,0.9208524778740357,Drilling,No clear abnormal zone
155,0.1959837774369613,0.0641141866724263,0.4551031208306693,0.4551031208306693,Assembly,No clear abnormal zone
156,0.6668185507449623,0.5341228852290405,0.8714782012045373,0.8714782012045373,Assembly,No clear abnormal zone
157,1.335058206651112,1.2403179560406223,1.6679454986427311,1.6679454986427311,Assembly,Assembly
158,0.586985572095716,0.6069849113881286,0.398382355638406,0.6069849113881286,Milling,No clear abnormal zone
159,1.2965195785245345,1.454384423976715,0.9053645140032693,1.454384423976715,Milling,Milling
160,1.0002984910913906,0.9230906592553275,1.0923983013950485,1.0923983013950485,Assembly,Assembly
161,0.7021723301805305,0.6628650311742526,0.8618068972425226,0.8618068972425226,Assembly,No clear abnormal zone
162,1.1276541267896505,1.038088396102458,1.3229737423240524,1.3229737423240524,Assembly,Assembly
163,1.2687299032797594,1.6326944423847345,0.9138988167879731,1.6326944423847345,Milling,Milling
164,0.9785036137876444,0.896944279458179,1.051564555338702,1.051564555338702,Assembly,Assembly
165,1.4530486490787395,1.3578424256819954,1.6684622038506898,1.6684622038506898,Assembly,Assembly
166,1.3461927738825792,1.248690600184012,1.668178918115637,1.668178918115637,Assembly,Assembly
167,1.144097417818442,0.7669217649076032,0.9160001458010247,1.144097417818442,Drilling,Drilling
168,0.6075077554721184,0.7268655735511962,0.876474641383792,0.876474641383792,Assembly,No clear abnormal zone
169,0.13351344333736767,0.42761971279841826,0.5175245806660281,0.5175245806660281,Assembly,No clear abnormal zone
170,1.0047301369297204,1.970027272403518,0.8975608192085032,1.970027272403518,Milling,Milling
171,0.8681777983722452,0.8171367637805627,0.8552206162243234,0.8681777983722452,Drilling,No clear abnormal zone
172,1.44328487088465,0.710901712755476,0.9171001043826822,1.44328487088465,Drilling,Drilling
173,1.3251777364855877,1.2292843396571949,1.659458498166244,1.659458498166244,Assembly,Assembly
174,1.2467204113844228,1.1505442440888858,1.5265992364967835,1.5265992364967835,Assembly,Assembly
175,0.4979806490429457,0.5399966079190156,0.8658726769432837,0.8658726769432837,Assembly,No clear abnormal zone
176,1.4176704037080454,0.6506996607068014,0.9186492589999291,1.4176704037080454,Drilling,Drilling
177,1.3800737625635437,0.7054987578246114,0.9153779465790677,1.3800737625635437,Drilling,Drilling
178,1.2110566126640046,0.6073033865032117,0.9027498572409838,1.2110566126640046,Drilling,Drilling
179,0.30016993451480223,0.28766030921200303,0.7494809994632925,0.7494809994632925,Assembly,No clear abnormal zone
180,1.2308751745717421,1.1321317884914235,1.499991430922877,1.499991430922877,Assembly,Assembly
181,1.4002339149640934,0.6830584570625393,0.9178663790629524,1.4002339149640934,Drilling,Drilling
182,1.0417492922278266,1.2405429481942256,0.9122046413751191,1.2405429481942256,Milling,Milling
183,0.22684395403776417,0.4092177304464803,0.4392628927340635,0.4392628927340635,Assembly,No clear abnormal zone
184,1.1072813586861276,1.018099709593078,1.2894132223532804,1.2894132223532804,Assembly,Assembly
185,0.30258231419801973,0.20960360938920486,0.6859879131397448,0.6859879131397448,Assembly,No clear abnormal zone
186,0.7321457393347449,1.0981270051304064,0.8507538270024171,1.0981270051304064,Milling,Milling
187,0.26819025238345073,1.184623291658262,0.31637879030143323,1.184623291658262,Milling,Milling
188,1.548130159964833,0.7103270475685365,0.9171907240901297,1.548130159964833,Drilling,Drilling
189,0.2885793331277598,0.21199687570415418,0.49844640795672485,0.49844640795672485,Assembly,No clear abnormal zone
190,1.1544424574487737,0.9856112673763188,1.3596728368243745,1.3596728368243745,Assembly,Assembly
191,0.6698112416767313,0.6778979812056352,0.541931126416581,0.6778979812056352,Milling,No clear abnormal zone
192,0.356849652974744,0.2377671485585698,0.7804065692172455,0.7804065692172455,Assembly,No clear abnormal zone
193,0.7552557759587981,0.746396906151179,0.697435178763852,0.7552557759587981,Drilling,No clear abnormal zone
194,0.419530859260267,0.3674570218089648,0.827956631370468,0.827956631370468,Assembly,No clear abnormal zone
195,0.9791407773923253,0.9020603991684377,1.0717478856727032,1.0717478856727032,Assembly,Assembly
196,1.3382940964473042,0.7964126947369714,0.9170176382272719,1.3382940964473042,Drilling,Drilling
197,1.4590571518846556,0.8972197310457206,0.9173110738838799,1.4590571518846556,Drilling,Drilling
198,1.4388598532047645,1.3421862090280388,1.6684622038506898,1.6684622038506898,Assembly,Assembly
199,0.32449176842291405,0.5795278559553946,0.36445228781847394,0.5795278559553946,Milling,No clear abnormal zone
200,0.30310831393925913,0.7902662659283043,0.5569979713152455,0.7902662659283043,Milling,No clear abnormal zone
201,1.2393546250830092,0.9193000946448401,0.896883450427877,1.2393546250830092,Drilling,Drilling
202,0.34581397468433483,0.38482640864908824,0.7354911767290202,0.7354911767290202,Assembly,No clear abnormal zone
203,1.4118851156494219,0.6554452619512798,0.9115699514089654,1.4118851156494219,Drilling,Drilling
204,0.46610744572056806,0.5143681190634893,0.3889893572115627,0.5143681190634893,Milling,No clear abnormal zone
205,1.256871578462998,0.7394723818503658,0.9169945965878515,1.256871578462998,Drilling,Drilling
206,0.3112780305311924,0.1070695936843248,0.3948581104781156,0.3948581104781156,Assembly,No clear abnormal zone
207,0.2713841718536892,0.2902855925514095,0.7515882591580855,0.7515882591580855,Assembly,No clear abnormal zone
208,0.7765176773686915,0.7575192937810193,0.7253596797027506,0.7765176773686915,Drilling,No clear abnormal zone
209,0.6968613806894087,0.6545963114815183,0.6130757577551688,0.6968613806894087,Drilling,No clear abnormal zone
210,0.5085050379868014,0.4609874409748994,0.7998012069416416,0.7998012069416416,Assembly,No clear abnormal zone
211,0.9902030390963261,0.9157204806506991,1.06040392738199,1.06040392738199,Assembly,Assembly
212,1.3971232992981424,1.4415248978348765,0.9138760621078206,1.4415248978348765,Milling,Milling
213,1.1303082380981715,1.0373738958264513,1.3276843690751354,1.3276843690751354,Assembly,Assembly
214,0.8225608903696817,0.7873464325757791,0.7855024809437838,0.8225608903696817,Drilling,No clear abnormal zone
215,1.21710330525686,1.1238998792508839,1.4854408459054536,1.4854408459054536,Assembly,Assembly
216,1.1008386073031433,1.0159886860503304,1.2831287763901904,1.2831287763901904,Assembly,Assembly
217,1.2218703670144784,0.722534718044453,0.918741613446536,1.2218703670144784,Drilling,Drilling
218,0.2934169235692758,1.0676460201036653,0.7701494511047102,1.0676460201036653,Milling,Milling
219,0.325437328047287,0.34583628443060754,0.734536703962317,0.734536703962317,Assembly,No clear abnormal zone
220,0.8276879033276177,0.7817841561846832,0.8103698796752028,0.8276879033276177,Drilling,No clear abnormal zone
221,1.3631782032387358,0.8551810082656353,0.9023916904316549,1.3631782032387358,Drilling,Drilling
222,1.1483163972139934,1.0612750126350572,1.3528105045580507,1.3528105045580507,Assembly,Assembly
223,1.043541168284997,0.9574905998165313,1.1734292282622374,1.1734292282622374,Assembly,Assembly
224,1.004047765630595,0.7142797395757949,1.1053232027610502,1.1053232027610502,Assembly,Assembly
225,1.4402063062561832,1.3456677740093086,1.6684622038506898,1.6684622038506898,Assembly,Assembly
226,0.9874154284535521,0.90813811711562,1.070081828798746,1.070081828798746,Assembly,Assembly
227,0.43972422946724,1.0307180377296394,0.4318460876284519,1.0307180377296394,Milling,Milling
228,1.1123745542230596,0.9799083151310618,1.300129705581163,1.300129705581163,Assembly,Assembly
229,0.44311803623422363,0.2845687356078428,0.4460519770136973,0.4460519770136973,Assembly,No clear abnormal zone
230,0.7560738600959322,0.7354412352524069,0.6842417439548971,0.7560738600959322,Drilling,No clear abnormal zone
231,1.4448111432864261,1.3493377072451622,1.6684622038506898,1.6684622038506898,Assembly,Assembly
232,0.31030431538780495,0.4432364688973928,0.3092062338270495,0.4432364688973928,Milling,No clear abnormal zone
233,0.29203359430946985,0.5923424736286064,0.7437581535618591,0.7437581535618591,Assembly,No clear abnormal zone
234,0.3636320336956164,0.6524305368692891,0.8421330731545602,0.8421330731545602,Assembly,No clear abnormal zone
235,0.23951633275477974,1.5162467991564033,0.5626143861329008,1.5162467991564033,Milling,Milling
236,0.3828869700523926,0.631539970672887,0.7853492029248699,0.7853492029248699,Assembly,No clear abnormal zone
237,0.4056087159444731,0.3310841111432264,0.4006777107557822,0.4056087159444731,Drilling,No clear abnormal zone
238,0.33189084641158545,0.31730243361647237,0.3061063883630944,0.33189084641158545,Drilling,No clear abnormal zone
239,1.4091096823881397,1.688142671748509,0.9072417171677787,1.688142671748509,Milling,Milling
240,1.0421371977495681,1.1794049326259688,0.9004032561228164,1.1794049326259688,Milling,Milling
241,1.2821966567560688,0.7699721254414377,0.897181683362704,1.2821966567560688,Drilling,Drilling
242,1.3270426792800314,1.2292626881336794,1.6642594550240295,1.6642594550240295,Assembly,Assembly
243,1.3296027223862186,1.2341754188193146,1.6620655559620228,1.6620655559620228,Assembly,Assembly
244,0.3276208116029655,2.2086810348096204,0.7209635744278109,2.2086810348096204,Milling,Milling
245,1.3228947613358295,1.226437164314925,1.6566077757085786,1.6566077757085786,Assembly,Assembly
246,1.3477188450498105,0.6233496022733432,0.9182527323318355,1.3477188450498105,Drilling,Drilling
247,1.4445470375735727,1.3509485805947048,1.6684622038506898,1.6684622038506898,Assembly,Assembly
248,0.6701409354119248,0.6658532386740403,0.5035440915461447,0.6701409354119248,Drilling,No clear abnormal zone
249,0.41021613556615333,0.7342728570677827,0.46172069618511113,0.7342728570677827,Milling,No clear abnormal zone
250,1.2431339620652344,0.8642900438007205,0.887012471387605,1.2431339620652344,Drilling,Drilling
251,1.4438250756133897,0.9079177783389867,0.9012004527363343,1.4438250756133897,Drilling,Drilling
252,1.2471618403243485,0.8688539453655848,0.9147444080854452,1.2471618403243485,Drilling,Drilling
253,1.491712350543165,0.6121297827876837,0.9088686693830004,1.491712350543165,Drilling,Drilling
254,1.1016415994142976,1.0144254460525215,1.2871140973484092,1.2871140973484092,Assembly,Assembly
255,0.6622604719748313,0.6768045792681094,0.5454505230333314,0.6768045792681094,Milling,No clear abnormal zone
256,1.2757073519748547,0.9993091096505764,0.9155659597100584,1.2757073519748547,Drilling,Drilling
257,0.585850973394656,0.6296638618339757,0.8224500504880459,0.8224500504880459,Assembly,No clear abnormal zone
258,1.466539137405921,0.7777160737579069,0.9202433681708655,1.466539137405921,Drilling,Drilling
259,0.5570499635308044,0.5971724409309674,0.3679087294014343,0.5971724409309674,Milling,No clear abnormal zone
260,0.9906213687055678,1.2844471340999317,0.8988136694893615,1.2844471340999317,Milling,Milling
261,0.7400101722695672,1.4503497147273743,0.9020990955333358,1.4503497147273743,Milling,Milling
262,1.1107438535976837,1.0240278967315835,1.2993951234937153,1.2993951234937153,Assembly,Assembly
263,1.2856513794565019,0.7050154544465287,0.907203766966443,1.2856513794565019,Drilling,Drilling
264,0.889740230133095,0.8403342060749193,0.9023081365275016,0.9023081365275016,Assembly,No clear abnormal zone
265,0.6609787003955976,0.6712639544005289,0.5021922340189217,0.6712639544005289,Milling,No clear abnormal zone
266,0.5759418630258103,0.8314706726784519,0.8627838675660314,0.8627838675660314,Assembly,No clear abnormal zone
267,0.6471528079545349,1.548989757232457,0.9084106722923615,1.548989757232457,Milling,Milling
268,1.4529136920482784,0.5999984141161593,0.9170697459016439,1.4529136920482784,Drilling,Drilling
269,0.2917552047927075,0.3517962316946178,0.3281554815867695,0.3517962316946178,Milling,No clear abnormal zone
270,0.8402653093937353,0.5942543221852209,0.8495693659339191,0.8495693659339191,Assembly,No clear abnormal zone
271,1.5484198483569775,0.6410928797230363,0.9103818270210853,1.5484198483569775,Drilling,Drilling
272,0.5134111655069946,1.15385811792946,0.8253309076211636,1.15385811792946,Milling,Milling
273,0.2436089570258703,0.49291654886115654,0.6926373683887344,0.6926373683887344,Assembly,No clear abnormal zone
274,1.3951387483427644,0.6086961316647524,0.912963546643032,1.3951387483427644,Drilling,Drilling
275,1.396733576716703,0.7712336076174083,0.9154372490260048,1.396733576716703,Drilling,Drilling
276,0.273668111744747,0.43366957663616357,0.5979284011658267,0.5979284011658267,Assembly,No clear abnormal zone
277,0.8763463138838974,1.56768650847813,0.8831628628053996,1.56768650847813,Milling,Milling
278,1.2108118178586067,1.1163759748292963,1.4700113389250742,1.4700113389250742,Assembly,Assembly
279,1.2308223249376762,1.134374886327615,1.4948630862471322,1.4948630862471322,Assembly,Assembly
280,1.159661927358954,0.7556736765841843,0.9028521876804371,1.159661927358954,Drilling,Drilling
281,0.9701269880446433,0.89480294378251,1.0430689501769752,1.0430689501769752,Assembly,Assembly
282,0.5397980229902419,0.3241761146870584,0.3823508830192543,0.5397980229902419,Drilling,No clear abnormal zone
283,0.9702056967017957,0.7418946738549967,0.9111837280841435,0.9702056967017957,Drilling,No clear abnormal zone
284,0.33231700214266113,0.7331646695598766,0.25047629667755306,0.7331646695598766,Milling,No clear abnormal zone
285,1.3404294363327642,1.2437410619084006,1.6684622038506898,1.6684622038506898,Assembly,Assembly
286,1.2295009342570362,1.1355722155780144,1.4963801908308754,1.4963801908308754,Assembly,Assembly
287,0.31377913397570767,0.7090358412582792,0.34460148033346527,0.7090358412582792,Milling,No clear abnormal zone
288,0.9119408384585681,0.8450044396971823,0.9545695695130286,0.9545695695130286,Assembly,No clear abnormal zone
289,0.8322272596613316,1.0240742490827555,0.9079919063079784,1.0240742490827555,Milling,Milling
290,1.5316742394735876,1.0444832643240924,0.9177655946733123,1.5316742394735876,Drilling,Drilling
291,1.3374367783472405,1.240599425846322,1.6684622038506898,1.6684622038506898,Assembly,Assembly
292,1.3601872650466147,1.0798001240154498,0.8819710252090938,1.3601872650466147,Drilling,Drilling
293,1.4714591511101536,0.7304914870093033,0.9193018043538299,1.4714591511101536,Drilling,Drilling
294,0.46215434194258476,1.0892114325623954,0.44137273273249344,1.0892114325623954,Milling,Milling
295,1.1075389308542607,1.0178745337485182,1.2875932314534253,1.2875932314534253,Assembly,Assembly
296,0.7094623969324405,0.6912656318240182,0.6039177840886808,0.7094623969324405,Drilling,No clear abnormal zone
297,1.1332364425703523,1.046437223569981,1.3390417979526865,1.3390417979526865,Assembly,Assembly
298,0.2790314680052417,0.6378476101639745,0.7952269221309651,0.7952269221309651,Assembly,No clear abnormal zone
299,0.3594957568858127,0.3842751101970189,0.8228625932079136,0.8228625932079136,Assembly,No clear abnormal zone
300,0.8714612409706171,0.8128259454486546,0.872918784051713,0.872918784051713,Assembly,No clear abnormal zone
301,1.1229456724428502,1.0311923858628163,1.3156889265786287,1.3156889265786287,Assembly,Assembly
302,0.9612514607925451,0.8965090838355203,1.0431838260750372,1.0431838260750372,Assembly,Assembly
303,0.27466928676929864,0.3941504688391877,0.6378608127869907,0.6378608127869907,Assembly,No clear abnormal zone
304,1.3186337951078135,0.8836133690588657,0.894416911060278,1.3186337951078135,Drilling,Drilling
305,0.5256798644828073,1.0870802678392495,0.8182226509409438,1.0870802678392495,Milling,Milling
306,1.442913794883043,1.348408856886353,1.6684622038506898,1.6684622038506898,Assembly,Assembly
307,1.435059894315934,0.8247917977138216,0.9139816167385977,1.435059894315934,Drilling,Drilling
308,0.4519602380867995,0.5599967750550947,0.3922369982217622,0.5599967750550947,Milling,No clear abnormal zone
309,1.3256784031436963,1.2298516095732972,1.6586397938352908,1.6586397938352908,Assembly,Assembly
310,1.1290416741745213,1.0395563693967997,1.3280872846234577,1.3280872846234577,Assembly,Assembly
311,1.4201008430745978,0.6127471317144764,0.9168165019679411,1.4201008430745978,Drilling,Drilling
312,0.8145112451460269,0.7784021882115839,0.7838648868425035,0.8145112451460269,Drilling,No clear abnormal zone
313,0.9737602964874974,0.907471250191347,1.0795934228352873,1.0795934228352873,Assembly,Assembly
314,1.4424714583210247,1.3463779439806123,1.6684622038506898,1.6684622038506898,Assembly,Assembly
315,1.1455863492121519,1.0575596111998213,1.3489047295799708,1.3489047295799708,Assembly,Assembly
316,0.7959275923972902,0.7530937223744798,0.7266324664361478,0.7959275923972902,Drilling,No clear abnormal zone
317,0.9616840815416419,0.882563337539277,1.0247829315656056,1.0247829315656056,Assembly,Assembly
318,1.341560392084738,1.2446980592477797,1.668314042172053,1.668314042172053,Assembly,Assembly
319,0.936075009290692,0.6410385582736015,0.868377198167697,0.936075009290692,Drilling,No clear abnormal zone
320,0.3842656953089929,1.9786477288230715,0.823324288275313,1.9786477288230715,Milling,Milling
321,0.8485667274906452,0.8167578621190439,0.8360919159733405,0.8485667274906452,Drilling,No clear abnormal zone
322,1.342261973518269,1.244481544012626,1.6684622038506898,1.6684622038506898,Assembly,Assembly
323,0.7558463026872976,0.7323407370850075,0.6776070466037192,0.7558463026872976,Drilling,No clear abnormal zone
324,0.4733986871108108,0.5167476671101056,0.41160766398074444,0.5167476671101056,Milling,No clear abnormal zone
325,0.24296852796294627,0.4242010837785015,0.5481579897812194,0.5481579897812194,Assembly,No clear abnormal zone
326,0.5863179894208017,0.31866714584342426,0.39878676461844487,0.5863179894208017,Drilling,No clear abnormal zone
327,1.352589520909384,0.8583405897739391,0.9186776604641398,1.352589520909384,Drilling,Drilling
328,0.35460685730498476,0.4148097459761868,0.6406798685815005,0.6406798685815005,Assembly,No clear abnormal zone
329,0.23742944026754936,0.2378787359166821,0.5945902073734551,0.5945902073734551,Assembly,No clear abnormal zone
330,1.2725147848968383,0.9897239801903267,0.9099497706925597,1.2725147848968383,Drilling,Drilling
331,1.154992154266234,0.8938811809891628,0.917252908458551,1.154992154266234,Drilling,Drilling
332,1.3081404875858675,1.2131539546382517,1.630418862038558,1.630418862038558,Assembly,Assembly
333,0.9138763196810639,0.8605285820576953,0.9577518328575874,0.9577518328575874,Assembly,No clear abnormal zone
334,1.3351910696477625,1.2397247042963013,1.6680399324095072,1.6680399324095072,Assembly,Assembly
335,1.2114626519544986,1.1131434023684532,1.4669910473383685,1.4669910473383685,Assembly,Assembly
336,1.0809904629655969,0.9898249850343697,1.2463147614357577,1.2463147614357577,Assembly,Assembly
337,0.750737598962397,1.5108516741988374,0.8589960755924638,1.5108516741988374,Milling,Milling
338,0.4610358905648346,0.2660201984523874,0.46406844516742696,0.46406844516742696,Assembly,No clear abnormal zone
339,0.30062691169417693,0.16566913026941127,0.5922730281152042,0.5922730281152042,Assembly,No clear abnormal zone
340,0.6076642238776873,0.33146103108865044,0.40813099365665073,0.6076642238776873,Drilling,No clear abnormal zone
341,1.1462388719234384,0.7645851309757511,0.8848838222798754,1.1462388719234384,Drilling,Drilling
342,0.2490904725244234,0.5604609245384331,0.6554077192188106,0.6554077192188106,Assembly,No clear abnormal zone
343,0.4223908368905954,0.36978426003439274,0.869432545610787,0.869432545610787,Assembly,No clear abnormal zone
344,1.2833678890965148,0.9131418506660086,0.8971895573331212,1.2833678890965148,Drilling,Drilling
345,1.0068545317022541,0.7464482149426748,0.9088045603047459,1.0068545317022541,Drilling,Drilling
346,0.4947063475208715,0.5401443578474404,0.35329922029755384,0.5401443578474404,Milling,No clear abnormal zone
347,1.319226446403926,1.221589388199836,1.6464474045354784,1.6464474045354784,Assembly,Assembly
348,0.44338548810005984,0.5360133824571306,0.31854688934374803,0.5360133824571306,Milling,No clear abnormal zone
349,1.4194153615233653,1.0715105719525573,0.9157616161267497,1.4194153615233653,Drilling,Drilling
350,0.3053302121832898,0.753845188228304,0.6367112692031135,0.753845188228304,Milling,No clear abnormal zone
351,1.2168098865524026,1.1204724430784023,1.4761445780423401,1.4761445780423401,Assembly,Assembly
352,1.2671366589976776,0.8643699148455537,0.9110524952563253,1.2671366589976776,Drilling,Drilling
353,1.34230410080989,1.2482532394090016,1.668447712520424,1.668447712520424,Assembly,Assembly
354,1.2506353086098645,0.7477669322099446,0.9182152701957358,1.2506353086098645,Drilling,Drilling
355,1.3347341505617214,1.240571278865752,1.668085082155099,1.668085082155099,Assembly,Assembly
356,1.2301862621447703,0.8699388098756187,0.9018494151966759,1.2301862621447703,Drilling,Drilling
357,0.9869658720352816,0.9106908317380811,1.079808512044631,1.079808512044631,Assembly,Assembly
358,1.474549605566515,0.9170066476135004,0.9057516547848574,1.474549605566515,Drilling,Drilling
359,1.2594677555220972,0.8884104916631961,0.9144283790203729,1.2594677555220972,Drilling,Drilling
360,1.4709198409534585,0.7187415458655249,0.9196677578922283,1.4709198409534585,Drilling,Drilling
361,0.3219921795257833,0.10599270627766347,0.290519125195532,0.3219921795257833,Drilling,No clear abnormal zone
362,0.8769820753673607,0.8276680648184337,0.8968898965762739,0.8968898965762739,Assembly,No clear abnormal zone
363,1.1176753725007376,1.0238048860393754,1.2911525952084675,1.2911525952084675,Assembly,Assembly
364,0.22694472363248724,0.14663053265992568,0.3616951497404731,0.3616951497404731,Assembly,No clear abnormal zone
365,1.090097354251308,0.9994534175416502,1.254139395352433,1.254139395352433,Assembly,Assembly
366,0.4809164640188021,0.5262374842546096,0.4398077701556973,0.5262374842546096,Milling,No clear abnormal zone
367,1.0445959040007744,0.966441339637781,1.1842586072051446,1.1842586072051446,Assembly,Assembly
368,1.1705905497435762,0.8536882927848821,0.9177635343958184,1.1705905497435762,Drilling,Drilling
369,0.9655988986421695,1.0057616796692228,0.8745265068925804,1.0057616796692228,Milling,Milling
370,0.4790574904439418,0.8594601701235847,0.861660276790689,0.861660276790689,Assembly,No clear abnormal zone
371,0.977697622356509,0.9031127985077051,1.060996935608657,1.060996935608657,Assembly,Assembly
372,0.714568075146416,1.288123387320181,0.8969766869830216,1.288123387320181,Milling,Milling
373,0.8889511886553771,0.8717691306892905,0.9171294781320212,0.9171294781320212,Assembly,No clear abnormal zone
374,1.4410650548930688,1.34647321068408,1.6684622038506898,1.6684622038506898,Assembly,Assembly
375,0.21457089632373363,0.5483079243892617,0.7263507112229468,0.7263507112229468,Assembly,No clear abnormal zone
376,0.7603659709765886,0.7507770093583364,0.713855850993951,0.7603659709765886,Drilling,No clear abnormal zone
377,0.2163913743084531,0.28006702407270767,0.4026829659330734,0.4026829659330734,Assembly,No clear abnormal zone
378,1.3562628168603974,1.2590378632720023,1.668393049292424,1.668393049292424,Assembly,Assembly
379,0.30400703853773936,2.252001403059152,0.7732883461786376,2.252001403059152,Milling,Milling
380,0.5854098793051712,0.6182263823973033,0.36992582468828983,0.6182263823973033,Milling,No clear abnormal zone
381,0.30660359711849877,0.3523613053932933,0.42891689079844136,0.42891689079844136,Assembly,No clear abnormal zone
382,1.4266399691570837,0.784979623800882,0.9176921099702102,1.4266399691570837,Drilling,Drilling
383,0.3623403082378089,0.16397477035375402,0.31390678726707366,0.3623403082378089,Drilling,No clear abnormal zone
384,0.9738917591810683,0.9073521668120125,1.0536663074801342,1.0536663074801342,Assembly,Assembly
385,0.48802933452866315,0.562846115549716,0.38933096529145594,0.562846115549716,Milling,No clear abnormal zone
386,0.5537671497156272,0.31851116756460457,0.32825081938558814,0.5537671497156272,Drilling,No clear abnormal zone
387,1.0943746131178225,1.0086336635121627,1.2686218927014372,1.2686218927014372,Assembly,Assembly
388,0.33165466257416854,0.4904215594233452,0.8029725522685085,0.8029725522685085,Assembly,No clear abnormal zone
389,0.9622871394464265,0.8850749142670588,1.0262584619494388,1.0262584619494388,Assembly,Assembly
390,0.24248296776007705,0.7592525793922164,0.3585428695712761,0.7592525793922164,Milling,No clear abnormal zone
391,1.4166053870726634,0.673969453610589,0.9140284313133695,1.4166053870726634,Drilling,Drilling
392,0.22836966779502219,0.6829850974069414,0.7528250243029485,0.7528250243029485,Assembly,No clear abnormal zone
393,1.3006291433597648,1.3157812279355658,0.9006902997903583,1.3157812279355658,Milling,Milling
394,1.4246180378699442,1.5536106090856356,0.9171819726438218,1.5536106090856356,Milling,Milling
395,0.7424103401812794,1.2047420616742972,0.6818761822827684,1.2047420616742972,Milling,Milling
396,0.4763624896167905,0.49983552063335396,0.3561095259333685,0.49983552063335396,Milling,No clear abnormal zone
397,0.3130087589708064,0.5376149950147868,0.7101017089059999,0.7101017089059999,Assembly,No clear abnormal zone
398,1.313464729134558,1.2185430188412247,1.6397386272803862,1.6397386272803862,Assembly,Assembly
399,1.3784834435469395,0.8972219065530915,0.9149557928287828,1.3784834435469395,Drilling,Drilling
400,0.24790286619614046,0.10298427638751761,0.37659790126974896,0.37659790126974896,Assembly,No clear abnormal zone
401,1.1584892262635247,1.5620130985254486,0.9115793102523551,1.5620130985254486,Milling,Milling
402,1.3230325559447391,0.9009697852736003,0.9137351787904703,1.3230325559447391,Drilling,Drilling
403,1.1119172993956856,1.0288973243701882,1.29328727550702,1.29328727550702,Assembly,Assembly
404,0.5184810173197163,0.3962980612945569,0.8718893944573538,0.8718893944573538,Assembly,No clear abnormal zone
405,0.42359883444806623,0.857579692972107,0.8189149137528826,0.857579692972107,Milling,No clear abnormal zone
406,1.2080415406256984,0.8384250993783718,0.899572556942825,1.2080415406256984,Drilling,Drilling
407,1.4152791985934214,0.6525478129969796,0.9172318088924797,1.4152791985934214,Drilling,Drilling
408,1.1494289443690189,1.0582524599523129,1.3612781511549836,1.3612781511549836,Assembly,Assembly
409,1.3326488496264917,1.2375335701165469,1.668328085804765,1.668328085804765,Assembly,Assembly
410,1.4423369750439277,1.3463627879141515,1.6684622038506898,1.6684622038506898,Assembly,Assembly
411,0.942748102631516,0.8079234675304661,0.9093767037647792,0.942748102631516,Drilling,No clear abnormal zone
412,0.6908376159676262,1.1429834584828085,0.5796042447758674,1.1429834584828085,Milling,Milling
413,1.068991359303098,0.7214601916535982,0.8927722074797475,1.068991359303098,Drilling,Drilling
414,0.8960729994757031,0.8381603931139772,0.9284695735052425,0.9284695735052425,Assembly,No clear abnormal zone
415,0.2941507984643468,0.560298255193308,0.7795171988270186,0.7795171988270186,Assembly,No clear abnormal zone
416,0.36914801637643674,0.44937914141512125,0.4244650081246075,0.44937914141512125,Milling,No clear abnormal zone
417,1.1166129967997083,1.032290118105045,1.3020468710296331,1.3020468710296331,Assembly,Assembly
418,1.3391542756210117,1.243258232934008,1.6682403278330415,1.6682403278330415,Assembly,Assembly
419,1.355024236296069,0.9064346489781845,0.9067157873029696,1.355024236296069,Drilling,Drilling
420,1.407460346246935,0.6677164063098442,0.9144038849901337,1.407460346246935,Drilling,Drilling
421,1.430305511406678,0.602562255052851,0.9176337844669074,1.430305511406678,Drilling,Drilling
422,0.16452672167850801,0.4315281951014095,0.46725850959443066,0.46725850959443066,Assembly,No clear abnormal zone
423,0.5177443330132473,1.3926362311576441,0.8603102343875231,1.3926362311576441,Milling,Milling
424,1.2239377533185691,1.1279184020153346,1.491199041641822,1.491199041641822,Assembly,Assembly
425,0.3662354154325574,0.33945910032281185,0.40257440987206083,0.40257440987206083,Assembly,No clear abnormal zone
426,0.4081401997931693,0.38721432633702446,0.8127061578406081,0.8127061578406081,Assembly,No clear abnormal zone
427,0.816318360464873,0.7841376767908028,0.820055874003252,0.820055874003252,Assembly,No clear abnormal zone
428,0.4852074072037184,0.5461519103620346,0.8291816970150689,0.8291816970150689,Assembly,No clear abnormal zone
429,1.4369252383511015,1.341755343710083,1.6684622038506898,1.6684622038506898,Assembly,Assembly
430,1.1391271700133623,0.6283102241362141,0.9121897620700322,1.1391271700133623,Drilling,Drilling
431,0.5716867300440684,1.4993573113565886,0.4203645505137421,1.4993573113565886,Milling,Milling
432,0.9475518711545834,0.8291812061952708,0.9969661935133007,0.9969661935133007,Assembly,No clear abnormal zone
433,1.1422159580426048,1.0507935101012715,1.355686283901921,1.355686283901921,Assembly,Assembly
434,1.333300202366167,1.2391271222472775,1.668228483193568,1.668228483193568,Assembly,Assembly
435,0.3534234613659137,0.9990839959691469,0.8297015171049847,0.9990839959691469,Milling,No clear abnormal zone
436,1.3465207735760867,1.012935813317821,0.9183516295283332,1.3465207735760867,Drilling,Drilling
437,1.3568133381720962,1.0394021895012684,0.8898851612712375,1.3568133381720962,Drilling,Drilling
438,1.3787074398550347,0.6895946408327565,0.912405693435779,1.3787074398550347,Drilling,Drilling
439,1.2008373861150736,0.893519496031965,0.9093250402406354,1.2008373861150736,Drilling,Drilling
440,0.7631939258947189,1.501175193391296,0.8446769528284261,1.501175193391296,Milling,Milling
441,0.32744275480985185,0.3040667394135342,0.6351240083739287,0.6351240083739287,Assembly,No clear abnormal zone
442,1.4015023147304053,0.6291312119606325,0.9172153709765609,1.4015023147304053,Drilling,Drilling
443,0.4691306617619271,0.705090270366419,0.395753188205118,0.705090270366419,Milling,No clear abnormal zone
444,0.3564580649266411,0.5575725161323797,0.76473020669779,0.76473020669779,Assembly,No clear abnormal zone
445,0.5257356781417737,0.5842573071540553,0.39609334591735607,0.5842573071540553,Milling,No clear abnormal zone
446,0.257069411027132,0.28600908101738415,0.6178938623633319,0.6178938623633319,Assembly,No clear abnormal zone
447,0.5668510611306342,1.293505303175804,0.3788290759791243,1.293505303175804,Milling,Milling
448,0.2266152337088832,0.3251302325312271,0.38009347728937726,0.38009347728937726,Assembly,No clear abnormal zone
449,1.1125463817411199,1.0243093665372833,1.297251420685038,1.297251420685038,Assembly,Assembly
450,1.2985196657184324,0.7982552508066048,0.9028531079535269,1.2985196657184324,Drilling,Drilling
451,0.5415195699972044,0.5725979617410341,0.40057798075214524,0.5725979617410341,Milling,No clear abnormal zone
452,1.117237163485444,1.0278580512414508,1.3077869656367815,1.3077869656367815,Assembly,Assembly
453,0.32061893750895,0.4238451326528562,0.7874659407864086,0.7874659407864086,Assembly,No clear abnormal zone
454,1.3981573385465553,0.7598201958657611,0.9092980933540848,1.3981573385465553,Drilling,Drilling
455,0.26811236640771635,0.4145288051243503,0.8246718052340465,0.8246718052340465,Assembly,No clear abnormal zone
456,1.0038537233593727,0.9165735506772043,1.1057676528254112,1.1057676528254112,Assembly,Assembly
457,1.3755826226641465,1.458778741569354,0.9176067406616583,1.458778741569354,Milling,Milling
458,1.3389468797238016,1.2427515872837485,1.6680653553960778,1.6680653553960778,Assembly,Assembly
459,1.146103993789922,0.7298241751875816,0.9035335582863825,1.146103993789922,Drilling,Drilling
460,1.4430547592819283,1.3469278926779025,1.6684622038506898,1.6684622038506898,Assembly,Assembly
461,0.7154736024064178,0.7096975737926441,0.6043734278240583,0.7154736024064178,Drilling,No clear abnormal zone
462,1.1335333646262504,1.043464469391322,1.3376017326950724,1.3376017326950724,Assembly,Assembly
463,0.812607402861628,0.684789206776698,0.819653123177365,0.819653123177365,Assembly,No clear abnormal zone
464,1.101641077028165,1.009491063843371,1.2826286273172913,1.2826286273172913,Assembly,Assembly
465,0.7771010539926924,1.6239595747313624,0.9005035924898606,1.6239595747313624,Milling,Milling
466,0.5967247956553148,0.6115186683568374,0.39997006241151956,0.6115186683568374,Milling,No clear abnormal zone
467,1.2565545969806888,1.0084827031782762,0.9006168296497115,1.2565545969806888,Drilling,Drilling
468,1.0240907570498132,0.7231643060394413,0.8992843743118182,1.0240907570498132,Drilling,Drilling
469,0.6529876392768106,0.6456761118546691,0.5278226251424681,0.6529876392768106,Drilling,No clear abnormal zone
470,0.7754577557988318,0.7613364573767774,0.7289422202305207,0.7754577557988318,Drilling,No clear abnormal zone
471,0.8406628697259575,1.3227073658312651,0.8831247334331371,1.3227073658312651,Milling,Milling
472,1.1380944646019169,0.942224943929467,0.9141685120955885,1.1380944646019169,Drilling,Drilling
473,1.3444396304389752,1.2487100865551757,1.6684571537330855,1.6684571537330855,Assembly,Assembly
474,0.6476160409189224,0.5567552590660851,0.5232188935477837,0.6476160409189224,Drilling,No clear abnormal zone
475,0.3193669322088053,0.24950522648031148,0.3937507432026982,0.3937507432026982,Assembly,No clear abnormal zone
476,1.3523804367396215,1.1900237900546338,0.9229326411360049,1.3523804367396215,Drilling,Drilling
477,0.510694590299448,0.25840100620801315,0.33501189100268847,0.510694590299448,Drilling,No clear abnormal zone
478,0.3045632166893087,0.4359183892456221,0.4317870785071054,0.4359183892456221,Milling,No clear abnormal zone
479,1.3277815271638422,1.2330668608153283,1.6624414442071347,1.6624414442071347,Assembly,Assembly
480,1.2221197986570869,1.1254457980298804,1.4802374482241496,1.4802374482241496,Assembly,Assembly
481,0.6578049770525384,0.6417615884584995,0.4961326894798602,0.6578049770525384,Drilling,No clear abnormal zone
482,0.5981086019763716,0.5326376021203683,0.4314392622425073,0.5981086019763716,Drilling,No clear abnormal zone
483,1.3445060619373002,1.2482077712096193,1.6679520704438153,1.6679520704438153,Assembly,Assembly
484,0.2930415238586774,1.1930814615025391,0.7230164068061593,1.1930814615025391,Milling,Milling
485,1.4341436476597078,0.992625284341385,0.9056323558515508,1.4341436476597078,Drilling,Drilling
486,0.23742571260540996,0.4987907003865758,0.733973524060667,0.733973524060667,Assembly,No clear abnormal zone
487,0.5331014422580124,0.323942354160678,0.39673472657336745,0.5331014422580124,Drilling,No clear abnormal zone
488,0.2858476798823222,0.4933282107267084,0.6312936540994991,0.6312936540994991,Assembly,No clear abnormal zone
489,1.3440534102773147,0.9169539892261316,0.8974092932618926,1.3440534102773147,Drilling,Drilling
490,1.3184357495458123,1.2243023240963105,1.6477360231414035,1.6477360231414035,Assembly,Assembly
491,1.1019934784457195,1.0148000174093372,1.275397224705168,1.275397224705168,Assembly,Assembly
492,1.2451268780212155,0.846919034583788,0.9182586821136725,1.2451268780212155,Drilling,Drilling
493,1.2325657592494808,1.1340609392366423,1.4988317039791221,1.4988317039791221,Assembly,Assembly
494,0.23684014610017556,0.43281190238439127,0.6958448911870713,0.6958448911870713,Assembly,No clear abnormal zone
495,1.4855032179486654,0.7897445792170067,0.9151390473970968,1.4855032179486654,Drilling,Drilling
496,1.0976826966232773,0.9120937830909701,0.9201799875604055,1.0976826966232773,Drilling,Drilling
497,0.22176725974451925,1.3028388004463214,0.5236623614828348,1.3028388004463214,Milling,Milling
498,0.5154927618989077,0.6114104332310375,0.3646145114991785,0.6114104332310375,Milling,No clear abnormal zone
499,1.3346207309304345,1.2397766679527382,1.6671906138381454,1.6671906138381454,Assembly,Assembly
500,0.5758033491833928,0.5847031388154139,0.3477887738942149,0.5847031388154139,Milling,No clear abnormal zone
501,0.3489817903606711,2.3390318669814927,0.8318395779400432,2.3390318669814927,Milling,Milling
502,0.8604916387262258,1.2113242172102476,0.8923628809807169,1.2113242172102476,Milling,Milling
503,1.2293633593581608,0.7601398942513707,0.9140606366997832,1.2293633593581608,Drilling,Drilling
504,0.4427013742941549,0.9471762277481914,0.7399347865847146,0.9471762277481914,Milling,No clear abnormal zone
505,1.20587382082716,1.112290332341948,1.4606589702581732,1.4606589702581732,Assembly,Assembly
506,1.217384400200771,1.1203815066796379,1.4781462608227165,1.4781462608227165,Assembly,Assembly
507,0.42151390298444236,0.5032524622260396,0.4405449531970529,0.5032524622260396,Milling,No clear abnormal zone
508,0.6830010691439972,0.5587043172927876,0.5865765357644701,0.6830010691439972,Drilling,No clear abnormal zone
509,0.6200669137865746,1.2672685078818746,0.8926622134701891,1.2672685078818746,Milling,Milling
510,0.8109761620855465,0.5293058300093386,0.8878556831902832,0.8878556831902832,Assembly,No clear abnormal zone
511,0.30767671336753233,0.27093424947088574,0.7714344099160437,0.7714344099160437,Assembly,No clear abnormal zone
512,0.40025578009079243,1.0557323303013295,0.8813710973000826,1.0557323303013295,Milling,Milling
513,1.2181149154345503,1.1218148375363548,1.4825912806991979,1.4825912806991979,Assembly,Assembly
514,0.247168298074146,0.6282885169585799,0.812086412406487,0.812086412406487,Assembly,No clear abnormal zone
515,1.2741699920176086,1.1027438291144223,0.9111910699197561,1.2741699920176086,Drilling,Drilling
516,0.28830534809387276,0.5881941712861996,0.7154735770534624,0.7154735770534624,Assembly,No clear abnormal zone
517,0.8803631439110865,1.7383343645502976,0.897811034245876,1.7383343645502976,Milling,Milling
518,0.22346969502716715,0.3040181664607313,0.43915854172322705,0.43915854172322705,Assembly,No clear abnormal zone
519,1.4642089541828303,0.9658467296212185,0.9162810587914259,1.4642089541828303,Drilling,Drilling
520,0.7130695641424797,0.778785926941029,0.8218949716287249,0.8218949716287249,Assembly,No clear abnormal zone
521,1.331869494731507,1.2351475722251544,1.6676241115230142,1.6676241115230142,Assembly,Assembly
522,1.048103417888059,0.9715207870544844,1.1822778249018915,1.1822778249018915,Assembly,Assembly
523,0.28782513966534995,0.25799178389611044,0.4778732148716834,0.4778732148716834,Assembly,No clear abnormal zone
524,0.6870350733201034,0.6902588359805539,0.5380555291111401,0.6902588359805539,Milling,No clear abnormal zone
525,0.19644595137478604,0.29061828527665073,0.6754998450220208,0.6754998450220208,Assembly,No clear abnormal zone
526,0.30003343487719447,0.21930836510345872,0.2741661634387212,0.30003343487719447,Drilling,No clear abnormal zone
527,1.4139767707432576,1.0597221443204334,0.9103146572431422,1.4139767707432576,Drilling,Drilling
528,0.3207827827270556,0.5772581764816493,0.7152337943663218,0.7152337943663218,Assembly,No clear abnormal zone
529,1.3483153412680886,1.251353737576401,1.6684622038506898,1.6684622038506898,Assembly,Assembly
530,1.3542560153605545,0.9607780359108653,0.917096670373382,1.3542560153605545,Drilling,Drilling
531,1.238837590353075,0.650246256047297,0.9162143950907896,1.238837590353075,Drilling,Drilling
532,1.091958826455244,1.0016293956549438,1.2699128493424623,1.2699128493424623,Assembly,Assembly
533,1.1474422036304304,0.6122087674507363,0.9103903018211924,1.1474422036304304,Drilling,Drilling
534,0.35606854567991936,0.46485598723290217,0.825129955941688,0.825129955941688,Assembly,No clear abnormal zone
535,0.9431994614638135,0.6246567955124384,0.8971390729891271,0.9431994614638135,Drilling,No clear abnormal zone
536,1.3260850935358817,1.231728796662079,1.6614415329057346,1.6614415329057346,Assembly,Assembly
537,1.1125383034957899,1.0199314284824774,1.2961224203624095,1.2961224203624095,Assembly,Assembly
538,0.3313506196851871,0.5235555834203083,0.7328780133179853,0.7328780133179853,Assembly,No clear abnormal zone
539,1.1206593519805508,1.0292394184417306,1.3195773002313,1.3195773002313,Assembly,Assembly
540,0.6784918442869059,0.6663620494766513,0.5404403653461142,0.6784918442869059,Drilling,No clear abnormal zone
541,0.2491712814769576,0.5621516084080962,0.7818108613970368,0.7818108613970368,Assembly,No clear abnormal zone
542,0.8765460302736003,1.0640549352462658,0.879253236573662,1.0640549352462658,Milling,Milling
543,1.4458967311858852,1.3494762769956603,1.6684622038506898,1.6684622038506898,Assembly,Assembly
544,1.4180599144773887,0.8721407931783751,0.916532356857121,1.4180599144773887,Drilling,Drilling
545,0.7751734387277551,0.6603796894889098,0.9082182732579307,0.9082182732579307,Assembly,No clear abnormal zone
546,0.2360552027898418,0.1608625495838762,0.5226475419845297,0.5226475419845297,Assembly,No clear abnormal zone
547,0.44651917320131973,0.49119327143471925,0.8527027923004996,0.8527027923004996,Assembly,No clear abnormal zone
548,1.2515915579522476,1.1211749000982536,0.9180331563507582,1.2515915579522476,Drilling,Drilling
549,1.4431668994325246,0.6808498686334613,0.9163793940860113,1.4431668994325246,Drilling,Drilling
550,1.409031905433319,1.0383523533486378,0.9107838749721744,1.409031905433319,Drilling,Drilling
551,1.3494675094741302,0.8786990235634378,0.9175599848798357,1.3494675094741302,Drilling,Drilling
552,1.2883655761306807,0.7125930044599134,0.9044635774322322,1.2883655761306807,Drilling,Drilling
553,1.095753858085878,1.009272383455866,1.2747592451933587,1.2747592451933587,Assembly,Assembly
554,0.350942476379284,0.4703010085880135,0.41220764861857895,0.4703010085880135,Milling,No clear abnormal zone
555,0.2350231069761165,0.27305120968945534,0.6610344640606152,0.6610344640606152,Assembly,No clear abnormal zone
556,0.8795198866793468,0.8339751536184581,0.9100456717577425,0.9100456717577425,Assembly,No clear abnormal zone
557,0.5480947822262942,0.5742693393883866,0.8923052274989234,0.8923052274989234,Assembly,No clear abnormal zone
558,1.2286920618418422,1.1321101369679085,1.4954979456482427,1.4954979456482427,Assembly,Assembly
559,0.2957619945054284,0.5529123886440253,0.6262812502005765,0.6262812502005765,Assembly,No clear abnormal zone
560,0.27474796122985135,0.2634872566447757,0.7445728344959641,0.7445728344959641,Assembly,No clear abnormal zone
561,1.4457897926763863,1.3509117730047286,1.6684622038506898,1.6684622038506898,Assembly,Assembly
562,0.766329446902412,0.8457237770411157,0.8799118151267579,0.8799118151267579,Assembly,No clear abnormal zone
563,1.4556214605207485,1.4506389833871303,0.9174720391030495,1.4556214605207485,Drilling,Drilling
564,1.0335630859265827,1.845149188472259,0.9069780027158814,1.845149188472259,Milling,Milling
565,1.0960495476489556,1.0095083850621833,1.2809991110514383,1.2809991110514383,Assembly,Assembly
566,1.2842718718283976,1.3355478546282444,0.8845185807654534,1.3355478546282444,Milling,Milling
567,0.6903446992199145,0.6192371892592766,0.5398229914989814,0.6903446992199145,Drilling,No clear abnormal zone
568,0.39638483025870025,0.06902966206562862,0.3688420076046861,0.39638483025870025,Drilling,No clear abnormal zone
569,1.4363192534639408,1.3414868648184926,1.6684622038506898,1.6684622038506898,Assembly,Assembly
570,1.236340223583325,1.1440163097490048,1.5137484972181545,1.5137484972181545,Assembly,Assembly
571,1.1993457871095714,0.6653322217300028,0.9012693069857174,1.1993457871095714,Drilling,Drilling
572,0.3467886475870936,0.37077300237384736,0.3495083514639088,0.37077300237384736,Milling,No clear abnormal zone
573,0.4493226275941107,0.9605933567778566,0.3583320178144267,0.9605933567778566,Milling,No clear abnormal zone
574,0.32328202291925395,0.4005023373666068,0.730297982939308,0.730297982939308,Assembly,No clear abnormal zone
575,1.2324863529566978,1.1386142546319225,1.510377348034095,1.510377348034095,Assembly,Assembly
576,0.28254078412009037,0.4437482317011291,0.7427154255562115,0.7427154255562115,Assembly,No clear abnormal zone
577,1.0928883342659508,1.0086769665591935,1.2559399712997505,1.2559399712997505,Assembly,Assembly
578,1.305294588724058,0.8096785946133085,0.9107235182932906,1.305294588724058,Drilling,Drilling
579,0.9584011093837014,0.8841157517753284,1.0180438588886656,1.0180438588886656,Assembly,Assembly
580,0.2719222137391195,0.4091058542352056,0.5596298599640447,0.5596298599640447,Assembly,No clear abnormal zone
581,0.5466943021270764,0.6830462706482816,0.33818136470944077,0.6830462706482816,Milling,No clear abnormal zone
582,1.2006059340079982,0.775344150926941,0.9074353458061658,1.2006059340079982,Drilling,Drilling
583,0.273490587704124,0.4402326573248941,0.783034018815264,0.783034018815264,Assembly,No clear abnormal zone
584,0.7322787809296631,0.7385525591815641,0.6758035544662235,0.7385525591815641,Milling,No clear abnormal zone
585,0.8484320190355013,0.7963253193775988,0.8379953451772189,0.8484320190355013,Drilling,No clear abnormal zone
586,1.444043092698915,0.8288329503906062,0.9083905076356671,1.444043092698915,Drilling,Drilling
587,0.851377898506455,2.237451474206124,0.9196174714361567,2.237451474206124,Milling,Milling
588,0.8349927429036614,0.6214378760707361,0.8308008276792719,0.8349927429036614,Drilling,No clear abnormal zone
589,1.086867856493186,0.6555028692043385,0.9067837466207422,1.086867856493186,Drilling,Drilling
590,0.8424591115216389,0.794229451901312,0.8330663626999781,0.8424591115216389,Drilling,No clear abnormal zone
591,1.008861376611575,0.9296056026810993,1.1023311506628959,1.1023311506628959,Assembly,Assembly
592,1.4573472333961037,0.6957322211572039,0.9115363127688576,1.4573472333961037,Drilling,Drilling
593,1.4460506578283459,1.3501344833105273,1.6684622038506898,1.6684622038506898,Assembly,Assembly
594,0.7494849111687863,0.7194559154410167,0.6783710993934498,0.7494849111687863,Drilling,No clear abnormal zone
595,0.4901629905933301,0.5434463504799536,0.3907569396625564,0.5434463504799536,Milling,No clear abnormal zone
596,1.5109489946603756,0.7137118969529066,0.9187993499468257,1.5109489946603756,Drilling,Drilling
597,1.2517725511167896,1.1585791244654358,1.5412679196210095,1.5412679196210095,Assembly,Assembly
598,0.8471658777312578,0.808606063515511,0.8413297711368266,0.8471658777312578,Drilling,No clear abnormal zone
599,0.3991830384960656,0.20790242215813845,0.42700692135808926,0.42700692135808926,Assembly,No clear abnormal zone
600,1.2479480621593844,0.7260883990670373,0.9177006706334858,1.2479480621593844,Drilling,Drilling
601,0.4217764155952317,0.2638135851660188,0.4860156357990998,0.4860156357990998,Assembly,No clear abnormal zone
602,0.8350222480918903,0.6011687266134986,0.8742090939740421,0.8742090939740421,Assembly,No clear abnormal zone
603,0.602132121419712,0.6206816651639453,0.3985048831516816,0.6206816651639453,Milling,No clear abnormal zone
604,0.3173274909107055,0.2306580937302104,0.39594337914566,0.39594337914566,Assembly,No clear abnormal zone
605,0.9015657306433639,1.1750325309191352,0.897437238345449,1.1750325309191352,Milling,Milling
606,1.395137274349468,0.7018946789730864,0.9149887275165026,1.395137274349468,Drilling,Drilling
607,1.0834907093085935,0.9944172731719775,1.2453855130128273,1.2453855130128273,Assembly,Assembly
608,0.8580470841049506,0.6617373356443421,0.8765573287470052,0.8765573287470052,Assembly,No clear abnormal zone
609,0.5039720001345125,0.5494912205101061,0.38349526114543653,0.5494912205101061,Milling,No clear abnormal zone
610,0.2422659427810475,2.0141161141958936,0.3991669514049262,2.0141161141958936,Milling,Milling
611,0.19908053427874756,0.3721388415614854,0.6850336291866012,0.6850336291866012,Assembly,No clear abnormal zone
612,0.6843203675191469,0.44335115219813687,0.8743550228813213,0.8743550228813213,Assembly,No clear abnormal zone
613,1.35154813607583,0.8351752482290566,0.9057662282814227,1.35154813607583,Drilling,Drilling
614,0.27053634518846903,0.24381087251044103,0.6572492020462979,0.6572492020462979,Assembly,No clear abnormal zone
615,1.2038735672228296,1.106708569579688,1.4516379148017247,1.4516379148017247,Assembly,Assembly
616,0.6747541836048436,0.29979362624526296,0.5249337425915034,0.6747541836048436,Drilling,No clear abnormal zone
617,0.7939126821971125,0.7732253089390613,0.7431771946587904,0.7939126821971125,Drilling,No clear abnormal zone
618,1.1843623609134184,0.8697634325351442,0.903982597250912,1.1843623609134184,Drilling,Drilling
619,1.1334112976531465,1.0405783213067248,1.3262051976284277,1.3262051976284277,Assembly,Assembly
620,0.7814238740700088,0.751090956449309,0.7153424288229695,0.7814238740700088,Drilling,No clear abnormal zone
621,0.6621489493887338,0.719544720294476,0.8781463224955681,0.8781463224955681,Assembly,No clear abnormal zone
622,0.7215366196469004,0.6915600925438272,0.6161779143950561,0.7215366196469004,Drilling,No clear abnormal zone
623,1.2443711298488689,0.7501092618767242,0.9060986406220675,1.2443711298488689,Drilling,Drilling
624,0.351494767733945,0.9806802009810909,0.8118176295301308,0.9806802009810909,Milling,No clear abnormal zone
625,0.6196812628096325,0.4896749300211173,0.42939842174272563,0.6196812628096325,Drilling,No clear abnormal zone
626,1.4877910128981948,0.5982557670256459,0.9121097618524182,1.4877910128981948,Drilling,Drilling
627,1.1265319191451855,1.032051951346376,1.3195001169742642,1.3195001169742642,Assembly,Assembly
628,1.3422986466174733,1.249091153369046,1.6668751715875727,1.6668751715875727,Assembly,Assembly
629,0.8259734664116347,0.7243943086686763,0.7919067965262523,0.8259734664116347,Drilling,No clear abnormal zone
630,1.1048265139392894,0.6667587789811062,0.8869826171086828,1.1048265139392894,Drilling,Drilling
631,0.8452850901631794,0.7990620719499403,0.8031116044558917,0.8452850901631794,Drilling,No clear abnormal zone
632,0.6378822173671801,0.7972654711963134,0.9063714338556902,0.9063714338556902,Assembly,No clear abnormal zone
633,0.3227201487899478,1.2680880072878886,0.7889346331485215,1.2680880072878886,Milling,Milling
634,0.28560654179908973,0.43114206315813364,0.4205677895979682,0.43114206315813364,Milling,No clear abnormal zone
635,1.095350861289091,1.011506820682651,1.254426319660288,1.254426319660288,Assembly,Assembly
636,1.4292697887619585,0.551928728213512,0.8976186069596834,1.4292697887619585,Drilling,Drilling
637,0.5281146618730606,0.5307017528463728,0.8528784593084254,0.8528784593084254,Assembly,No clear abnormal zone
638,1.3320979542745275,1.2364942969878097,1.6684622038506898,1.6684622038506898,Assembly,Assembly
639,1.3292966272080196,0.6488170190573875,0.9115960261394052,1.3292966272080196,Drilling,Drilling
640,1.332183829138216,1.2367497849652909,1.6684622038506898,1.6684622038506898,Assembly,Assembly
641,1.0343427161741494,0.7471605500663301,0.9091461548287039,1.0343427161741494,Drilling,Drilling
642,1.4629472738958564,0.6793368662900466,0.917219727640157,1.4629472738958564,Drilling,Drilling
643,1.300539109384527,1.253173435030278,0.9133037585031754,1.300539109384527,Drilling,Drilling
644,1.0074160779786263,0.9301620468354441,1.123853556146777,1.123853556146777,Assembly,Assembly
645,0.4142120357423942,0.5195549994710109,0.8501723104179252,0.8501723104179252,Assembly,No clear abnormal zone
646,0.9652152553413973,0.8927157369156292,1.046208680651298,1.046208680651298,Assembly,Assembly
647,0.9911516633602578,0.855159491819802,0.8906395072241441,0.9911516633602578,Drilling,No clear abnormal zone
648,0.3157754966571218,0.07194352039740853,0.38984858432870717,0.38984858432870717,Assembly,No clear abnormal zone
649,0.7368248795227147,0.7934915013968766,0.602629038172732,0.7934915013968766,Milling,No clear abnormal zone
650,0.8997788023151766,0.7506987399652234,0.9459072164910916,0.9459072164910916,Assembly,No clear abnormal zone
651,0.5999842966517195,0.2611280374175681,0.42243498432382126,0.5999842966517195,Drilling,No clear abnormal zone
652,0.6667188478119445,0.6391436471322194,0.5243583909288831,0.6667188478119445,Drilling,No clear abnormal zone
653,1.4421051128097258,0.5750742068514316,0.9205812640612809,1.4421051128097258,Drilling,Drilling
654,1.2345651727701397,1.13937205795496,1.5075945587733712,1.5075945587733712,Assembly,Assembly
655,1.050448205939448,0.6945333533466099,0.9148926914611303,1.050448205939448,Drilling,Drilling
656,0.2604454029856197,0.3898027652698094,0.7143696254520724,0.7143696254520724,Assembly,No clear abnormal zone
657,0.2981226631451521,0.09038719835281524,0.5604623614169832,0.5604623614169832,Assembly,No clear abnormal zone
658,1.3975684643160464,0.7867582804014724,0.9116718674573796,1.3975684643160464,Drilling,Drilling
659,0.6402183360512537,0.6740894782192833,0.5059346891114694,0.6740894782192833,Milling,No clear abnormal zone
660,0.6279873729915475,1.0033996941485395,0.8983153730844424,1.0033996941485395,Milling,Milling
661,1.3182332144899434,1.2226135052621125,1.6447253703487883,1.6447253703487883,Assembly,Assembly
662,0.8376198369885184,0.5201655064830915,0.8708423352347541,0.8708423352347541,Assembly,No clear abnormal zone
663,0.3397847711898138,0.4370786755707094,0.3017613424890123,0.4370786755707094,Milling,No clear abnormal zone
664,1.0339758787705957,0.9504343683028755,1.1510767327039222,1.1510767327039222,Assembly,Assembly
665,0.2646019688364783,0.2274179625390055,0.5826390346075287,0.5826390346075287,Assembly,No clear abnormal zone
666,0.2660906328293209,0.4877739090518892,0.544300446808412,0.544300446808412,Assembly,No clear abnormal zone
667,0.38127515057717565,0.1729415668232949,0.4553524836398404,0.4553524836398404,Assembly,No clear abnormal zone
668,0.37497703490583567,0.4534710072262512,0.39663439328386413,0.4534710072262512,Milling,No clear abnormal zone
669,0.30072922911503946,0.5062533969923146,0.7576253356121314,0.7576253356121314,Assembly,No clear abnormal zone
670,1.0973276075804,1.0091901076665075,1.2655748370749507,1.2655748370749507,Assembly,Assembly
671,1.3302346317605305,1.2356672087895229,1.665413241747431,1.665413241747431,Assembly,Assembly
672,0.9704927930240042,0.9125290460845351,1.0550599908050664,1.0550599908050664,Assembly,Assembly
673,0.3186776269572371,0.24646534929342429,0.5799157939935043,0.5799157939935043,Assembly,No clear abnormal zone
674,0.5511356403657734,0.9124061480631629,0.8462129258422815,0.9124061480631629,Milling,No clear abnormal zone
675,0.3154057456379419,0.24971881640346283,0.6744887055857658,0.6744887055857658,Assembly,No clear abnormal zone
676,0.3016306448244157,0.31580917706295225,0.7978751738837986,0.7978751738837986,Assembly,No clear abnormal zone
677,1.340051910988624,1.2463414098825953,1.6671002541879096,1.6671002541879096,Assembly,Assembly
678,0.7096625449048071,0.7062484860966474,0.6256912479599235,0.7096625449048071,Drilling,No clear abnormal zone
679,1.2066700894953544,0.5758096325972724,0.8974133201890893,1.2066700894953544,Drilling,Drilling
680,0.679743188685957,0.46550068091781394,0.5878750537011397,0.679743188685957,Drilling,No clear abnormal zone
681,0.8418673568487351,1.6728747211339545,0.9097644821659028,1.6728747211339545,Milling,Milling
682,1.2581482536680322,0.9775327637194132,0.9104879765904645,1.2581482536680322,Drilling,Drilling
683,0.22605977180633266,1.0868217422169755,0.391149202740395,1.0868217422169755,Milling,Milling
684,1.4832335758209108,0.6325528762822178,0.9053796163042254,1.4832335758209108,Drilling,Drilling
685,0.9968697221423268,0.9261824968133209,1.1040037299306205,1.1040037299306205,Assembly,Assembly
686,0.7650255922536378,1.1700123754994323,0.700265351409219,1.1700123754994323,Milling,Milling
687,1.131824359473491,0.6528635484878162,0.9008055185751976,1.131824359473491,Drilling,Drilling
688,0.7076628950594924,0.314482326745702,0.551340331740652,0.7076628950594924,Drilling,No clear abnormal zone
689,0.7872665068979429,1.2935968924648638,0.8792344546847269,1.2935968924648638,Milling,Milling
690,1.2183472500989048,1.119896512552894,1.477160275194335,1.477160275194335,Assembly,Assembly
691,1.367187477873229,0.6202079662112645,0.9175125927442108,1.367187477873229,Drilling,Drilling
692,1.0782771086316467,0.5552583991416999,0.9094227473692325,1.0782771086316467,Drilling,Drilling
693,0.24124311187199204,0.3528877464892511,0.8096410261018604,0.8096410261018604,Assembly,No clear abnormal zone
694,1.0060151067342908,0.7977933262789866,0.8794514227457109,1.0060151067342908,Drilling,Drilling
695,1.3681263194250797,0.8825840666852127,0.9132349992944424,1.3681263194250797,Drilling,Drilling
696,0.8847471023096989,0.8268193250966316,0.905093688296734,0.905093688296734,Assembly,No clear abnormal zone
697,0.861141631673251,0.8217089925526957,0.9056914039750332,0.9056914039750332,Assembly,No clear abnormal zone
698,0.4635774985494455,0.2330891930291667,0.19547660963576324,0.4635774985494455,Drilling,No clear abnormal zone
699,1.4163410608431084,0.7839872608420544,0.9172678666361025,1.4163410608431084,Drilling,Drilling
700,1.025315152847484,0.9420054301983459,1.1392667366045255,1.1392667366045255,Assembly,Assembly
701,1.4351477907007935,1.3412898359545027,1.6684622038506898,1.6684622038506898,Assembly,Assembly
702,1.4071320156418174,0.7620576919515989,0.9047332636526443,1.4071320156418174,Drilling,Drilling
703,1.3618661123512141,0.5870173555707008,0.9195434159986882,1.3618661123512141,Drilling,Drilling
704,1.1354691429147543,0.6890924408363417,0.8994090635393343,1.1354691429147543,Drilling,Drilling
705,0.271773268877587,0.43988117572644025,0.7262471767850086,0.7262471767850086,Assembly,No clear abnormal zone
706,0.9840705767436915,0.6925435494263272,1.0710795890759734,1.0710795890759734,Assembly,Assembly
707,0.2449058976441653,0.4337319378868044,0.5597731239139239,0.5597731239139239,Assembly,No clear abnormal zone
708,0.5456402725460956,0.6131252834570846,0.31613977031943136,0.6131252834570846,Milling,No clear abnormal zone
709,1.3289043815135815,1.2341797491240176,1.664033871921267,1.664033871921267,Assembly,Assembly
710,0.5415818359546306,0.7719366833907311,0.3652472128020986,0.7719366833907311,Milling,No clear abnormal zone
711,1.2201365753900155,1.1259502785277884,1.4840210898146444,1.4840210898146444,Assembly,Assembly
712,1.4580385870421806,0.7130381939035718,0.9031137241903345,1.4580385870421806,Drilling,Drilling
713,0.8115560569602931,0.7988693733906536,0.8151032387162063,0.8151032387162063,Assembly,No clear abnormal zone
714,0.3909094137697401,0.5340064169277716,0.8056804320517309,0.8056804320517309,Assembly,No clear abnormal zone
715,0.7718872563693705,0.5178487454193843,0.7028447963015481,0.7718872563693705,Drilling,No clear abnormal zone
716,0.8369887816206033,0.7829770198339587,0.8065848956817236,0.8369887816206033,Drilling,No clear abnormal zone
717,1.2096590546690882,1.11598624740602,1.465607826962983,1.465607826962983,Assembly,Assembly
718,0.5195990903014945,0.18693452293034057,0.388815966228276,0.5195990903014945,Drilling,No clear abnormal zone
719,0.5057929637354457,0.822408901839709,0.8844386957946835,0.8844386957946835,Assembly,No clear abnormal zone
720,1.1395419703190035,1.0496308232884966,1.3439269828111091,1.3439269828111091,Assembly,Assembly
721,0.8056212196554734,1.088005162817978,0.8896583036123512,1.088005162817978,Milling,Milling
722,1.0994629140883516,0.7818590943527128,0.9082120810380172,1.0994629140883516,Drilling,Drilling
723,0.7951434860094164,0.7680505948188905,0.7605109568149077,0.7951434860094164,Drilling,No clear abnormal zone
724,0.6401390966103742,0.4758605196760505,0.4839325079027547,0.6401390966103742,Drilling,No clear abnormal zone
725,1.1156149411230902,0.5857269247691852,0.9182571556695174,1.1156149411230902,Drilling,Drilling
726,0.5479889564556053,0.5914131356758817,0.36253579114721457,0.5914131356758817,Milling,No clear abnormal zone
727,0.8486029228319822,0.6603129280618378,0.9047986398650489,0.9047986398650489,Assembly,No clear abnormal zone
728,0.27576042339920065,0.27213528428592554,0.33733000900574295,0.33733000900574295,Assembly,No clear abnormal zone
729,1.3395721019158615,0.7452468393519637,0.9179052433408887,1.3395721019158615,Drilling,Drilling
730,0.6581552405202757,0.6201747193967992,0.5499371057574747,0.6581552405202757,Drilling,No clear abnormal zone
731,0.4822476601965293,0.3363331980283651,0.3894914305581906,0.4822476601965293,Drilling,No clear abnormal zone
732,0.45021049837153354,0.5627676546853041,0.81905206647925,0.81905206647925,Assembly,No clear abnormal zone
733,0.6100667675487401,0.40329551793346613,0.8811876825922329,0.8811876825922329,Assembly,No clear abnormal zone
734,1.3314725260220033,1.2356498875707107,1.6680905621249225,1.6680905621249225,Assembly,Assembly
735,0.5698871672916402,0.4108009729234206,0.3615831510276274,0.5698871672916402,Drilling,No clear abnormal zone
736,0.20011809641132183,0.7829899623535324,0.5262615424148029,0.7829899623535324,Milling,No clear abnormal zone
737,1.321070627238247,1.0747484092090618,0.8900285220973329,1.321070627238247,Drilling,Drilling
738,1.2369540097243894,1.1429921926867281,1.5103243342423844,1.5103243342423844,Assembly,Assembly
739,1.3864345100777764,1.0778657789749164,0.9082466649894791,1.3864345100777764,Drilling,Drilling
740,0.3637180008324944,0.6252528008374298,0.7958069669433296,0.7958069669433296,Assembly,No clear abnormal zone
741,0.29822954437503574,0.2926064397176986,0.6297163562625412,0.6297163562625412,Assembly,No clear abnormal zone
742,0.323316345555697,0.3398560544285326,0.578561099009764,0.578561099009764,Assembly,No clear abnormal zone
743,0.6644928782433862,0.6741999009892116,0.541867232122178,0.6741999009892116,Milling,No clear abnormal zone
744,1.2819335301313348,0.6241102379499093,0.8764712908620733,1.2819335301313348,Drilling,Drilling
745,0.6551521922129303,0.6213634160214059,0.546896801770148,0.6551521922129303,Drilling,No clear abnormal zone
746,1.2711959459978255,0.8356862755285244,0.9157095712580587,1.2711959459978255,Drilling,Drilling
747,1.0118620309624224,0.5856667319659783,0.8691362953333845,1.0118620309624224,Drilling,Drilling
748,0.8563346031560024,0.8167600272713955,0.8636127447527424,0.8636127447527424,Assembly,No clear abnormal zone
749,1.1293034666025101,1.0406930743813563,1.334314700532981,1.334314700532981,Assembly,Assembly
750,1.4428192218677252,0.6111752311072612,0.9148533474362814,1.4428192218677252,Drilling,Drilling
751,1.0709413941802866,0.5884857845368382,0.8893476741238504,1.0709413941802866,Drilling,Drilling
752,1.3887763344445587,1.2733992675032915,0.918824570903751,1.3887763344445587,Drilling,Drilling
753,0.2325393037212562,0.43174884056340035,0.6438963550463339,0.6438963550463339,Assembly,No clear abnormal zone
754,1.442183048401467,1.346678900157476,1.6684622038506898,1.6684622038506898,Assembly,Assembly
755,1.2206180453100228,1.1216654420240988,1.4852350545136415,1.4852350545136415,Assembly,Assembly
756,0.2773220185730831,0.3452246182449976,0.6732239029842308,0.6732239029842308,Assembly,No clear abnormal zone
757,1.135235386878382,1.0530127912615959,1.3444828496809236,1.3444828496809236,Assembly,Assembly
758,0.5847960220298344,0.5233555939893335,0.38195367441884953,0.5847960220298344,Drilling,No clear abnormal zone
759,0.28024129648898743,0.2893339946608433,0.6888761248222925,0.6888761248222925,Assembly,No clear abnormal zone
760,0.351118462607539,0.8078562482364025,0.4572679214701849,0.8078562482364025,Milling,No clear abnormal zone
761,1.1362701080962347,1.0425789220795438,1.329923373449729,1.329923373449729,Assembly,Assembly
762,1.4420067162353738,0.7038623682372214,0.9167710007320007,1.4420067162353738,Drilling,Drilling
763,0.605446122345961,0.6177540082841187,0.8925223276972104,0.8925223276972104,Assembly,No clear abnormal zone
764,0.424144578026673,0.5147580818221018,0.3425490540697492,0.5147580818221018,Milling,No clear abnormal zone
765,0.2586357011803503,0.22566352734350803,0.5783900531446181,0.5783900531446181,Assembly,No clear abnormal zone
766,1.0805175240650597,0.9946143020359672,1.2561841609014253,1.2561841609014253,Assembly,Assembly
767,0.527408378043436,0.5192212455912999,0.8672449665231133,0.8672449665231133,Assembly,No clear abnormal zone
768,0.6428157039385523,0.5346555827301152,0.4590534971679546,0.6428157039385523,Drilling,No clear abnormal zone
769,1.1326139007725788,0.6884774222193637,0.9140935917575419,1.1326139007725788,Drilling,Drilling
770,0.5511238173178448,0.2783504659096334,0.38035650266557935,0.5511238173178448,Drilling,No clear abnormal zone
771,0.2702804787429633,0.08283317658735789,0.48534568235682274,0.48534568235682274,Assembly,No clear abnormal zone
772,0.5733164012918577,0.5983567792672577,0.4099366609551801,0.5983567792672577,Milling,No clear abnormal zone
773,0.6472080058799232,0.6774627855829765,0.5230840881088057,0.6774627855829765,Milling,No clear abnormal zone
774,0.2942807411779748,1.9711031782534663,0.31924371007326374,1.9711031782534663,Milling,Milling
775,0.8957183257688572,0.5738120913786826,0.9181032279246932,0.9181032279246932,Assembly,No clear abnormal zone
776,0.2975491769689759,0.09329983000230183,0.5782849758970509,0.5782849758970509,Assembly,No clear abnormal zone
777,0.7443709161193972,0.6215760429486665,0.6675054305869628,0.7443709161193972,Drilling,No clear abnormal zone
778,0.8408145732494627,0.7927425499133143,0.8989262409269042,0.8989262409269042,Assembly,No clear abnormal zone
779,1.3255470274684438,0.8548456148124208,0.9189944617380676,1.3255470274684438,Drilling,Drilling
780,0.7713320511329191,0.5868966794611493,0.6914303297142533,0.7713320511329191,Drilling,No clear abnormal zone
781,1.3266149252420356,1.2281887725673175,1.6594603879211882,1.6594603879211882,Assembly,Assembly
782,0.9711435562378253,0.5734966976863288,0.8868009149017166,0.9711435562378253,Drilling,No clear abnormal zone
783,1.443942672966859,1.3487726024814113,1.6684622038506898,1.6684622038506898,Assembly,Assembly
784,1.141278829388425,1.1096727310095917,0.9063782213838723,1.141278829388425,Drilling,Drilling
785,0.8548363794831182,2.0764532616916926,0.8683537085641269,2.0764532616916926,Milling,Milling
786,0.4737782464261097,0.5883897408288632,0.8214570387428779,0.8214570387428779,Assembly,No clear abnormal zone
787,1.3270993890956748,1.2338744626424512,1.6633404350939307,1.6633404350939307,Assembly,Assembly
788,0.25354053052252645,0.29007504983423565,0.4044597932223847,0.4044597932223847,Assembly,No clear abnormal zone
789,1.3262892488721978,1.2342338779328061,1.666682598319425,1.666682598319425,Assembly,Assembly
790,1.3187306405871582,1.2237155678090443,1.6488086799353827,1.6488086799353827,Assembly,Assembly
791,1.0129956395500923,0.9383333318101409,1.1073836670858606,1.1073836670858606,Assembly,Assembly
792,0.8824068193166201,0.7430969061467205,0.904175631929826,0.904175631929826,Assembly,No clear abnormal zone
793,1.1737509351751647,0.7115748908244166,0.8951626630786189,1.1737509351751647,Drilling,Drilling
794,0.2638116148976783,0.33774436914157824,0.34965898070382123,0.34965898070382123,Assembly,No clear abnormal zone
795,1.3385531515751918,1.2443862773091583,1.668343008148764,1.668343008148764,Assembly,Assembly
796,0.8287058705742116,0.7925709452000353,0.7918712938416603,0.8287058705742116,Drilling,No clear abnormal zone
797,0.26699304650402766,0.38024546221094596,0.6120261468578774,0.6120261468578774,Assembly,No clear abnormal zone
798,1.471105432706065,1.4874286709400724,0.9195647161867644,1.4874286709400724,Milling,Milling
799,1.391237099394417,0.5592950606228888,0.8945398267363633,1.391237099394417,Drilling,Drilling
800,1.2120812818703481,1.1144966225881632,1.4681228972221712,1.4681228972221712,Assembly,Assembly
801,1.2473145000522465,1.1561541538317153,1.5291364824000255,1.5291364824000255,Assembly,Assembly
802,1.1142626157579847,1.0230384221069317,1.2997984873238908,1.2997984873238908,Assembly,Assembly
803,1.475658829736598,0.5746914589946613,0.9176611518215592,1.475658829736598,Drilling,Drilling
804,0.20041606354751662,0.8148580753412553,0.5215855561848772,0.8148580753412553,Milling,No clear abnormal zone
805,0.3605960687194012,0.9208687536888738,0.8252499712439723,0.9208687536888738,Milling,No clear abnormal zone
806,1.0100262576364432,0.9310151168619493,1.1125442779502466,1.1125442779502466,Assembly,Assembly
807,0.3920871770013957,0.17661842585312298,0.47734545454233496,0.47734545454233496,Assembly,No clear abnormal zone
808,0.3341791285535592,0.7290353067606912,0.7927970639654214,0.7927970639654214,Assembly,No clear abnormal zone
809,0.6628618508490611,0.6827782346059972,0.5601021598637886,0.6827782346059972,Milling,No clear abnormal zone
810,1.1565329316517943,0.6436131079744408,0.8731922971762502,1.1565329316517943,Drilling,Drilling
811,0.26850649207362676,0.8649453598466652,0.7644123973118984,0.8649453598466652,Milling,No clear abnormal zone
812,1.213524539936094,0.5856316580657175,0.9157146373741045,1.213524539936094,Drilling,Drilling
813,1.3613260117329236,0.5592799045564281,0.9064443730905256,1.3613260117329236,Drilling,Drilling
814,0.5831831440893811,0.5647858199234193,0.3988069221785015,0.5831831440893811,Drilling,No clear abnormal zone
815,1.033896749011606,1.0932430278517082,0.8701038806501196,1.0932430278517082,Milling,Milling
816,0.21769809090294737,0.3874887490403809,0.39654183755852707,0.39654183755852707,Assembly,No clear abnormal zone
817,0.4389880032020963,0.544214979564749,0.3741299171523004,0.544214979564749,Milling,No clear abnormal zone
818,0.32813503284145773,0.6984504142065244,0.8041992802008533,0.8041992802008533,Assembly,No clear abnormal zone
819,0.35966866364024475,0.5353101909145338,0.7238567593198312,0.7238567593198312,Assembly,No clear abnormal zone
820,0.9410133385090371,0.8701721706314366,0.9903994583744361,0.9903994583744361,Assembly,No clear abnormal zone
821,0.2868680786795804,1.3679382904798523,0.755561035411677,1.3679382904798523,Milling,Milling
822,0.8216476597857956,1.2372227003236718,0.7907727110988522,1.2372227003236718,Milling,Milling
823,0.508409043676167,0.552903600655042,0.3317478379122986,0.552903600655042,Milling,No clear abnormal zone
824,1.0179534094722145,0.938463240951233,1.138309727804738,1.138309727804738,Assembly,Assembly
825,0.2874648292975004,0.3845590170442395,0.6262855292048534,0.6262855292048534,Assembly,No clear abnormal zone
826,0.7316026829594945,0.7133956540090676,0.6449361774408225,0.7316026829594945,Drilling,No clear abnormal zone
827,1.030801855536774,0.8796691209536806,0.9017314900620601,1.030801855536774,Drilling,Drilling
828,1.1379643240065507,1.0448609926580628,1.3467364128466306,1.3467364128466306,Assembly,Assembly
829,1.4395274087489096,1.3446458220993835,1.6684622038506898,1.6684622038506898,Assembly,Assembly
830,0.9930794104432159,0.910298939162453,1.0789521219533849,1.0789521219533849,Assembly,Assembly
831,1.4666405693018496,0.8962303712905794,0.9201212930751181,1.4666405693018496,Drilling,Drilling
832,1.1204619621525347,1.0754121764900253,0.9169797623910872,1.1204619621525347,Drilling,Drilling
833,1.3692853528333098,0.974775107231387,0.9030291574622612,1.3692853528333098,Drilling,Drilling
834,1.30647501275935,0.8302019446220836,0.9115712565662037,1.30647501275935,Drilling,Drilling
835,1.245030613716918,1.1460991863111825,1.5295367802097743,1.5295367802097743,Assembly,Assembly
836,0.2635758142391,0.13745851307540818,0.35907669396477027,0.35907669396477027,Assembly,No clear abnormal zone
837,1.320104713122944,0.7573711828637757,0.9110340926060769,1.320104713122944,Drilling,Drilling
838,0.2569113364400619,0.2927629767672808,0.6593884803063909,0.6593884803063909,Assembly,No clear abnormal zone
839,0.5289530502406998,0.5326809408548436,0.3756750111936223,0.5326809408548436,Milling,No clear abnormal zone
840,0.23931262431991132,0.39296763378325966,0.3179246466486689,0.39296763378325966,Milling,No clear abnormal zone
841,0.27266023103424114,0.166904425918896,0.5730383907497261,0.5730383907497261,Assembly,No clear abnormal zone
842,0.3119513011067587,0.3351165278286439,0.7225910855084736,0.7225910855084736,Assembly,No clear abnormal zone
843,0.5573962397920715,1.8419958907196603,0.40491108807216974,1.8419958907196603,Milling,Milling
844,0.7913949525900357,0.7732751074431468,0.7679836044153106,0.7913949525900357,Drilling,No clear abnormal zone
845,0.9970176024321751,0.9186174544970542,1.092927528639911,1.092927528639911,Assembly,Assembly
846,1.2411882288053484,1.146174966643486,1.5220740084266322,1.5220740084266322,Assembly,Assembly
847,1.332818979073422,1.23800340817683,1.6684408420683363,1.6684408420683363,Assembly,Assembly
848,0.4752547580769484,0.3996260793328533,0.34458834930893706,0.4752547580769484,Drilling,No clear abnormal zone
849,0.34965563109442455,0.5698816722835031,0.7821455372432442,0.7821455372432442,Assembly,No clear abnormal zone
850,1.2307688556829266,1.1360766960759223,1.509003086889471,1.509003086889471,Assembly,Assembly
851,0.22267416723512637,0.40033567531799935,0.31671228918418876,0.40033567531799935,Milling,No clear abnormal zone
852,0.5405508599983969,0.24308931165712472,0.40401306784710217,0.5405508599983969,Drilling,No clear abnormal zone
853,1.0412901652365827,1.159841822020759,0.8865541881156702,1.159841822020759,Milling,Milling
854,0.7128216534516746,1.7357390169946263,0.8938153381005052,1.7357390169946263,Milling,Milling
855,0.5883188721097904,0.4966290119800887,0.43134420864062994,0.5883188721097904,Drilling,No clear abnormal zone
856,1.023126238749685,0.9408990373467111,1.139299181957385,1.139299181957385,Assembly,Assembly
857,0.25129469036289226,0.41751109729647895,0.39210455410322154,0.41751109729647895,Milling,No clear abnormal zone
858,0.957815388034908,0.8795927485129696,1.0181772055856497,1.0181772055856497,Assembly,Assembly
859,1.1600288320033827,0.6771064532481669,0.9180628445902039,1.1600288320033827,Drilling,Drilling
860,1.0709968687677807,1.3413620192676996,0.8456265006002295,1.3413620192676996,Milling,Milling
861,1.1164225556917278,0.6929235529668903,0.897599396977633,1.1164225556917278,Drilling,Drilling
862,0.22127104920635227,0.22932742693532765,0.5682734026168168,0.5682734026168168,Assembly,No clear abnormal zone
863,0.352687575149435,0.5824434671609756,0.7930634445513359,0.7930634445513359,Assembly,No clear abnormal zone
864,1.4412173612550825,1.345096173788503,1.6684622038506898,1.6684622038506898,Assembly,Assembly
865,0.5617965353401682,0.9347038372750613,0.37902739991477014,0.9347038372750613,Milling,No clear abnormal zone
866,1.3344123013070481,1.2377500853517005,1.6664755210307032,1.6664755210307032,Assembly,Assembly
867,0.8884432153289721,0.7670016406442547,0.9124207340638129,0.9124207340638129,Assembly,No clear abnormal zone
868,1.2408218722398523,0.5709637411279299,0.8823700336778275,1.2408218722398523,Drilling,Drilling
869,1.36392502816474,0.9676134218846644,0.9208022599007651,1.36392502816474,Drilling,Drilling
870,0.8510589717495461,0.616723181106933,0.8747298130087175,0.8747298130087175,Assembly,No clear abnormal zone
871,1.298774311155098,0.8489190687558057,0.9158163076360797,1.298774311155098,Drilling,Drilling
872,0.2203326124158311,0.17414445365630393,0.7584009175069786,0.7584009175069786,Assembly,No clear abnormal zone
873,0.26693473859170574,1.8647435516806257,0.44610711218531596,1.8647435516806257,Milling,Milling
874,0.8917379360085154,0.5249485576917449,0.9271399780374505,0.9271399780374505,Assembly,No clear abnormal zone
875,1.233144499446731,1.138583942499001,1.5095314689751111,1.5095314689751111,Assembly,Assembly
876,0.3459128154167729,0.31313737906115696,0.7585874669995698,0.7585874669995698,Assembly,No clear abnormal zone
877,1.3910342563885012,0.6496380934881882,0.9167299692648635,1.3910342563885012,Drilling,Drilling
878,0.8350024250944359,1.3867555820507036,0.8326025049602275,1.3867555820507036,Milling,Milling
879,0.42722941734750924,0.28634184708459526,0.3557191178019653,0.42722941734750924,Drilling,No clear abnormal zone
880,0.2816496280057477,0.2848426235957427,0.3026578612422038,0.3026578612422038,Assembly,No clear abnormal zone
881,1.0940082702446081,1.0011270803093875,1.268629348728704,1.268629348728704,Assembly,Assembly
882,1.4339134791149684,0.5715819844566006,0.9069265034324341,1.4339134791149684,Drilling,Drilling
883,1.437053240506411,1.3408697963983047,1.6684622038506898,1.6684622038506898,Assembly,Assembly
884,0.2774594733361499,0.31305579862122024,0.5644756784293951,0.5644756784293951,Assembly,No clear abnormal zone
885,1.4947955902625134,0.7506463146811073,0.9061523540590632,1.4947955902625134,Drilling,Drilling
886,0.5828377207700495,0.6157472829547946,0.38613301218640383,0.6157472829547946,Milling,No clear abnormal zone
887,1.1163325068297312,0.834438529828733,0.9105476493001892,1.1163325068297312,Drilling,Drilling
888,0.22597736147956532,0.3725693413078899,0.6287662124699687,0.6287662124699687,Assembly,No clear abnormal zone
889,1.4386281531008502,1.342077951410462,1.6684622038506898,1.6684622038506898,Assembly,Assembly
890,1.2666936023811153,0.6895946408327565,0.9127993164142799,1.2666936023811153,Drilling,Drilling
891,0.8675481620430131,0.4462898047134872,0.8457894334286146,0.8675481620430131,Drilling,No clear abnormal zone
892,1.1339075778197896,1.0403444848527588,1.3263332321824537,1.3263332321824537,Assembly,Assembly
893,0.3000452893210038,1.5686581164134537,0.7953892361352394,1.5686581164134537,Milling,Milling
894,1.3911529496036568,0.6076453723926134,0.9181289591089286,1.3911529496036568,Drilling,Drilling
895,1.3676358774148236,1.0015471119487418,0.9094171960020863,1.3676358774148236,Drilling,Drilling
896,0.4993690828045694,1.3044227393674344,0.36651495232687836,1.3044227393674344,Milling,Milling
897,0.8294233987636281,0.7809852149669664,0.7965262870976835,0.8294233987636281,Drilling,No clear abnormal zone
898,0.7331101392125453,1.3738073375333242,0.8788659222733435,1.3738073375333242,Milling,Milling
899,0.37153774145700597,0.47953533932686654,0.8281464627365593,0.8281464627365593,Assembly,No clear abnormal zone
900,1.1444945505329431,1.056483530481108,1.3556378170369414,1.3556378170369414,Assembly,Assembly
901,1.129889668056621,1.0443153742654756,1.3242119162738941,1.3242119162738941,Assembly,Assembly
902,1.4283181655008113,0.7655122507267532,0.9192629855082743,1.4283181655008113,Drilling,Drilling
903,0.573224737506441,1.152655375317838,0.8581222530630193,1.152655375317838,Milling,Milling
904,0.3122477619404574,0.23077523764959126,0.360335104284494,0.360335104284494,Assembly,No clear abnormal zone
905,0.9342212524662491,0.8625449310053825,0.8893467088759552,0.9342212524662491,Drilling,No clear abnormal zone
906,0.5036762549561165,0.6422033131452591,0.8413741498603433,0.8413741498603433,Assembly,No clear abnormal zone
907,0.5087802186943194,0.631183977056972,0.8762827507609776,0.8762827507609776,Assembly,No clear abnormal zone
908,1.2520236614625035,1.1543873895128622,1.535875696933937,1.535875696933937,Assembly,Assembly
909,0.5806580276757483,0.7508965684358186,0.8304295751586156,0.8304295751586156,Assembly,No clear abnormal zone
910,0.4776970848212203,0.2469100433613065,0.27658534157446346,0.4776970848212203,Drilling,No clear abnormal zone
911,1.016238397462436,0.5334796333742704,0.8849101098604009,1.016238397462436,Drilling,Drilling
912,0.2979626023496037,0.28498070295694117,0.6990698106092683,0.6990698106092683,Assembly,No clear abnormal zone
913,0.6136358340708756,0.7481377222488603,0.9032893181506872,0.9032893181506872,Assembly,No clear abnormal zone
914,0.33262069399141186,0.5157590136038603,0.7841858629000604,0.7841858629000604,Assembly,No clear abnormal zone
915,1.3193139415480615,1.221836215567911,1.6476093236303608,1.6476093236303608,Assembly,Assembly
916,1.1086249634956966,0.7949446638883242,0.8884590921954689,1.1086249634956966,Drilling,Drilling
917,1.3874712831425735,0.6611729640627021,0.8922118974700206,1.3874712831425735,Drilling,Drilling
918,0.9471324466974003,0.5918945267357303,0.9067917027042796,0.9471324466974003,Drilling,No clear abnormal zone
919,1.2110632017420366,1.1134963222017535,1.4640731589000553,1.4640731589000553,Assembly,Assembly
920,1.1123605101663434,1.0237615829923445,1.2991671881069378,1.2991671881069378,Assembly,Assembly
921,1.0082368295162345,0.9326303205161951,1.1223360723796856,1.1223360723796856,Assembly,Assembly
922,0.7953597156204685,0.7742797381342594,0.7637621222761016,0.7953597156204685,Drilling,No clear abnormal zone
923,0.9764206975780216,1.2387948525151091,0.9148241407861946,1.2387948525151091,Milling,Milling
924,1.2518810685294262,1.1556301869626435,1.5287252535395932,1.5287252535395932,Assembly,Assembly
925,1.312058325706602,1.216245792196245,1.63491857609419,1.63491857609419,Assembly,Assembly
926,0.5510663193293364,0.7634668999197823,0.8752418833453566,0.8752418833453566,Assembly,No clear abnormal zone
927,0.852919969889157,0.7246318873202128,0.904389396968687,0.904389396968687,Assembly,No clear abnormal zone
928,1.2821638860827147,0.6855417537792396,0.9162816529385152,1.2821638860827147,Drilling,Drilling
929,1.1114719621095883,1.0221095717481228,1.2906943823888177,1.2906943823888177,Assembly,Assembly
930,0.6127854688700465,0.5700134776400352,0.8798089325891766,0.8798089325891766,Assembly,No clear abnormal zone
931,0.7873591635721897,0.7188814952029187,0.8979191697858964,0.8979191697858964,Assembly,No clear abnormal zone
932,1.427987771405704,1.3343137150778537,1.6684622038506898,1.6684622038506898,Assembly,Assembly
933,0.9007139961328995,0.9390767859468275,0.8939418568608796,0.9390767859468275,Milling,No clear abnormal zone
934,0.3743470604333981,1.4660152814188465,0.7466292956389797,1.4660152814188465,Milling,Milling
935,1.1915924948668621,1.2908981878110586,0.9136719559062121,1.2908981878110586,Milling,Milling
936,0.2622414786768844,0.4114335146457174,0.35148980991055623,0.4114335146457174,Milling,No clear abnormal zone
937,1.478976256917806,0.8467149436619419,0.9168701672472648,1.478976256917806,Drilling,Drilling
938,1.2213436843229961,1.127383609384505,1.4829160617576185,1.4829160617576185,Assembly,Assembly
939,1.5024445952183534,0.7989177760076984,0.9191457858979558,1.5024445952183534,Drilling,Drilling
940,1.3401853579230152,0.9959214026410084,0.9170671443904742,1.3401853579230152,Drilling,Drilling
941,1.350627481465892,1.2556991983459338,1.6684011710799747,1.6684011710799747,Assembly,Assembly
942,1.334366346900263,1.239315490501861,1.6682662127875645,1.6682662127875645,Assembly,Assembly
943,1.128622039542638,0.887792657707133,0.9086359854846551,1.128622039542638,Drilling,Drilling
944,0.5614162485689249,0.4234226384632592,0.8820785866757495,0.8820785866757495,Assembly,No clear abnormal zone
945,1.0944239582280293,1.0103073262799,1.277797289669955,1.277797289669955,Assembly,Assembly
946,1.2966735471153208,1.536689943458382,0.9007783533217872,1.536689943458382,Milling,Milling
947,1.0437624918179895,0.9688771360332591,1.1974458991738477,1.1974458991738477,Assembly,Assembly
948,0.5965339413447104,1.2985264426611882,0.8486036525420708,1.2985264426611882,Milling,Milling
949,1.1169057163370963,1.4756276665668109,0.9167395510358287,1.4756276665668109,Milling,Milling
950,1.206516658681041,1.1138449117303508,1.4621100810368595,1.4621100810368595,Assembly,Assembly
951,0.9962992529439643,0.9154108638644295,1.083143878114737,1.083143878114737,Assembly,Assembly
952,1.530950905556078,2.573522196957543,0.9170675264208856,2.573522196957543,Milling,Milling
953,0.36583728448079456,0.44733338669829775,0.7728174915720818,0.7728174915720818,Assembly,No clear abnormal zone
954,0.7431209733756734,0.5492684075384352,0.6559028856474697,0.7431209733756734,Drilling,No clear abnormal zone
955,0.4775171017300325,0.8404322382614593,0.8556041112434474,0.8556041112434474,Assembly,No clear abnormal zone
956,0.39754530391097487,0.4925133065624211,0.3140740597098136,0.4925133065624211,Milling,No clear abnormal zone
957,0.2488029989350265,0.24410300215085398,0.5629606640723271,0.5629606640723271,Assembly,No clear abnormal zone
958,0.9459304547420242,0.8860584281814927,0.8819757044770865,0.9459304547420242,Drilling,No clear abnormal zone
959,1.4323011100759429,0.9155889131204786,0.9208207874268213,1.4323011100759429,Drilling,Drilling
960,0.34934330017019305,0.4118001927249906,0.8196655328548805,0.8196655328548805,Assembly,No clear abnormal zone
961,1.3055414419673863,1.1554361141024203,0.9160258313790461,1.3055414419673863,Drilling,Drilling
962,0.5288721317364364,0.42942265308557936,0.7929443402030238,0.7929443402030238,Assembly,No clear abnormal zone
963,0.46265206139402487,1.9862294348432383,0.8834363617324308,1.9862294348432383,Milling,Milling
964,1.2289118264856778,1.1328571145291884,1.494017240933393,1.494017240933393,Assembly,Assembly
965,0.2531675812033387,0.19566376884484213,0.3815661795293504,0.3815661795293504,Assembly,No clear abnormal zone
966,1.1067820544204423,1.0145618506506684,1.2808491477465507,1.2808491477465507,Assembly,Assembly
967,0.41471313267814813,0.7288575990597932,0.8784260545081785,0.8784260545081785,Assembly,No clear abnormal zone
968,0.43357299890958917,1.3461976744178945,0.8703378534591018,1.3461976744178945,Milling,Milling
969,0.7125764232207104,0.7368240569174729,0.6241176690095301,0.7368240569174729,Milling,No clear abnormal zone
970,0.4900330120891264,1.7723410753746514,0.8920260595127405,1.7723410753746514,Milling,Milling
971,0.5036643233412754,1.4522103981101568,0.8755936069362771,1.4522103981101568,Milling,Milling
972,0.6483782948412761,0.48412564454413065,0.4806711089933009,0.6483782948412761,Drilling,No clear abnormal zone
973,0.9581949175441108,1.120658513172471,0.8877391191203556,1.120658513172471,Milling,Milling
974,1.4317841240047997,0.8522391904473108,0.9135168952118182,1.4317841240047997,Drilling,Drilling
975,0.8698823125201545,0.8194448161873,0.8716952216926814,0.8716952216926814,Assembly,No clear abnormal zone
976,0.650756898787874,0.5140873912172496,0.7469013443348113,0.7469013443348113,Assembly,No clear abnormal zone
977,0.7463909597767824,0.7203371324480918,0.6465456692825886,0.7463909597767824,Drilling,No clear abnormal zone
978,0.6634726247976572,0.673433437056768,0.5105531642396876,0.673433437056768,Milling,No clear abnormal zone
979,0.2863218388726383,0.4781503172576803,0.7743068842705589,0.7743068842705589,Assembly,No clear abnormal zone
980,1.4430158725512012,1.3472331791594692,1.6684622038506898,1.6684622038506898,Assembly,Assembly
981,0.8803433029028707,0.6348724115116614,0.8841269366662607,0.8841269366662607,Assembly,No clear abnormal zone
982,0.2780394769222254,0.4710017031529576,0.3754034269866241,0.4710017031529576,Milling,No clear abnormal zone
983,0.2725643323243916,0.21363983278761295,0.4439951899450751,0.4439951899450751,Assembly,No clear abnormal zone
984,1.337663617609814,1.2421518400823732,1.6684622038506898,1.6684622038506898,Assembly,Assembly
985,0.9358057195446963,0.8757994015930786,1.0019785234965393,1.0019785234965393,Assembly,Assembly
986,0.25048008241228537,0.3053261004971127,0.529152203905122,0.529152203905122,Assembly,No clear abnormal zone
987,0.24468961343280646,0.5945208008840249,0.7419994257523194,0.7419994257523194,Assembly,No clear abnormal zone
988,1.2409658279852929,2.0287196563480965,0.91833478203394,2.0287196563480965,Milling,Milling
989,1.3350909628195828,0.6331615139492716,0.8938968324614924,1.3350909628195828,Drilling,Drilling
990,0.3740625974957559,0.36564771311487293,0.7955068363931843,0.7955068363931843,Assembly,No clear abnormal zone
991,1.3832000203648493,0.8383039245645273,0.9180957166570138,1.3832000203648493,Drilling,Drilling
992,0.5740414119321152,0.38922772167723374,0.351619996744165,0.5740414119321152,Drilling,No clear abnormal zone
993,0.6255973552589911,0.45437243210420053,0.8633996230025318,0.8633996230025318,Assembly,No clear abnormal zone
994,0.6080182838523542,0.6440674757128854,0.45975166649314503,0.6440674757128854,Milling,No clear abnormal zone
995,1.3372196607673488,1.241093080582472,1.6684622038506898,1.6684622038506898,Assembly,Assembly
996,1.3373270913023898,0.9218592223141404,0.9096612336412527,1.3373270913023898,Drilling,Drilling
997,0.8681606977767446,0.7629188541045367,0.8682654309763255,0.8682654309763255,Assembly,No clear abnormal zone
998,1.2755517649353063,0.9025114782623853,0.9173665097799553,1.2755517649353063,Drilling,Drilling
999,0.7995850414810514,0.7685464147073922,0.721738760741637,0.7995850414810514,Drilling,No clear abnormal zone
1000,0.9693215623392819,0.7074364998726994,0.8828749912112989,0.9693215623392819,Drilling,No clear abnormal zone
1001,0.2667335415596221,0.550119907704895,0.68678951941722,0.68678951941722,Assembly,No clear abnormal zone
1002,0.35189937200438276,0.4366132134274072,0.39675895831236935,0.4366132134274072,Milling,No clear abnormal zone
1003,0.8894711895620803,0.9193063393922811,0.9231908585251809,0.9231908585251809,Assembly,No clear abnormal zone
1004,0.8654622930783824,0.8098813382505655,0.8702590221979117,0.8702590221979117,Assembly,No clear abnormal zone
1005,1.3929662833054715,0.7079289585768171,0.9192438595748726,1.3929662833054715,Drilling,Drilling
1006,0.8806798327721609,0.8321824074713862,0.8867075635534714,0.8867075635534714,Assembly,No clear abnormal zone
1007,0.3060757836016357,0.45581887605336296,0.5524087446650549,0.5524087446650549,Assembly,No clear abnormal zone
1008,0.5306840222047228,0.7947325020715706,0.8416735221998416,0.8416735221998416,Assembly,No clear abnormal zone
1009,0.6027414269776628,0.36974001499619286,0.36639179495628527,0.6027414269776628,Drilling,No clear abnormal zone
1010,0.4818867928481377,0.5044387509429786,0.28224720951071813,0.5044387509429786,Milling,No clear abnormal zone
1011,0.3272847906721128,0.46513712022960013,0.3182150988952003,0.46513712022960013,Milling,No clear abnormal zone
1012,1.4191503499926947,0.7132002047390249,0.9196838465345321,1.4191503499926947,Drilling,Drilling
1013,0.573623756910795,0.6089162272856987,0.3921697080523865,0.6089162272856987,Milling,No clear abnormal zone
1014,1.0294900280462782,0.9504668455881485,1.1539806976082363,1.1539806976082363,Assembly,Assembly
1015,1.3479496019057637,0.8995553858232253,0.9135180927122366,1.3479496019057637,Drilling,Drilling
1016,1.0304971269675676,0.6883346375133041,0.8873679206612674,1.0304971269675676,Drilling,Drilling
1017,0.8705042133840748,0.8163010149728698,0.8742614116580335,0.8742614116580335,Assembly,No clear abnormal zone
1018,0.9824399680585509,0.6756731957798967,1.0571361370401307,1.0571361370401307,Assembly,Assembly
1019,0.45160309339060334,1.1485513295158454,0.8414681685725667,1.1485513295158454,Milling,Milling
1020,0.6915233717130626,0.42768363867313586,0.5367965995449814,0.6915233717130626,Drilling,No clear abnormal zone
1021,1.0311074764782202,0.9405266311422469,1.1454635168434015,1.1454635168434015,Assembly,Assembly
1022,1.0279849600207098,0.9484316023777047,1.1475884462319073,1.1475884462319073,Assembly,Assembly
1023,0.8417457690331648,0.7999671056328823,0.815369900676304,0.8417457690331648,Drilling,No clear abnormal zone
1024,1.1295706426934882,1.0421545522186428,1.3206822446094186,1.3206822446094186,Assembly,Assembly
1025,0.42521359938905723,0.49580643123369983,0.45002446443487376,0.49580643123369983,Milling,No clear abnormal zone
1026,1.232965955968996,1.1348533849973044,1.5054206515249877,1.5054206515249877,Assembly,Assembly
1027,0.48208923064746234,0.17815300719456792,0.4040158470932934,0.48208923064746234,Drilling,No clear abnormal zone
1028,0.8386524978684222,0.9389592016175784,0.8028234282618962,0.9389592016175784,Milling,No clear abnormal zone
1029,0.34481445901942026,0.5119960542784969,0.28786556288195486,0.5119960542784969,Milling,No clear abnormal zone
1030,0.9470982838055493,0.7920017168609839,0.9072237436564511,0.9470982838055493,Drilling,No clear abnormal zone
1031,1.4515660924697769,1.3557833657956846,1.6684622038506898,1.6684622038506898,Assembly,Assembly
1032,1.1932382557979064,1.0261379284495278,0.9039883190306909,1.1932382557979064,Drilling,Drilling
1033,1.0216091801008162,0.9392578518642468,1.131923636815642,1.131923636815642,Assembly,Assembly
1034,1.0778706037019838,0.9887575649250624,1.2377624734997021,1.2377624734997021,Assembly,Assembly
1035,0.21773626722841444,0.5865475790882025,0.43341177267603925,0.5865475790882025,Milling,No clear abnormal zone
1036,0.8252449951640433,0.4905346870464901,0.8090102308964828,0.8252449951640433,Drilling,No clear abnormal zone
1037,0.2939743648514087,0.9397071676514042,0.6835250737442913,0.9397071676514042,Milling,No clear abnormal zone
1038,1.3278343619911923,1.6674142343162468,0.9057863852429524,1.6674142343162468,Milling,Milling
1039,0.39729668084361813,0.21973039040725278,0.5161570871833503,0.5161570871833503,Assembly,No clear abnormal zone
1040,0.9308876672663482,0.8604722880965554,0.9823447607260926,0.9823447607260926,Assembly,No clear abnormal zone
1041,1.2138492684023912,0.8346794595280561,0.9163133351952573,1.2138492684023912,Drilling,Drilling
1042,1.4345531477767612,1.3398132020507552,1.6684622038506898,1.6684622038506898,Assembly,Assembly
1043,1.4592903404207287,0.8423499965212453,0.9147652376709465,1.4592903404207287,Drilling,Drilling
1044,0.46211657041528664,0.3483837826611232,0.41642287563457864,0.46211657041528664,Drilling,No clear abnormal zone
1045,1.3741451134301195,0.7688524673139514,0.9142665165392478,1.3741451134301195,Drilling,Drilling
1046,1.203771323841421,0.5813400191573543,0.9106718449565566,1.203771323841421,Drilling,Drilling
1047,0.7037958875104933,0.626423063641814,0.9002805669537075,0.9002805669537075,Assembly,No clear abnormal zone
1048,1.554540049484161,0.6174527664461564,0.9131052978178971,1.554540049484161,Drilling,Drilling
1049,1.514058247963246,0.9442015118398555,0.9180332658247448,1.514058247963246,Drilling,Drilling
1050,0.7051434227199583,0.6792286051200573,0.8896396937618201,0.8896396937618201,Assembly,No clear abnormal zone
1051,0.7122840890024125,0.4807638251326957,0.8896699252445677,0.8896699252445677,Assembly,No clear abnormal zone
1052,1.2369513505220504,1.1418598180068749,1.5083026807736162,1.5083026807736162,Assembly,Assembly
1053,1.341140739448977,1.2453627610197011,1.6683985369537984,1.6683985369537984,Assembly,Assembly
1054,0.262298016684884,0.45454370135722355,0.5806785069795553,0.5806785069795553,Assembly,No clear abnormal zone
1055,1.1039835856378204,1.0126673423430743,1.2803568106893795,1.2803568106893795,Assembly,Assembly
1056,0.2691149110939307,0.04172570447743447,0.3769971077685892,0.3769971077685892,Assembly,No clear abnormal zone
1057,1.0435594973958335,2.516697773491481,0.8781766054704652,2.516697773491481,Milling,Milling
1058,0.9243604425728377,0.657691322115485,0.8967803423230385,0.9243604425728377,Drilling,No clear abnormal zone
1059,0.7801637523385228,0.8666372341578575,0.8820527590384719,0.8820527590384719,Assembly,No clear abnormal zone
1060,0.5360431657600753,0.4005924668852615,0.37305343900277577,0.5360431657600753,Drilling,No clear abnormal zone
1061,0.6810623730818111,0.56832426525448,0.870182187121636,0.870182187121636,Assembly,No clear abnormal zone
1062,0.5108025119997299,0.728905147066343,0.8438131299355709,0.8438131299355709,Assembly,No clear abnormal zone
1063,1.033172261400451,0.9624596244633064,1.1592831146025222,1.1592831146025222,Assembly,Assembly
1064,1.4440597137467723,0.6688401203802912,0.914285648868643,1.4440597137467723,Drilling,Drilling
1065,0.2773782297656775,0.7859538931041378,0.7996538527701896,0.7996538527701896,Assembly,No clear abnormal zone
1066,1.313568427083163,1.2178674913075456,1.637998684186936,1.637998684186936,Assembly,Assembly
1067,1.5422831056417272,0.6640748476786617,0.9172232525112697,1.5422831056417272,Drilling,Drilling
1068,1.140868708081232,1.0476302225156773,1.3445758811009898,1.3445758811009898,Assembly,Assembly
1069,1.1980651151416097,1.0994704652685034,1.442733462639739,1.442733462639739,Assembly,Assembly
1070,0.268883682277991,1.1749746830308496,0.4084976676702214,1.1749746830308496,Milling,Milling
1071,0.7892708595216711,0.7550336988814561,0.7090403746613665,0.7892708595216711,Drilling,No clear abnormal zone
1072,0.2887907981460517,0.1846207314835087,0.6452980667962783,0.6452980667962783,Assembly,No clear abnormal zone
1073,0.6841395116586111,0.4641942621090799,0.6056417248401113,0.6841395116586111,Drilling,No clear abnormal zone
1074,0.6470378792736273,0.48372292620674495,0.4899471950811044,0.6470378792736273,Drilling,No clear abnormal zone
1075,1.1180063842829449,0.7187823430921968,0.9113062288385054,1.1180063842829449,Drilling,Drilling
1076,1.2477258597673186,1.1507759153905002,1.5250459620437333,1.5250459620437333,Assembly,Assembly
1077,1.1736945406064072,0.8249000553313983,0.9144954193449079,1.1736945406064072,Drilling,Drilling
1078,0.9603712810236387,0.8617606202117083,0.9007548275132548,0.9603712810236387,Drilling,No clear abnormal zone
1079,1.48068289266354,0.7549288910112433,0.9208659927768152,1.48068289266354,Drilling,Drilling
1080,1.0839956252538778,0.9904312276927997,1.24803401538059,1.24803401538059,Assembly,Assembly
1081,0.28080894477997376,0.41713625027355483,0.6181792716683099,0.6181792716683099,Assembly,No clear abnormal zone
1082,1.4527919498338044,0.6643822993125796,0.9190982952649519,1.4527919498338044,Drilling,Drilling
1083,0.7785936946354861,0.46080476129726067,0.7185467833894849,0.7785936946354861,Drilling,No clear abnormal zone
1084,0.8812239208045898,0.842155099202561,0.9313223900882628,0.9313223900882628,Assembly,No clear abnormal zone
1085,0.25950054582001647,0.7292759808274393,0.6467408232199818,0.7292759808274393,Milling,No clear abnormal zone
1086,0.42514400293115123,0.46180269623930764,0.8650251049392049,0.8650251049392049,Assembly,No clear abnormal zone
1087,1.1962207271194045,1.1014342584513466,1.4402868606653878,1.4402868606653878,Assembly,Assembly
1088,0.7294831470201795,0.8641387260153086,0.8592212674041846,0.8641387260153086,Milling,No clear abnormal zone
1089,1.0233515098542663,0.9310397668814321,0.9058185919141939,1.0233515098542663,Drilling,Drilling
1090,1.38956471371595,0.6520024398560654,0.9176467093005038,1.38956471371595,Drilling,Drilling
1091,0.6120920811692983,0.9561863199043479,0.46179669841973725,0.9561863199043479,Milling,No clear abnormal zone
1092,0.6625499446002545,0.47937115512975903,0.8121840695144296,0.8121840695144296,Assembly,No clear abnormal zone
1093,0.4484804569881489,0.6290786836607092,0.8379090090981132,0.8379090090981132,Assembly,No clear abnormal zone
1094,0.49786473400353903,1.279234697477784,0.8924082707725216,1.279234697477784,Milling,Milling
1095,1.4259277680926552,0.9932755864674314,0.9181471766723261,1.4259277680926552,Drilling,Drilling
1096,1.002676398014821,0.9185091968794774,1.1024010120106917,1.1024010120106917,Assembly,Assembly
1097,0.3840533109578479,1.3907890734260764,0.8584961736112795,1.3907890734260764,Milling,Milling
1098,0.2046020570861997,0.14923214597268958,0.35467598353715524,0.35467598353715524,Assembly,No clear abnormal zone
1099,0.3070446001684227,0.45630927871263127,0.7880485393805621,0.7880485393805621,Assembly,No clear abnormal zone
1100,1.3952661087591762,1.4232459160504392,0.9191155395683597,1.4232459160504392,Milling,Milling
1101,0.29240139110396646,0.6843412832630984,0.7617638080953286,0.7617638080953286,Assembly,No clear abnormal zone
1102,0.2524779518172875,0.6285848352778551,0.6607288949321932,0.6607288949321932,Assembly,No clear abnormal zone
1103,1.4375960344561405,1.341872261937066,1.6684622038506898,1.6684622038506898,Assembly,Assembly
1104,0.44993357392986916,0.37942297376788914,0.35789411596507525,0.44993357392986916,Drilling,No clear abnormal zone
1105,0.4260484356737613,0.12922238700014899,0.33557481638874187,0.4260484356737613,Drilling,No clear abnormal zone
1106,0.5884127762508821,0.9212224101245011,0.3553310000212049,0.9212224101245011,Milling,No clear abnormal zone
1107,1.4002867583269683,0.7180313758942211,0.9161354760280744,1.4002867583269683,Drilling,Drilling
1108,0.8185486336328733,0.7604962429679605,0.7986827249273462,0.8185486336328733,Drilling,No clear abnormal zone
1109,0.5901763540253464,0.609935778707936,0.48668263649107707,0.609935778707936,Milling,No clear abnormal zone
1110,1.226531981817026,1.1300575725386524,1.490925758688388,1.490925758688388,Assembly,Assembly
1111,0.8010722557031444,0.5793428621949839,0.7659782057132019,0.8010722557031444,Drilling,No clear abnormal zone
1112,0.25149621309331155,0.33158262870244726,0.7177111558296314,0.7177111558296314,Assembly,No clear abnormal zone
1113,1.335168385721505,1.2395081890611477,1.6684622038506898,1.6684622038506898,Assembly,Assembly
1114,0.8008987027945498,0.4462260704305824,0.7539154000818478,0.8008987027945498,Drilling,No clear abnormal zone
1115,1.2733579688101226,0.7199809875003454,0.9178104102694153,1.2733579688101226,Drilling,Drilling
1116,0.7830459923423242,0.7350144649038184,0.7559291039600846,0.7830459923423242,Drilling,No clear abnormal zone
1117,0.6258758721341304,0.630929331243765,0.38835232526995195,0.630929331243765,Milling,No clear abnormal zone
1118,1.0126034854010286,0.9256368784207339,1.1180736586074354,1.1180736586074354,Assembly,Assembly
1119,1.0179670879892926,0.9279795732650958,1.1288324520652968,1.1288324520652968,Assembly,Assembly
1120,0.6598572233332486,0.6492465201377595,0.5153683664080413,0.6598572233332486,Drilling,No clear abnormal zone
1121,0.4233930033321393,0.6240616747140953,0.8392283590363924,0.8392283590363924,Assembly,No clear abnormal zone
1122,0.24523311556343858,0.89935958806011,0.721249937277024,0.89935958806011,Milling,No clear abnormal zone
1123,0.8042672254746085,0.7632049838561529,0.7494982431716786,0.8042672254746085,Drilling,No clear abnormal zone
1124,0.1941132647270819,0.8457201037031575,0.5469672857544223,0.8457201037031575,Milling,No clear abnormal zone
1125,0.9450482601297533,0.9907199502720333,0.9160278048412789,0.9907199502720333,Milling,No clear abnormal zone
1126,1.334648275698033,1.2356217405901406,1.6682194904680876,1.6682194904680876,Assembly,Assembly
1127,1.0785232289995408,0.9905070080251034,1.2322213601505396,1.2322213601505396,Assembly,Assembly
1128,1.3677292348557932,0.7310391134411331,0.9146845680077753,1.3677292348557932,Drilling,Drilling
1129,1.4418952289553166,0.7144468580898194,0.9150634669510049,1.4418952289553166,Drilling,Drilling
1130,0.9628305300756612,0.6842723196715477,0.8778185240598524,0.9628305300756612,Drilling,No clear abnormal zone
1131,0.8003579342438869,0.7230540793630755,0.7784521314524382,0.8003579342438869,Drilling,No clear abnormal zone
1132,0.2552109951507577,0.6530036597983953,0.723533487193615,0.723533487193615,Assembly,No clear abnormal zone
1133,0.3787933832273143,0.6472856444913104,0.7322856293616858,0.7322856293616858,Assembly,No clear abnormal zone
1134,0.39574501276117785,1.111129638116792,0.36271712753055974,1.111129638116792,Milling,Milling
1135,0.26871596078482884,0.6880510148135741,0.41160532312675213,0.6880510148135741,Milling,No clear abnormal zone
1136,0.27190313971394453,0.113755338894195,0.36652899411863515,0.36652899411863515,Assembly,No clear abnormal zone
1137,0.2252700906766128,0.283152058119459,0.7224156110829834,0.7224156110829834,Assembly,No clear abnormal zone
1138,0.9303100428152056,0.557533870918251,0.896062074278233,0.9303100428152056,Drilling,No clear abnormal zone
1139,0.7644228315271429,0.5264917923339858,0.913001255966669,0.913001255966669,Assembly,No clear abnormal zone
1140,0.3136911743282327,0.6405365894664268,0.8170222258310075,0.8170222258310075,Assembly,No clear abnormal zone
1141,0.8684661291232303,0.8211314698691465,0.8694789603171573,0.8694789603171573,Assembly,No clear abnormal zone
1142,0.2908421582461727,1.7845315023514086,0.7709670941762694,1.7845315023514086,Milling,Milling
1143,1.3549520099788117,1.2608046275908555,1.6684622038506898,1.6684622038506898,Assembly,Assembly
1144,1.3302605562476817,1.2313325737817478,1.6679047578656219,1.6679047578656219,Assembly,Assembly
1145,1.0391798000266208,0.6986861155568559,0.9151285893357346,1.0391798000266208,Drilling,Drilling
1146,0.44878945856126073,0.7516799443549157,0.8330490107750894,0.8330490107750894,Assembly,No clear abnormal zone
1147,0.23056159311819713,0.8694671504444451,0.7961834342263578,0.8694671504444451,Milling,No clear abnormal zone
1148,1.441763395765706,1.34511999046437,1.6684622038506898,1.6684622038506898,Assembly,Assembly
1149,0.2580886381484119,0.305505685458749,0.7419037450699428,0.7419037450699428,Assembly,No clear abnormal zone
1150,1.1306428639335355,0.823117545970854,0.9050487300959524,1.1306428639335355,Drilling,Drilling
1151,0.4305421027229175,0.6228295735683487,0.4182054656153791,0.6228295735683487,Milling,No clear abnormal zone
1152,1.5586937971789885,0.6622351797256967,0.9198964344032318,1.5586937971789885,Drilling,Drilling
1153,1.1175001417371961,1.0262796551771811,1.3098016998323183,1.3098016998323183,Assembly,Assembly
1154,1.4329211623349432,0.6473170501673418,0.917955876725715,1.4329211623349432,Drilling,Drilling
1155,0.8812630796595753,0.8333472594365126,0.9067102091902655,0.9067102091902655,Assembly,No clear abnormal zone
1156,0.6860613927249163,1.699543055859398,0.5498239828894216,1.699543055859398,Milling,Milling
1157,0.8486322782812106,0.798979796160582,0.8321185532967532,0.8486322782812106,Drilling,No clear abnormal zone
1158,0.591935457980961,2.4023820596350838,0.8869738769632997,2.4023820596350838,Milling,Milling
1159,1.4387674972192883,1.341852775565902,1.6684622038506898,1.6684622038506898,Assembly,Assembly
1160,0.8645303132312034,0.8184769930861635,0.8625918334305787,0.8645303132312034,Drilling,No clear abnormal zone
1161,1.4373870182784836,1.3408178327418678,1.6684622038506898,1.6684622038506898,Assembly,Assembly
1162,0.8345697854402584,0.7863114897517449,0.8208577945541848,0.8345697854402584,Drilling,No clear abnormal zone
1163,0.7559533227659241,0.8242808441630519,0.8899040550758539,0.8899040550758539,Assembly,No clear abnormal zone
1164,0.5726508004059261,0.2344629418988901,0.361926028207942,0.5726508004059261,Drilling,No clear abnormal zone
1165,1.1585025443061512,0.6474828387744516,0.8881717652262064,1.1585025443061512,Drilling,Drilling
1166,1.1507248288560112,0.8531831968725804,0.9072034773744786,1.1507248288560112,Drilling,Drilling
1167,0.8426189185180666,2.4006058278267144,0.8348844757928773,2.4006058278267144,Milling,Milling
1168,0.29221946973155444,1.5574307530860485,0.7641035508100303,1.5574307530860485,Milling,Milling
1169,0.8961056599376571,0.921749099784978,0.8780638202719704,0.921749099784978,Milling,No clear abnormal zone
1170,1.2049717755231222,1.1116494472458933,1.462459615919124,1.462459615919124,Assembly,Assembly
1171,1.507556598820004,0.8635754753776562,0.9179576321420359,1.507556598820004,Drilling,Drilling
1172,1.242138297576099,1.1450296010495236,1.5180779461923923,1.5180779461923923,Assembly,Assembly
1173,0.2595663650238884,0.8376386372064814,0.596272673799846,0.8376386372064814,Milling,No clear abnormal zone
1174,1.3683177582401786,0.8902573666190562,0.9172645694315072,1.3683177582401786,Drilling,Drilling
1175,0.5447214692671483,0.4035992982858043,0.426003643701286,0.5447214692671483,Drilling,No clear abnormal zone
1176,1.340335460066841,1.2472247920420219,1.6679801123386138,1.6679801123386138,Assembly,Assembly
1177,0.7010906532605272,0.4815002157893619,0.8407012685259347,0.8407012685259347,Assembly,No clear abnormal zone
1178,0.5421926639367971,0.2866103304635024,0.3913357670585502,0.5421926639367971,Drilling,No clear abnormal zone
1179,1.3760242926417459,0.7027672353707552,0.9184450057762531,1.3760242926417459,Drilling,Drilling
1180,0.2587135624911958,0.7457378790871698,0.700769256287112,0.7457378790871698,Milling,No clear abnormal zone
1181,1.1028746966660457,1.018645327985665,1.2662513085464522,1.2662513085464522,Assembly,Assembly
1182,1.3298262566540382,0.8949226192702515,0.9153611657646352,1.3298262566540382,Drilling,Drilling
1183,0.40814422864547106,0.2673865835696451,0.43149499085866017,0.43149499085866017,Assembly,No clear abnormal zone
1184,0.26494449391326824,0.2578640399073697,0.402008988463886,0.402008988463886,Assembly,No clear abnormal zone
1185,1.464645742483857,1.0952770808262433,0.918089239613776,1.464645742483857,Drilling,Drilling
1186,1.1127455250222362,0.5977989198794719,0.9115097073354386,1.1127455250222362,Drilling,Drilling
1187,0.5483213208038988,0.5216805097846244,0.3302514439150583,0.5483213208038988,Drilling,No clear abnormal zone
1188,1.3914975762198687,1.587806056406361,0.9159809780714095,1.587806056406361,Milling,Milling
1189,1.3131402104625836,0.5747261014322858,0.920257382755424,1.3131402104625836,Drilling,Drilling
1190,0.7890829696452899,0.6580410019090974,0.8724976618133563,0.8724976618133563,Assembly,No clear abnormal zone
1191,0.2749156087375436,1.0374140593115033,0.7547794107659727,1.0374140593115033,Milling,Milling
1192,0.6418481595537522,1.1876485942517907,0.8646758267773265,1.1876485942517907,Milling,Milling
1193,1.3039298707938385,0.5848621345790442,0.9052060725691299,1.3039298707938385,Drilling,Drilling
1194,1.4464512342022677,1.2010716122077891,0.9172842542022903,1.4464512342022677,Drilling,Drilling
1195,0.9890014203986028,0.9243247960957031,1.078928877100716,1.078928877100716,Assembly,Assembly
1196,0.3720191001544243,0.5501915807387756,0.8490053877099775,0.8490053877099775,Assembly,No clear abnormal zone
1197,1.3289724332923534,1.235970330118738,1.6644313579014132,1.6644313579014132,Assembly,Assembly
1198,1.0238643698426537,0.7485094399813371,0.9104161416878782,1.0238643698426537,Drilling,Drilling
1199,1.213244805337177,1.1184307044109039,1.4681862251884712,1.4681862251884712,Assembly,Assembly
1200,0.9328225786458186,0.9438119741396368,0.9090983721086714,0.9438119741396368,Milling,No clear abnormal zone
1201,1.3374432594690282,1.2441762575310593,1.6684068784617663,1.6684068784617663,Assembly,Assembly
1202,0.56147326941523,0.4669492575787313,0.34868699828807775,0.56147326941523,Drilling,No clear abnormal zone
1203,1.4390656288215278,1.342030318058728,1.6684622038506898,1.6684622038506898,Assembly,Assembly
1204,1.4595434697598084,0.5997543417732029,0.9157239558844223,1.4595434697598084,Drilling,Drilling
1205,1.492289052140199,0.7867759770708327,0.9201663409169857,1.492289052140199,Drilling,Drilling
1206,1.1154281373960089,1.0285508999939421,1.3074413318790137,1.3074413318790137,Assembly,Assembly
1207,1.0605079193577631,1.2425305580529356,0.9059550851461624,1.2425305580529356,Milling,Milling
1208,1.0441442343982632,0.9309044587566849,1.1831046273421673,1.1831046273421673,Assembly,Assembly
1209,1.3316361743471457,1.2370658972086153,1.6682302379146545,1.6682302379146545,Assembly,Assembly
1210,1.3102150196109337,0.8542122596539539,0.9180506685055339,1.3102150196109337,Drilling,Drilling
1211,0.5538214855103268,1.8026202827637472,0.8518066238179791,1.8026202827637472,Milling,Milling
1212,0.31938940090730394,0.9883317565774918,0.31949182436766493,0.9883317565774918,Milling,No clear abnormal zone
1213,0.1833002209236479,0.017104104208302467,0.412422760496058,0.412422760496058,Assembly,No clear abnormal zone
1214,0.2552223249757106,0.39606384435249464,0.7715880100196792,0.7715880100196792,Assembly,No clear abnormal zone
1215,0.32419176604870875,1.2940414057500425,0.7949079448788637,1.2940414057500425,Milling,Milling
1216,1.4740549539872916,0.8164624566174628,0.9123953679673769,1.4740549539872916,Drilling,Drilling
1217,1.5180302709407831,0.609215768229121,0.9175543118806535,1.5180302709407831,Drilling,Drilling
1218,0.2952970907798768,0.9985814882559008,0.5005199127118233,0.9985814882559008,Milling,No clear abnormal zone
1219,1.5052989741389156,0.6095080637965784,0.9135161675553042,1.5052989741389156,Drilling,Drilling
1220,0.5431238011815572,0.7006237728035904,0.8262392052849856,0.8262392052849856,Assembly,No clear abnormal zone
1221,1.4398078057640638,1.2898415315865293,0.9178860259972977,1.4398078057640638,Drilling,Drilling
1222,1.40322421451435,1.0431322092567337,0.9152300674909096,1.40322421451435,Drilling,Drilling
1223,0.997551833644855,0.9211983161000851,1.0914376945228617,1.0914376945228617,Assembly,Assembly
1224,0.21984924762971939,0.46330830131725464,0.4134663311868896,0.46330830131725464,Milling,No clear abnormal zone
1225,1.3340520124935538,1.2399585407502673,1.6679242511652737,1.6679242511652737,Assembly,Assembly
1226,1.416717169711639,0.9532693596111459,0.8989021617974078,1.416717169711639,Drilling,Drilling
1227,0.22819414970117066,0.7550716702014004,0.5172981054381608,0.7550716702014004,Milling,No clear abnormal zone
1228,1.3527891535850363,0.5716407593313472,0.9143413105722689,1.3527891535850363,Drilling,Drilling
1229,0.8565700681794604,0.9187027023188739,0.8915174732761124,0.9187027023188739,Milling,No clear abnormal zone
1230,0.8722497331211241,0.8176780518684467,0.8640272144520578,0.8722497331211241,Drilling,No clear abnormal zone
1231,0.9042366894541336,0.6486678389014948,0.878707212612954,0.9042366894541336,Drilling,No clear abnormal zone
1232,1.2294661502035757,1.1339245346384956,1.501247674942246,1.501247674942246,Assembly,Assembly
1233,1.3472687959757597,0.6057180181570452,0.9112055142232179,1.3472687959757597,Drilling,Drilling
1234,0.6723077622275158,1.0085999687324916,0.9061262340651923,1.0085999687324916,Milling,Milling
1235,1.0002573134991544,1.3778591475175905,0.9113312929103898,1.3778591475175905,Milling,Milling
1236,1.0152143986125095,0.7284271821201653,0.8636503435742817,1.0152143986125095,Drilling,Drilling
1237,0.6836126363699176,0.7668277827996648,0.8591997853569162,0.8591997853569162,Assembly,No clear abnormal zone
1238,0.5617970417437457,0.427455259582383,0.3140694714825506,0.5617970417437457,Drilling,No clear abnormal zone
1239,0.29209743575823266,0.43765767816759443,0.3917991048001795,0.43765767816759443,Milling,No clear abnormal zone
1240,1.01276700455913,0.9268233819093756,1.1295362909649405,1.1295362909649405,Assembly,Assembly
1241,1.3837147375855965,0.5655934888135071,0.9026782247586572,1.3837147375855965,Drilling,Drilling
1242,1.1411513945198095,1.4218003599123838,0.8998296259466148,1.4218003599123838,Milling,Milling
1243,0.669915586089789,0.40853954513571766,0.5977034017830847,0.669915586089789,Drilling,No clear abnormal zone
1244,1.2290150620356564,1.1347494576844306,1.4964338093001328,1.4964338093001328,Assembly,Assembly
1245,0.3642213933514956,0.5166290122955888,0.8032862244932533,0.8032862244932533,Assembly,No clear abnormal zone
1246,0.23812496911098097,0.34697271056384205,0.6206699895495638,0.6206699895495638,Assembly,No clear abnormal zone
1247,0.6122287837024609,0.5438495382296449,0.9092851604813454,0.9092851604813454,Assembly,No clear abnormal zone
1248,1.2771197039875586,0.5686216161104669,0.8916732352628225,1.2771197039875586,Drilling,Drilling
1249,0.5956904240703769,0.5980320064145273,0.4106053552877446,0.5980320064145273,Milling,No clear abnormal zone
1250,1.4392524683467258,2.5649113860554844,0.9118153350526437,2.5649113860554844,Milling,Milling
1251,0.28923406756688463,0.8387277308907302,0.8339422918545953,0.8387277308907302,Milling,No clear abnormal zone
1252,0.2746997884727097,0.4120125750517122,0.7421868624702948,0.7421868624702948,Assembly,No clear abnormal zone
1253,0.9819761001238198,0.9072071016044596,1.0582515641885002,1.0582515641885002,Assembly,Assembly
1254,0.6839885139771612,0.4253472645448658,0.5362122058719999,0.6839885139771612,Drilling,No clear abnormal zone
1255,1.3863481156779802,0.9345617028797542,0.9174585802125261,1.3863481156779802,Drilling,Drilling
1256,0.8744686105001649,0.8499453173633874,0.8965439281247403,0.8965439281247403,Assembly,No clear abnormal zone
1257,0.3862756061203381,0.5715626542973684,0.8494661040645787,0.8494661040645787,Assembly,No clear abnormal zone
1258,0.8724765778809573,0.5476045855790204,0.9004244098825196,0.9004244098825196,Assembly,No clear abnormal zone
1259,0.3805476955832813,1.149539704198051,0.32131745042566295,1.149539704198051,Milling,Milling
1260,1.1074326567105706,1.0185890340245252,1.296172503933712,1.296172503933712,Assembly,Assembly
1261,0.4546733524613982,1.0841640461257986,0.8683751653590925,1.0841640461257986,Milling,Milling
1262,0.4849273074718602,0.8044656920368938,0.8630839482227933,0.8630839482227933,Assembly,No clear abnormal zone
1263,0.717194100746032,0.5539192439949048,0.620701472926192,0.717194100746032,Drilling,No clear abnormal zone
1264,1.0679957992213291,0.9771263664926111,1.208432090782238,1.208432090782238,Assembly,Assembly
1265,1.3389728042109528,1.2409501805272707,1.6675515500929756,1.6675515500929756,Assembly,Assembly
1266,1.4397019029599574,0.7269947659615726,0.9179447761006267,1.4397019029599574,Drilling,Drilling
1267,0.4931572565724248,0.980808498333682,0.7891993958051143,0.980808498333682,Milling,No clear abnormal zone
1268,1.3522765015395215,0.7814735189619212,0.9135876513480101,1.3522765015395215,Drilling,Drilling
1269,0.2996595039269913,0.2997466863234612,0.7100615692695733,0.7100615692695733,Assembly,No clear abnormal zone
1270,1.5148184287279094,0.8389383343605314,0.9183529043516423,1.5148184287279094,Drilling,Drilling
1271,1.087791673553713,0.9976087077381416,1.2528819832136455,1.2528819832136455,Assembly,Assembly
1272,0.765720135660799,0.5611721335567794,0.8872054216901545,0.8872054216901545,Assembly,No clear abnormal zone
1273,0.8373206996666833,0.7881302177270351,0.8124636361516715,0.8373206996666833,Drilling,No clear abnormal zone
1274,0.2854022057325147,0.5695315330169481,0.7452759992556535,0.7452759992556535,Assembly,No clear abnormal zone
1275,1.0873146848871045,1.4872408568347713,0.8975852164642768,1.4872408568347713,Milling,Milling
1276,0.42861696682936196,1.2035840630708599,0.8455874447003563,1.2035840630708599,Milling,Milling
1277,0.2536556470313396,0.4221896929313691,0.45984316876011555,0.45984316876011555,Assembly,No clear abnormal zone
1278,1.1206429528085957,1.241852047635478,0.8813031037020935,1.241852047635478,Milling,Milling
1279,1.1868756484009184,0.9567603432915834,0.9091988258482782,1.1868756484009184,Drilling,Drilling
1280,1.0141599521119482,1.047710895294965,1.1268974153614955,1.1268974153614955,Assembly,Assembly
1281,1.136108107528086,1.04540661105065,1.3394708247830656,1.3394708247830656,Assembly,Assembly
1282,1.4481505412875981,1.3530552738327493,1.6684622038506898,1.6684622038506898,Assembly,Assembly
1283,1.4403132447656821,1.343253629137346,1.6684622038506898,1.6684622038506898,Assembly,Assembly
1284,0.22215503088857558,0.2137550563795488,0.6733013098088556,0.6733013098088556,Assembly,No clear abnormal zone
1285,0.6813179590655515,0.34270711707023943,0.5723548743396367,0.6813179590655515,Drilling,No clear abnormal zone
1286,1.4387002896304264,0.7196593957216133,0.9127123825716039,1.4387002896304264,Drilling,Drilling
1287,1.2333213061578276,0.8704295432370885,0.9112357504750042,1.2333213061578276,Drilling,Drilling
1288,0.4385855057262269,0.5181595361663648,0.30246928240752424,0.5181595361663648,Milling,No clear abnormal zone
1289,0.25612297764756314,0.5186865523395777,0.35279055233782847,0.5186865523395777,Milling,No clear abnormal zone
1290,0.27066133325483843,0.21651415167531501,0.6851437293887657,0.6851437293887657,Assembly,No clear abnormal zone
1291,1.2237921948781718,0.7343346324332797,0.9177976375564293,1.2237921948781718,Drilling,Drilling
1292,0.5270175604811125,1.9667179749372519,0.8233489820958287,1.9667179749372519,Milling,Milling
1293,0.47504587757571487,0.20035870636700767,0.33899901002210053,0.47504587757571487,Drilling,No clear abnormal zone
1294,0.3161686923818181,0.8231526564853365,0.7644586772788635,0.8231526564853365,Milling,No clear abnormal zone
1295,0.6587323887341094,0.3166242727902006,0.5442773989943479,0.6587323887341094,Drilling,No clear abnormal zone
1296,1.2477229352205157,0.7856760796762525,0.913170591540584,1.2477229352205157,Drilling,Drilling
1297,1.1187452350559455,1.0274856450369865,1.3076108749304645,1.3076108749304645,Assembly,Assembly
1298,0.26359952400315406,1.74251527405256,0.4212413791360236,1.74251527405256,Milling,Milling
1299,1.438149737382728,0.9358635101340902,0.9120675150542314,1.438149737382728,Drilling,Drilling
1300,1.4495034754608045,1.3547614138857598,1.6684622038506898,1.6684622038506898,Assembly,Assembly
1301,0.36929467906633523,0.40289087235653204,0.22442740479952816,0.40289087235653204,Milling,No clear abnormal zone
1302,0.28346246241576545,1.5469806110698754,0.8234967051915281,1.5469806110698754,Milling,Milling
1303,0.3762732076005785,0.5600922806003222,0.8283158400324683,0.8283158400324683,Assembly,No clear abnormal zone
1304,0.3491952807282765,0.8187372124708926,0.4209262161993778,0.8187372124708926,Milling,No clear abnormal zone
1305,0.972339611044152,0.8903648882250845,0.8938032437882351,0.972339611044152,Drilling,No clear abnormal zone
1306,0.297469999203048,0.04508572631944365,0.44837117425044365,0.44837117425044365,Assembly,No clear abnormal zone
1307,0.2795928262888726,0.3404323505255925,0.7183365785734437,0.7183365785734437,Assembly,No clear abnormal zone
1308,0.6010260212540046,0.6640138042469047,0.8662425476408597,0.8662425476408597,Assembly,No clear abnormal zone
1309,1.0173858482695857,0.8104039984379671,0.9185905995056454,1.0173858482695857,Drilling,Drilling
1310,0.387923536607126,0.33183617905519464,0.4664322481291553,0.4664322481291553,Assembly,No clear abnormal zone
1311,1.127958965639228,0.6463162680913634,0.9027875722504901,1.127958965639228,Drilling,Drilling
1312,1.1221869381856986,1.032298778714451,1.3179086019795332,1.3179086019795332,Assembly,Assembly
1313,1.4397660490806157,1.171626199527628,0.9178483136375039,1.4397660490806157,Drilling,Drilling
1314,0.7419227713656888,0.9208324537698791,0.8128558864110256,0.9208324537698791,Milling,No clear abnormal zone
1315,1.4611864522792568,1.3089663841846266,0.9167204251844738,1.4611864522792568,Drilling,Drilling
1316,1.1120796164869917,1.0191173311983,1.2922325230971703,1.2922325230971703,Assembly,Assembly
1317,1.0884884105554646,0.9967231604263632,1.2470748170438426,1.2470748170438426,Assembly,Assembly
1318,1.0825960851587033,0.9048658362492985,0.9108744552437036,1.0825960851587033,Drilling,Drilling
1319,1.338822118129386,1.2430763601364792,1.6684580320060645,1.6684580320060645,Assembly,Assembly
1320,0.28667611587229874,0.25724648727422983,0.7290145645739917,0.7290145645739917,Assembly,No clear abnormal zone
1321,1.0786660745420902,0.9262656075902821,0.8892137806456972,1.0786660745420902,Drilling,Drilling
1322,1.4961227570196751,0.7310569316835374,0.914933265178643,1.4961227570196751,Drilling,Drilling
1323,1.0125163737769434,0.9316386807391916,1.1163033732465788,1.1163033732465788,Assembly,Assembly
1324,1.3373313293381122,1.0325548670226532,0.9169907175918433,1.3373313293381122,Drilling,Drilling
1325,1.3398963640657164,1.2434942345403255,1.6683697831316477,1.6683697831316477,Assembly,Assembly
1326,0.3352333491549897,0.45020382912572043,0.42873537843014764,0.45020382912572043,Milling,No clear abnormal zone
1327,0.5784812528567922,0.4867667855491825,0.4096156277775226,0.5784812528567922,Drilling,No clear abnormal zone
1328,1.4972610711892371,0.70829919962893,0.9181160411166458,1.4972610711892371,Drilling,Drilling
1329,0.28520926309076283,0.25390998750051286,0.7270144305048922,0.7270144305048922,Assembly,No clear abnormal zone
1330,0.99108462884927,0.9214018404211295,1.0872666339780617,1.0872666339780617,Assembly,Assembly
1331,1.2276539858619813,1.1330844555260995,1.495062464923891,1.495062464923891,Assembly,Assembly
1332,1.0059875702886456,1.139689876096858,0.9151954308876968,1.139689876096858,Milling,Milling
1333,0.6414181844699183,0.3228154761469695,0.4830356635948373,0.6414181844699183,Drilling,No clear abnormal zone
1334,0.5195601488538453,0.4476607957259324,0.45477727978950383,0.5195601488538453,Drilling,No clear abnormal zone
1335,1.2101183813864997,1.114156693668972,1.4702080510609488,1.4702080510609488,Assembly,Assembly
1336,1.2281457157651858,1.1345502636680895,1.5017389267075094,1.5017389267075094,Assembly,Assembly
1337,0.7230681936418595,0.6604833887089581,0.6152267677593055,0.7230681936418595,Drilling,No clear abnormal zone
1338,1.0351309869655507,0.8829397428664824,1.1460490800894867,1.1460490800894867,Assembly,Assembly
1339,1.4439475338081997,1.3484413341716261,1.6684622038506898,1.6684622038506898,Assembly,Assembly
1340,1.0316303606832122,0.942761068369032,1.150818129356504,1.150818129356504,Assembly,Assembly
1341,1.011530931195271,0.9383506530289532,1.117066805243009,1.117066805243009,Assembly,Assembly
1342,1.1680288180835665,0.8959707132840304,0.8941543292602688,1.1680288180835665,Drilling,Drilling
1343,1.087090057767738,0.9987562384844556,1.244359770669758,1.244359770669758,Assembly,Assembly
1344,1.3336777277103076,1.2368363910593523,1.6684312462604987,1.6684312462604987,Assembly,Assembly
1345,1.421073015605653,0.6950423653318323,0.9182599115194585,1.421073015605653,Drilling,Drilling
1346,0.9102789994740637,0.852537004728176,0.9467961565492157,0.9467961565492157,Assembly,No clear abnormal zone
1347,0.3391343229572037,0.15200364300211155,0.23813215847901334,0.3391343229572037,Drilling,No clear abnormal zone
1348,1.2314587766409377,1.5633178406413117,0.9178851998878923,1.5633178406413117,Milling,Milling
1349,0.5986096004970392,0.3444709154527736,0.38861209392122664,0.5986096004970392,Drilling,No clear abnormal zone
1350,0.34776554707986856,0.8137864769627756,0.8176931167843194,0.8176931167843194,Assembly,No clear abnormal zone
1351,0.44491171742973473,0.6673819770120684,0.3731345828368991,0.6673819770120684,Milling,No clear abnormal zone
1352,1.2973170037015582,0.7744937909623932,0.9029245474423568,1.2973170037015582,Drilling,Drilling
1353,0.23068301333469554,0.36190662179343625,0.6240196754878542,0.6240196754878542,Assembly,No clear abnormal zone
1354,0.2885907029521784,0.33443895628815545,0.5468000550847208,0.5468000550847208,Assembly,No clear abnormal zone
1355,0.5046434191904484,0.5373485955648989,0.3977787008669,0.5373485955648989,Milling,No clear abnormal zone
1356,0.3158789085285294,1.2988605318212623,0.716460352502355,1.2988605318212623,Milling,Milling
1357,0.35170568423182097,1.9935134326783115,0.7683240102111015,1.9935134326783115,Milling,Milling
1358,0.6424315182818084,0.5191792277548338,0.42416255817070075,0.6424315182818084,Drilling,No clear abnormal zone
1359,0.25617629060092373,0.1593555686934352,0.6490195191447787,0.6490195191447787,Assembly,No clear abnormal zone
1360,1.5154258781147187,0.5860971658212979,0.9188619153137085,1.5154258781147187,Drilling,Drilling
1361,1.3407081245696404,1.2443949379185644,1.6684622038506898,1.6684622038506898,Assembly,Assembly
1362,0.2360187419299387,0.15367853922770783,0.6837990540542416,0.6837990540542416,Assembly,No clear abnormal zone
1363,1.3271123513392504,1.232908804693666,1.660105749931535,1.660105749931535,Assembly,Assembly
1364,0.2978234653128071,0.3185614948059985,0.5171298150867056,0.5171298150867056,Assembly,No clear abnormal zone
1365,1.2946091104305888,0.9578269332557218,0.914640650300374,1.2946091104305888,Drilling,Drilling
1366,1.017924748007787,0.9325112371368606,1.1279007180992167,1.1279007180992167,Assembly,Assembly
1367,0.26148725063454226,0.2485497458686415,0.76578759517192,0.76578759517192,Assembly,No clear abnormal zone
1368,0.23284857104679998,0.1106662100663531,0.5877902037250105,0.5877902037250105,Assembly,No clear abnormal zone
1369,0.5539845742665988,0.4906618946295957,0.3690636719416027,0.5539845742665988,Drilling,No clear abnormal zone
1370,0.28776450318763025,0.2542777123846512,0.8197985966660406,0.8197985966660406,Assembly,No clear abnormal zone
1371,0.7695140260219813,0.6981541261701135,0.8887329541858213,0.8887329541858213,Assembly,No clear abnormal zone
1372,0.23867383295363342,0.44496110595237126,0.8364064856611095,0.8364064856611095,Assembly,No clear abnormal zone
1373,1.4043206510928905,0.6031793234730387,0.9101157476710656,1.4043206510928905,Drilling,Drilling
1374,1.236289651278103,0.8152938545097742,0.9174940684859565,1.236289651278103,Drilling,Drilling
1375,1.229978620051448,1.1334893390158367,1.4914560793373193,1.4914560793373193,Assembly,Assembly
1376,0.8206958899034436,0.8880217530834881,0.9035778426518004,0.9035778426518004,Assembly,No clear abnormal zone
1377,1.444747952348995,1.3497144437543294,1.6684622038506898,1.6684622038506898,Assembly,Assembly
1378,0.30829719535487976,0.5454197810158496,0.7212416375898301,0.7212416375898301,Assembly,No clear abnormal zone
1379,0.23761175029455114,0.47817854455390674,0.6971058873526724,0.6971058873526724,Assembly,No clear abnormal zone
1380,1.1610067434683722,1.070650122317208,1.389176859940903,1.389176859940903,Assembly,Assembly
1381,0.6849311044126505,0.6692222157330303,0.5293069582017351,0.6849311044126505,Drilling,No clear abnormal zone
1382,1.1187868125955829,1.0227764386723956,1.306886713886789,1.306886713886789,Assembly,Assembly
1383,0.5697740485725439,0.39238466210492856,0.3980773655831501,0.5697740485725439,Drilling,No clear abnormal zone
1384,1.4436801875344525,1.3490367510682986,1.6684622038506898,1.6684622038506898,Assembly,Assembly
1385,1.4597649533775574,1.4198531223155824,0.9176896372888539,1.4597649533775574,Drilling,Drilling
1386,1.3088021951488733,0.685457751987839,0.9184551482148473,1.3088021951488733,Drilling,Drilling
1387,1.3204281971137601,1.7359150042701803,0.8894357317785443,1.7359150042701803,Milling,Milling
1388,0.3512930933584729,0.4905516785319296,0.217000879611066,0.4905516785319296,Milling,No clear abnormal zone
1389,0.9037489134754648,0.85843487973376,0.9515819766253901,0.9515819766253901,Assembly,No clear abnormal zone
1390,0.4781091997941802,0.15008430549772975,0.39001852735128884,0.4781091997941802,Drilling,No clear abnormal zone
1391,0.8045173893642638,0.7631508550473645,0.7605131129227967,0.8045173893642638,Drilling,No clear abnormal zone
1392,1.0014153690028613,0.919897059536812,1.099210440305413,1.099210440305413,Assembly,Assembly
1393,0.30928783601843707,0.3962288921206888,0.7949857300201066,0.7949857300201066,Assembly,No clear abnormal zone
1394,0.27287121241220336,0.2984852543629484,0.713074120006818,0.713074120006818,Assembly,No clear abnormal zone
1395,1.4470779156317146,1.3507385608166058,1.6684622038506898,1.6684622038506898,Assembly,Assembly
1396,1.448116904712084,0.9582008907748154,0.9187267699309016,1.448116904712084,Drilling,Drilling
1397,0.3307142448716027,0.3378973041661673,0.45200034067567707,0.45200034067567707,Assembly,No clear abnormal zone
1398,1.2832149318606096,0.6023002716183151,0.9108576081823871,1.2832149318606096,Drilling,Drilling
1399,0.272119901531565,0.11737028436612362,0.5215033969560074,0.5215033969560074,Assembly,No clear abnormal zone
1400,1.2855599448460695,0.7611907373042834,0.918265458111463,1.2855599448460695,Drilling,Drilling
1401,1.2131418506953051,1.1207604083411566,1.4737250098291725,1.4737250098291725,Assembly,Assembly
1402,0.34998094929722073,0.4113652894459309,0.38301112096445633,0.4113652894459309,Milling,No clear abnormal zone
1403,1.3744222313340333,0.7323295404226999,0.9058157177423745,1.3744222313340333,Drilling,Drilling
1404,0.8717491228667162,1.2351075980604436,0.896739667365414,1.2351075980604436,Milling,Milling
1405,1.086291040018761,1.181502965254607,0.9054747822141265,1.181502965254607,Milling,Milling
1406,0.2866944283505032,0.2327296016559608,0.6896839588126824,0.6896839588126824,Assembly,No clear abnormal zone
1407,1.3998760984709813,0.7255936069778648,0.8996053709274106,1.3998760984709813,Drilling,Drilling
1408,0.18909656201026462,0.033390227753191754,0.30985867530603883,0.30985867530603883,Assembly,No clear abnormal zone
1409,1.2254764745128401,0.6202426086488889,0.9173841660510118,1.2254764745128401,Drilling,Drilling
1410,0.9331368411795986,0.6892368400301814,0.8931944223571319,0.9331368411795986,Drilling,No clear abnormal zone
1411,1.527733324411177,0.817962467510285,0.9165396576304661,1.527733324411177,Drilling,Drilling
1412,0.68842858592592,0.572975834863684,0.8606192939959172,0.8606192939959172,Assembly,No clear abnormal zone
1413,0.6900414859227895,1.2928210649312213,0.5164667550070934,1.2928210649312213,Milling,Milling
1414,1.0991423563979335,1.0098158366961014,1.2817213801147536,1.2817213801147536,Assembly,Assembly
1415,1.424397371690295,0.6716575012360684,0.9186261893489445,1.424397371690295,Drilling,Drilling
1416,0.2870231374565749,0.323278220390554,0.3721379788042938,0.3721379788042938,Assembly,No clear abnormal zone
1417,0.33338898292501895,0.3393021393013832,0.8465820090195767,0.8465820090195767,Assembly,No clear abnormal zone
1418,1.1022548306503914,1.0108312931489718,1.273818556832518,1.273818556832518,Assembly,Assembly
1419,1.2217174391830754,1.1256125147609488,1.483188836761756,1.483188836761756,Assembly,Assembly
1420,0.7871711238262119,0.64081246619239,0.8978104291566379,0.8978104291566379,Assembly,No clear abnormal zone
1421,1.4075087966091702,0.8378226629541837,0.9145371888171252,1.4075087966091702,Drilling,Drilling
1422,1.3816357460994402,0.8566511467123281,0.9049786553674106,1.3816357460994402,Drilling,Drilling
1423,0.2622433747752489,0.5573840533238427,0.6153118707539779,0.6153118707539779,Assembly,No clear abnormal zone
1424,1.1130512351783701,1.0260804611608396,1.3024209123441608,1.3024209123441608,Assembly,Assembly
1425,0.6783425593933103,0.8417335660777004,0.8687473665815433,0.8687473665815433,Assembly,No clear abnormal zone
1426,0.3296029436967704,0.2869227736130247,0.7458658932920578,0.7458658932920578,Assembly,No clear abnormal zone
1427,0.6383560043786821,0.9772454982891491,0.879612773347888,0.9772454982891491,Milling,No clear abnormal zone
1428,1.2316097812348958,1.1367024251055162,1.5058679133739268,1.5058679133739268,Assembly,Assembly
1429,0.9996504396193922,0.9157507927836206,1.088376839319345,1.088376839319345,Assembly,Assembly
1430,0.3952694014564978,0.0966791417041947,0.3634504615501145,0.3952694014564978,Drilling,No clear abnormal zone
1431,0.9915732509035979,0.9111216970560367,1.0937173656935804,1.0937173656935804,Assembly,Assembly
1432,1.096226096983833,1.007984117806702,1.2709550849273894,1.2709550849273894,Assembly,Assembly
1433,0.31635251521300156,1.3394751976665602,0.7751533929173933,1.3394751976665602,Milling,Milling
1434,0.6511175685055793,0.8100019865997713,0.8800214741906568,0.8800214741906568,Assembly,No clear abnormal zone
1435,0.3610342828800142,0.6011961524708028,0.8438295329010699,0.8438295329010699,Assembly,No clear abnormal zone
1436,0.513674222647764,0.39170432918287323,0.39261876348973856,0.513674222647764,Drilling,No clear abnormal zone
1437,1.2256100754230914,1.13056205303656,1.4956643712441118,1.4956643712441118,Assembly,Assembly
1438,1.3384737578332908,1.2426130175332504,1.6684622038506898,1.6684622038506898,Assembly,Assembly
1439,0.7184714254753906,1.0883115924189666,0.6210395502335677,1.0883115924189666,Milling,Milling
1440,0.2892826841969439,0.43131744049860804,0.3831194982449466,0.43131744049860804,Milling,No clear abnormal zone
1441,1.338679533450054,1.2410670987542538,1.667657627794962,1.667657627794962,Assembly,Assembly
1442,1.211266376782072,1.1188377530529927,1.4701077591558402,1.4701077591558402,Assembly,Assembly
1443,1.002134729039183,0.9249461948205939,1.1094417109747772,1.1094417109747772,Assembly,Assembly
1444,1.0969283705681194,1.002179344352234,1.2689050819630763,1.2689050819630763,Assembly,Assembly
1445,0.9459766229798283,0.8803830291212803,1.0004966406643288,1.0004966406643288,Assembly,Assembly
1446,0.8587985878108649,0.809459133542016,0.8662622350729985,0.8662622350729985,Assembly,No clear abnormal zone
1447,0.9880354482309496,0.9122259247553199,1.0908603064253874,1.0908603064253874,Assembly,Assembly
1448,0.254076496946548,1.4345301601797706,0.3471626699065148,1.4345301601797706,Milling,Milling
1449,0.22186125888054373,0.273951792469129,0.6685493666860599,0.6685493666860599,Assembly,No clear abnormal zone
1450,0.2446094141987608,0.20650862900726938,0.6867731599868045,0.6867731599868045,Assembly,No clear abnormal zone
1451,1.2446773430395786,1.1507131259723056,1.524534314413462,1.524534314413462,Assembly,Assembly
1452,1.528313250376736,1.3118991007650564,0.9166176188444879,1.528313250376736,Drilling,Drilling
1453,0.38471907982257747,0.5119260625462928,0.3449449408477166,0.5119260625462928,Milling,No clear abnormal zone
1454,1.0059814870939694,0.9326021735356251,1.1068773443395077,1.1068773443395077,Assembly,Assembly
1455,0.29026752171428466,0.30162105707300435,0.3069513555519602,0.3069513555519602,Assembly,No clear abnormal zone
1456,1.0160256466808648,0.9344490484914854,1.122466037871773,1.122466037871773,Assembly,Assembly
1457,0.2936963492479576,0.2528248951567706,0.7092438909325627,0.7092438909325627,Assembly,No clear abnormal zone
1458,0.40007149139325404,0.5168387932319278,0.36899497540701315,0.5168387932319278,Milling,No clear abnormal zone
1459,0.6838643017448938,1.838428549834681,0.6235314691666471,1.838428549834681,Milling,Milling
1460,1.4193328560453329,1.048256315576075,0.9159825012761603,1.4193328560453329,Drilling,Drilling
1461,0.23268971958226647,1.0194324331152766,0.4717764633252385,1.0194324331152766,Milling,Milling
1462,0.4464380125802142,1.2700551113978753,0.7975125234319258,1.2700551113978753,Milling,Milling
1463,1.219413224904978,1.1250452448448465,1.4824179328923512,1.4824179328923512,Assembly,Assembly
1464,1.4622889640412895,0.7536103132291578,0.9156989125208697,1.4622889640412895,Drilling,Drilling
1465,1.3655628863164484,0.8495777991411337,0.9137958200582309,1.3655628863164484,Drilling,Drilling
1466,0.2879211413938475,1.6777261016686484,0.6540242933849572,1.6777261016686484,Milling,Milling
1467,1.4097464743181043,0.9257243178584112,0.8958067780046196,1.4097464743181043,Drilling,Drilling
1468,0.6780931770990977,0.7158492955847077,0.8350295006902894,0.8350295006902894,Assembly,No clear abnormal zone
1469,1.4351024228482787,1.3403328386151239,1.6684622038506898,1.6684622038506898,Assembly,Assembly
1470,0.49540072623128006,0.3664390996512696,0.7956863772909166,0.7956863772909166,Assembly,No clear abnormal zone
1471,1.410113696769416,0.942112356007187,0.9165916488564543,1.410113696769416,Drilling,Drilling
1472,1.1203116817756613,1.0297872019866692,1.3148391820107643,1.3148391820107643,Assembly,Assembly
1473,1.4365914605790293,1.3406337947919873,1.6684622038506898,1.6684622038506898,Assembly,Assembly
1474,0.7012265346080282,0.4535388161253038,0.6504887777725231,0.7012265346080282,Drilling,No clear abnormal zone
1475,0.517394034460707,0.7677266288462699,0.8020203781729965,0.8020203781729965,Assembly,No clear abnormal zone
1476,1.541893590207547,0.8674054584424071,0.9099237823553199,1.541893590207547,Drilling,Drilling
1477,0.6776152751097102,0.7135476976453274,0.813573835819008,0.813573835819008,Assembly,No clear abnormal zone
1478,0.4058922260915113,0.46350275354535175,0.8619078004872912,0.8619078004872912,Assembly,No clear abnormal zone
1479,0.5153755958534281,0.50738173110158,0.8791361657696419,0.8791361657696419,Assembly,No clear abnormal zone
1480,1.3494949054334713,1.2549933586793331,1.6684622038506898,1.6684622038506898,Assembly,Assembly
1481,0.29776835025050513,0.48825941358700164,0.7213752387378101,0.7213752387378101,Assembly,No clear abnormal zone
1482,0.44202490158296437,0.7510492183721496,0.8425968559051418,0.8425968559051418,Assembly,No clear abnormal zone
1483,1.0056304585113531,0.7790838465826865,0.8962784588418566,1.0056304585113531,Drilling,Drilling
1484,0.9642814664720594,1.129036411480142,0.9048312886181058,1.129036411480142,Milling,Milling
1485,0.2812996073206879,1.084418346212707,0.694885790459584,1.084418346212707,Milling,Milling
1486,0.7104881934114513,0.7017016661584218,0.6515039434403016,0.7104881934114513,Drilling,No clear abnormal zone
1487,1.3429431287178657,1.3133703220760964,0.8991099592722238,1.3429431287178657,Drilling,Drilling
1488,0.30743976697303255,0.5424185033208218,0.7375508278612743,0.7375508278612743,Assembly,No clear abnormal zone
1489,0.2010539052465251,1.4995087882809683,0.38614531691247694,1.4995087882809683,Milling,Milling
1490,0.30955938944113326,0.30911204141620485,0.6664559426777283,0.6664559426777283,Assembly,No clear abnormal zone
1491,1.1094335558893023,1.0169586743038186,1.2945887663308364,1.2945887663308364,Assembly,Assembly
1492,0.8847963055011334,0.8314116132342394,0.8892998065519926,0.8892998065519926,Assembly,No clear abnormal zone
1493,1.2361838329366466,1.1400714021645062,1.511521508047982,1.511521508047982,Assembly,Assembly
1494,0.41542974499629415,0.6232133596582394,0.812784486595472,0.812784486595472,Assembly,No clear abnormal zone
1495,0.5224077341892757,0.5119365881911639,0.40063163602383417,0.5224077341892757,Drilling,No clear abnormal zone
1496,0.27967787434948255,0.17895056987691924,0.6384294461170756,0.6384294461170756,Assembly,No clear abnormal zone
1497,0.5056528460102896,0.1927552963899974,0.3187245710094937,0.5056528460102896,Drilling,No clear abnormal zone
1498,0.9898326143551748,0.916887497768177,1.0821538378529447,1.0821538378529447,Assembly,Assembly
1499,0.5033233983987854,0.9887144198658728,0.8526417383909164,0.9887144198658728,Milling,No clear abnormal zone
1500,0.5655374502165509,0.8228881432509446,0.8724074713890888,0.8724074713890888,Assembly,No clear abnormal zone
1501,0.5123663060835185,0.3782765992082531,0.37013269617907385,0.5123663060835185,Drilling,No clear abnormal zone
1502,0.5635287979509777,0.6128654651749004,0.3487395632169287,0.6128654651749004,Milling,No clear abnormal zone
1503,0.7940627393762472,0.7011549231002179,0.8481592985290067,0.8481592985290067,Assembly,No clear abnormal zone
1504,0.5795096352119865,0.628368725277209,0.8866962155375318,0.8866962155375318,Assembly,No clear abnormal zone
1505,0.36452791198276197,2.34404635982765,0.829087810810863,2.34404635982765,Milling,Milling
1506,0.25848376168116566,0.17690168284367777,0.6190049409188801,0.6190049409188801,Assembly,No clear abnormal zone
1507,0.8693703831643631,0.6031797974771199,0.8567779674791043,0.8693703831643631,Drilling,No clear abnormal zone
1508,0.9016466252970136,1.563504386412721,0.9131058172228381,1.563504386412721,Milling,Milling
1509,1.4492636739546554,1.353878031726333,1.6684622038506898,1.6684622038506898,Assembly,Assembly
1510,1.079549218937047,0.7588239358672234,0.8688434811237709,1.079549218937047,Drilling,Drilling
1511,1.2193989623420798,0.8255560964939139,0.9140815332681007,1.2193989623420798,Drilling,Drilling
1512,0.5346960774961368,0.4248522693805991,0.44890704566877065,0.5346960774961368,Drilling,No clear abnormal zone
1513,0.5674414083279018,1.232265642790905,0.8594102805611963,1.232265642790905,Milling,Milling
1514,1.4439540149299877,1.3483460674681584,1.6684622038506898,1.6684622038506898,Assembly,Assembly
1515,0.6757165380491789,0.6791862468547989,0.5645931230022966,0.6791862468547989,Milling,No clear abnormal zone
1516,0.540619505532228,0.6158714034957873,0.4036682724078335,0.6158714034957873,Milling,No clear abnormal zone
1517,0.26723052587295537,0.3261628004969379,0.7882802625406162,0.7882802625406162,Assembly,No clear abnormal zone
1518,1.3468965069276666,0.6234749094168338,0.9159871105069675,1.3468965069276666,Drilling,Drilling
1519,1.2026029825348465,1.3506508220801885,0.8931533315618307,1.3506508220801885,Milling,Milling
1520,1.3302734276491885,0.6662359597478225,0.9180680497843665,1.3302734276491885,Drilling,Drilling
1521,0.426489639716103,0.40221965022559836,0.44727615757789857,0.44727615757789857,Assembly,No clear abnormal zone
1522,1.4311159377503602,0.6001214679710258,0.9131762565333643,1.4311159377503602,Drilling,Drilling
1523,1.3243643557012168,1.2300832808749118,1.6599737673510178,1.6599737673510178,Assembly,Assembly
1524,1.3370132571454263,0.6118442631838859,0.9202129687531275,1.3370132571454263,Drilling,Drilling
1525,0.2786723906241053,0.26004786344736275,0.7442684255917746,0.7442684255917746,Assembly,No clear abnormal zone
1526,0.24661378107763374,0.3843863505107567,0.37751821875812397,0.3843863505107567,Milling,No clear abnormal zone
1527,0.39731434991996206,0.6475257479796381,0.8572174697623451,0.8572174697623451,Assembly,No clear abnormal zone
1528,1.403823025572093,1.922360470806613,0.908373085355083,1.922360470806613,Milling,Milling
1529,1.038499492484696,0.9534525906809167,1.1575528389120509,1.1575528389120509,Assembly,Assembly
1530,0.7451656242984088,0.5289911368194506,0.8942214757078533,0.8942214757078533,Assembly,No clear abnormal zone
1531,1.1148511237352419,1.0248484894728156,1.3013451727222243,1.3013451727222243,Assembly,Assembly
1532,0.581425549402836,0.506172667189857,0.8795754680152922,0.8795754680152922,Assembly,No clear abnormal zone
1533,1.2424934418398594,1.1460710393306124,1.5226650913214372,1.5226650913214372,Assembly,Assembly
1534,1.42347416614509,1.0115024824611043,0.9125085080627386,1.42347416614509,Drilling,Drilling
1535,0.9535430664407925,0.8016911245822124,0.8712232729175025,0.9535430664407925,Drilling,No clear abnormal zone
1536,0.5018054547158292,0.4718142434094751,0.32486509682734516,0.5018054547158292,Drilling,No clear abnormal zone
1537,1.116611791895633,1.0259137444297715,1.2971648720068296,1.2971648720068296,Assembly,Assembly
1538,1.0701161731201245,0.7503923783647558,0.9129330804907094,1.0701161731201245,Drilling,Drilling
1539,1.5144015871750414,0.6490606403766888,0.918792213696658,1.5144015871750414,Drilling,Drilling
1540,0.7194133071696698,0.4380334428370868,0.6195161954287842,0.7194133071696698,Drilling,No clear abnormal zone
1541,1.3246527656207745,1.2283208468607612,1.658944471444347,1.658944471444347,Assembly,Assembly
1542,0.24723376636548494,0.25267122659749797,0.705935393466542,0.705935393466542,Assembly,No clear abnormal zone
1543,0.8636959993443347,0.8134300229547331,0.8545307087512725,0.8636959993443347,Drilling,No clear abnormal zone
1544,1.4448419286149183,1.3491103662482509,1.6684622038506898,1.6684622038506898,Assembly,Assembly
1545,0.8447146962116265,0.8109530886645759,0.8401047774250919,0.8447146962116265,Drilling,No clear abnormal zone
1546,1.4137314758927466,0.6832878301812908,0.915563547383405,1.4137314758927466,Drilling,Drilling
1547,0.387332418046359,0.2049381882742937,0.4071481244018419,0.4071481244018419,Assembly,No clear abnormal zone
1548,1.127052382973503,1.0340785339474137,1.3259241293393886,1.3259241293393886,Assembly,Assembly
1549,1.3570778179252152,1.2611640428812105,1.6683333523986117,1.6683333523986117,Assembly,Assembly
1550,1.3329210567415801,1.2369056759346013,1.6684622038506898,1.6684622038506898,Assembly,Assembly
1551,1.4398806298863456,1.3435632459236155,1.6684622038506898,1.6684622038506898,Assembly,Assembly
1552,0.9981828067534606,1.028399147988627,0.9178225283413677,1.028399147988627,Milling,Milling
1553,0.3613138988342909,0.2653872324700497,0.4285526943161949,0.4285526943161949,Assembly,No clear abnormal zone
1554,0.956925853018584,0.7185194449595366,0.8958781995787992,0.956925853018584,Drilling,No clear abnormal zone
1555,0.7729531052930303,0.7656473038161784,0.6997925588764278,0.7729531052930303,Drilling,No clear abnormal zone
1556,1.051070074463401,0.8451132212761088,0.8896035845616908,1.051070074463401,Drilling,Drilling
1557,0.29271542408837287,0.06605552145164431,0.41535752334055154,0.41535752334055154,Assembly,No clear abnormal zone
1558,0.5730739540482854,0.5871456203910044,0.43240603664840377,0.5871456203910044,Milling,No clear abnormal zone
1559,0.8000002597047051,0.7625705942171528,0.7600594911099482,0.8000002597047051,Drilling,No clear abnormal zone
1560,0.21761461320829373,0.22952286621561063,0.40196268927708534,0.40196268927708534,Assembly,No clear abnormal zone
1561,1.1031337113332045,1.012730131761269,1.2848402964293766,1.2848402964293766,Assembly,Assembly
1562,0.8487102841995721,0.800701092280053,0.8559821660290023,0.8559821660290023,Assembly,No clear abnormal zone
1563,0.26161751963565194,0.730445408028271,0.6521193151138357,0.730445408028271,Milling,No clear abnormal zone
1564,0.2560064890564123,0.44739304184382167,0.7536213203129171,0.7536213203129171,Assembly,No clear abnormal zone
1565,0.45768759507100965,0.5817838610043271,0.7890160436729138,0.7890160436729138,Assembly,No clear abnormal zone
1566,1.4416370138908434,1.3460813181084519,1.6684622038506898,1.6684622038506898,Assembly,Assembly
1567,1.2492553244454991,0.8771014105403944,0.8883209851582389,1.2492553244454991,Drilling,Drilling
1568,1.5299980865743565,1.404247874765894,0.9175021164485605,1.5299980865743565,Drilling,Drilling
1569,1.3306317654521096,0.6411764328467128,0.9084470015981922,1.3306317654521096,Drilling,Drilling
1570,1.4690206135340196,0.9452256289021318,0.9179586689359753,1.4690206135340196,Drilling,Drilling
1571,1.4408171519846849,1.346044510518476,1.6684622038506898,1.6684622038506898,Assembly,Assembly
1572,0.24535608010110171,0.19496644373782068,0.5907711711966606,0.5907711711966606,Assembly,No clear abnormal zone
1573,0.6332967459320149,1.633973137012179,0.499774233661027,1.633973137012179,Milling,Milling
1574,1.4376333009064204,1.3416644073113186,1.6684622038506898,1.6684622038506898,Assembly,Assembly
1575,0.5960227928385989,0.3626141403114622,0.4077705443933637,0.5960227928385989,Drilling,No clear abnormal zone
1576,0.5336727954694077,0.45150312967565553,0.3698146406112617,0.5336727954694077,Drilling,No clear abnormal zone
1577,1.4261598512507832,0.6373898266355491,0.9120482492938706,1.4261598512507832,Drilling,Drilling
1578,0.431893729775212,2.3227417014130327,0.8208609846689532,2.3227417014130327,Milling,Milling
1579,0.22250321705482032,0.33807270880317847,0.5522589734125551,0.5522589734125551,Assembly,No clear abnormal zone
1580,1.2039622424466292,0.7067184548574454,0.9090503023900653,1.2039622424466292,Drilling,Drilling
1581,1.087259230665813,1.0076550146492687,1.2572676263885263,1.2572676263885263,Assembly,Assembly
1582,1.2601038522795647,1.3250285936289758,0.9095814121299609,1.3250285936289758,Milling,Milling
1583,0.7091270353120673,0.7038473321387939,0.5569807648352212,0.7091270353120673,Drilling,No clear abnormal zone
1584,0.4279674628297082,1.0454995289108096,0.8623447289158146,1.0454995289108096,Milling,Milling
1585,0.9056395865964892,0.5655113190210822,0.9624334046842631,0.9624334046842631,Assembly,No clear abnormal zone
1586,0.8467871397347275,0.8062070747100091,0.8387444710486855,0.8467871397347275,Drilling,No clear abnormal zone
1587,0.30125520964785363,0.9204152229870862,0.3935350085365765,0.9204152229870862,Milling,No clear abnormal zone
1588,0.46892121307588697,0.45718634961279814,0.36589457216503046,0.46892121307588697,Drilling,No clear abnormal zone
1589,1.3395139778802354,1.2448756017406053,1.667850886510018,1.667850886510018,Assembly,Assembly
1590,0.7516233559200652,0.5126737900264832,0.8650235793939782,0.8650235793939782,Assembly,No clear abnormal zone
1591,0.5093260162224649,0.38509844935833704,0.37165984218503045,0.5093260162224649,Drilling,No clear abnormal zone
1592,0.7600890841504147,0.966523161348567,0.8653155041178913,0.966523161348567,Milling,No clear abnormal zone
1593,0.9660400840552105,0.5867505198316673,0.8980847434667243,0.9660400840552105,Drilling,No clear abnormal zone
1594,0.24355541338035236,0.3174796523175897,0.3321752794580291,0.3321752794580291,Assembly,No clear abnormal zone
1595,0.3964303974627047,0.39966828266305937,0.8564225533821576,0.8564225533821576,Assembly,No clear abnormal zone
1596,1.358078986681447,0.6480192020955997,0.9171822251561494,1.358078986681447,Drilling,Drilling
1597,1.1170419522837323,1.0252512078102014,1.297924153853847,1.297924153853847,Assembly,Assembly
1598,1.4310613859359271,0.6358696444330981,0.9106576284469416,1.4310613859359271,Drilling,Drilling
1599,0.338069041964417,0.8767271862717431,0.722096167529068,0.8767271862717431,Milling,No clear abnormal zone
1600,1.436636828431544,1.3420021710781582,1.6684622038506898,1.6684622038506898,Assembly,Assembly
1601,0.3512376376846248,0.4681413312570397,0.8153357363816982,0.8153357363816982,Assembly,No clear abnormal zone
1602,1.3716190398632335,0.8128895933375305,0.9154578906405164,1.3716190398632335,Drilling,Drilling
1603,1.2570963185134543,1.0327811536102713,0.8912227145159297,1.2570963185134543,Drilling,Drilling
1604,0.19783823118132804,0.16915907798871696,0.662550004810937,0.662550004810937,Assembly,No clear abnormal zone
1605,0.2635183436751114,0.1234935980954415,0.646005686193884,0.646005686193884,Assembly,No clear abnormal zone
1606,0.9471121019621643,0.8758881728394916,1.026944697306372,1.026944697306372,Assembly,Assembly
1607,1.0226122448145616,0.9394332292047212,1.1409176954543985,1.1409176954543985,Assembly,Assembly
1608,0.3559754694537456,1.0977731201395322,0.8254103164602329,1.0977731201395322,Milling,Milling
1609,0.3138618266762142,0.9615518714409763,0.8096336367837131,0.9615518714409763,Milling,No clear abnormal zone
1610,1.3349080584305195,1.1423734060951323,0.9153004566428261,1.3349080584305195,Drilling,Drilling
1611,1.4861918811281514,0.9427149719047068,0.9180634667758623,1.4861918811281514,Drilling,Drilling
1612,1.2033472293986796,1.1103178785496988,1.461558664009592,1.461558664009592,Assembly,Assembly
1613,1.2611645753562708,0.6015164864670591,0.9100527300572803,1.2611645753562708,Drilling,Drilling
1614,0.5196526743363332,0.49841367006151804,0.8787285855452307,0.8787285855452307,Assembly,No clear abnormal zone
1615,1.367269833887403,0.847538644692126,0.9069784155868208,1.367269833887403,Drilling,Drilling
1616,0.2551204236663487,0.22565146455335736,0.6486594518185712,0.6486594518185712,Assembly,No clear abnormal zone
1617,0.43176117591343277,0.32879615439351284,0.372786723300245,0.43176117591343277,Drilling,No clear abnormal zone
1618,1.124111568672887,1.028780406143205,1.314562263817634,1.314562263817634,Assembly,Assembly
1619,1.123871704930804,1.031999987689939,1.314393112207196,1.314393112207196,Assembly,Assembly
1620,0.7238972057029135,1.543722444624469,0.9009805691125488,1.543722444624469,Milling,Milling
1621,1.3462511039786695,1.2502754917053363,1.6682989023866832,1.6682989023866832,Assembly,Assembly
1622,1.13667710958751,1.041715026291281,1.3455321763383141,1.3455321763383141,Assembly,Assembly
1623,0.8821664878980506,0.845799050610196,0.9357134708850159,0.9357134708850159,Assembly,No clear abnormal zone
1624,0.8486452786972585,0.6634930471261051,0.8354459780848578,0.8486452786972585,Drilling,No clear abnormal zone
1625,0.27085672986395143,0.14381196275668512,0.3109916764340203,0.3109916764340203,Assembly,No clear abnormal zone
1626,0.6143670503028611,0.4422416733513114,0.8776729904070573,0.8776729904070573,Assembly,No clear abnormal zone
1627,0.2702397061694054,0.11598653806782425,0.43955564089623855,0.43955564089623855,Assembly,No clear abnormal zone
1628,0.219254432610679,0.5980623669646524,0.5911253576208473,0.5980623669646524,Milling,No clear abnormal zone
1629,0.325691165960038,0.5962216585244622,0.7559597291201848,0.7559597291201848,Assembly,No clear abnormal zone
1630,0.33586760702944096,0.6752743041494893,0.8299649111920633,0.8299649111920633,Assembly,No clear abnormal zone
1631,0.33015683128883294,0.3653103229909221,0.4637273733977641,0.4637273733977641,Assembly,No clear abnormal zone
1632,1.2422498780742388,1.3084694994402235,0.9149558954312897,1.3084694994402235,Milling,Milling
1633,0.8109488806746727,0.5063000698888593,0.782255156822796,0.8109488806746727,Drilling,No clear abnormal zone
1634,0.6761363486165148,1.7349300735995854,0.5172791910812112,1.7349300735995854,Milling,Milling
1635,0.6238826843947074,1.3017963244201305,0.8932440719100334,1.3017963244201305,Milling,Milling
1636,0.5484636252917412,0.48532021608674236,0.39109836759754885,0.5484636252917412,Drilling,No clear abnormal zone
1637,0.5003558390055927,0.21673779458608353,0.3751484953048739,0.5003558390055927,Drilling,No clear abnormal zone
1638,1.2342729186603338,1.1384886757955335,1.5105553412474282,1.5105553412474282,Assembly,Assembly
1639,1.0577209479938552,1.3690847972128544,0.8993006629254169,1.3690847972128544,Milling,Milling
1640,0.7540942670993835,0.7341789514314614,0.6691699131186024,0.7540942670993835,Drilling,No clear abnormal zone
1641,0.7367833515058235,0.7183690089605457,0.6550655821142884,0.7367833515058235,Drilling,No clear abnormal zone
1642,0.8671230707669486,0.8271592540158228,0.8663994592065547,0.8671230707669486,Drilling,No clear abnormal zone
1643,0.20868586155890034,0.12111182232661104,0.39735639912160925,0.39735639912160925,Assembly,No clear abnormal zone
1644,1.497494304634969,1.4501929620027139,0.9166030366584554,1.497494304634969,Drilling,Drilling
1645,1.1271369188607956,1.0356569300116834,1.311805029872608,1.311805029872608,Assembly,Assembly
1646,1.4418550575170395,0.6561742067479068,0.9152922287715379,1.4418550575170395,Drilling,Drilling
1647,1.15235090669246,1.061545656678999,1.3641698095949073,1.3641698095949073,Assembly,Assembly
1648,0.84855137186037,0.8173576093204193,0.8654754860429215,0.8654754860429215,Assembly,No clear abnormal zone
1649,1.3797599518620252,0.8273180908212721,0.917759209400842,1.3797599518620252,Drilling,Drilling
1650,0.9994398652689109,0.9545128639178827,0.8942951098048987,0.9994398652689109,Drilling,No clear abnormal zone
1651,0.8994360777224026,0.5652182947478175,0.914560313480476,0.914560313480476,Assembly,No clear abnormal zone
1652,1.3274639521962395,1.2329217956077754,1.6612819806958972,1.6612819806958972,Assembly,Assembly
1653,0.2973677981113096,1.1721847022039105,0.48279794124827113,1.1721847022039105,Milling,Milling
1654,1.2189329252794072,1.123637895816348,1.4828764754133879,1.4828764754133879,Assembly,Assembly
1655,1.1631151373277573,0.743154274053571,0.9004992697976835,1.1631151373277573,Drilling,Drilling
1656,0.5655227684585964,0.609050466731494,0.36577594589591234,0.609050466731494,Milling,No clear abnormal zone
1657,1.4415997474405635,1.3465771379969538,1.6684622038506898,1.6684622038506898,Assembly,Assembly
1658,0.3181964515369051,0.2512818347478055,0.7149318645275345,0.7149318645275345,Assembly,No clear abnormal zone
1659,1.4620329113239134,0.97975495763992,0.9120718244107033,1.4620329113239134,Drilling,Drilling
1660,0.5460408837935862,0.6396647762004404,0.8644374152367094,0.8644374152367094,Assembly,No clear abnormal zone
1661,0.9852377502479885,0.9220513861265903,1.0737685061163045,1.0737685061163045,Assembly,Assembly
1662,0.35878416334010466,0.3120341779680279,0.8184488632591087,0.8184488632591087,Assembly,No clear abnormal zone
1663,0.6982052437105903,0.694318496639684,0.5687609213352767,0.6982052437105903,Drilling,No clear abnormal zone
1664,0.38767949940020274,0.8174636938688009,0.8312265246225314,0.8312265246225314,Assembly,No clear abnormal zone
1665,0.9941547622748227,0.917699429900003,1.0934561601766568,1.0934561601766568,Assembly,Assembly
1666,0.2592357732671026,0.8893479678392939,0.6404356153070493,0.8893479678392939,Milling,No clear abnormal zone
1667,0.991565986580387,0.9192085410890235,1.0827156208195574,1.0827156208195574,Assembly,Assembly
1668,1.177235785290106,0.7453312802936733,0.9145415769044509,1.177235785290106,Drilling,Drilling
1669,0.50290131502143,0.579177859737352,0.3236143503685495,0.579177859737352,Milling,No clear abnormal zone
1670,0.30426224294581294,0.6825387868467664,0.740983225823862,0.740983225823862,Assembly,No clear abnormal zone
1671,1.1919988537657336,1.0380332754688666,0.9126678974903044,1.1919988537657336,Drilling,Drilling
1672,1.228866406265967,1.1321144672726113,1.5039426599703742,1.5039426599703742,Assembly,Assembly
1673,0.2897493605072993,0.6880338662432848,0.8082262206735494,0.8082262206735494,Assembly,No clear abnormal zone
1674,0.5258838875419471,0.5697507863987643,0.35622142847237903,0.5697507863987643,Milling,No clear abnormal zone
1675,1.4328121784145715,0.577718996418854,0.9012794202109877,1.4328121784145715,Drilling,Drilling
1676,1.3414129465640652,1.2460902522098172,1.667285160229971,1.667285160229971,Assembly,Assembly
1677,1.3489504912032948,1.2518279059413875,1.668400073523561,1.668400073523561,Assembly,Assembly
1678,0.2986916282662929,0.4687056438211651,0.6705273808951215,0.6705273808951215,Assembly,No clear abnormal zone
1679,1.000598417282118,0.712927610200586,0.9058540958695698,1.000598417282118,Drilling,Drilling
1680,1.4440515811067431,0.7655210420073554,0.9189110427589248,1.4440515811067431,Drilling,Drilling
1681,0.5028334116021336,0.456324671053414,0.8957003508277458,0.8957003508277458,Assembly,No clear abnormal zone
1682,0.47764903483710686,0.5169601717066047,0.7616860232212506,0.7616860232212506,Assembly,No clear abnormal zone
1683,1.0259948427872583,0.832924771809203,1.1464844067791407,1.1464844067791407,Assembly,Assembly
1684,1.4674097675518638,0.60558377871125,0.9079293619040549,1.4674097675518638,Drilling,Drilling
1685,0.714284782179923,0.5981832841603747,0.6033626928302476,0.714284782179923,Drilling,No clear abnormal zone
1686,1.3506766255996383,0.6860961658117442,0.9183003337480922,1.3506766255996383,Drilling,Drilling
1687,1.2250374766627514,1.129078923675758,1.4935536131594302,1.4935536131594302,Assembly,Assembly
1688,0.24917433884300288,0.514719643826611,0.6465358951101249,0.6465358951101249,Assembly,No clear abnormal zone
1689,0.5147415263824453,0.5576194377731081,0.36904388061763294,0.5576194377731081,Milling,No clear abnormal zone
1690,1.3185167635681603,1.221145531967771,1.645423072947524,1.645423072947524,Assembly,Assembly
1691,0.3148927871858657,0.429851512388585,0.8152098527792558,0.8152098527792558,Assembly,No clear abnormal zone
1692,1.0328213586036736,0.5562378655025201,0.9063568411122946,1.0328213586036736,Drilling,Drilling
1693,0.2684774182256744,0.12605807737373545,0.384430779280685,0.384430779280685,Assembly,No clear abnormal zone
1694,0.7118881840971135,0.6958297729810561,0.59317220971173,0.7118881840971135,Drilling,No clear abnormal zone
1695,1.10188995327914,1.0145575203459651,1.2842840921752496,1.2842840921752496,Assembly,Assembly
1696,0.5439216014054407,0.22402815187399905,0.3872904205401219,0.5439216014054407,Drilling,No clear abnormal zone
1697,1.0170086994624836,0.7277989508587855,1.1393068104756896,1.1393068104756896,Assembly,Assembly
1698,1.44892673168149,0.6863103828640349,0.9149454109515001,1.44892673168149,Drilling,Drilling
1699,0.7248831399419942,0.7030851985110533,0.6622456657481124,0.7248831399419942,Drilling,No clear abnormal zone
1700,1.4472646114104653,1.5610950739283973,0.9112710375313195,1.5610950739283973,Milling,Milling
1701,0.9176682386566481,0.7104283748509708,0.8558429634883198,0.9176682386566481,Drilling,No clear abnormal zone
1702,1.3511654145742806,1.2549565510893568,1.668270380989216,1.668270380989216,Assembly,Assembly
1703,1.0984693423454233,1.0093373380264121,1.2684908666896428,1.2684908666896428,Assembly,Assembly
1704,1.0661731032779236,0.6999914346424682,0.8736457922998997,1.0661731032779236,Drilling,Drilling
1705,0.7324615358804679,0.5221515090642473,0.6366706629866448,0.7324615358804679,Drilling,No clear abnormal zone
1706,1.0635480477094015,0.9790620126948842,1.2205914407209022,1.2205914407209022,Assembly,Assembly
1707,1.3620412905813974,0.7021135517293373,0.9186806835667257,1.3620412905813974,Drilling,Drilling
1708,0.30284733227000915,0.056705281492211594,0.4243073886747396,0.4243073886747396,Assembly,No clear abnormal zone
1709,1.2778353511501708,1.207489361899597,0.9114556678243092,1.2778353511501708,Drilling,Drilling
1710,0.6303633053498761,0.2646423778180763,0.4138143616621268,0.6303633053498761,Drilling,No clear abnormal zone
1711,1.5168245702473073,0.7629141985761061,0.9215514018101136,1.5168245702473073,Drilling,Drilling
1712,0.2299552410642533,0.29623554047113726,0.6550793413432778,0.6550793413432778,Assembly,No clear abnormal zone
1713,1.0269735468098555,1.245248827424679,0.9178845904859968,1.245248827424679,Milling,Milling
1714,0.814108644708029,0.7648266829674533,0.7681329531974405,0.814108644708029,Drilling,No clear abnormal zone
1715,0.3395666158467392,0.4853905474342749,0.66575376018041,0.66575376018041,Assembly,No clear abnormal zone
1716,1.235369029183603,1.1410695373985642,1.5155052327742116,1.5155052327742116,Assembly,Assembly
1717,1.501659465413179,0.9195316835362392,0.9135461999777155,1.501659465413179,Drilling,Drilling
1718,1.378264344223467,1.1292067355251494,0.9198086986495769,1.378264344223467,Drilling,Drilling
1719,1.2433971864489206,0.7814953487576547,0.9058530735264372,1.2433971864489206,Drilling,Drilling
1720,0.5691978764178971,0.5458472043209205,0.3566347892992723,0.5691978764178971,Drilling,No clear abnormal zone
1721,0.8138612628439341,0.7567494446155423,0.9075689351244045,0.9075689351244045,Assembly,No clear abnormal zone
1722,0.25168013609338696,0.44486046845746563,0.41641255918040027,0.44486046845746563,Milling,No clear abnormal zone
1723,1.1156973046199032,0.5658882441408907,0.9014454318441923,1.1156973046199032,Drilling,Drilling
1724,1.2644097453899885,0.7904693515320051,0.91153912648988,1.2644097453899885,Drilling,Drilling
1725,0.27352495108795616,0.12213379562235366,0.3796634696781369,0.3796634696781369,Assembly,No clear abnormal zone
1726,0.6846495282772639,0.4933614782458733,0.5450733594106933,0.6846495282772639,Drilling,No clear abnormal zone
1727,1.4410358898450235,1.3463389712382847,1.6684622038506898,1.6684622038506898,Assembly,Assembly
1728,0.6065967021172677,0.6165873620671907,0.40036721666823777,0.6165873620671907,Milling,No clear abnormal zone
1729,1.146310943230013,0.7347615073570153,0.9170943010549829,1.146310943230013,Drilling,Drilling
1730,0.8477753975468028,0.7933504000465883,0.8233123064818753,0.8477753975468028,Drilling,No clear abnormal zone
1731,0.41908195463180065,0.18828983515814926,0.38915616069569114,0.41908195463180065,Drilling,No clear abnormal zone
1732,1.0035331271385912,0.9206916704498257,1.1029195459846481,1.1029195459846481,Assembly,Assembly
1733,0.5064101826243868,0.3904179461847185,0.40923704579706577,0.5064101826243868,Drilling,No clear abnormal zone
1734,0.2908348783024802,0.6864615724903375,0.354522074745808,0.6864615724903375,Milling,No clear abnormal zone
1735,1.1088367061307758,1.013493648578475,0.9152947422817381,1.1088367061307758,Drilling,Drilling
1736,0.5451331864950805,1.11307639033176,0.8793241979896849,1.11307639033176,Milling,Milling
1737,0.3176287651553781,0.3205975338056725,0.7282847996898643,0.7282847996898643,Assembly,No clear abnormal zone
1738,1.3347709727417134,0.9664169227794339,0.9169940129098837,1.3347709727417134,Drilling,Drilling
1739,1.0189200365636943,0.8600281513403096,0.9036776753791569,1.0189200365636943,Drilling,Drilling
1740,0.3071047604595062,0.4795180621485021,0.2703995046765974,0.4795180621485021,Milling,No clear abnormal zone
1741,0.4338108429272233,0.4850294800734182,0.8127427049057783,0.8127427049057783,Assembly,No clear abnormal zone
1742,0.5491813540559235,0.36639185982558364,0.39080419963734153,0.5491813540559235,Drilling,No clear abnormal zone
1743,0.28237526107527844,0.38790012798717277,0.48834834345394573,0.48834834345394573,Assembly,No clear abnormal zone
1744,1.324954137783908,1.22881233644456,1.6573276262155288,1.6573276262155288,Assembly,Assembly
1745,0.9864848028103431,0.914330452841013,1.0815717265075244,1.0815717265075244,Assembly,Assembly
1746,0.5234677898471156,0.5731695619618395,0.40633251042732144,0.5731695619618395,Milling,No clear abnormal zone
1747,0.6800870839801814,0.6726280003819967,0.5509398834694358,0.6800870839801814,Drilling,No clear abnormal zone
1748,1.106646185173296,1.0184244824458084,1.2848748329512532,1.2848748329512532,Assembly,Assembly
1749,1.116783145205293,1.0270764312425462,1.3095722751962406,1.3095722751962406,Assembly,Assembly
1750,0.3058324808456383,0.9876848663455605,0.762593572362753,0.9876848663455605,Milling,No clear abnormal zone
1751,0.725671387744799,0.7103752664786749,0.6090629881976044,0.725671387744799,Drilling,No clear abnormal zone
1752,0.9541587995120171,0.7535720657164123,1.0215100261418872,1.0215100261418872,Assembly,Assembly
1753,0.7701507244860277,0.7469879927431484,0.7172430372454762,0.7701507244860277,Drilling,No clear abnormal zone
1754,0.14086462247232057,0.16258351029710227,0.6902908610232297,0.6902908610232297,Assembly,No clear abnormal zone
1755,1.4276330004195805,0.8055736301426787,0.91627453496969,1.4276330004195805,Drilling,Drilling
1756,0.7396765101005449,0.7211720957196477,0.9004308638395366,0.9004308638395366,Assembly,No clear abnormal zone
1757,1.3546749936621163,0.7695989175919985,0.9204238661321489,1.3546749936621163,Drilling,Drilling
1758,0.6828558891085164,0.696726146054592,0.5953574851997032,0.696726146054592,Milling,No clear abnormal zone
1759,0.3484357230794123,0.39291380205745247,0.38691631160208806,0.39291380205745247,Milling,No clear abnormal zone
1760,1.3913917849090471,0.5943801443163966,0.905074699149373,1.3913917849090471,Drilling,Drilling
1761,0.5438060420023417,0.22724716359383432,0.44766135478945857,0.5438060420023417,Drilling,No clear abnormal zone
1762,1.3264707202822568,1.2304881643646488,1.6599292112734332,1.6599292112734332,Assembly,Assembly
1763,0.6976522974813064,0.6382969776154408,0.8892106494576708,0.8892106494576708,Assembly,No clear abnormal zone
1764,0.9932327543738961,0.9155494336149277,1.088087811722904,1.088087811722904,Assembly,Assembly
1765,1.450890435523397,1.3555949975411012,1.6684622038506898,1.6684622038506898,Assembly,Assembly
1766,0.2899132198583295,0.5299860859043702,0.6317635239487989,0.6317635239487989,Assembly,No clear abnormal zone
1767,1.3569662419643511,1.1483881993276994,0.9196437052416202,1.3569662419643511,Drilling,Drilling
1768,0.8330781225009968,0.8090694061187396,0.8390103691905513,0.8390103691905513,Assembly,No clear abnormal zone
1769,0.33097863160614316,0.2813317594538498,0.7013846404474104,0.7013846404474104,Assembly,No clear abnormal zone
1770,0.523427456140772,0.7451098832767871,0.8675877575679558,0.8675877575679558,Assembly,No clear abnormal zone
1771,1.3605536800906213,0.6221727985725048,0.920058185930398,1.3605536800906213,Drilling,Drilling
1772,0.6576806409446643,0.6089206882909166,0.8855101018406502,0.8855101018406502,Assembly,No clear abnormal zone
1773,1.4439945219411614,1.3488916858607456,1.6684622038506898,1.6684622038506898,Assembly,Assembly
1774,0.4124558350026807,1.769259946552464,0.38546136667597497,1.769259946552464,Milling,Milling
1775,1.3330490588968895,1.2350328191505229,1.6672683441539036,1.6672683441539036,Assembly,Assembly
1776,0.3907850749819865,0.1756096565245478,0.38780766913184106,0.3907850749819865,Drilling,No clear abnormal zone
1777,0.763228718013301,0.7622977850208593,0.6896733638323326,0.763228718013301,Drilling,No clear abnormal zone
1778,0.8528949967793144,0.8047109544350977,0.8531246526168809,0.8531246526168809,Assembly,No clear abnormal zone
1779,1.0238491127692166,0.8432491013479344,0.9132944386491719,1.0238491127692166,Drilling,Drilling
1780,0.2696614854325763,0.8812275642330296,0.5883509879839804,0.8812275642330296,Milling,No clear abnormal zone
1781,1.200819498138808,0.8067781019365035,0.8851404599470372,1.200819498138808,Drilling,Drilling
1782,1.3248569209570906,1.2292540275242734,1.6583981357835142,1.6583981357835142,Assembly,Assembly
1783,1.3293515789169406,1.2343767779880075,1.6656614403306067,1.6656614403306067,Assembly,Assembly
1784,0.9583840241513792,0.8926854247827076,1.0501237712435518,1.0501237712435518,Assembly,Assembly
1785,1.1137045835872392,1.023293910084413,1.2995527891170666,1.2995527891170666,Assembly,Assembly
1786,0.3336566745366276,1.285935420607513,0.8050791489585094,1.285935420607513,Milling,Milling
1787,1.4184367904340038,0.8659593081166974,0.9174377112434149,1.4184367904340038,Drilling,Drilling
1788,0.871585729812647,0.8119144163086578,0.8867440434533396,0.8867440434533396,Assembly,No clear abnormal zone
1789,1.2825615198852844,0.6618209240807128,0.9172304008799568,1.2825615198852844,Drilling,Drilling
1790,0.284984633684558,0.5479406065792619,0.6116085759484566,0.6116085759484566,Assembly,No clear abnormal zone
1791,1.455984747811347,0.9256044676014497,0.9151412730333479,1.455984747811347,Drilling,Drilling
1792,1.087829253457202,0.679338592292089,0.911746122779312,1.087829253457202,Drilling,Drilling
1793,1.3383149703494894,1.2415672489474585,1.6684622038506898,1.6684622038506898,Assembly,Assembly
1794,0.9543824921503365,0.614826292290624,0.8923038155322536,0.9543824921503365,Drilling,No clear abnormal zone
1795,1.32769241173926,1.22955931400584,1.6592129850116373,1.6592129850116373,Assembly,Assembly
1796,0.26306093949494946,0.10474363037816996,0.3733081044808884,0.3733081044808884,Assembly,No clear abnormal zone
1797,0.9670914917755888,0.8760597266384862,0.8788484939311471,0.9670914917755888,Drilling,No clear abnormal zone
1798,1.4148453235637473,1.8465511235672512,0.8875410636954811,1.8465511235672512,Milling,Milling
1799,1.3376717190120488,1.2369056759346013,1.6682855188080647,1.6682855188080647,Assembly,Assembly
1800,1.3104143220105606,0.9638786061336722,0.9132699060589904,1.3104143220105606,Drilling,Drilling
1801,0.6431256416184232,0.6496860460651211,0.49554864793371795,0.6496860460651211,Milling,No clear abnormal zone
1802,1.3190806211637003,1.2233734737375017,1.649346403898134,1.649346403898134,Assembly,Assembly
1803,0.4962857172834833,0.5748326378095793,0.8785890539096616,0.8785890539096616,Assembly,No clear abnormal zone
1804,1.2164763393772566,1.1190542682881466,1.475929714625524,1.475929714625524,Assembly,Assembly
1805,0.27643594461211785,0.43157288443564157,0.800505221962521,0.800505221962521,Assembly,No clear abnormal zone
1806,1.3117310290563173,1.2168520348546752,1.6372914715756308,1.6372914715756308,Assembly,Assembly
1807,0.6804248279833388,0.4134587938320313,0.5495645265441298,0.6804248279833388,Drilling,No clear abnormal zone
1808,0.5770793074102242,0.5993936519083075,0.4639903547068335,0.5993936519083075,Milling,No clear abnormal zone
1809,1.0792240573041652,0.9301604532278663,0.9116584963048457,1.0792240573041652,Drilling,Drilling
1810,0.20934864282449175,0.31885018119201847,0.7401828668698474,0.7401828668698474,Assembly,No clear abnormal zone
1811,0.7196396442033344,0.616457129017641,0.6200922926198404,0.7196396442033344,Drilling,No clear abnormal zone
1812,0.5783673040576702,0.4491382886725375,0.8670317235349724,0.8670317235349724,Assembly,No clear abnormal zone
1813,1.343216318701525,1.248077862068527,1.6682368182436225,1.6682368182436225,Assembly,Assembly
1814,1.4591413476438757,0.5958272247590151,0.8864864356291975,1.4591413476438757,Drilling,Drilling
1815,0.9983177173993176,0.8552582715928434,1.105179613233298,1.105179613233298,Assembly,Assembly
1816,1.4849251306876212,0.9724114715510754,0.9179103074211385,1.4849251306876212,Drilling,Drilling
1817,0.9394151996632891,0.8822948586476865,1.0040988473328043,1.0040988473328043,Assembly,Assembly
1818,1.226654053902985,1.1326232780752223,1.5016652181149017,1.5016652181149017,Assembly,Assembly
1819,1.2139074789459618,1.1190261213075763,1.4697386517217577,1.4697386517217577,Assembly,Assembly
1820,1.3120771908875772,0.8928852109074562,0.9168292776005855,1.3120771908875772,Drilling,Drilling
1821,0.2958806653808325,0.5137512186077313,0.7096674672091046,0.7096674672091046,Assembly,No clear abnormal zone
1822,1.4830169477154225,1.136443951226541,0.9184554705919437,1.4830169477154225,Drilling,Drilling
1823,1.3280885720261,1.052889425994762,0.8933440816422201,1.3280885720261,Drilling,Drilling
1824,0.9969524765785363,0.6386181105852307,0.9126546227819734,0.9969524765785363,Drilling,No clear abnormal zone
1825,0.6885922768056572,0.6026326239795793,0.5950237765542085,0.6885922768056572,Drilling,No clear abnormal zone
1826,0.777063412161678,0.9839625565516152,0.7386690013808785,0.9839625565516152,Milling,No clear abnormal zone
1827,0.3261338418138093,1.5329712943947256,0.7552618970508985,1.5329712943947256,Milling,Milling
1828,1.1258010398558178,0.6612019805305012,0.9136836938887842,1.1258010398558178,Drilling,Drilling
1829,1.254825395828973,0.745510987938851,0.9167459556029853,1.254825395828973,Drilling,Drilling
1830,1.051978448494622,1.4391299839791647,0.8929333493040581,1.4391299839791647,Milling,Milling
1831,0.2783241579304605,0.541387324200689,0.7757978278528993,0.7757978278528993,Assembly,No clear abnormal zone
1832,0.9801796099415914,0.9101603694119548,1.0607677569399763,1.0607677569399763,Assembly,Assembly
1833,1.0054674140086959,0.9291725722107922,1.1216201564571704,1.1216201564571704,Assembly,Assembly
1834,1.091656833730001,0.8861106094751358,0.9006204195313635,1.091656833730001,Drilling,Drilling
1835,0.42270620919530977,0.3051743422382552,0.36727912149409847,0.42270620919530977,Drilling,No clear abnormal zone
1836,0.7830571443561962,0.6345276077797557,0.7274816622949936,0.7830571443561962,Drilling,No clear abnormal zone
1837,1.2384789501075022,0.935980618084131,0.8925985273774306,1.2384789501075022,Drilling,Drilling
1838,1.3351521829170354,1.2378994808639567,1.6684622038506898,1.6684622038506898,Assembly,Assembly
1839,1.4401043324262401,0.6845501140022362,0.9181129717378846,1.4401043324262401,Drilling,Drilling
1840,0.30777017451250216,0.4384661186984388,0.720446909303461,0.720446909303461,Assembly,No clear abnormal zone
1841,0.7764760475612373,0.7404947008408919,0.7098241804856966,0.7764760475612373,Drilling,No clear abnormal zone
1842,0.35162587697883185,0.5274908274217284,0.8628307399807345,0.8628307399807345,Assembly,No clear abnormal zone
1843,1.367976345211488,0.7981320969255147,0.9187164007284107,1.367976345211488,Drilling,Drilling
1844,1.3437218462009743,1.247766080129906,1.6681102911487862,1.6681102911487862,Assembly,Assembly
1845,1.3210038940542344,1.2243975907997782,1.6521165057903393,1.6521165057903393,Assembly,Assembly
1846,1.3194497070357836,0.7050428104922196,0.917813371379078,1.3194497070357836,Drilling,Drilling
1847,0.6780318793897845,0.6578549761644086,0.5851932555541024,0.6780318793897845,Drilling,No clear abnormal zone
1848,1.2558652076425392,0.6953013558392481,0.911201118868159,1.2558652076425392,Drilling,Drilling
1849,0.8728927007994403,0.6188754172103245,0.9068173295213185,0.9068173295213185,Assembly,No clear abnormal zone
1850,1.4686904866596735,1.4359746442413956,0.9161750014778038,1.4686904866596735,Drilling,Drilling
1851,1.3386114816712822,1.2459105445646397,1.6682624834110507,1.6682624834110507,Assembly,Assembly
1852,0.9160838659845862,0.9509396061172625,0.8987702699831721,0.9509396061172625,Milling,No clear abnormal zone
1853,1.015183873232608,0.7479739063284082,0.8761204530054503,1.015183873232608,Drilling,Drilling
1854,1.3465913371316742,0.651127473054372,0.9169871731469095,1.3465913371316742,Drilling,Drilling
1855,0.8338440320187708,0.8025566278453193,0.8305469543652566,0.8338440320187708,Drilling,No clear abnormal zone
1856,0.4367003520087143,1.0233823300163876,0.8679282095117847,1.0233823300163876,Milling,Milling
1857,1.2216972564843642,0.9382468467030598,0.9000624980406714,1.2216972564843642,Drilling,Drilling
1858,1.1827057385650563,1.088815750546595,1.4239286157015976,1.4239286157015976,Assembly,Assembly
1859,0.4381551675552525,1.411806207302436,0.8683978679323785,1.411806207302436,Milling,Milling
1860,1.3280845196074227,1.2322224513982292,1.662479999569311,1.662479999569311,Assembly,Assembly
1861,1.4784043882477356,0.6783146082603237,0.9168013947937845,1.4784043882477356,Drilling,Drilling
1862,0.7762722131507553,0.6752886429808209,0.7480170182762308,0.7762722131507553,Drilling,No clear abnormal zone
1863,1.3516786978567064,1.3208487669182845,0.9136463087022053,1.3516786978567064,Drilling,Drilling
1864,0.6467186267884747,0.6557766196299919,0.5082842381728012,0.6557766196299919,Milling,No clear abnormal zone
1865,1.2376882856665434,1.1417775422175165,1.5100856030072318,1.5100856030072318,Assembly,Assembly
1866,1.0854550708032171,0.9995010508933839,1.250228286726605,1.250228286726605,Assembly,Assembly
1867,1.2062269814027764,1.1137431495698285,1.4652248069681477,1.4652248069681477,Assembly,Assembly
1868,1.439443154165668,1.342684194068892,1.6684622038506898,1.6684622038506898,Assembly,Assembly
1869,1.064292925863795,0.7900952312804576,0.9020808148255459,1.064292925863795,Drilling,Drilling
1870,0.46105643088211457,0.9537916988509654,0.8317823068080492,0.9537916988509654,Milling,No clear abnormal zone
1871,1.472958191971193,1.6280090526960107,0.9150773601236052,1.6280090526960107,Milling,Milling
1872,0.836445307181591,1.4040965954599403,0.8964762242639954,1.4040965954599403,Milling,Milling
1873,0.2640291822371589,1.1582974150211585,0.5085014373938477,1.1582974150211585,Milling,Milling
1874,1.226127267981412,1.1321945779096183,1.4939428700813986,1.4939428700813986,Assembly,Assembly
1875,1.5237481010284446,0.8424371692161083,0.9176607180982725,1.5237481010284446,Drilling,Drilling
1876,1.1006765572121378,1.0131458410127636,1.2761113676789373,1.2761113676789373,Assembly,Assembly
1877,1.4092977971249314,0.6444445355632139,0.9139956214141831,1.4092977971249314,Drilling,Drilling
1878,1.1158996311923846,1.027676178443922,1.3112830245793652,1.3112830245793652,Assembly,Assembly
1879,0.31687949097694895,0.47744049263467436,0.7519921134716526,0.7519921134716526,Assembly,No clear abnormal zone
1880,0.28510669530468985,0.46372196906237695,0.6479599963624079,0.6479599963624079,Assembly,No clear abnormal zone
1881,0.8130251896653591,0.4368605459594243,0.7966250690597387,0.8130251896653591,Drilling,No clear abnormal zone
1882,0.46176651784758593,0.4485950733451052,0.38474656728311807,0.46176651784758593,Drilling,No clear abnormal zone
1883,0.6414104685506163,0.4083401675645133,0.489417785509207,0.6414104685506163,Drilling,No clear abnormal zone
1884,1.0255752454365958,0.9482908674748548,1.1503000279195352,1.1503000279195352,Assembly,Assembly
1885,0.3407086588329916,1.0785142216735661,0.6288996184535691,1.0785142216735661,Milling,Milling
1886,0.27729927924102904,0.4631794578841803,0.7415640447414238,0.7415640447414238,Assembly,No clear abnormal zone
1887,1.3412249940322185,1.2426628160373356,1.6684622038506898,1.6684622038506898,Assembly,Assembly
1888,0.8154455022915345,0.7739246531486075,0.7715125111020017,0.8154455022915345,Drilling,No clear abnormal zone
1889,0.29118222999044563,0.43109239535456323,0.8065039693244103,0.8065039693244103,Assembly,No clear abnormal zone
1890,1.1791924910499658,0.9261832491973636,0.9188025283368089,1.1791924910499658,Drilling,Drilling
1891,1.1072786731738071,1.018879164439631,1.2957567171599305,1.2957567171599305,Assembly,Assembly
1892,1.1130722938800375,1.0244089635454539,1.3000931546542465,1.3000931546542465,Assembly,Assembly
1893,0.37255585935772123,0.8098500342928409,0.7966774090209661,0.8098500342928409,Milling,No clear abnormal zone
1894,1.1643832922086106,1.0714815408201979,1.3883765062495041,1.3883765062495041,Assembly,Assembly
1895,0.3000476348366686,1.0834461928068673,0.6589817241147826,1.0834461928068673,Milling,Milling
1896,1.222101911504185,0.8545834262166112,0.8959431498808139,1.222101911504185,Drilling,Drilling
1897,1.1132352484524235,1.0228652099188087,1.3016744997718028,1.3016744997718028,Assembly,Assembly
1898,1.0108925874487862,0.9396215974593048,1.121641895717295,1.121641895717295,Assembly,Assembly
1899,0.3139060802518353,0.5014604822039606,0.8097877895559423,0.8097877895559423,Assembly,No clear abnormal zone
1900,0.20297867081135795,1.172702903818493,0.4299511234597341,1.172702903818493,Milling,Milling
1901,1.001148371821389,0.926429324181396,1.1133201195327636,1.1133201195327636,Assembly,Assembly
1902,0.8824798456166303,0.8376299307878508,0.9351799864645026,0.9351799864645026,Assembly,No clear abnormal zone
1903,1.1745750683348064,0.8350719410789144,0.9204037889444032,1.1745750683348064,Drilling,Drilling
1904,1.3757570091286788,0.6754867092927591,0.9084020181254602,1.3757570091286788,Drilling,Drilling
1905,1.2316988966594782,1.138098948372257,1.5035918979908978,1.5035918979908978,Assembly,Assembly
1906,0.7581778551547584,0.48493011524816004,0.8509678805850448,0.8509678805850448,Assembly,No clear abnormal zone
1907,0.49676500477637997,0.5813594911434259,0.8233709507348026,0.8233709507348026,Assembly,No clear abnormal zone
1908,1.3335027374220365,1.2383953007524582,1.6681587443851784,1.6681587443851784,Assembly,Assembly
1909,1.4350489535935291,1.3396767974526085,1.6684622038506898,1.6684622038506898,Assembly,Assembly
1910,1.2256148921952423,1.1294426692708162,1.4949274094130183,1.4949274094130183,Assembly,Assembly
1911,0.45313853095396084,2.1238538891010337,0.34646362924787566,2.1238538891010337,Milling,Milling
1912,0.856556632407083,0.8293886252747541,0.8627365567276293,0.8627365567276293,Assembly,No clear abnormal zone
1913,1.344762066247919,1.251656858905616,1.668458690713104,1.668458690713104,Assembly,Assembly
1914,1.2852604310996933,0.6336563803753428,0.9180884911160248,1.2852604310996933,Drilling,Drilling
1915,1.2222262406999944,1.1264244468927749,1.4830695954186033,1.4830695954186033,Assembly,Assembly
1916,0.31106855765337854,0.5216416588251422,0.7279663134336739,0.7279663134336739,Assembly,No clear abnormal zone
1917,0.20026156539395518,0.227486728837881,0.2639819673402956,0.2639819673402956,Assembly,No clear abnormal zone
1918,0.7555001440742364,0.7373011011223762,0.6871363451690389,0.7555001440742364,Drilling,No clear abnormal zone
1919,1.0457445061604558,0.8735791980551745,0.9037632959437724,1.0457445061604558,Drilling,Drilling
1920,0.9827743466753938,0.90548797063734,1.0718472292077856,1.0718472292077856,Assembly,Assembly
1921,1.1105064699509508,1.0189073114202012,1.2995132715459308,1.2995132715459308,Assembly,Assembly
1922,1.0661406478714888,0.7097680033837523,0.8534645890195498,1.0661406478714888,Drilling,Drilling
1923,0.23839010166517946,2.233062815440267,0.6881059076807434,2.233062815440267,Milling,Milling
1924,0.3156998796135495,0.2900803118404792,0.7594710227537402,0.7594710227537402,Assembly,No clear abnormal zone
1925,1.3039746772027905,0.6370932007633888,0.9169726005510855,1.3039746772027905,Drilling,Drilling
1926,0.4809615951323041,0.4246015872705809,0.8413685182013888,0.8413685182013888,Assembly,No clear abnormal zone
1927,1.3300482995091307,1.2306483856386623,1.6622777451072936,1.6622777451072936,Assembly,Assembly
1928,1.1492035523025868,0.7047067776543204,0.9191603382322926,1.1492035523025868,Drilling,Drilling
1929,0.980575146880821,0.9083243202178521,1.0658383884544493,1.0658383884544493,Assembly,Assembly
1930,1.3376436214562613,0.813950440202889,0.914633436415886,1.3376436214562613,Drilling,Drilling
1931,1.0908979303013162,1.001601248674374,1.2559417870491068,1.2559417870491068,Assembly,Assembly
1932,0.8118764295911576,0.8365357931871744,0.8708967100534252,0.8708967100534252,Assembly,No clear abnormal zone
1933,0.4653002851277317,0.5255829630224427,0.8611112371295601,0.8611112371295601,Assembly,No clear abnormal zone
1934,0.8746101824150165,0.8265162037674166,0.8612872639118674,0.8746101824150165,Drilling,No clear abnormal zone
1935,1.328424778501283,1.2339329217559425,1.6671434396281053,1.6671434396281053,Assembly,Assembly
1936,0.4549448549764095,0.3876557054153409,0.7669585580618702,0.7669585580618702,Assembly,No clear abnormal zone
1937,1.3340244677259556,1.2375400655736017,1.6684622038506898,1.6684622038506898,Assembly,Assembly
1938,1.134233942337091,1.2641107639152023,0.9171594624704307,1.2641107639152023,Milling,Milling
1939,1.0121754244285954,0.9320370687718742,1.1263997290344712,1.1263997290344712,Assembly,Assembly
1940,1.2996011488209818,0.8610810484235707,0.9099550458024823,1.2996011488209818,Drilling,Drilling
1941,1.3041612115433878,0.6077542903918344,0.9165376074733445,1.3041612115433878,Drilling,Drilling
1942,1.3888604932321176,0.6983698109447857,0.9111640191394205,1.3888604932321176,Drilling,Drilling
1943,0.6988552670687512,0.6439199732197078,0.6061119536310001,0.6988552670687512,Drilling,No clear abnormal zone
1944,1.031532618866477,1.6383167518639548,0.8840275812924296,1.6383167518639548,Milling,Milling
1945,1.2619960141711362,1.1667980427918663,1.5517622067255599,1.5517622067255599,Assembly,Assembly
1946,0.7944661262610411,0.6314835150766538,0.7151807363685722,0.7944661262610411,Drilling,No clear abnormal zone
1947,0.7652530824543426,0.7572443194323744,0.7005647881431856,0.7652530824543426,Drilling,No clear abnormal zone
1948,1.0056620543974037,0.7445798279484837,0.9144222870962605,1.0056620543974037,Drilling,Drilling
1949,0.8033893119465959,0.5403385290763175,0.899585664169348,0.899585664169348,Assembly,No clear abnormal zone
1950,0.60957590068715,0.6378188460263525,0.41951677191026604,0.6378188460263525,Milling,No clear abnormal zone
1951,0.5720547860023297,0.40824181947204236,0.3677528535143274,0.5720547860023297,Drilling,No clear abnormal zone
1952,1.0916364818332691,0.5727304854009152,0.8943203695330495,1.0916364818332691,Drilling,Drilling
1953,1.3258096458598996,1.230678697771584,1.6579240456434317,1.6579240456434317,Assembly,Assembly
1954,1.4623600500387561,1.2614551427749028,0.9175808150312736,1.4623600500387561,Drilling,Drilling
1955,1.464482639556291,0.9505326335023105,0.9174979236118963,1.464482639556291,Drilling,Drilling
1956,0.5393546540698069,0.5108496506456175,0.40913434408818816,0.5393546540698069,Drilling,No clear abnormal zone
1957,0.967737535689301,0.8966021853866363,1.0585394669308796,1.0585394669308796,Assembly,Assembly
1958,0.5785320419445782,0.5584310697880477,0.39785380922615077,0.5785320419445782,Drilling,No clear abnormal zone
1959,0.502216882430969,0.3440366617959747,0.4365910622150483,0.502216882430969,Drilling,No clear abnormal zone
1960,1.1551431693364775,0.6612370444916388,0.9148965636905706,1.1551431693364775,Drilling,Drilling
1961,0.485180283591048,2.015567247870637,0.35701132936517316,2.015567247870637,Milling,Milling
1962,1.2191135852115873,0.5721798082317529,0.8889047097317007,1.2191135852115873,Drilling,Drilling
1963,0.2806860867130206,0.5835558462093613,0.4802430914759921,0.5835558462093613,Milling,No clear abnormal zone
1964,0.2717380983265785,0.3450054878707836,0.37849106345919037,0.37849106345919037,Assembly,No clear abnormal zone
1965,1.3965738764176678,0.8957720096584183,0.9196403579810236,1.3965738764176678,Drilling,Drilling
1966,0.3824516259000551,0.4057155916897558,0.4198715898186791,0.4198715898186791,Assembly,No clear abnormal zone
1967,1.3364451667137047,1.2399780271214311,1.6681942689349114,1.6681942689349114,Assembly,Assembly
1968,1.3479100000015585,1.2516265467726946,1.6664755210307032,1.6664755210307032,Assembly,Assembly
1969,1.120819520001897,1.032443843922004,1.3058681151926217,1.3058681151926217,Assembly,Assembly
1970,0.3135858920585797,0.46566372948991985,0.6765401159622244,0.6765401159622244,Assembly,No clear abnormal zone
1971,1.3798392415109546,0.8208344793773548,0.9170881383938211,1.3798392415109546,Drilling,Drilling
1972,1.074037355575843,0.8274200490416538,0.887048833597395,1.074037355575843,Drilling,Drilling
1973,0.330499527889,0.4246845188837588,0.7505416805325299,0.7505416805325299,Assembly,No clear abnormal zone
1974,0.29210143383721004,0.5021743373419552,0.5937112580301409,0.5937112580301409,Assembly,No clear abnormal zone
1975,1.4754841123492555,0.7164859483879749,0.9090260790146774,1.4754841123492555,Drilling,Drilling
1976,1.0012320711146743,0.9116586548392176,1.0930413809058694,1.0930413809058694,Assembly,Assembly
1977,0.613159237912612,0.5336682395416571,0.4092964577941312,0.613159237912612,Drilling,No clear abnormal zone
1978,1.2917266840535353,2.0731080549454246,0.890776148929437,2.0731080549454246,Milling,Milling
1979,1.0771751089666473,0.7452398342381199,0.917088098117912,1.0771751089666473,Drilling,Drilling
1980,0.3514983811056476,0.6005245958305374,0.802856190132847,0.802856190132847,Assembly,No clear abnormal zone
1981,0.27420362884421456,0.28746822078807843,0.8201847218005391,0.8201847218005391,Assembly,No clear abnormal zone
1982,0.2712575858925149,0.4485723464681081,0.44541634385932455,0.4485723464681081,Milling,No clear abnormal zone
1983,0.5672222389350369,0.4544803785469,0.4146900650213017,0.5672222389350369,Drilling,No clear abnormal zone
1984,0.9923052360018156,0.9160604095698902,1.0827089795241562,1.0827089795241562,Assembly,Assembly
1985,0.5284022373225887,0.5843504087051714,0.4120710168620707,0.5843504087051714,Milling,No clear abnormal zone
1986,0.9225849197266357,0.8549230026195687,0.9769103098183398,0.9769103098183398,Assembly,No clear abnormal zone
1987,0.991280412961643,0.5591521605676877,0.9019638787204161,0.991280412961643,Drilling,No clear abnormal zone
1988,0.7696724162690817,0.89039912009203,0.8923563077471615,0.8923563077471615,Assembly,No clear abnormal zone
1989,0.6838891793443055,0.668724230692177,0.5645939249493471,0.6838891793443055,Drilling,No clear abnormal zone
1990,1.4566755094025698,0.5852432518560644,0.9169972774589497,1.4566755094025698,Drilling,Drilling
1991,0.3672702835544486,0.5969567325759236,0.7476295076245001,0.7476295076245001,Assembly,No clear abnormal zone
1992,1.099254586157973,1.0108334583013234,1.283010120922371,1.283010120922371,Assembly,Assembly
1993,1.218833810463948,1.1228909182550681,1.4800953387815263,1.4800953387815263,Assembly,Assembly
1994,1.3237283724136695,1.2264912931237135,1.6517589281554916,1.6517589281554916,Assembly,Assembly
1995,1.4089943898138406,0.6215929151985071,0.9190760860963639,1.4089943898138406,Drilling,Drilling
1996,0.8338033161345821,0.7928610756151413,0.8007299604709837,0.8338033161345821,Drilling,No clear abnormal zone
1997,0.3187699845674011,0.3268681504233997,0.35027995194813055,0.35027995194813055,Assembly,No clear abnormal zone
1998,1.0915362609385777,1.0067153385287018,1.2542420623436947,1.2542420623436947,Assembly,Assembly
1999,1.0146348106728007,0.9307184909897889,1.119515949264686,1.119515949264686,Assembly,Assembly
2000,0.6416645154194316,0.6696595765080406,0.451709028336559,0.6696595765080406,Milling,No clear abnormal zone
2001,1.237187899947086,1.1429034214403153,1.516842150232805,1.516842150232805,Assembly,Assembly
2002,0.6773958544553262,0.6853872431895981,0.5484574222465084,0.6853872431895981,Milling,No clear abnormal zone
2003,1.3521537856469226,1.2571043822220807,1.6684622038506898,1.6684622038506898,Assembly,Assembly
2004,0.8542440092770359,0.8125617968617671,0.8692472021965021,0.8692472021965021,Assembly,No clear abnormal zone
2005,0.26447690322591544,0.1975902353419392,0.3485885774929942,0.3485885774929942,Assembly,No clear abnormal zone
2006,0.2579923264145803,0.23010641996886,0.5583677493382375,0.5583677493382375,Assembly,No clear abnormal zone
2007,1.423913891677506,0.7463314362008764,0.9132411404781937,1.423913891677506,Drilling,Drilling
2008,0.22775574126389264,0.8463554974745559,0.39309337051173526,0.8463554974745559,Milling,No clear abnormal zone
2009,1.013652956092606,0.9411112222771616,1.1160261355403756,1.1160261355403756,Assembly,Assembly
2010,0.7285600098565923,0.400045248836337,0.6439278924854963,0.7285600098565923,Drilling,No clear abnormal zone
2011,1.31437856730664,1.2187920113616515,1.6423795970776598,1.6423795970776598,Assembly,Assembly
2012,0.5048411046760681,1.5050299212138425,0.8707726852687028,1.5050299212138425,Milling,Milling
2013,1.1237333255102135,1.0317423345601062,1.3153874600699047,1.3153874600699047,Assembly,Assembly
2014,1.4955753742312605,0.6610349737771052,0.9138053970623454,1.4955753742312605,Drilling,Drilling
2015,1.2449353263180263,0.8542642233103905,0.9145016932981429,1.2449353263180263,Drilling,Drilling
2016,1.2524535865888842,0.911730592460734,0.9189716642282184,1.2524535865888842,Drilling,Drilling
2017,0.34668690803847807,0.5113284804972689,0.29657627319540425,0.5113284804972689,Milling,No clear abnormal zone
2018,1.20900056339612,0.7362139846744129,0.918673149312839,1.20900056339612,Drilling,Drilling
2019,0.6091902040880482,0.5875458763213703,0.8341740193391118,0.8341740193391118,Assembly,No clear abnormal zone
2020,1.468262401944029,1.0283717926794855,0.915210855501187,1.468262401944029,Drilling,Drilling
2021,0.33957827554254744,0.4540255583615174,0.3888776337485923,0.4540255583615174,Milling,No clear abnormal zone
2022,0.23760322464202407,0.16371531564248507,0.3963909099033064,0.3963909099033064,Assembly,No clear abnormal zone
2023,0.3243483630843466,0.3305830724784555,0.6148738861334591,0.6148738861334591,Assembly,No clear abnormal zone
2024,1.516508667910563,0.6562944143831703,0.9222794476223957,1.516508667910563,Drilling,Drilling
2025,0.2679365188722356,0.3416218039745177,0.6649066915487466,0.6649066915487466,Assembly,No clear abnormal zone
2026,0.27201474329086534,0.39472190015652603,0.40842645591048243,0.40842645591048243,Assembly,No clear abnormal zone
2027,1.4446701709118237,0.700248728962508,0.9142068396508183,1.4446701709118237,Drilling,Drilling
2028,1.4794356512415903,1.1196549631474753,0.9156939517448177,1.4794356512415903,Drilling,Drilling
2029,0.8528149254419785,0.8111327963097534,0.8201778589653645,0.8528149254419785,Drilling,No clear abnormal zone
2030,1.1517088515688716,1.316946070896487,0.9169785449667713,1.316946070896487,Milling,Milling
2031,1.1043383377485392,1.0166122499275727,1.2842455242630348,1.2842455242630348,Assembly,Assembly
2032,0.3501753177374798,0.474339017723628,0.33598675645081555,0.474339017723628,Milling,No clear abnormal zone
2033,1.4865136653221676,0.900796562730458,0.9159668291443706,1.4865136653221676,Drilling,Drilling
2034,0.40536886676297856,0.6346929237082422,0.850028567847102,0.850028567847102,Assembly,No clear abnormal zone
2035,0.6647963021455361,1.0416580072764283,0.5285303137997484,1.0416580072764283,Milling,Milling
2036,0.31909332790015554,1.7109377941214092,0.8057673564235112,1.7109377941214092,Milling,Milling
2037,0.5684191980887806,0.5598796214927757,0.43353642955950816,0.5684191980887806,Drilling,No clear abnormal zone
2038,1.4477979606395281,1.0128874059200448,0.913996749782799,1.4477979606395281,Drilling,Drilling
2039,0.3244641280836535,1.8700516899645205,0.795320512258711,1.8700516899645205,Milling,Milling
2040,0.2949139271161803,0.4003086042180577,0.4573676947070081,0.4573676947070081,Assembly,No clear abnormal zone
2041,1.1429988933889317,1.0521943636727151,1.3517778548510022,1.3517778548510022,Assembly,Assembly
2042,0.969322245928707,0.7839458367021973,0.9095468056025411,0.969322245928707,Drilling,No clear abnormal zone
2043,1.319088722565935,1.2224532839880988,1.6501670720688266,1.6501670720688266,Assembly,Assembly
2044,1.3323717816700626,1.237490267069516,1.6684622038506898,1.6684622038506898,Assembly,Assembly
2045,0.5149081392333839,0.4163259772071445,0.41299175333703336,0.5149081392333839,Drilling,No clear abnormal zone
2046,1.423364001021211,0.6014180255868949,0.910749796212411,1.423364001021211,Drilling,Drilling
2047,1.3338381354745559,1.2385706780929326,1.6675408358140884,1.6675408358140884,Assembly,Assembly
2048,0.5320613883245747,0.3425846742032286,0.34721435848723803,0.5320613883245747,Drilling,No clear abnormal zone
2049,1.4015387829728447,0.9220954415576638,0.9123692540295789,1.4015387829728447,Drilling,Drilling
2050,1.1320085828131135,1.0442547499996326,1.3280946957970532,1.3280946957970532,Assembly,Assembly
2051,1.5442801219358684,0.7305196339898734,0.9180085625391696,1.5442801219358684,Drilling,Drilling
2052,1.4529862902645887,0.5544791390841989,0.8801610309894867,1.4529862902645887,Drilling,Drilling
2053,1.3916828131067178,0.8745390024003037,0.9086613670666556,1.3916828131067178,Drilling,Drilling
2054,0.8150423256314376,0.7668142928261633,0.7863249667679266,0.8150423256314376,Drilling,No clear abnormal zone
2055,0.6915049987585309,0.6088682700255075,0.5544967810464068,0.6915049987585309,Drilling,No clear abnormal zone
2056,1.4203113153327083,1.9669038308360265,0.9169177013008181,1.9669038308360265,Milling,Milling
2057,1.290086905584828,1.1517596854095125,0.9121961042025526,1.290086905584828,Drilling,Drilling
2058,0.26014390748696903,0.4359546814558416,0.7982492771487584,0.7982492771487584,Assembly,No clear abnormal zone
2059,1.4047480945035087,0.7209713121195996,0.911057757859093,1.4047480945035087,Drilling,Drilling
2060,0.8778097402304916,0.6054048567956312,0.8543345908804163,0.8778097402304916,Drilling,No clear abnormal zone
2061,0.3181244220299604,0.6301065059792751,0.8394638909368979,0.8394638909368979,Assembly,No clear abnormal zone
2062,1.3904041215585656,0.6363608975790009,0.8900308156389949,1.3904041215585656,Drilling,Drilling
2063,1.4504250006100414,0.7325723643461741,0.9173571908265158,1.4504250006100414,Drilling,Drilling
2064,1.1165873521757914,1.028682974287386,1.3026799512897904,1.3026799512897904,Assembly,Assembly
2065,0.711946801792951,0.7096347843744496,0.5847890856627749,0.711946801792951,Drilling,No clear abnormal zone
2066,0.7599862756855698,0.630541899673355,0.8674417318222706,0.8674417318222706,Assembly,No clear abnormal zone
2067,0.3097422404668362,0.6658648713159079,0.7250371491591276,0.7250371491591276,Assembly,No clear abnormal zone
2068,0.510864218388643,0.2819846185874451,0.42126154641023345,0.510864218388643,Drilling,No clear abnormal zone
2069,1.4229532741716313,1.369248450979902,0.915048626822542,1.4229532741716313,Drilling,Drilling
2070,0.589201306588568,0.3943504721409678,0.42221014516659366,0.589201306588568,Drilling,No clear abnormal zone
2071,0.7771821537282056,1.559114670318399,0.9107569015806228,1.559114670318399,Milling,Milling
2072,0.7897177751876421,0.5243353510550058,0.9087966149900688,0.9087966149900688,Assembly,No clear abnormal zone
2073,0.4107994678954212,1.4967539493536026,0.8087441772756996,1.4967539493536026,Milling,Milling
2074,0.5175606798686494,2.1609884170822276,0.35604310541997786,2.1609884170822276,Milling,Milling
2075,1.1343457269842157,1.04270017061123,1.3332527504018912,1.3332527504018912,Assembly,Assembly
2076,0.4381510580662027,0.5462307364040289,0.3456681285850679,0.5462307364040289,Milling,No clear abnormal zone
2077,1.1012543349079231,1.0131458410127636,1.2849175397439707,1.2849175397439707,Assembly,Assembly
2078,0.5254522887607944,0.8735861618112366,0.8149392539351327,0.8735861618112366,Milling,No clear abnormal zone
2079,1.2151347696502688,1.1201628262921328,1.4777052465509914,1.4777052465509914,Assembly,Assembly
2080,1.1140614120719998,1.026177893016659,1.2952858961540894,1.2952858961540894,Assembly,Assembly
2081,1.1210284489866802,1.0292177669182152,1.3010006903363913,1.3010006903363913,Assembly,Assembly
2082,1.092431049764537,1.0115631146437911,1.2691309822359313,1.2691309822359313,Assembly,Assembly
2083,0.2980355743864463,0.33876201439927167,0.7317182671959099,0.7317182671959099,Assembly,No clear abnormal zone
2084,0.7728319114471329,0.6074686581657148,0.8799289666338722,0.8799289666338722,Assembly,No clear abnormal zone
2085,0.28865952199173484,0.4253186618031832,0.6875548148905547,0.6875548148905547,Assembly,No clear abnormal zone
2086,0.2692995617900705,0.09441667319822064,0.41898634295431814,0.41898634295431814,Assembly,No clear abnormal zone
2087,0.3908720536678966,0.43879205304023416,0.8154345962063374,0.8154345962063374,Assembly,No clear abnormal zone
2088,0.5716372913263097,0.7373144445527191,0.8687210612438325,0.8687210612438325,Assembly,No clear abnormal zone
2089,0.5429250196918501,1.6312848714217614,0.8768290656690416,1.6312848714217614,Milling,Milling
2090,1.0138972945391327,0.9315953776921609,1.1180666276325946,1.1180666276325946,Assembly,Assembly
2091,1.2364808921345276,0.6740728648072062,0.9066797879524561,1.2364808921345276,Drilling,Drilling
2092,1.3201629685022653,1.2225918537385971,1.6460581215748185,1.6460581215748185,Assembly,Assembly
2093,0.2635365759836178,0.9866745767085296,0.728594085160412,0.9866745767085296,Milling,No clear abnormal zone
2094,1.0999256386878056,0.7497108738440417,0.9125410246783332,1.0999256386878056,Drilling,Drilling
2095,0.8847991598262621,0.8322105544519562,0.9148138069214102,0.9148138069214102,Assembly,No clear abnormal zone
2096,1.3407263763678372,0.7029217521225934,0.9019122599089793,1.3407263763678372,Drilling,Drilling
2097,0.2393441412784276,0.4512051455312534,0.7603238716311058,0.7603238716311058,Assembly,No clear abnormal zone
2098,0.25778947304478195,0.4270304388425668,0.3394786264015327,0.4270304388425668,Milling,No clear abnormal zone
2099,1.136570968696227,1.05050987514322,1.3444571430518764,1.3444571430518764,Assembly,Assembly
2100,0.6660423614270002,0.6620598917541494,0.5370405449749186,0.6660423614270002,Drilling,No clear abnormal zone
2101,0.40028225972917214,1.4724812378027592,0.8405893918111553,1.4724812378027592,Milling,Milling
2102,0.9721420494257311,0.9000447776255787,1.0436833153264504,1.0436833153264504,Assembly,Assembly
2103,0.5861891029639417,0.43032589025887097,0.8896675450541642,0.8896675450541642,Assembly,No clear abnormal zone
2104,0.7055352392777081,0.7121182141216613,0.6215556720861974,0.7121182141216613,Milling,No clear abnormal zone
2105,0.9553056330310554,0.8846808565390794,1.0264446469012052,1.0264446469012052,Assembly,Assembly
2106,1.212221581431605,1.1162179187076342,1.4673782524209382,1.4673782524209382,Assembly,Assembly
2107,0.7582394550899201,0.9241255941625179,0.8695364004887884,0.9241255941625179,Milling,No clear abnormal zone
2108,0.21058139574775744,0.11762960333120256,0.392021983631169,0.392021983631169,Assembly,No clear abnormal zone
2109,0.7814935149205522,0.7007422035498048,0.7223733979818733,0.7814935149205522,Drilling,No clear abnormal zone
2110,0.33390554541984596,0.47502104071436185,0.437054182241408,0.47502104071436185,Milling,No clear abnormal zone
2111,1.3285641226197211,1.234047674830574,1.6667409599435823,1.6667409599435823,Assembly,Assembly
2112,0.6868130888098365,0.7001622428364797,0.5589532488543429,0.7001622428364797,Milling,No clear abnormal zone
2113,0.3353238447272363,0.8479782933480483,0.7641147209547694,0.8479782933480483,Milling,No clear abnormal zone
2114,1.4471573093736154,1.351797320316507,1.6684622038506898,1.6684622038506898,Assembly,Assembly
2115,1.2145853143413488,1.1209920796427713,1.4692947589083676,1.4692947589083676,Assembly,Assembly
2116,0.9253701061016077,0.7722042154998178,0.9059110247801757,0.9253701061016077,Drilling,No clear abnormal zone
2117,0.3797170127247629,0.6107875191252734,0.8165204080348017,0.8165204080348017,Assembly,No clear abnormal zone
2118,1.4170130581140095,0.6281070948983561,0.9150341940282748,1.4170130581140095,Drilling,Drilling
2119,0.8394078522051744,0.5968208853352508,0.8945643072117524,0.8945643072117524,Assembly,No clear abnormal zone
2120,0.3147931800950926,0.08560086400149472,0.5759855090023998,0.5759855090023998,Assembly,No clear abnormal zone
2121,0.36473172310334284,0.44774371097559074,0.35712621405886186,0.44774371097559074,Milling,No clear abnormal zone
2122,1.4118509127128334,0.5862107239415781,0.9043711666771521,1.4118509127128334,Drilling,Drilling
2123,1.2192984939415243,1.1259589391371947,1.4843874190037094,1.4843874190037094,Assembly,Assembly
2124,1.1402261631022548,0.8292535140172654,0.8930978237786403,1.1402261631022548,Drilling,Drilling
2125,0.4410215783563661,0.37898151604884023,0.29140023726959635,0.4410215783563661,Drilling,No clear abnormal zone
2126,0.4646545316212314,0.5423203992017473,0.416055743090766,0.5423203992017473,Milling,No clear abnormal zone
2127,1.1517965004478068,0.6129352194624551,0.9123468394493524,1.1517965004478068,Drilling,Drilling
2128,0.5818313545457519,0.462525667388213,0.8445644362832054,0.8445644362832054,Assembly,No clear abnormal zone
2129,1.406034068272953,0.7209065234760981,0.9176805572632443,1.406034068272953,Drilling,Drilling
2130,1.196385029481375,0.8317023750446941,0.9102417365242176,1.196385029481375,Drilling,Drilling
2131,1.28744559955244,0.8584540855807428,0.9023680209799596,1.28744559955244,Drilling,Drilling
2132,0.44911353744815674,0.5410537850760988,0.3123832291052275,0.5410537850760988,Milling,No clear abnormal zone
2133,0.5736846597033874,0.6706356955989521,0.8774599178651412,0.8774599178651412,Assembly,No clear abnormal zone
2134,0.48491981751521207,0.47305476309297323,0.4289287865451051,0.48491981751521207,Drilling,No clear abnormal zone
2135,1.220040978843645,1.1233867381435698,1.487529143134596,1.487529143134596,Assembly,Assembly
2136,0.5896192123671529,0.24306477643028745,0.394085235819747,0.5896192123671529,Drilling,No clear abnormal zone
2137,1.3720012177806493,0.6632923700662972,0.8915988893601459,1.3720012177806493,Drilling,Drilling
2138,0.4583337592262706,0.18571900691930165,0.33354116104686515,0.4583337592262706,Drilling,No clear abnormal zone
2139,1.4609543091316377,0.6392430053812233,0.8959471134086499,1.4609543091316377,Drilling,Drilling
2140,1.362578224234923,0.6311262949479878,0.9180617466449132,1.362578224234923,Drilling,Drilling
2141,1.325091861621899,1.23016555666427,1.657161277497363,1.657161277497363,Assembly,Assembly
2142,0.3097227812332557,0.29025710993109777,0.6345443603688823,0.6345443603688823,Assembly,No clear abnormal zone
2143,1.3080515426527675,0.6713339470825131,0.8989993505914966,1.3080515426527675,Drilling,Drilling
2144,0.35364937465668184,0.5225541405750419,0.8400768281143358,0.8400768281143358,Assembly,No clear abnormal zone
2145,1.3394033261893346,1.3690924456462212,0.8995599551130876,1.3690924456462212,Milling,Milling
2146,1.5609154606083067,0.6905799863353164,0.9193053232624464,1.5609154606083067,Drilling,Drilling
2147,0.876147418540606,0.8309612615451198,0.8869175648460134,0.8869175648460134,Assembly,No clear abnormal zone
2148,1.2646162553284799,0.867797481473454,0.9024176760137206,1.2646162553284799,Drilling,Drilling
2149,1.1417471151836243,0.6599114750630212,0.8820419103237739,1.1417471151836243,Drilling,Drilling
2150,1.3717421204587448,0.8102481074686566,0.9181744195356085,1.3717421204587448,Drilling,Drilling
2151,1.3559530857732545,0.9636375883295225,0.9178139035387427,1.3559530857732545,Drilling,Drilling
2152,0.7762253290550603,0.5400763305896059,0.8611085222178412,0.8611085222178412,Assembly,No clear abnormal zone
2153,0.8684587165671105,0.8286358879195702,0.8972257495104176,0.8972257495104176,Assembly,No clear abnormal zone
2154,0.26036982102442163,0.24408714865855896,0.46311206054990633,0.46311206054990633,Assembly,No clear abnormal zone
2155,0.38113730989374117,1.1358158418917759,0.7687412882661795,1.1358158418917759,Milling,Milling
2156,0.9781283307262211,0.9080233640409887,1.0628049826707282,1.0628049826707282,Assembly,Assembly
2157,0.786724125669817,0.6047245439236965,0.654151359591979,0.786724125669817,Drilling,No clear abnormal zone
2158,1.400045728018001,0.8363812692763632,0.9169912417288446,1.400045728018001,Drilling,Drilling
2159,0.28598118887037066,0.4018805868046323,0.6459749395264911,0.6459749395264911,Assembly,No clear abnormal zone
2160,0.2341553155402803,0.2983844400420347,0.39409558465629946,0.39409558465629946,Assembly,No clear abnormal zone
2161,0.3607957100123936,0.6451462091778661,0.8217996036820066,0.8217996036820066,Assembly,No clear abnormal zone
2162,0.6647980894915622,0.6466050342688856,0.46197625966573125,0.6647980894915622,Drilling,No clear abnormal zone
2163,0.43588116513194575,0.11380251415456696,0.2911343290453716,0.43588116513194575,Drilling,No clear abnormal zone
2164,0.9896405359557365,1.4210843808100917,0.8948899731820106,1.4210843808100917,Milling,Milling
2165,1.1101753198999469,1.020834297013068,1.3020023556116755,1.3020023556116755,Assembly,Assembly
2166,0.259728806641005,0.6164234820721629,0.7261088083632836,0.7261088083632836,Assembly,No clear abnormal zone
2167,1.3215175229559188,1.226521605256635,1.6534645346975312,1.6534645346975312,Assembly,Assembly
2168,1.2879564521337958,0.7894476708435039,0.9176288646087777,1.2879564521337958,Drilling,Drilling
2169,1.0844172757789807,0.6811528271632592,0.886018179395141,1.0844172757789807,Drilling,Drilling
2170,1.188951844910663,0.9121905466545446,0.9160622510873098,1.188951844910663,Drilling,Drilling
2171,1.330432305975059,1.2349007448570792,1.6680042137035371,1.6680042137035371,Assembly,Assembly
2172,0.5680979005656834,0.6359818520504777,0.8300330482380566,0.8300330482380566,Assembly,No clear abnormal zone
2173,1.1048825380640621,1.5709719968731688,0.9065762419466319,1.5709719968731688,Milling,Milling
2174,0.8744431301887814,0.821638115519406,0.8756566882750203,0.8756566882750203,Assembly,No clear abnormal zone
2175,1.1600407176652086,0.6004487858511469,0.8998342662098264,1.1600407176652086,Drilling,Drilling
2176,0.8939232682004843,0.8419797218620866,0.9246647586103341,0.9246647586103341,Assembly,No clear abnormal zone
2177,0.36101518204968086,0.40792696846300297,0.3146443669948212,0.40792696846300297,Milling,No clear abnormal zone
2178,1.4105177599766767,1.295586798695898,0.9168333422317456,1.4105177599766767,Drilling,Drilling
2179,1.4063681898461535,1.1478385945008807,0.9110071723183145,1.4063681898461535,Drilling,Drilling
2180,1.1569971894579523,1.7858703565083793,0.9022990301810618,1.7858703565083793,Milling,Milling
2181,0.5061982480581066,2.0588637543128425,0.3111385390419341,2.0588637543128425,Milling,Milling
2182,0.868754505953798,1.1980734848188475,0.8858936507985391,1.1980734848188475,Milling,Milling
2183,0.7914798940101339,1.1143687455912588,0.879978858202175,1.1143687455912588,Milling,Milling
2184,0.32546511446871196,0.17841260069582845,0.32647119801741314,0.32647119801741314,Assembly,No clear abnormal zone
2185,1.3113181543442256,1.8746158283478604,0.9074554338221832,1.8746158283478604,Milling,Milling
2186,0.39258304029149765,0.4006001048011731,0.3445402563040239,0.4006001048011731,Milling,No clear abnormal zone
2187,0.6941313453202891,0.46005032643528454,0.6428331716041317,0.6941313453202891,Drilling,No clear abnormal zone
2188,1.1663009827245188,1.2776648032668994,0.8937527341985387,1.2776648032668994,Milling,Milling
2189,0.48277358033524465,0.6059617393975217,0.8435188219061167,0.8435188219061167,Assembly,No clear abnormal zone
2190,1.3938073651928433,0.8978173130947444,0.9178702153685594,1.3938073651928433,Drilling,Drilling
2191,1.194873553194808,1.1941907580346078,0.9160974765208525,1.194873553194808,Drilling,Drilling
2192,0.9664547155103604,0.7327792425758769,0.8853939187598054,0.9664547155103604,Drilling,No clear abnormal zone
2193,0.890405416145204,0.9137849009144148,0.9012149480702036,0.9137849009144148,Milling,No clear abnormal zone
2194,0.5418659415428292,0.2575758290966456,0.3864772224212784,0.5418659415428292,Drilling,No clear abnormal zone
2195,1.0151661087101538,0.937348187490192,1.1348790940571956,1.1348790940571956,Assembly,Assembly
2196,0.532867541210087,1.2828201897719276,0.831329316076814,1.2828201897719276,Milling,Milling
2197,1.4426739933768942,1.3484110220387047,1.6684622038506898,1.6684622038506898,Assembly,Assembly
2198,1.090789420924722,1.0003476254628345,1.2524590865544571,1.2524590865544571,Assembly,Assembly
2199,0.9949314860109859,0.9213736934405595,1.0899311585593128,1.0899311585593128,Assembly,Assembly
2200,0.2599240234686596,0.10811206870179552,0.35210471266052285,0.35210471266052285,Assembly,No clear abnormal zone
2201,0.42420510978044607,0.4088580322373653,0.3874011452528444,0.42420510978044607,Drilling,No clear abnormal zone
2202,1.4366206256270744,1.3393909973422058,1.6684622038506898,1.6684622038506898,Assembly,Assembly
2203,1.1134891365872206,1.0319328679670416,1.3058829301756092,1.3058829301756092,Assembly,Assembly
2204,0.29050961065217373,1.9553054551317837,0.6172404394919622,1.9553054551317837,Milling,Milling
2205,1.423423126017704,0.868667913708469,0.9199259938785724,1.423423126017704,Drilling,Drilling
2206,1.5149796719911617,2.362955933530813,0.9149855515732972,2.362955933530813,Milling,Milling
2207,0.6457773842692028,1.3578588253119102,0.9037822274888583,1.3578588253119102,Milling,Milling
2208,0.4709440259815798,0.6883185789493969,0.8260553236095676,0.8260553236095676,Assembly,No clear abnormal zone
2209,1.3424920533417366,1.246477814480742,1.6683724169128966,1.6683724169128966,Assembly,Assembly
2210,1.4687360634411832,0.7771237278876854,0.9116949364314446,1.4687360634411832,Drilling,Drilling
2211,0.26509131401972097,0.1407816310106092,0.4868687406882892,0.4868687406882892,Assembly,No clear abnormal zone
2212,0.7937590948577792,0.72636245132553,0.7744436714177436,0.7937590948577792,Drilling,No clear abnormal zone
2213,0.9790853465932093,0.9053450705821386,1.0607326680872915,1.0607326680872915,Assembly,Assembly
2214,1.433305202422178,1.4105311468900514,0.9161542877877672,1.433305202422178,Drilling,Drilling
2215,0.37482281565791153,0.35184534795071876,0.21311551634820655,0.37482281565791153,Drilling,No clear abnormal zone
2216,1.0916641555126942,1.018192811144194,1.2665467156422379,1.2665467156422379,Assembly,Assembly
2217,1.224187778447317,2.2150546129217714,0.9092210875421243,2.2150546129217714,Milling,Milling
2218,0.34154006863017095,0.8775386531629487,0.7069446087740778,0.8775386531629487,Milling,No clear abnormal zone
2219,0.6767076270757546,0.6754924969430787,0.5106107172078812,0.6767076270757546,Drilling,No clear abnormal zone
2220,1.4333719633309319,1.338563909143919,1.6684622038506898,1.6684622038506898,Assembly,Assembly
2221,1.3534856561743185,1.259496875570528,1.6680103490188525,1.6680103490188525,Assembly,Assembly
2222,0.792894409293365,0.7549276064162307,0.7228101393432618,0.792894409293365,Drilling,No clear abnormal zone
2223,1.3315584008856918,1.234827129677127,1.6684622038506898,1.6684622038506898,Assembly,Assembly
2224,0.1895873135796855,0.6357321548221371,0.7003438507163934,0.7003438507163934,Assembly,No clear abnormal zone
2225,0.6739564835801344,1.7130358186590153,0.8914283291380674,1.7130358186590153,Milling,Milling
2226,0.21159762158357384,0.233988878090995,0.390993254834206,0.390993254834206,Assembly,No clear abnormal zone
2227,1.5238049746019247,0.7289434030779551,0.9096187939056357,1.5238049746019247,Drilling,Drilling
2228,0.5207608248326381,1.188513546468145,0.8512330362815229,1.188513546468145,Milling,Milling
2229,0.3415661136004528,0.8774772616573554,0.7122462885935488,0.8774772616573554,Milling,No clear abnormal zone
2230,0.2885759001371426,0.1020729390015862,0.29063272245096944,0.29063272245096944,Assembly,No clear abnormal zone
2231,0.25781749488659705,0.9109420970970636,0.6816496330534008,0.9109420970970636,Milling,No clear abnormal zone
2232,1.3137888463535292,0.6400529640279385,0.9207471534375853,1.3137888463535292,Drilling,Drilling
2233,0.5388815372678086,0.1843738232890051,0.34835514041540055,0.5388815372678086,Drilling,No clear abnormal zone
2234,0.7059829136802884,0.6209333294608471,0.8936751945654374,0.8936751945654374,Assembly,No clear abnormal zone
2235,1.3363933177394023,1.2414243488922572,1.6684622038506898,1.6684622038506898,Assembly,Assembly
2236,0.6749484352954791,0.6550383026781181,0.5576954215008025,0.6749484352954791,Drilling,No clear abnormal zone
2237,0.37143540863104574,0.27354323952109616,0.44033112711602157,0.44033112711602157,Assembly,No clear abnormal zone
2238,0.24259019071809645,0.2269264940367392,0.6877334444824963,0.6877334444824963,Assembly,No clear abnormal zone
2239,0.1814770158532557,0.5216591747504895,0.7182014851681708,0.7182014851681708,Assembly,No clear abnormal zone
2240,0.3911098465349547,0.15465123582711182,0.3567197890231892,0.3911098465349547,Drilling,No clear abnormal zone
2241,0.25479936568568196,0.666903701595339,0.730128674712919,0.730128674712919,Assembly,No clear abnormal zone
2242,1.2390488250061942,0.8245508768275707,0.9101253144725986,1.2390488250061942,Drilling,Drilling
2243,1.2784603670795995,0.7397976517266882,0.9173991041154286,1.2784603670795995,Drilling,Drilling
2244,0.2922669472033621,0.4411733447033147,0.8180077665146013,0.8180077665146013,Assembly,No clear abnormal zone
2245,1.5459414865857317,0.9009367530235051,0.9137933629142948,1.5459414865857317,Drilling,Drilling
2246,0.7334181967973371,0.8674470771644687,0.8806023806209395,0.8806023806209395,Assembly,No clear abnormal zone
2247,1.007991024541003,0.608071538763165,0.9136443580441624,1.007991024541003,Drilling,Drilling
2248,1.1636603322113093,1.359831068050701,0.9021965450508725,1.359831068050701,Milling,Milling
2249,1.3432276606646536,1.246921670712807,1.6684622038506898,1.6684622038506898,Assembly,Assembly
2250,1.3242023276565213,1.2289682274138705,1.6579074676688355,1.6579074676688355,Assembly,Assembly
2251,0.7260154264588585,0.6291200486505636,0.8890730201923052,0.8890730201923052,Assembly,No clear abnormal zone
2252,1.1370869653215872,1.0731794672447454,0.8607655768032108,1.1370869653215872,Drilling,Drilling
2253,1.395046215995837,0.8418785599094121,0.9146761981440461,1.395046215995837,Drilling,Drilling
2254,0.7135839037567748,0.7043431520272956,0.6273134844377996,0.7135839037567748,Drilling,No clear abnormal zone
2255,0.35827202753047915,0.35936739340523066,0.6978299824453675,0.6978299824453675,Assembly,No clear abnormal zone
2256,1.0555401950893422,0.9471743204451514,0.9102438288074612,1.0555401950893422,Drilling,Drilling
2257,0.34141926415934054,0.17269209210021952,0.5729306883016643,0.5729306883016643,Assembly,No clear abnormal zone
2258,1.2159856485765923,1.2297096789966822,0.89392685277105,1.2297096789966822,Milling,Milling
2259,1.3872759837020023,1.4195889737286946,0.9180783753124725,1.4195889737286946,Milling,Milling
2260,1.3166518207737163,1.2204483529105765,1.643444821882173,1.643444821882173,Assembly,Assembly
2261,0.7337394919039013,0.8026487311756176,0.647511284519048,0.8026487311756176,Milling,No clear abnormal zone
2262,1.106442131393806,0.6768442598171723,0.9084593621475773,1.106442131393806,Drilling,Drilling
2263,0.5800162062824026,0.5396461784617946,0.42441472307043265,0.5800162062824026,Drilling,No clear abnormal zone
2264,1.4194437334573191,0.6179853939246343,0.9073469753939339,1.4194437334573191,Drilling,Drilling
2265,0.839040565698161,0.6271044248417947,0.8779370182127019,0.8779370182127019,Assembly,No clear abnormal zone
2266,0.5014048786365528,0.3859548127500146,0.8361990328845571,0.8361990328845571,Assembly,No clear abnormal zone
2267,1.1807769305872242,0.5661468469726613,0.8752629833201041,1.1807769305872242,Drilling,Drilling
2268,0.5065573245348868,0.8575689813916222,0.35238246041635257,0.8575689813916222,Milling,No clear abnormal zone
2269,1.2545048648470651,1.1618290181450912,1.5430210508752649,1.5430210508752649,Assembly,Assembly
2270,1.232081694012683,0.7058918579319096,0.8970176980961062,1.232081694012683,Drilling,Drilling
2271,1.0142208985341667,0.9300321376943519,1.1145567787073167,1.1145567787073167,Assembly,Assembly
2272,1.43746934447271,0.9275184622802075,0.9116264277322135,1.43746934447271,Drilling,Drilling
2273,1.2922474566796565,0.770288237684762,0.889017619385482,1.2922474566796565,Drilling,Drilling
2274,1.4362933848520203,0.861943403286895,0.9198220169406891,1.4362933848520203,Drilling,Drilling
2275,1.1860527663114184,0.6892437163366855,0.9104653202038724,1.1860527663114184,Drilling,Drilling
2276,0.23619104468975777,0.7086777357186218,0.36590244848704057,0.7086777357186218,Milling,No clear abnormal zone
2277,1.502349853409554,0.8026223516811766,0.9179288021448018,1.502349853409554,Drilling,Drilling
2278,0.9197672122745617,0.7498148395499802,0.891656623354827,0.9197672122745617,Drilling,No clear abnormal zone
2279,1.0038599952626877,1.0523776054926348,0.8931097633175223,1.0523776054926348,Milling,Milling
2280,0.7229269449662274,0.7104250649827603,0.6085226803240671,0.7229269449662274,Drilling,No clear abnormal zone
2281,1.2237773614270337,0.6701175602676972,0.9172588231349211,1.2237773614270337,Drilling,Drilling
2282,1.4421571239143156,1.3457717013221822,1.6684622038506898,1.6684622038506898,Assembly,Assembly
2283,0.7540110180206993,0.568227641464277,0.8975683333011262,0.8975683333011262,Assembly,No clear abnormal zone
2284,1.4367335646706068,0.8167401762806002,0.916248462208834,1.4367335646706068,Drilling,Drilling
2285,1.3267364462755573,1.2324346363286796,1.6632136632178427,1.6632136632178427,Assembly,Assembly
2286,0.23042235674499753,1.0823371685843035,0.6903295854795423,1.0823371685843035,Milling,Milling
2287,1.3346012875650712,1.2416993232409022,1.6684622038506898,1.6684622038506898,Assembly,Assembly
2288,1.2492805225242403,1.155974446186538,1.5345454145705992,1.5345454145705992,Assembly,Assembly
2289,1.1360414241792078,1.0470174844001927,1.3416615321301872,1.3416615321301872,Assembly,Assembly
2290,1.1077145270907558,1.0141483065515249,1.2978234248712595,1.2978234248712595,Assembly,Assembly
2291,0.7233143563806186,0.5431216292177947,0.6354832987188932,0.7233143563806186,Drilling,No clear abnormal zone
2292,1.116547784012992,1.0326105606530722,1.3003539951270287,1.3003539951270287,Assembly,Assembly
2293,0.7295968783342468,0.7263627514424165,0.646167869101378,0.7295968783342468,Drilling,No clear abnormal zone
2294,0.4350206902557614,0.3783771450234448,0.24065436906892745,0.4350206902557614,Drilling,No clear abnormal zone
2295,0.8959419571980602,0.8361597923411578,0.9104509750171844,0.9104509750171844,Assembly,No clear abnormal zone
2296,0.5242814227930708,0.5737973840883775,0.38673060360052963,0.5737973840883775,Milling,No clear abnormal zone
2297,1.2018587342743716,1.1075421532350296,1.4586941965177675,1.4586941965177675,Assembly,Assembly
2298,1.116058934639331,1.0266369053151845,1.3145280526379493,1.3145280526379493,Assembly,Assembly
2299,0.5499210120351599,0.6641018371510503,0.8496626537588339,0.8496626537588339,Assembly,No clear abnormal zone
2300,0.9775350508940337,0.8975613478783668,1.0628554717268637,1.0628554717268637,Assembly,Assembly
2301,1.3786815150739633,0.7119634283426076,0.9088573938354805,1.3786815150739633,Drilling,Drilling
2302,1.3066595675765886,0.9699518584797308,0.9167733832699484,1.3066595675765886,Drilling,Drilling
2303,1.1781018881317185,0.7746209248124755,0.9151980537919291,1.1781018881317185,Drilling,Drilling
2304,0.3764621146836227,0.14934307465872,0.42279905957034736,0.42279905957034736,Assembly,No clear abnormal zone
2305,0.2797839511048605,0.6642964862164424,0.7097816283038436,0.7097816283038436,Assembly,No clear abnormal zone
2306,0.34336521834839906,0.3472639057318727,0.3597945100359191,0.3597945100359191,Assembly,No clear abnormal zone
2307,1.436004919057232,1.340765869085431,1.6684622038506898,1.6684622038506898,Assembly,Assembly
2308,1.2123008169814584,1.1181665558240166,1.460867483930233,1.460867483930233,Assembly,Assembly
2309,0.3432636544706732,0.4937409479457421,0.225488086582279,0.4937409479457421,Milling,No clear abnormal zone
2310,1.2822581786689915,1.984456260678128,0.9083151002056565,1.984456260678128,Milling,Milling
2311,1.3756463628148838,0.8085824535690463,0.9179086429780046,1.3756463628148838,Drilling,Drilling
2312,1.215298527245705,1.0031414293127954,0.9188370664646276,1.215298527245705,Drilling,Drilling
2313,0.42105303463721183,0.6266561011856202,0.8589584588071633,0.8589584588071633,Assembly,No clear abnormal zone
2314,1.5606258077159838,1.3599556962034915,0.9177799596933436,1.5606258077159838,Drilling,Drilling
2315,1.1077152935065933,1.0106212733708726,1.29278761718639,1.29278761718639,Assembly,Assembly
2316,1.3288687353437485,1.2377544156564035,1.6676434082215281,1.6676434082215281,Assembly,Assembly
2317,1.287756586553041,0.8449670591128953,0.9082212257464748,1.287756586553041,Drilling,Drilling
2318,0.5979894509637999,0.5493403310754966,0.36095259677109026,0.5979894509637999,Drilling,No clear abnormal zone
2319,1.2063515497524724,1.1114026198778182,1.4627324141911886,1.4627324141911886,Assembly,Assembly
2320,0.6632365504792074,0.683278384799202,0.5350937281234752,0.683278384799202,Milling,No clear abnormal zone
2321,1.2079906005187717,0.6680236391334733,0.910104883370194,1.2079906005187717,Drilling,Drilling
2322,1.4636669344333273,0.7464831413446907,0.9180279618547507,1.4636669344333273,Drilling,Drilling
2323,0.5397422942928486,0.5883083072037791,0.3579956454505555,0.5883083072037791,Milling,No clear abnormal zone
2324,0.6909425496586614,0.48905817277580704,0.8833628788808305,0.8833628788808305,Assembly,No clear abnormal zone
2325,1.1118503080750992,0.8635409010870889,0.8953223795837594,1.1118503080750992,Drilling,Drilling
2326,0.23286590317065786,0.40389875799886615,0.33962707959846195,0.40389875799886615,Milling,No clear abnormal zone
2327,0.35692187900006983,0.789704092145894,0.7775119828419758,0.789704092145894,Milling,No clear abnormal zone
2328,0.28432496811050373,0.22447190568996017,0.49493593894582577,0.49493593894582577,Assembly,No clear abnormal zone
2329,0.7138535506415586,0.6942080738697556,0.6100613697483073,0.7138535506415586,Drilling,No clear abnormal zone
2330,0.2767058748911515,0.2726542906419143,0.5526797101576453,0.5526797101576453,Assembly,No clear abnormal zone
2331,0.36514847651151433,0.4009421885176965,0.42028105436715746,0.42028105436715746,Assembly,No clear abnormal zone
2332,0.5570439165735288,0.2992175822695765,0.3747514782749461,0.5570439165735288,Drilling,No clear abnormal zone
2333,1.2315336280538889,1.1346022273245264,1.497903444661039,1.497903444661039,Assembly,Assembly
2334,1.195426569588943,1.1019993632150975,1.4431043599648838,1.4431043599648838,Assembly,Assembly
2335,1.4056691219477844,0.9540833848399158,0.9097660015115568,1.4056691219477844,Drilling,Drilling
2336,1.0995587037980117,1.0116951889372348,1.2736563999149262,1.2736563999149262,Assembly,Assembly
2337,0.582908197175795,0.5244772440558847,0.4123755779229146,0.582908197175795,Drilling,No clear abnormal zone
2338,1.4382392857935813,1.3432774458132128,1.6684622038506898,1.6684622038506898,Assembly,Assembly
2339,1.0075038199338555,0.928776349330461,1.1136242043324187,1.1136242043324187,Assembly,Assembly
2340,0.25011650361104,0.418355290527014,0.47435904043589394,0.47435904043589394,Assembly,No clear abnormal zone
2341,0.277801135053136,0.24503278971496273,0.651910684571467,0.651910684571467,Assembly,No clear abnormal zone
2342,1.4657606394947909,0.7772298203529105,0.9111087741401513,1.4657606394947909,Drilling,Drilling
2343,1.3285462995348045,1.2342447036945638,1.6657992313620245,1.6657992313620245,Assembly,Assembly
2344,1.0046095415729597,0.9292829949807205,1.1082863467123885,1.1082863467123885,Assembly,Assembly
2345,1.093853739929071,1.0013002924975103,1.2617342010872425,1.2617342010872425,Assembly,Assembly
2346,1.307039934899104,1.0215210143393085,0.8885493941361261,1.307039934899104,Drilling,Drilling
2347,1.337635647023891,0.6272244363450876,0.9070580837920766,1.337635647023891,Drilling,Drilling
2348,1.2542418585179473,1.160337228174883,1.5409412372404074,1.5409412372404074,Assembly,Assembly
2349,1.119382290661747,0.7056272173147473,0.8857107966998992,1.119382290661747,Drilling,Drilling
2350,0.270657663932104,0.4450365806226425,0.3584661305324047,0.4450365806226425,Milling,No clear abnormal zone
2351,1.4564479361421472,1.0496441782334096,0.9132000400656469,1.4564479361421472,Drilling,Drilling
2352,0.8544612331482713,0.8287395347082631,0.8866100836672246,0.8866100836672246,Assembly,No clear abnormal zone
2353,1.3229673702794313,1.3875546997477688,0.9110779616589572,1.3875546997477688,Milling,Milling
2354,1.4558227997113213,1.1849835711267946,0.8978114045439489,1.4558227997113213,Drilling,Drilling
2355,1.507578743693014,0.8654396466503711,0.9150973663242447,1.507578743693014,Drilling,Drilling
2356,0.5550436801995919,0.9244025502396505,0.8688548583215718,0.9244025502396505,Milling,No clear abnormal zone
2357,0.8867693639215695,0.8471306193063906,0.932874842747263,0.932874842747263,Assembly,No clear abnormal zone
2358,1.1592203754045622,1.0632799437125795,1.3726849523745464,1.3726849523745464,Assembly,Assembly
2359,0.9831848567025439,0.9038987488113126,1.0372557514369003,1.0372557514369003,Assembly,Assembly
2360,0.7283257241825184,0.7120164519611392,0.665123496571177,0.7283257241825184,Drilling,No clear abnormal zone
2361,1.3880009818632035,0.6432249122229385,0.9126888441584882,1.3880009818632035,Drilling,Drilling
2362,1.2339526632020017,1.135574380730366,1.4972196397233546,1.4972196397233546,Assembly,Assembly
2363,0.5932076759897968,0.6227515508120136,0.40315689403447463,0.6227515508120136,Milling,No clear abnormal zone
2364,0.2361270543476376,0.46485210080298456,0.6817354886226616,0.6817354886226616,Assembly,No clear abnormal zone
2365,1.5175325290441286,1.1430684199999752,0.9188738879587575,1.5175325290441286,Drilling,Drilling
2366,0.31381429473339173,0.42759749879117703,0.7597959878947235,0.7597959878947235,Assembly,No clear abnormal zone
2367,1.043873417912398,1.0198519181761916,0.9128196125724259,1.043873417912398,Drilling,Drilling
2368,0.6674334645965814,0.6631273118634566,0.5214828247515324,0.6674334645965814,Drilling,No clear abnormal zone
2369,0.4776545219170583,2.3576132044623748,0.7899133377379812,2.3576132044623748,Milling,Milling
2370,1.223725970884567,1.1290464463904848,1.4886998548654158,1.4886998548654158,Assembly,Assembly
2371,0.28944209191897025,0.41301355677410073,0.7746983699935698,0.7746983699935698,Assembly,No clear abnormal zone
2372,1.1095006045000826,1.0197430602278938,1.3015083344096272,1.3015083344096272,Assembly,Assembly
2373,0.28199502827356654,0.31323624378413006,0.38701191348278363,0.38701191348278363,Assembly,No clear abnormal zone
2374,0.6559167728072743,0.6929392945917556,0.5200177143265161,0.6929392945917556,Milling,No clear abnormal zone
2375,0.8108863106006605,0.6661297926166327,0.90600860311444,0.90600860311444,Assembly,No clear abnormal zone
2376,1.1186972391195107,1.0290315638159833,1.2941872528502314,1.2941872528502314,Assembly,Assembly
2377,0.6873247468206778,0.4822878647422214,0.5386807514107287,0.6873247468206778,Drilling,No clear abnormal zone
2378,1.277984694745888,0.6763486499251291,0.9154317820743594,1.277984694745888,Drilling,Drilling
2379,1.2358112420507315,0.8068182790684911,0.8890731227362451,1.2358112420507315,Drilling,Drilling
2380,1.3399098898189046,0.604847995554429,0.9170654972005888,1.3399098898189046,Drilling,Drilling
2381,1.2206654768371266,1.1246230401362969,1.4814382514437432,1.4814382514437432,Assembly,Assembly
2382,0.4886235594601067,0.9899201187296736,0.8185929504816454,0.9899201187296736,Milling,No clear abnormal zone
2383,1.1159563079206611,0.81774378712278,0.917842728950723,1.1159563079206611,Drilling,Drilling
2384,0.5345102015170337,1.3328511094622189,0.4320391504272262,1.3328511094622189,Milling,Milling
2385,1.1688440584448636,0.579549438162634,0.9056052401596437,1.1688440584448636,Drilling,Drilling
2386,0.28749686748479725,0.5950586520533881,0.6848295134662156,0.6848295134662156,Assembly,No clear abnormal zone
2387,1.4938582788691699,0.6797222634086201,0.9196820706647008,1.4938582788691699,Drilling,Drilling
2388,0.9022156604268216,0.8554837770786166,0.945443557741458,0.945443557741458,Assembly,No clear abnormal zone
2389,0.3903143191882226,0.9905011467996356,0.809761768076624,0.9905011467996356,Milling,No clear abnormal zone
2390,0.8447062578726123,0.8158484981313988,0.8588902293383851,0.8588902293383851,Assembly,No clear abnormal zone
2391,1.3388140167271512,1.2437453922131037,1.668262922157941,1.668262922157941,Assembly,Assembly
2392,0.37734937856370776,0.3713543465048793,0.8153577714508898,0.8153577714508898,Assembly,No clear abnormal zone
2393,1.4906734774902486,1.1502051060211094,0.9017392527365318,1.4906734774902486,Drilling,Drilling
2394,1.2228866807122936,1.1283449370285872,1.4893149135346202,1.4893149135346202,Assembly,Assembly
2395,0.8804407380463286,0.7088625911099441,0.8867756356818036,0.8867756356818036,Assembly,No clear abnormal zone
2396,0.3567861025968816,0.3014160187864954,0.7559059600582845,0.7559059600582845,Assembly,No clear abnormal zone
2397,0.2568732418278264,0.5422563235667186,0.6816856445587851,0.6816856445587851,Assembly,No clear abnormal zone
2398,0.33944190320721707,0.9813255663808259,0.7284964923292072,0.9813255663808259,Milling,No clear abnormal zone
2399,1.245401608399367,1.1523499811500668,1.5259052090022278,1.5259052090022278,Assembly,Assembly
2400,0.8256709067936843,0.5851109499166653,0.8085477778160273,0.8256709067936843,Drilling,No clear abnormal zone
2401,0.1938300842762523,0.25028586679784054,0.3326083401123541,0.3326083401123541,Assembly,No clear abnormal zone
2402,0.21930651325854772,0.33601891129810463,0.4506677579421142,0.4506677579421142,Assembly,No clear abnormal zone
2403,0.458210355306561,0.18888443544808708,0.47613721468246506,0.47613721468246506,Assembly,No clear abnormal zone
2404,0.9502797789720769,0.6723698318724072,0.8818153345285611,0.9502797789720769,Drilling,No clear abnormal zone
2405,0.2863673818125504,1.298528597770409,0.5688162817995482,1.298528597770409,Milling,Milling
2406,1.1254505100827732,1.0343491779913556,1.3205861701359787,1.3205861701359787,Assembly,Assembly
2407,0.7356286504014072,0.5419107465702746,0.9021391262677187,0.9021391262677187,Assembly,No clear abnormal zone
2408,0.35489827656872486,0.4000795401738406,0.8116606163102356,0.8116606163102356,Assembly,No clear abnormal zone
2409,0.2616462264276619,0.3835544938791021,0.6845432037816284,0.6845432037816284,Assembly,No clear abnormal zone
2410,1.2580071718578307,0.6092822275703746,0.920936126817963,1.2580071718578307,Drilling,Drilling
2411,0.24785243219633957,1.2029815884099841,0.3998329909561752,1.2029815884099841,Milling,Milling
2412,0.8560215328272991,1.716373193684774,0.9094030559286957,1.716373193684774,Milling,Milling
2413,0.2733182984360364,0.23335266621609793,0.6692862763087872,0.6692862763087872,Assembly,No clear abnormal zone
2414,0.8648979490898476,0.9755538144701095,0.908572869307094,0.9755538144701095,Milling,No clear abnormal zone
2415,1.1200045103888592,1.0268252735697683,1.310986966345907,1.310986966345907,Assembly,Assembly
2416,0.9779317294482961,0.9056590176731113,1.058255907808944,1.058255907808944,Assembly,Assembly
2417,0.9053296173367626,1.1771620729116326,0.9156580453539995,1.1771620729116326,Milling,Milling
2418,0.9669332194438811,0.898591960397698,1.0304971757574974,1.0304971757574974,Assembly,Assembly
2419,0.8396531404353023,0.6196556165559421,0.842136172152226,0.842136172152226,Assembly,No clear abnormal zone
2420,0.9853325843907523,0.9110935500754667,1.0692464225479796,1.0692464225479796,Assembly,Assembly
2421,1.3329858679594582,1.2357581451882873,1.6683956833527671,1.6683956833527671,Assembly,Assembly
2422,1.224595921514941,1.12937771470027,1.4978253400957293,1.4978253400957293,Assembly,Assembly
2423,1.5058782503579535,0.9642077092911058,0.9164052452294077,1.5058782503579535,Drilling,Drilling
2424,0.6942851545024629,0.6910859241788407,0.5627028093113613,0.6942851545024629,Drilling,No clear abnormal zone
2425,0.8467661144103589,0.7980855882393976,0.8274854686039002,0.8467661144103589,Drilling,No clear abnormal zone
2426,0.4701133630324295,0.35778126704861346,0.4156759660956702,0.4701133630324295,Drilling,No clear abnormal zone
2427,1.4375697757134644,0.7449047491003695,0.9152256951031298,1.4375697757134644,Drilling,Drilling
2428,1.0890140217599287,1.0071007356472752,1.2618638958992998,1.2618638958992998,Assembly,Assembly
2429,1.4044351957316406,0.8193373392535106,0.9149328760223566,1.4044351957316406,Drilling,Drilling
2430,1.3273294689191424,1.2310251221478299,1.665331363519083,1.665331363519083,Assembly,Assembly
2431,0.5997332713089936,0.43840215682858324,0.43343990141917493,0.5997332713089936,Drilling,No clear abnormal zone
2432,1.0082590977567394,0.5675041586399301,0.9063499646099766,1.0082590977567394,Drilling,Drilling
2433,0.6385808767736876,0.6632355694810335,0.5215780786191423,0.6632355694810335,Milling,No clear abnormal zone
2434,0.3061273549323907,0.28732228761966144,0.7820601731774396,0.7820601731774396,Assembly,No clear abnormal zone
2435,1.1603314125449926,0.7106700414538617,0.9182266701324091,1.1603314125449926,Drilling,Drilling
2436,0.8684443065582215,0.8190918963539997,0.880762178929292,0.880762178929292,Assembly,No clear abnormal zone
2437,1.4413194389232407,1.3464948622075954,1.6684622038506898,1.6684622038506898,Assembly,Assembly
2438,0.8732796010198534,0.9429270031372141,0.8693826578083803,0.9429270031372141,Milling,No clear abnormal zone
2439,0.2905581068355393,1.3819955126729604,0.7091245464499796,1.3819955126729604,Milling,Milling
2440,1.2423457264357824,1.1469912290800153,1.5302200625875773,1.5302200625875773,Assembly,Assembly
2441,0.40989252465216447,0.5482542732953759,0.8166232679436856,0.8166232679436856,Assembly,No clear abnormal zone
2442,0.9909405310669399,0.569231899753306,0.8935254833219584,0.9909405310669399,Drilling,No clear abnormal zone
2443,1.2721990535616223,0.6247446132964207,0.902270771458977,1.2721990535616223,Drilling,Drilling
2444,0.29000430910510866,0.5064353571697779,0.6545105803500149,0.6545105803500149,Assembly,No clear abnormal zone
2445,1.4522822564273306,1.3559435870696983,1.6684622038506898,1.6684622038506898,Assembly,Assembly
2446,1.106391238629055,1.0154733797906648,1.2695192736861052,1.2695192736861052,Assembly,Assembly
2447,1.5244039217219942,1.084245162349706,0.916483555501776,1.5244039217219942,Drilling,Drilling
2448,0.9168855388248822,0.855429648269828,0.959754448634663,0.959754448634663,Assembly,No clear abnormal zone
2449,1.317240820167478,0.8164166265181826,0.9159456992450998,1.317240820167478,Drilling,Drilling
2450,0.46106883888421446,0.5212925116190374,0.45233356915812883,0.5212925116190374,Milling,No clear abnormal zone
2451,1.3539858573430237,0.7490790145349755,0.9183397263336097,1.3539858573430237,Drilling,Drilling
2452,1.2964754035743384,0.7989329320741592,0.9172848052993361,1.2964754035743384,Drilling,Drilling
2453,0.8335344546242793,0.7859802214419599,0.801594899167802,0.8335344546242793,Drilling,No clear abnormal zone
2454,1.112478729329533,1.017779267045051,1.292756197840494,1.292756197840494,Assembly,Assembly
2455,1.4390235015299069,1.3427708001629535,1.6684622038506898,1.6684622038506898,Assembly,Assembly
2456,1.2418256494529398,1.1480759704081347,1.5241654129584499,1.5241654129584499,Assembly,Assembly
2457,1.1505700474378977,1.0613118202250331,1.361641723073503,1.361641723073503,Assembly,Assembly
2458,1.4110673204517985,1.0069505581721332,0.9051637407853133,1.4110673204517985,Drilling,Drilling
2459,1.2158173443180955,1.1201411747686176,1.4845185989964562,1.4845185989964562,Assembly,Assembly
2460,1.0921615966007687,1.3748127781589794,0.9059039166284197,1.3748127781589794,Milling,Milling
2461,0.436469923702087,0.6279831165708318,0.7914597994754784,0.7914597994754784,Assembly,No clear abnormal zone
2462,1.4377661639030708,1.3410473388911308,1.6684622038506898,1.6684622038506898,Assembly,Assembly
2463,1.4538025119039533,0.8254213483885446,0.9170103531907612,1.4538025119039533,Drilling,Drilling
2464,0.3094005893097115,0.5454477581328826,0.6166686710829676,0.6166686710829676,Assembly,No clear abnormal zone
2465,1.0768734526568857,1.4659202052859963,0.8613817498846242,1.4659202052859963,Milling,Milling
2466,1.444496808879717,1.3495823694608857,1.6684622038506898,1.6684622038506898,Assembly,Assembly
2467,1.3408620512121008,1.247354701183114,1.6681326528523588,1.6681326528523588,Assembly,Assembly
2468,0.3377252480378523,0.5140427009887559,0.8011522215982831,0.8011522215982831,Assembly,No clear abnormal zone
2469,0.34165140808805033,0.6844611751401926,0.7967880956399855,0.7967880956399855,Assembly,No clear abnormal zone
2470,0.3761446748706639,0.33120275584562753,0.797513124278229,0.797513124278229,Assembly,No clear abnormal zone
2471,1.2111678518677154,0.882348706932294,0.918491312956635,1.2111678518677154,Drilling,Drilling
2472,0.32693644117092446,0.35746874743358015,0.846905363511,0.846905363511,Assembly,No clear abnormal zone
2473,1.204977119903791,1.109168182651033,1.459370132788995,1.459370132788995,Assembly,Assembly
2474,1.5387788631032653,0.6679006718838256,0.9174885833455593,1.5387788631032653,Drilling,Drilling
2475,0.8638513028590901,0.8219542277627303,0.8802982539491584,0.8802982539491584,Assembly,No clear abnormal zone
2476,0.9930916384632702,0.9169286356628561,1.078589806708307,1.078589806708307,Assembly,Assembly
2477,0.22236530050422562,0.8932892410222142,0.40935490746275527,0.8932892410222142,Milling,No clear abnormal zone
2478,0.6693541312013966,0.6968201926773777,0.8826082694175871,0.8826082694175871,Assembly,No clear abnormal zone
2479,1.4763356282327895,0.8783222797807659,0.9106079962204953,1.4763356282327895,Drilling,Drilling
2480,0.23510440151086723,0.3879745133322342,0.7494058229345965,0.7494058229345965,Assembly,No clear abnormal zone
2481,1.4453646044874724,0.9728358414119767,0.91854311213701,1.4453646044874724,Drilling,Drilling
2482,0.8495488629572256,0.811676249549989,0.8458525248410069,0.8495488629572256,Drilling,No clear abnormal zone
2483,0.2513330202684955,0.4434336330578035,0.37659406979902155,0.4434336330578035,Milling,No clear abnormal zone
2484,1.3847292486600713,0.7971769935170635,0.918366996570257,1.3847292486600713,Drilling,Drilling
2485,1.1012875067275205,0.5616661970553954,0.8805603657476881,1.1012875067275205,Drilling,Drilling
2486,1.4927824436991417,1.1807417819235995,0.9109152840519134,1.4927824436991417,Drilling,Drilling
2487,1.2367905390904372,1.14613815905351,1.5145011570040614,1.5145011570040614,Assembly,Assembly
2488,0.23283861729185096,0.24390663262079365,0.6565695338713371,0.6565695338713371,Assembly,No clear abnormal zone
2489,0.8184770634495069,0.8083743922138966,0.8139875706795836,0.8184770634495069,Drilling,No clear abnormal zone
2490,0.3224910957051125,0.40236564522713447,0.7545876615179692,0.7545876615179692,Assembly,No clear abnormal zone
2491,1.3282967763459737,1.233183779042311,1.6639546105790637,1.6639546105790637,Assembly,Assembly
2492,0.6981646257637197,0.5329017393027742,0.8573063751162872,0.8573063751162872,Assembly,No clear abnormal zone
2493,1.007932486833352,0.9313831927617104,1.112553745073791,1.112553745073791,Assembly,Assembly
2494,0.6645677091599457,1.3012309204319803,0.8548624795307703,1.3012309204319803,Milling,Milling
2495,1.1810568442771414,0.6998702615244002,0.9110079615581645,1.1810568442771414,Drilling,Drilling
2496,1.4015436490436435,0.8026521012781894,0.9125817665236067,1.4015436490436435,Drilling,Drilling
2497,1.41136992368499,0.7450363099170754,0.9063446010342598,1.41136992368499,Drilling,Drilling
2498,0.7339800642249054,0.6538079807626891,0.861414957672296,0.861414957672296,Assembly,No clear abnormal zone
2499,0.9211271588938091,0.859521786214231,0.9521686387728587,0.9521686387728587,Assembly,No clear abnormal zone
2500,0.30949464999501153,0.28880340438907215,0.6378156035981153,0.6378156035981153,Assembly,No clear abnormal zone
2501,1.0042842913745005,0.9224735908351398,1.0909843040234912,1.0909843040234912,Assembly,Assembly
2502,0.9251961836895735,0.8526452623457528,0.9799122536481473,0.9799122536481473,Assembly,No clear abnormal zone
2503,1.419024973210666,0.836820795203725,0.9212431446963316,1.419024973210666,Drilling,Drilling
2504,1.4541933542495071,0.8526468545037933,0.9195832791374862,1.4541933542495071,Drilling,Drilling
2505,1.1238485242261707,1.0343664992101678,1.3249963507406566,1.3249963507406566,Assembly,Assembly
2506,0.8152596332341746,0.5787534491213338,0.7456609517981734,0.8152596332341746,Drilling,No clear abnormal zone
2507,0.4918489426398711,0.5729227345937644,0.30533367768841135,0.5729227345937644,Milling,No clear abnormal zone
2508,0.4171292389352577,0.1629648294551283,0.422474985161823,0.422474985161823,Assembly,No clear abnormal zone
2509,0.6705369905683884,0.6739877160587611,0.5729606409559799,0.6739877160587611,Milling,No clear abnormal zone
2510,0.6100528060397568,0.4822216808739219,0.8737275354566316,0.8737275354566316,Assembly,No clear abnormal zone
2511,0.29157247796272767,0.49759106452492086,0.7601094507960922,0.7601094507960922,Assembly,No clear abnormal zone
2512,0.5034825029314771,0.5608195329486784,0.3742106010377616,0.5608195329486784,Milling,No clear abnormal zone
2513,0.25714207651041704,0.5124795595853997,0.5648814438133921,0.5648814438133921,Assembly,No clear abnormal zone
2514,1.2416171045071833,0.6614961512279821,0.9152595183820058,1.2416171045071833,Drilling,Drilling
2515,0.283403343415428,2.1644209904395217,0.6721752472472344,2.1644209904395217,Milling,Milling
2516,1.196478129197416,0.6794251983861506,0.9140600099865439,1.196478129197416,Drilling,Drilling
2517,0.3285265229195495,0.3318428031806329,0.7984516747240122,0.7984516747240122,Assembly,No clear abnormal zone
2518,0.9802682838697567,0.9079345927945757,1.0682019357419033,1.0682019357419033,Assembly,Assembly
2519,0.6314143340898268,0.65605592428334,0.4761329402418308,0.65605592428334,Milling,No clear abnormal zone
2520,1.401432367023021,0.8602952285753818,0.9042143146623909,1.401432367023021,Drilling,Drilling
2521,1.1135589795378489,1.0229777978410888,1.2955224438437494,1.2955224438437494,Assembly,Assembly
2522,1.2431221018712888,1.1459194786660047,1.5223435808027275,1.5223435808027275,Assembly,Assembly
2523,1.522052506911018,0.7635918912621369,0.9209589954810717,1.522052506911018,Drilling,Drilling
2524,1.221344034818321,0.9575888666599532,0.8993761663945297,1.221344034818321,Drilling,Drilling
2525,0.23656732626696025,0.10623355574849991,0.6106059551664567,0.6106059551664567,Assembly,No clear abnormal zone
2526,0.44776997398712787,0.39230136892760714,0.3843268052968874,0.44776997398712787,Drilling,No clear abnormal zone
2527,1.059071971293223,0.7839023065798342,0.8897006066839617,1.059071971293223,Drilling,Drilling
2528,1.3242606577526115,1.2280783497973893,1.656757671392921,1.656757671392921,Assembly,Assembly
2529,0.8771082931291232,0.7790692618652595,0.8958189692188534,0.8958189692188534,Assembly,No clear abnormal zone
2530,1.2269401329867746,1.1316576201264374,1.4942890705900393,1.4942890705900393,Assembly,Assembly
2531,0.5481049804207442,0.3655603018374094,0.39176915001599505,0.5481049804207442,Drilling,No clear abnormal zone
2532,0.23698720199116816,0.39665316162745906,0.4528105227252008,0.4528105227252008,Assembly,No clear abnormal zone
2533,0.22789317571504736,0.04639130256960403,0.44286623517645074,0.44286623517645074,Assembly,No clear abnormal zone
2534,0.8646896901040545,0.8156168268297843,0.8488292875709637,0.8646896901040545,Drilling,No clear abnormal zone
2535,1.4111620749700517,0.8437171507916652,0.9097850444197091,1.4111620749700517,Drilling,Drilling
2536,1.4387228118839812,1.07447466552181,0.9182145001740369,1.4387228118839812,Drilling,Drilling
2537,0.5662209503525775,0.6714664805007555,0.38623621737448466,0.6714664805007555,Milling,No clear abnormal zone
2538,1.324568511037533,1.2282753786613791,1.6560674547201883,1.6560674547201883,Assembly,Assembly
2539,0.22423632433000185,0.17126031461850214,0.4449986882669935,0.4449986882669935,Assembly,No clear abnormal zone
2540,1.3138681789658495,1.21988974360388,1.6424800101907566,1.6424800101907566,Assembly,Assembly
2541,0.8794766414526707,0.8277633315219013,0.9020556705600451,0.9020556705600451,Assembly,No clear abnormal zone
2542,1.3309021873046756,1.2366198758241986,1.6684622038506898,1.6684622038506898,Assembly,Assembly
2543,0.388816763465642,0.4313236358387762,0.4673922239279882,0.4673922239279882,Assembly,No clear abnormal zone
2544,1.4396424486606434,1.342894213846991,1.6684622038506898,1.6684622038506898,Assembly,Assembly
2545,1.3331203512365553,1.2354528587067208,1.6680756569269133,1.6680756569269133,Assembly,Assembly
2546,0.24229375950183776,0.4657096655220754,0.7257011579337505,0.7257011579337505,Assembly,No clear abnormal zone
2547,1.3246819306688196,1.229600451900519,1.65482075120666,1.65482075120666,Assembly,Assembly
2548,0.6591266187503311,0.6403542394300011,0.49791783863644745,0.6591266187503311,Drilling,No clear abnormal zone
2549,0.42304495075038295,0.4076931802722389,0.40279293603787425,0.42304495075038295,Drilling,No clear abnormal zone
2550,0.29449940799470603,0.8719379777805931,0.5601372973519061,0.8719379777805931,Milling,No clear abnormal zone
2551,1.2508207175975312,1.152367302368879,1.5387572808715224,1.5387572808715224,Assembly,Assembly
2552,1.3568715863835656,0.8745657638120954,0.9096507227776497,1.3568715863835656,Drilling,Drilling
2553,1.101883471449556,1.0090775197442277,1.2769663819259707,1.2769663819259707,Assembly,Assembly
2554,1.5315110601304487,0.8227911969410022,0.9189092158074308,1.5315110601304487,Drilling,Drilling
2555,0.4434039737260515,0.2762264035973747,0.4571184437005904,0.4571184437005904,Assembly,No clear abnormal zone
2556,0.3477044371284736,0.9868067113398796,0.8179797383414431,0.9868067113398796,Milling,No clear abnormal zone
2557,0.5883621157786451,0.32305993384489295,0.2916597845785487,0.5883621157786451,Drilling,No clear abnormal zone
2558,1.1172632488489211,1.024846324320464,1.2997083023477602,1.2997083023477602,Assembly,Assembly
2559,1.291132025188455,0.6384110692318044,0.8932824608767336,1.291132025188455,Drilling,Drilling
2560,0.6677149312395678,0.6833411742173965,0.5597126311873519,0.6833411742173965,Milling,No clear abnormal zone
2561,0.961142775077485,0.8903687117665643,1.0171127337421342,1.0171127337421342,Assembly,Assembly
2562,0.29208658090138073,0.6554483498161745,0.8100837473959175,0.8100837473959175,Assembly,No clear abnormal zone
2563,1.399659721880956,0.7652150113633711,0.9147760347011848,1.399659721880956,Drilling,Drilling
2564,1.3439073901550778,0.6365367566090439,0.9084195858255415,1.3439073901550778,Drilling,Drilling
2565,1.2851660808840735,0.8119629081310731,0.9190548338918825,1.2851660808840735,Drilling,Drilling
2566,1.3483966274858825,0.8222819464515996,0.9173723086007846,1.3483966274858825,Drilling,Drilling
2567,0.9247699230180468,0.8596949984023539,0.9752861533940862,0.9752861533940862,Assembly,No clear abnormal zone
2568,1.2446011898585718,1.148545808468418,1.5311849295400886,1.5311849295400886,Assembly,Assembly
2569,1.3857720946712073,1.3417327177769405,0.9167756838842264,1.3857720946712073,Drilling,Drilling
2570,0.3438722045070294,0.34908029997411083,0.4926022733490164,0.4926022733490164,Assembly,No clear abnormal zone
2571,0.37487967109570086,0.42184892914845473,0.35205448263805117,0.42184892914845473,Milling,No clear abnormal zone
2572,0.646418981964298,0.5473162049699559,0.8874148494979237,0.8874148494979237,Assembly,No clear abnormal zone
2573,0.8962259944375675,0.8478689362582644,0.9246413470350194,0.9246413470350194,Assembly,No clear abnormal zone
2574,1.2254775865685343,1.1315038943094784,1.4951002003362823,1.4951002003362823,Assembly,Assembly
2575,1.4114970426260145,0.8678103419321446,0.9154442606208721,1.4114970426260145,Drilling,Drilling
2576,1.0271298202434505,0.8516013759935525,1.130399860178215,1.130399860178215,Assembly,Assembly
2577,1.386966808886297,1.386811031503191,0.9208418342257781,1.386966808886297,Drilling,Drilling
2578,0.709150932990894,1.7919588643385964,0.8681255455574133,1.7919588643385964,Milling,Milling
2579,1.2320369255083687,1.1403442113607998,1.5058391912987263,1.5058391912987263,Assembly,Assembly
2580,1.2934751968313463,0.5929146254947006,0.9126009015488645,1.2934751968313463,Drilling,Drilling
2581,1.4757556643689205,2.0058054624400015,0.9069867503375295,2.0058054624400015,Milling,Milling
2582,1.3606995495309793,0.6233666517992571,0.912807913763571,1.3606995495309793,Drilling,Drilling
2583,0.3085151551520475,0.07879094758337896,0.38737315277956863,0.38737315277956863,Assembly,No clear abnormal zone
2584,0.35303032210386487,0.3128781050651456,0.334794421201195,0.35303032210386487,Drilling,No clear abnormal zone
2585,0.7548957654534669,1.3648578123716262,0.8709351666248808,1.3648578123716262,Milling,Milling
2586,0.30527358958032647,1.0342149412555754,0.7716497680134649,1.0342149412555754,Milling,Milling
2587,0.6155568191762254,0.4416246267094929,0.379897843721382,0.6155568191762254,Drilling,No clear abnormal zone
2588,1.0144301812796885,1.227877036437921,0.8801250278384066,1.227877036437921,Milling,Milling
2589,0.27706504798079085,0.41616966756666113,0.7242384239388869,0.7242384239388869,Assembly,No clear abnormal zone
2590,0.8600289211014627,0.821493050311853,0.8876539283244671,0.8876539283244671,Assembly,No clear abnormal zone
2591,1.4842696453208482,0.6863882513827428,0.9148268480374855,1.4842696453208482,Drilling,Drilling
2592,1.428097227902287,1.2318325402839965,0.9014622809775337,1.428097227902287,Drilling,Drilling
2593,0.8203054305995231,0.7819703592869152,0.8048299981691154,0.8203054305995231,Drilling,No clear abnormal zone
2594,1.2427443484663627,1.1481907234827662,1.5207070772096474,1.5207070772096474,Assembly,Assembly
2595,1.4115727775442117,0.8174277526663498,0.9201677024850985,1.4115727775442117,Drilling,Drilling
2596,0.3482135863083355,0.6984665353994948,0.4256321657934542,0.6984665353994948,Milling,No clear abnormal zone
2597,0.24380303722681124,0.7544544075298307,0.4788876349956557,0.7544544075298307,Milling,No clear abnormal zone
2598,1.2187773694269137,1.128593929549014,1.4828725752379963,1.4828725752379963,Assembly,Assembly
2599,1.1932766910782173,0.9783865813537491,0.9097322806034378,1.1932766910782173,Drilling,Drilling
2600,1.3196639221246036,1.2245902893590648,1.6528250172290786,1.6528250172290786,Assembly,Assembly
2601,1.1060095478515581,1.0167248378498526,1.2832576944591376,1.2832576944591376,Assembly,Assembly
2602,1.1160927976290083,1.0249935546803686,1.2923000853043392,1.2923000853043392,Assembly,Assembly
2603,1.1264699300327625,1.0687370117902395,0.9165933293109555,1.1264699300327625,Drilling,Drilling
2604,0.36124775098922046,0.7572905449482359,0.7541531438332035,0.7572905449482359,Milling,No clear abnormal zone
2605,0.4717807542218627,0.2655584794835535,0.4929022626366305,0.4929022626366305,Assembly,No clear abnormal zone
2606,0.6055537888624682,0.5234520863167127,0.837653254574436,0.837653254574436,Assembly,No clear abnormal zone
2607,0.5354053285747993,0.8990737975472873,0.8599912584691807,0.8990737975472873,Milling,No clear abnormal zone
2608,0.517444662093908,0.568085784240433,0.38450430688908155,0.568085784240433,Milling,No clear abnormal zone
2609,0.3413783585727603,0.6492379259943422,0.807114547100916,0.807114547100916,Assembly,No clear abnormal zone
2610,0.9928812842633756,0.910424517998842,1.0813989938429456,1.0813989938429456,Assembly,Assembly
2611,1.4519614408988335,1.3559327613079408,1.6684622038506898,1.6684622038506898,Assembly,Assembly
2612,1.4112031362559527,0.8496178063639943,0.9175411849680922,1.4112031362559527,Drilling,Drilling
2613,1.4895867379608032,0.7149785110785553,0.9168877154084223,1.4895867379608032,Drilling,Drilling
2614,1.283745332900398,0.6004808832613808,0.9123099431014486,1.283745332900398,Drilling,Drilling
2615,1.0935856112281273,1.0094737426245586,1.2617234042449312,1.2617234042449312,Assembly,Assembly
2616,1.4496849468708635,1.3551554716137393,1.6684622038506898,1.6684622038506898,Assembly,Assembly
2617,0.8456216208635288,0.8000970147739744,0.858800406999579,0.858800406999579,Assembly,No clear abnormal zone
2618,0.5913413384112683,1.1945034665967535,0.8541794743392084,1.1945034665967535,Milling,Milling
2619,0.8773281134948869,0.8255700321897954,0.9167874310731288,0.9167874310731288,Assembly,No clear abnormal zone
2620,0.7699735248961294,0.7504933744002851,0.7286360086491966,0.7699735248961294,Drilling,No clear abnormal zone
2621,0.9294423175324595,1.459079081294683,0.8898137992261577,1.459079081294683,Milling,Milling
2622,1.4435862112685292,1.3468131396032712,1.6684622038506898,1.6684622038506898,Assembly,Assembly
2623,0.4474344407416605,0.4794679635275303,0.3467844983477719,0.4794679635275303,Milling,No clear abnormal zone
2624,1.4290360928548833,1.3322611506485977,1.6684622038506898,1.6684622038506898,Assembly,Assembly
2625,0.8890148578334129,0.8218459701451535,0.898717320489937,0.898717320489937,Assembly,No clear abnormal zone
2626,1.402644631270486,0.6093326864561041,0.9171329657690364,1.402644631270486,Drilling,Drilling
2627,1.3640986000236532,0.8018775392722481,0.9164708084644388,1.3640986000236532,Drilling,Drilling
2628,0.8901709554109625,0.7335240549848053,0.9023252653432523,0.9023252653432523,Assembly,No clear abnormal zone
2629,0.25547053851718005,0.7421570785930938,0.6748408142455251,0.7421570785930938,Milling,No clear abnormal zone
2630,1.3301325540923725,1.2354073905073386,1.6638917580937693,1.6638917580937693,Assembly,Assembly
2631,0.2601120226925802,0.5182727412456967,0.5306689033145673,0.5306689033145673,Assembly,No clear abnormal zone
2632,1.134182894015622,1.050436259963268,1.3351358104097808,1.3351358104097808,Assembly,Assembly
2633,1.225384300496152,0.9973508992805518,1.4803252761791548,1.4803252761791548,Assembly,Assembly
2634,0.7432193346948581,1.1937746454182396,0.8939608624870954,1.1937746454182396,Milling,Milling
2635,0.8128989036491409,0.7277460116617749,0.7764829628472425,0.8128989036491409,Drilling,No clear abnormal zone
2636,1.1020300892739372,0.8352164173112369,0.9174184110194497,1.1020300892739372,Drilling,Drilling
2637,0.9624670396192353,0.8922112564177214,1.0538039558668784,1.0538039558668784,Assembly,Assembly
2638,0.9956618972286748,0.9121198322900947,1.0833116125889468,1.0833116125889468,Assembly,Assembly
2639,1.1702756296944705,0.66087214091635,0.9058395782397464,1.1702756296944705,Drilling,Drilling
2640,1.3332385473047874,0.958585566723928,0.908492228903622,1.3332385473047874,Drilling,Drilling
2641,1.015765098644294,0.5771640629801154,0.9192195889309409,1.015765098644294,Drilling,Drilling
2642,0.29085256830003364,2.2815882099428912,0.7871860221468306,2.2815882099428912,Milling,Milling
2643,1.4511257517697143,0.9438399313971488,0.9183640776995154,1.4511257517697143,Drilling,Drilling
2644,0.2718103950403002,1.47552918685248,0.7803202259240856,1.47552918685248,Milling,Milling
2645,1.2244177279263901,1.13260595685641,1.4967138488538088,1.4967138488538088,Assembly,Assembly
2646,0.7465274454003568,0.5933854695000979,0.8364700443950137,0.8364700443950137,Assembly,No clear abnormal zone
2647,0.2668861537326508,0.3378001149712991,0.7921719328811134,0.7921719328811134,Assembly,No clear abnormal zone
2648,1.5767456644465538,0.8049825435507094,0.9194628860294565,1.5767456644465538,Drilling,Drilling
2649,0.35757173149154764,0.2498438157749506,0.532040099505732,0.532040099505732,Assembly,No clear abnormal zone
2650,1.3598111761560174,1.5882520777907776,0.9200992062614519,1.5882520777907776,Milling,Milling
2651,1.1029576654586664,1.0164931665482384,1.2809787502831123,1.2809787502831123,Assembly,Assembly
2652,0.9352115121298376,0.8736082674133243,1.0060297989397162,1.0060297989397162,Assembly,Assembly
2653,1.392814562512797,0.9285036066001565,0.9169268694203949,1.392814562512797,Drilling,Drilling
2654,1.4705241988985085,1.004098426652174,0.9189354308094161,1.4705241988985085,Drilling,Drilling
2655,0.3245689081133528,0.2898985831123088,0.3138078194311402,0.3245689081133528,Drilling,No clear abnormal zone
2656,0.5948235965189091,1.1620293758914009,0.8509607680580047,1.1620293758914009,Milling,Milling
2657,1.1069429350788849,1.0154495631147982,1.2886928955181505,1.2886928955181505,Assembly,Assembly
2658,1.216180630709769,1.5798772684950364,0.9139957921295682,1.5798772684950364,Milling,Milling
2659,0.29243346577041407,1.2573318202051373,0.6895720909065288,1.2573318202051373,Milling,Milling
2660,1.1444349450002655,1.054976584444439,1.3654645964405911,1.3654645964405911,Assembly,Assembly
2661,0.907377967817232,1.5549343865719398,0.8873477294051765,1.5549343865719398,Milling,Milling
2662,0.5383142360329684,0.7793137838175697,0.8611447762475842,0.8611447762475842,Assembly,No clear abnormal zone
2663,1.3373152573137188,1.241993783960711,1.6682460310354934,1.6682460310354934,Assembly,Assembly
2664,1.0154907762910823,0.936625026604779,1.1287859800506679,1.1287859800506679,Assembly,Assembly
2665,0.4678789474635484,1.1770789194425555,0.7796358547346323,1.1770789194425555,Milling,Milling
2666,0.41385577017454045,0.8390406182962489,0.8325624366976063,0.8390406182962489,Milling,No clear abnormal zone
2667,1.0131952411461356,0.9312294669447513,1.1306516138547074,1.1306516138547074,Assembly,Assembly
2668,1.1401522721143595,1.0515253315960906,1.3402156028729235,1.3402156028729235,Assembly,Assembly
2669,0.7087655806831673,1.3135215844813213,0.5906594865559998,1.3135215844813213,Milling,Milling
2670,0.9371379742619104,0.8245217983347655,1.0146112342339182,1.0146112342339182,Assembly,Assembly
2671,0.3906970386254124,0.2116169659799143,0.42945358551955115,0.42945358551955115,Assembly,No clear abnormal zone
2672,0.27618992571925016,0.3639674105369621,0.8083761732676218,0.8083761732676218,Assembly,No clear abnormal zone
2673,0.3135260913314913,0.4383735520442308,0.7946128646181725,0.7946128646181725,Assembly,No clear abnormal zone
2674,1.2582812176722034,1.1640504644577672,1.550332507839836,1.550332507839836,Assembly,Assembly
2675,0.5759948708946836,0.44696111711737063,0.4544467629878557,0.5759948708946836,Drilling,No clear abnormal zone
2676,0.3947545200341987,0.7384343091458454,0.8480728569490503,0.8480728569490503,Assembly,No clear abnormal zone
2677,1.1074227369079337,1.0205744787308837,1.2950498475930885,1.2950498475930885,Assembly,Assembly
2678,1.4467336525262322,0.6445766098566575,0.9157918902508912,1.4467336525262322,Drilling,Drilling
2679,0.47656022343299387,1.0561477481756638,0.8532740658741649,1.0561477481756638,Milling,Milling
2680,1.34047966502662,1.2447695092753803,1.6684622038506898,1.6684622038506898,Assembly,Assembly
2681,0.9541547141971324,0.8870971665633933,1.0273224784944306,1.0273224784944306,Assembly,Assembly
2682,1.1941832484080463,0.807427856016644,0.9099966628121109,1.1941832484080463,Drilling,Drilling
2683,1.4427299669939067,1.1617865059494754,0.9187895332259186,1.4427299669939067,Drilling,Drilling
2684,1.0106558631486788,0.9300949271125465,1.1187273075856061,1.1187273075856061,Assembly,Assembly
2685,1.2511025034113632,1.1606230282852859,1.5397725610147543,1.5397725610147543,Assembly,Assembly
2686,1.1110672143251263,1.024603827257092,1.2974198543716402,1.2974198543716402,Assembly,Assembly
2687,1.3166860589300087,2.120140389722458,0.9170018455738846,2.120140389722458,Milling,Milling
2688,0.7935428710181136,0.7685875526020713,0.7355896479034464,0.7935428710181136,Drilling,No clear abnormal zone
2689,0.3208165984696514,0.23654005584899612,0.7347528830415748,0.7347528830415748,Assembly,No clear abnormal zone
2690,0.569204265425438,0.5379174691773244,0.8428977601729244,0.8428977601729244,Assembly,No clear abnormal zone
2691,1.2365295688762132,1.140389679560182,1.508401790008755,1.508401790008755,Assembly,Assembly
2692,0.5187089200443687,0.4742629062093624,0.4201872728432368,0.5187089200443687,Drilling,No clear abnormal zone
2693,0.5304142494645075,0.42940495441055304,0.8503356068381315,0.8503356068381315,Assembly,No clear abnormal zone
2694,1.3607561292282984,0.6402954610913105,0.9146130475889208,1.3607561292282984,Drilling,Drilling
2695,1.206383620128742,0.8832862179005092,0.919780015537127,1.206383620128742,Drilling,Drilling
2696,1.220486876371698,1.1219014436304162,1.4820671860266774,1.4820671860266774,Assembly,Assembly
2697,0.3544908176500578,0.4675794120821328,0.361559280044101,0.4675794120821328,Milling,No clear abnormal zone
2698,1.3896108828098876,1.4811345730541574,0.9105510214395591,1.4811345730541574,Milling,Milling
2699,1.3376538959271325,1.2397290346010044,1.6681925145012473,1.6681925145012473,Assembly,Assembly
2700,1.355718417581329,0.7034424046086087,0.8993017866748989,1.355718417581329,Drilling,Drilling
2701,0.26991883748262924,0.42903587668331256,0.5623833250590706,0.5623833250590706,Assembly,No clear abnormal zone
2702,0.2889077075711131,0.31148033894319216,0.3528567956372617,0.3528567956372617,Assembly,No clear abnormal zone
2703,1.1271713074434215,1.037360904912342,1.3071061255395042,1.3071061255395042,Assembly,Assembly
2704,0.2680301737446511,0.34941372616274297,0.2979106904187179,0.34941372616274297,Milling,No clear abnormal zone
2705,1.505638210045074,0.599411297999722,0.9179892440023014,1.505638210045074,Drilling,Drilling
2706,1.4021640729791756,0.5909536025457931,0.9215482638048318,1.4021640729791756,Drilling,Drilling
2707,0.5453846749517676,0.4784049246372103,0.36386369380733996,0.5453846749517676,Drilling,No clear abnormal zone
2708,0.32300732560574685,0.47615290001445854,0.8194147091038445,0.8194147091038445,Assembly,No clear abnormal zone
2709,1.356674524173025,0.8646060629950296,0.9118565430118419,1.356674524173025,Drilling,Drilling
2710,1.4056654044677162,0.813497854388636,0.9110098318698756,1.4056654044677162,Drilling,Drilling
2711,1.030917290374067,0.9523786751145548,1.157091395627649,1.157091395627649,Assembly,Assembly
2712,1.4715887665922056,1.93133550198342,0.9151578266112061,1.93133550198342,Milling,Milling
2713,1.4392163149030943,1.3440915430973903,1.6684622038506898,1.6684622038506898,Assembly,Assembly
2714,1.4401929029020935,1.4526857122499357,0.8902611378308096,1.4526857122499357,Milling,Milling
2715,0.5360206617710701,0.857774520866041,0.36571075870566827,0.857774520866041,Milling,No clear abnormal zone
2716,0.6491858978975884,0.5430960092894741,0.5186120673771821,0.6491858978975884,Drilling,No clear abnormal zone
2717,1.5276987828079778,0.8915946636956814,0.9197551692663046,1.5276987828079778,Drilling,Drilling
2718,1.4004965295533782,0.9048605536942912,0.9189946466793196,1.4004965295533782,Drilling,Drilling
2719,0.49069608474885174,0.3628672099223715,0.37647109429235703,0.49069608474885174,Drilling,No clear abnormal zone
2720,0.4444939933429619,0.5656911257396342,0.3440499446214971,0.5656911257396342,Milling,No clear abnormal zone
2721,1.365339308553648,0.8564519526959866,0.9112628336558319,1.365339308553648,Drilling,Drilling
2722,0.4838107543396991,0.5550385041146697,0.36122238175391386,0.5550385041146697,Milling,No clear abnormal zone
2723,0.44266616732849046,1.9936506476887086,0.8059451921884575,1.9936506476887086,Milling,Milling
2724,1.2091822727272024,0.9091161377135712,0.897479010484526,1.2091822727272024,Drilling,Drilling
2725,0.6825185293256655,0.3797010022333599,0.5540293548741826,0.6825185293256655,Drilling,No clear abnormal zone
2726,0.6513007063553227,0.6532931898827801,0.47259163431995715,0.6532931898827801,Milling,No clear abnormal zone
2727,1.2189805769751494,1.6004301074904086,0.8825273413841321,1.6004301074904086,Milling,Milling
2728,0.44905258840342277,0.5253065687823644,0.28491046482675525,0.5253065687823644,Milling,No clear abnormal zone
2729,1.3832532300932512,1.0162794167961573,0.9082374910760598,1.3832532300932512,Drilling,Drilling
2730,0.27415113291016735,0.19466955881833364,0.5392884038353991,0.5392884038353991,Assembly,No clear abnormal zone
2731,1.440285699998084,1.3440655612691719,1.6684622038506898,1.6684622038506898,Assembly,Assembly
2732,1.1121198177086202,1.0180044428896107,1.2854439661422858,1.2854439661422858,Assembly,Assembly
2733,1.1520912464639212,0.685396240608006,0.9092989939985241,1.1520912464639212,Drilling,Drilling
2734,1.3539814619910864,1.256794765435811,1.6684622038506898,1.6684622038506898,Assembly,Assembly
2735,0.9758317427688956,0.9054706494185277,1.0485459436174507,1.0485459436174507,Assembly,Assembly
2736,1.3771224586877155,0.8715020571469319,0.9089949734493656,1.3771224586877155,Drilling,Drilling
2737,0.30297521649454945,0.6893683069487861,0.7865427681807569,0.7865427681807569,Assembly,No clear abnormal zone
2738,0.8901559355146689,0.8477498528789299,0.9224989666715238,0.9224989666715238,Assembly,No clear abnormal zone
2739,0.7516124375476096,0.7381498408441785,0.6597439806752083,0.7516124375476096,Drilling,No clear abnormal zone
2740,0.47046947661434624,0.14653362398940725,0.42924831500215005,0.47046947661434624,Drilling,No clear abnormal zone
2741,1.2835850767778851,0.6051991301104169,0.9064283831013591,1.2835850767778851,Drilling,Drilling
2742,0.6500392112174117,0.7340187637644942,0.8865641225104477,0.8865641225104477,Assembly,No clear abnormal zone
2743,0.657088450275964,0.6585631707064188,0.5057806192182953,0.6585631707064188,Milling,No clear abnormal zone
2744,0.5595420832528442,0.526406277564908,0.28735596668369434,0.5595420832528442,Drilling,No clear abnormal zone
2745,0.7364484932293951,0.7213352676821501,0.6394313096824166,0.7364484932293951,Drilling,No clear abnormal zone
2746,0.48270644780458954,0.46379440654644866,0.8547031847765194,0.8547031847765194,Assembly,No clear abnormal zone
2747,0.3053478239938685,0.12294184388386646,0.4350119943493401,0.4350119943493401,Assembly,No clear abnormal zone
2748,1.3910839537379316,0.8227673802651354,0.9148213387092596,1.3910839537379316,Drilling,Drilling
2749,0.8733077845928217,0.8230822721378805,0.8716504338674402,0.8733077845928217,Drilling,No clear abnormal zone
2750,0.7127332631309901,0.7051031205026848,0.6194116658496609,0.7127332631309901,Drilling,No clear abnormal zone
2751,0.4251357179901786,0.5094599540178932,0.34715694362429045,0.5094599540178932,Milling,No clear abnormal zone
2752,0.754371865032484,0.7236952837453243,0.6579270397468,0.754371865032484,Drilling,No clear abnormal zone
2753,1.46145563775984,0.7088287621412738,0.9190773384522084,1.46145563775984,Drilling,Drilling
2754,0.6444841450281937,0.5157746605959663,0.8664960632727687,0.8664960632727687,Assembly,No clear abnormal zone
2755,1.2780971723354115,0.6828911367836551,0.9000935103801784,1.2780971723354115,Drilling,Drilling
2756,0.8853012452538772,0.8317125694111029,0.9385296345074211,0.9385296345074211,Assembly,No clear abnormal zone
2757,0.7369843909800202,1.4459370970638263,0.6458887311669406,1.4459370970638263,Milling,Milling
2758,0.8492887882459127,0.8055380426333845,0.8277675093982846,0.8492887882459127,Drilling,No clear abnormal zone
2759,0.23457311930021665,1.473350837840544,0.6286403406512293,1.473350837840544,Milling,Milling
2760,0.547770564157732,1.6138397347245945,0.8773369962343216,1.6138397347245945,Milling,Milling
2761,1.4406039879620824,0.7945659955874698,0.9134395969514774,1.4406039879620824,Drilling,Drilling
2762,0.7229096355611178,0.5654421070228852,0.6479533219990303,0.7229096355611178,Drilling,No clear abnormal zone
2763,0.2457387548992907,0.19525489069014362,0.6118916453996164,0.6118916453996164,Assembly,No clear abnormal zone
2764,0.3014303737311923,0.05619159961058167,0.3557665466660446,0.3557665466660446,Assembly,No clear abnormal zone
2765,0.8672747185850944,1.1029948740430262,0.8970209105525059,1.1029948740430262,Milling,Milling
2766,0.5393622755648088,2.1751918165083035,0.4242268588096567,2.1751918165083035,Milling,Milling
2767,0.41890578983805266,1.2153093998616944,0.4111914114196196,1.2153093998616944,Milling,Milling
2768,0.29048870760342604,0.4934730453635071,0.3106809770183365,0.4934730453635071,Milling,No clear abnormal zone
2769,0.7386161363573314,0.5932101169585522,0.6057062250464471,0.7386161363573314,Drilling,No clear abnormal zone
2770,1.1133252159017502,1.0266282447057784,1.2914738054574513,1.2914738054574513,Assembly,Assembly
2771,0.5870176968345814,1.2975843454479945,0.41126385740774946,1.2975843454479945,Milling,Milling
2772,1.2616655395672802,0.7154709751520959,0.9134325146266147,1.2616655395672802,Drilling,Drilling
2773,0.41687720880811685,0.4280607435411803,0.3437346634466251,0.4280607435411803,Milling,No clear abnormal zone
2774,0.6718893036937397,0.8872646901745714,0.8713860651179267,0.8872646901745714,Milling,No clear abnormal zone
2775,0.8910285343403657,0.8417610414745814,0.9276493543559425,0.9276493543559425,Assembly,No clear abnormal zone
2776,0.2616379243471808,0.25422894048672023,0.7765884998951316,0.7765884998951316,Assembly,No clear abnormal zone
2777,0.2622504947637407,0.6730151033991436,0.6069847887698194,0.6730151033991436,Milling,No clear abnormal zone
2778,1.242911237352399,1.146534381933841,1.5210597448168364,1.5210597448168364,Assembly,Assembly
2779,0.3574089026051769,2.2484353971361726,0.7895140069284636,2.2484353971361726,Milling,Milling
2780,0.26795177385861013,0.417501603343457,0.3775285711722546,0.417501603343457,Milling,No clear abnormal zone
2781,0.7051574789472415,0.3921289767311764,0.6400267552676738,0.7051574789472415,Drilling,No clear abnormal zone
2782,0.27011504148133875,0.24643304599158966,0.5782615395813023,0.5782615395813023,Assembly,No clear abnormal zone
2783,0.29971535429982454,0.5835476948602589,0.796928359365044,0.796928359365044,Assembly,No clear abnormal zone
2784,0.45838598131249697,0.14687703927457335,0.40700426661004485,0.45838598131249697,Drilling,No clear abnormal zone
2785,1.1518385947719048,0.7296752245727743,0.9092676016411732,1.1518385947719048,Drilling,Drilling
2786,1.440675630447637,1.2990954546139741,0.9154920389510834,1.440675630447637,Drilling,Drilling
2787,1.368860332609105,0.9465291050443936,0.9143898823786243,1.368860332609105,Drilling,Drilling
2788,0.7328268215578696,0.48190236429984895,0.8501608752737164,0.8501608752737164,Assembly,No clear abnormal zone
2789,1.2190530414721867,0.7487817793769551,0.8845055523690586,1.2190530414721867,Drilling,Drilling
2790,0.5749919024559071,0.915826621533128,0.8851939999060687,0.915826621533128,Milling,No clear abnormal zone
2791,1.0854975948499828,0.9930857044757829,1.2481727546198842,1.2481727546198842,Assembly,Assembly
2792,0.7312767117546535,0.7231236835245187,0.6286376200789592,0.7312767117546535,Drilling,No clear abnormal zone
2793,1.438249007476263,1.342095272629274,1.6684622038506898,1.6684622038506898,Assembly,Assembly
2794,1.1176184720667741,1.0219753323023275,1.3061081138522814,1.3061081138522814,Assembly,Assembly
2795,0.26032884212822716,0.13128690601020615,0.43029444492822644,0.43029444492822644,Assembly,No clear abnormal zone
2796,1.3531968147997944,0.7367654279342077,0.8975716930599396,1.3531968147997944,Drilling,Drilling
2797,1.128831175889093,1.0374756579869735,1.321030197319768,1.321030197319768,Assembly,Assembly
2798,1.2866669078499575,0.7815716066346012,0.8805113006940133,1.2866669078499575,Drilling,Drilling
2799,0.3463036736632,0.19336410506430893,0.27989478912139326,0.3463036736632,Drilling,No clear abnormal zone
2800,0.3076190957824578,0.04121443391489741,0.38518379515724777,0.38518379515724777,Assembly,No clear abnormal zone
2801,1.381616716230588,0.5816001443871577,0.9167137391647586,1.381616716230588,Drilling,Drilling
2802,0.27268161842722205,0.19867556507236525,0.4509510987548515,0.4509510987548515,Assembly,No clear abnormal zone
2803,1.4376721876371474,1.3422533287509364,1.6684622038506898,1.6684622038506898,Assembly,Assembly
2804,1.452443808959016,0.923353395073906,0.9168234923490484,1.452443808959016,Drilling,Drilling
2805,0.2277465221501268,1.07760825574106,0.7296563569459409,1.07760825574106,Milling,Milling
2806,0.35435869140547516,1.655255671983988,0.3895976259739339,1.655255671983988,Milling,Milling
2807,1.3249103902118402,1.2291630911255087,1.6536799375293167,1.6536799375293167,Assembly,Assembly
2808,1.2930045463239317,0.915921906285381,0.9062124807654317,1.2930045463239317,Drilling,Drilling
2809,0.3123281083983851,0.6373755819026949,0.7753184588049384,0.7753184588049384,Assembly,No clear abnormal zone
2810,0.8889606647180719,0.8396175406465608,0.9225285603027349,0.9225285603027349,Assembly,No clear abnormal zone
2811,1.2363201906208576,1.1409721055427453,1.5181956068438898,1.5181956068438898,Assembly,Assembly
2812,1.1193253325353194,1.0220597732440373,1.3125758715492521,1.3125758715492521,Assembly,Assembly
2813,0.24701154834195735,0.17827587520710533,0.37554496773136165,0.37554496773136165,Assembly,No clear abnormal zone
2814,0.945985380803589,0.7329704293387033,0.908716855269198,0.945985380803589,Drilling,No clear abnormal zone
2815,1.3116872814842495,1.2157954405071256,1.638188378547551,1.638188378547551,Assembly,Assembly
2816,0.6106489901376315,0.5194648738317387,0.4406079592023594,0.6106489901376315,Drilling,No clear abnormal zone
2817,1.2902030168532024,1.18291342973219,0.9107157653071457,1.2902030168532024,Drilling,Drilling
2818,0.6891088496047566,0.6843956034125946,0.5710054267326086,0.6891088496047566,Drilling,No clear abnormal zone
2819,0.28293092414613363,1.0940206464720665,0.5993930406408408,1.0940206464720665,Milling,Milling
2820,0.36466096609724785,1.6248986061209418,0.41615096690793796,1.6248986061209418,Milling,Milling
2821,1.3944866789435415,0.9934970755057311,0.9033021565777686,1.3944866789435415,Drilling,Drilling
2822,0.29639846837877,1.461594717651558,0.741757985570741,1.461594717651558,Milling,Milling
2823,0.6545846109661755,0.6620490659923918,0.5160822714239849,0.6620490659923918,Milling,No clear abnormal zone
2824,0.5252288333519972,0.503262958346584,0.4330483388537962,0.5252288333519972,Drilling,No clear abnormal zone
2825,1.4558101561699825,0.9052021031560309,0.9169410851083588,1.4558101561699825,Drilling,Drilling
2826,0.9995263801393972,0.710173540229381,0.9035771042781762,0.9995263801393972,Drilling,No clear abnormal zone
2827,0.3057085846854084,0.2945624019262702,0.7464520938419695,0.7464520938419695,Assembly,No clear abnormal zone
2828,1.3067221927621284,0.7161255440437533,0.8959577552325044,1.3067221927621284,Drilling,Drilling
2829,1.1632228641012312,1.0726420624806212,1.3899988927381752,1.3899988927381752,Assembly,Assembly
2830,0.9904811613499183,0.8448923393688181,0.8722158266456647,0.9904811613499183,Drilling,No clear abnormal zone
2831,1.3383570976411103,1.2430612040700182,1.6683603456749272,1.6683603456749272,Assembly,Assembly
2832,0.39918479789993583,1.3467574799575086,0.808925817674683,1.3467574799575086,Milling,Milling
2833,1.0289559655548377,1.3152680868282518,0.914137048852676,1.3152680868282518,Milling,Milling
2834,0.7301023418520234,0.6966601710475537,0.9057699254423259,0.9057699254423259,Assembly,No clear abnormal zone
2835,1.1809591774399812,1.1498088831407784,0.9099327329729745,1.1809591774399812,Drilling,Drilling
2836,1.3391538028826433,0.6642675462379484,0.9170362894376063,1.3391538028826433,Drilling,Drilling
2837,1.0012518720184764,0.925678016315413,1.0925355240992873,1.0925355240992873,Assembly,Assembly
2838,0.3041584985535527,0.3358404680503234,0.40224039277142765,0.40224039277142765,Assembly,No clear abnormal zone
2839,1.1841984558510497,0.8476063798294176,0.9116002849317952,1.1841984558510497,Drilling,Drilling
2840,1.0621542190631812,0.9726271799061194,1.207667011297011,1.207667011297011,Assembly,Assembly
2841,0.9886545774276067,0.9108250711838761,1.0894399148347673,1.0894399148347673,Assembly,Assembly
2842,0.4360922064439807,1.0209977676680921,0.7731646014815576,1.0209977676680921,Milling,Milling
2843,0.8196124029224706,0.7782549578516795,0.8073765630892467,0.8196124029224706,Drilling,No clear abnormal zone
2844,1.448552747042641,1.0248152302246565,0.9175289863939351,1.448552747042641,Drilling,Drilling
2845,0.2842040439710466,0.36994080682752306,0.6599067238475251,0.6599067238475251,Assembly,No clear abnormal zone
2846,1.4393653807042142,1.3422165211609602,1.6684622038506898,1.6684622038506898,Assembly,Assembly
2847,1.4496671237859469,1.3550667003673262,1.6684622038506898,1.6684622038506898,Assembly,Assembly
2848,0.7174880739750765,0.6965182914288446,0.6117777852808731,0.7174880739750765,Drilling,No clear abnormal zone
2849,1.1653444722334245,0.6703269500564377,0.9030210210482237,1.1653444722334245,Drilling,Drilling
2850,0.26733680459714215,0.3761801946757425,0.4664573456513556,0.4664573456513556,Assembly,No clear abnormal zone
2851,0.2848088294574675,0.12996880658260615,0.3851422524176305,0.3851422524176305,Assembly,No clear abnormal zone
2852,0.6873017135169259,0.5187884695875146,0.9105806526913032,0.9105806526913032,Assembly,No clear abnormal zone
2853,1.3107863534920567,0.597604814839626,0.8946428453883506,1.3107863534920567,Drilling,Drilling
2854,1.3165349439811256,0.9616961325633239,0.9154701253259683,1.3165349439811256,Drilling,Drilling
2855,1.5417008904589382,0.8278137815783395,0.9097800204543676,1.5417008904589382,Drilling,Drilling
2856,1.3281250266185967,1.2315685753880654,1.6667348211501292,1.6667348211501292,Assembly,Assembly
2857,0.8808346911055794,0.8524634560142127,0.9096293916099027,0.9096293916099027,Assembly,No clear abnormal zone
2858,1.2264377784211509,1.1292586313209356,1.492813311551997,1.492813311551997,Assembly,Assembly
2859,0.7237767069265754,0.555627635801255,0.6592759319419552,0.7237767069265754,Drilling,No clear abnormal zone
2860,1.4235596831435726,0.910575343000299,0.9133305297514732,1.4235596831435726,Drilling,Drilling
2861,1.2732169173912076,0.7774959344479601,0.8846036981851267,1.2732169173912076,Drilling,Drilling
2862,1.3344506014835045,1.238261061306663,1.668390415263679,1.668390415263679,Assembly,Assembly
2863,0.5144192819657105,1.3093946329350385,0.30735929871984796,1.3093946329350385,Milling,Milling
2864,1.4492980055274483,0.7106310687115341,0.9187893579989262,1.4492980055274483,Drilling,Drilling
2865,1.087324824429954,1.0002112208646876,1.2534472259313456,1.2534472259313456,Assembly,Assembly
2866,0.26929724759763257,0.44246004932431465,0.42198444712525945,0.44246004932431465,Milling,No clear abnormal zone
2867,0.5867158621662771,0.30390311227289246,0.3631419783818575,0.5867158621662771,Drilling,No clear abnormal zone
2868,0.45359010731673766,0.9154949582965355,0.8252437830621465,0.9154949582965355,Milling,No clear abnormal zone
2869,1.2353885132605567,1.1389758350746289,1.5072071874121282,1.5072071874121282,Assembly,Assembly
2870,0.2826412541497588,0.5563181732929915,0.49237978203433774,0.5563181732929915,Milling,No clear abnormal zone
2871,1.202824931425305,0.6738045959120744,0.9182997781482501,1.202824931425305,Drilling,Drilling
2872,1.4716402029554767,1.5719454883024482,0.9129417601197185,1.5719454883024482,Milling,Milling
2873,1.4357278511008027,1.3419502074217213,1.6684622038506898,1.6684622038506898,Assembly,Assembly
2874,0.26670288701162037,0.18891843095566263,0.3369454190657157,0.3369454190657157,Assembly,No clear abnormal zone
2875,1.095562974979528,1.012771269655948,1.280632987887361,1.280632987887361,Assembly,Assembly
2876,0.277429536391277,1.5237794012601686,0.7295155412510317,1.5237794012601686,Milling,Milling
2877,0.3033468060115906,0.4140631060738818,0.3760231294081908,0.4140631060738818,Milling,No clear abnormal zone
2878,0.3332228838166688,0.07701491228628984,0.3897891339738385,0.3897891339738385,Assembly,No clear abnormal zone
2879,1.396851511618018,0.7676096698641698,0.9144230125351933,1.396851511618018,Drilling,Drilling
2880,1.22254065914107,1.125294237365273,1.4880767253926432,1.4880767253926432,Assembly,Assembly
2881,1.2369052176056998,1.1388199441053182,1.5102948526889621,1.5102948526889621,Assembly,Assembly
2882,0.28121145738239767,0.2805803341667332,0.7986084716229234,0.7986084716229234,Assembly,No clear abnormal zone
2883,0.3008541060648389,0.5252652856599249,0.697399075888495,0.697399075888495,Assembly,No clear abnormal zone
2884,0.8910880321765775,0.5732917282967195,0.8614427915156659,0.8910880321765775,Drilling,No clear abnormal zone
2885,1.001150192782349,0.9238506277307167,1.111485827136995,1.111485827136995,Assembly,Assembly
2886,0.4256426797229107,0.20387788562620163,0.35588654700556765,0.4256426797229107,Drilling,No clear abnormal zone
2887,1.4336854729000907,0.7025593807450079,0.9138499855164042,1.4336854729000907,Drilling,Drilling
2888,1.1624593675523265,2.522706071266993,0.8863799065573874,2.522706071266993,Milling,Milling
2889,1.3312412026590552,0.962265567631778,0.917056246892233,1.3312412026590552,Drilling,Drilling
2890,0.3492650230116896,0.1902869351874783,0.6419673374739612,0.6419673374739612,Assembly,No clear abnormal zone
2891,1.3723159944668022,0.8527148997372358,0.9013426478222115,1.3723159944668022,Drilling,Drilling
2892,1.144734475657079,0.7420927132193162,0.9188460907276153,1.144734475657079,Drilling,Drilling
2893,1.4800311135902215,0.5880535691452085,0.8966195289790233,1.4800311135902215,Drilling,Drilling
2894,1.2336751622396376,1.1388069531912093,1.5049668027047391,1.5049668027047391,Assembly,Assembly
2895,1.343595464326112,1.2464973008519058,1.6668577329564847,1.6668577329564847,Assembly,Assembly
2896,1.4578705958605944,0.8093105965004415,0.9136934638664553,1.4578705958605944,Drilling,Drilling
2897,1.319506754921249,1.2231872706352696,1.6480759774561764,1.6480759774561764,Assembly,Assembly
2898,1.22443318238128,1.1284120567514848,1.4923493571755355,1.4923493571755355,Assembly,Assembly
2899,0.3057606664391588,0.45908632628716683,0.48172663013027484,0.48172663013027484,Assembly,No clear abnormal zone
2900,1.022221447326183,0.8432620922620435,0.9137791701151123,1.022221447326183,Drilling,Drilling
2901,0.38061607718360835,1.0799365684391504,0.8138386957515985,1.0799365684391504,Milling,Milling
2902,1.4007215138617966,0.614315074419072,0.9056287427996693,1.4007215138617966,Drilling,Drilling
2903,1.2256791776060876,1.1321902476049153,1.4938816328794622,1.4938816328794622,Assembly,Assembly
2904,0.27592760181130815,0.4287152798882955,0.5049633377404663,0.5049633377404663,Assembly,No clear abnormal zone
2905,0.8794382610530141,0.8388727282376324,0.9056602879054134,0.9056602879054134,Assembly,No clear abnormal zone
2906,0.9930509635496343,0.9143975725639106,1.0907541097644402,1.0907541097644402,Assembly,Assembly
2907,0.32941608590707216,0.4704921733902975,0.7661749966728191,0.7661749966728191,Assembly,No clear abnormal zone
2908,1.5061846275719089,1.2585560037761963,0.9192452250634313,1.5061846275719089,Drilling,Drilling
2909,0.7335655586611884,0.8909072345196163,0.9035209235086283,0.9035209235086283,Assembly,No clear abnormal zone
2910,0.7105690937833599,0.7036351472083433,0.6024602947291352,0.7105690937833599,Drilling,No clear abnormal zone
2911,1.124839949788221,1.0379714778754754,1.3205466363275449,1.3205466363275449,Assembly,Assembly
2912,0.2928163195358131,0.5245445030801382,0.7084066934269768,0.7084066934269768,Assembly,No clear abnormal zone
2913,0.950116485961527,0.8834662060698675,1.0133887902335406,1.0133887902335406,Assembly,Assembly
2914,0.8270697423441298,1.180878848013514,0.8987101753282625,1.180878848013514,Milling,Milling
2915,1.1062892974220777,1.3247763446639882,0.9152356751393196,1.3247763446639882,Milling,Milling
2916,1.3340973803460685,1.2379644354345025,1.6682675290532218,1.6682675290532218,Assembly,Assembly
2917,0.9914534990309928,0.9206678537739588,1.0851839586178311,1.0851839586178311,Assembly,Assembly
2918,1.0069725033566828,0.7938922120958222,0.8756845573085454,1.0069725033566828,Drilling,Drilling
2919,1.4921896455645278,0.8945847509889204,0.8988727305692414,1.4921896455645278,Drilling,Drilling
2920,0.29763664107817994,1.2873137997858843,0.7166509313023406,1.2873137997858843,Milling,Milling
2921,0.47939933158362286,0.4349234584031199,0.8747308322722673,0.8747308322722673,Assembly,No clear abnormal zone
2922,0.7964906925219273,0.7694795953709042,0.7351976859546654,0.7964906925219273,Drilling,No clear abnormal zone
2923,0.2561119008217861,0.4158461202652132,0.7269484859014913,0.7269484859014913,Assembly,No clear abnormal zone
2924,1.4079331566318158,0.7271016903675558,0.9139742541770477,1.4079331566318158,Drilling,Drilling
2925,1.0342129630448964,0.9538553090183024,1.1617899601852568,1.1617899601852568,Assembly,Assembly
2926,1.1003518487794148,1.0093611547022787,1.2718163979580548,1.2718163979580548,Assembly,Assembly
2927,1.0590404712213513,0.6421356489228753,0.9050310739981142,1.0590404712213513,Drilling,Drilling
2928,1.0052218556284276,0.7662522982864337,0.8914904391217311,1.0052218556284276,Drilling,Drilling
2929,0.4726696052489574,0.5324430462294477,0.43523044700896596,0.5324430462294477,Milling,No clear abnormal zone
2930,1.2492688640342566,1.1512652398219472,1.5292421613122467,1.5292421613122467,Assembly,Assembly
2931,0.6946180447129138,0.6829297952706048,0.5882159015886645,0.6946180447129138,Drilling,No clear abnormal zone
2932,1.400050501253433,0.7146340771136985,0.909147551889147,1.400050501253433,Drilling,Drilling
2933,1.5249597357985016,0.6333133617022133,0.918017282780669,1.5249597357985016,Drilling,Drilling
2934,1.3347049855136763,1.2399780271214311,1.6684622038506898,1.6684622038506898,Assembly,Assembly
2935,1.142578407136362,0.9578559103814606,0.9084428767469506,1.142578407136362,Drilling,Drilling
2936,1.281682358941593,0.6852451279070794,0.9186835606214729,1.281682358941593,Drilling,Drilling
2937,0.2005840421468464,0.4185893167040379,0.3375488243089992,0.4185893167040379,Milling,No clear abnormal zone
2938,1.0998918719724284,1.0053296410237187,1.2794099391963578,1.2794099391963578,Assembly,Assembly
2939,1.499791668319787,0.5914361245725666,0.9185039221088844,1.499791668319787,Drilling,Drilling
2940,0.7772978381785759,0.7459790317473325,0.7220428495759685,0.7772978381785759,Drilling,No clear abnormal zone
2941,0.2988109806450244,0.5535819907797743,0.3744094629676353,0.5535819907797743,Milling,No clear abnormal zone
2942,1.1192522160531628,0.8611418031448324,0.904012027580887,1.1192522160531628,Drilling,Drilling
2943,0.8193604676269817,0.8352790583057351,0.8894755469767301,0.8894755469767301,Assembly,No clear abnormal zone
2944,1.1304440110707246,0.5320441373652021,0.8831448555731332,1.1304440110707246,Drilling,Drilling
2945,1.4455464160878582,1.4590125780233199,0.9179457585147299,1.4590125780233199,Milling,Milling
2946,0.7363075791684057,0.6853242184360675,0.671397621441683,0.7363075791684057,Drilling,No clear abnormal zone
2947,0.4578073924542796,0.493554509508174,0.45154917047096077,0.493554509508174,Milling,No clear abnormal zone
2948,1.319567929899702,0.6349784894822985,0.9060337743105626,1.319567929899702,Drilling,Drilling
2949,0.46991164581271533,1.8368868140295915,0.3560252379288812,1.8368868140295915,Milling,Milling
2950,1.3260202823180036,1.2292670184383825,1.6569539912423843,1.6569539912423843,Assembly,Assembly
2951,0.6833792757090755,0.6851382506691714,0.5471310775556019,0.6851382506691714,Milling,No clear abnormal zone
2952,0.3427879011406216,0.724695680324278,0.7912126632671732,0.7912126632671732,Assembly,No clear abnormal zone
2953,0.43604358753041317,0.3812003799121698,0.8656004002596698,0.8656004002596698,Assembly,No clear abnormal zone
2954,0.47218093665502614,0.5284180280079424,0.32965863850342025,0.5284180280079424,Milling,No clear abnormal zone
2955,1.3717978346098847,1.222941262746804,0.908117430729072,1.3717978346098847,Drilling,Drilling
2956,0.2811101085991947,0.6514622618447956,0.46442466194982357,0.6514622618447956,Milling,No clear abnormal zone
2957,1.1256384797391807,0.8702104077106134,0.8827495008137529,1.1256384797391807,Drilling,Drilling
2958,0.28193740949750534,0.8075872462365238,0.6883120995809977,0.8075872462365238,Milling,No clear abnormal zone
2959,1.4840625338102127,0.8013320966860198,0.9162244745596622,1.4840625338102127,Drilling,Drilling
2960,0.8446640941383168,0.8049707727172819,0.8503316357767954,0.8503316357767954,Assembly,No clear abnormal zone
2961,1.1937826579654898,1.10377911844806,1.435531229260846,1.435531229260846,Assembly,Assembly
2962,0.2836253822000091,0.43550196930656154,0.32473798095512657,0.43550196930656154,Milling,No clear abnormal zone
2963,0.7559752788054902,0.6239505343223246,0.8889737328093754,0.8889737328093754,Assembly,No clear abnormal zone
2964,1.2409140143505275,1.5322635096764572,0.908921663103951,1.5322635096764572,Milling,Milling
2965,1.4395914450181677,0.6441862398670205,0.9166070017001811,1.4395914450181677,Drilling,Drilling
2966,1.1032295025315557,1.0132324471068253,1.280557905882799,1.280557905882799,Assembly,Assembly
2967,1.5270957494838229,0.7325665349028327,0.9181974885797033,1.5270957494838229,Drilling,Drilling
2968,1.1759127298884706,0.6836727793361833,0.9157951336926471,1.1759127298884706,Drilling,Drilling
2969,1.2332046178478413,1.1347451273797278,1.50625423020518,1.50625423020518,Assembly,Assembly
2970,0.9377240574037792,0.5962481185962688,0.9039193567625405,0.9377240574037792,Drilling,No clear abnormal zone
2971,0.6851786230505432,0.6423805866957029,0.5564069703121131,0.6851786230505432,Drilling,No clear abnormal zone
2972,1.3287909618822946,1.2334847352191747,1.663336482316212,1.663336482316212,Assembly,Assembly
2973,1.398600919047786,0.8387709996841566,0.91410722353316,1.398600919047786,Drilling,Drilling
2974,0.5689431209118192,1.781328698367065,0.36568813892537333,1.781328698367065,Milling,Milling
2975,0.42168749325000543,0.7463044217571149,0.8344545929434481,0.8344545929434481,Assembly,No clear abnormal zone
2976,1.1970957436121,1.3744165552786483,0.9075053302273073,1.3744165552786483,Milling,Milling
2977,0.3176284022595911,0.18412528399709024,0.6606198510064909,0.6606198510064909,Assembly,No clear abnormal zone
2978,0.5139460931582558,0.5094792050537211,0.3870415560863807,0.5139460931582558,Drilling,No clear abnormal zone
2979,1.298304731030816,0.6018319383287395,0.9169710620840024,1.298304731030816,Drilling,Drilling
2980,0.2653805036757592,1.1008796112436745,0.44693854386858595,1.1008796112436745,Milling,Milling
2981,0.6211567620381298,0.6457692854611926,0.4494309697286172,0.6457692854611926,Milling,No clear abnormal zone
2982,1.3445352269853452,1.2473525360307627,1.668196461996705,1.668196461996705,Assembly,Assembly
2983,0.6789770040123793,0.6886674490021751,0.581854108047132,0.6886674490021751,Milling,No clear abnormal zone
2984,1.015714882091142,0.7171608099079407,0.9189459055135014,1.015714882091142,Drilling,Drilling
2985,1.4871874650582386,1.3299867925139934,0.919414874375784,1.4871874650582386,Drilling,Drilling
2986,0.5438291036521123,0.6316954979215406,0.8585034776411853,0.8585034776411853,Assembly,No clear abnormal zone
2987,1.1868301071976617,1.0916347789082947,1.4293529111168861,1.4293529111168861,Assembly,Assembly
2988,0.5200322189643651,0.5250584193650937,0.8601564503748572,0.8601564503748572,Assembly,No clear abnormal zone
2989,0.2566406841513461,0.5445930850963068,0.3403902474936732,0.5445930850963068,Milling,No clear abnormal zone
2990,0.9898175385471206,0.7617870157952992,0.8802457968478856,0.9898175385471206,Drilling,No clear abnormal zone
2991,0.7351513171857829,0.720809000364306,0.6610403474997673,0.7351513171857829,Drilling,No clear abnormal zone
2992,1.2356912676807725,1.1391728639386187,1.5047477256169781,1.5047477256169781,Assembly,Assembly
2993,1.3733333453280119,0.801613402103837,0.9040321746845585,1.3733333453280119,Drilling,Drilling
2994,1.2721963651455894,2.2015936680116637,0.9086983109367492,2.2015936680116637,Milling,Milling
2995,1.138876181980856,0.9600787637567266,0.9058906345465032,1.138876181980856,Drilling,Drilling
2996,1.573521785113975,0.6285296858766146,0.9195114793787114,1.573521785113975,Drilling,Drilling
2997,0.7992023964920203,0.7997295390820611,0.9112455212829993,0.9112455212829993,Assembly,No clear abnormal zone
2998,1.3765879926791031,0.9008811185416787,0.9220849455075903,1.3765879926791031,Drilling,Drilling
2999,1.521699459738306,0.6800813725791772,0.9159108843628141,1.521699459738306,Drilling,Drilling
