Demand,Entities In Part 1,Part 1 VA Time,Drilling Queue Time,Part 1 Storage Time,Part 1 Stored,Entities In Part 2,Part 2 VA Time,Milling Queue Time,Part 2 Storage Time,Part 2 Stored,Entities Out,Assembly Time,Assembly Queue Time,Drilling Utilization,Milling Utilization,Assembly Utilization,WIP_Stored,Drilling_Util_Pct,Milling_Util_Pct,Assembly_Util_Pct,Drilling_Score,Milling_Score,Assembly_Score,Bottleneck_Zone,Bottleneck_Score,Throughput_Gap,Throughput_Loss_Percent
7,4921,3.001686,0.028374,1.52469,15,5138,3.001738,0.00226,32.317876,232,4906,3.007488,0.178454,0.341792,0.267625,0.512982,247.0,34.1792,26.7625,51.29820000000001,0.34219154683666464,0.2683018023305958,0.573673600055912,Assembly,0.573673600055912,15,0.30481609428977846
13,2160,2.996812,0.0,15.424312,6,2265,2.990346,0.0,16.641485,111,2154,3.020345,0.0,0.149739,0.117389,0.225907,117.0,14.9739,11.7389,22.5907,0.149739,0.117389,0.22590699999999997,Assembly,0.22590699999999997,6,0.2777777777777778
3,2214,2.99685,0.0,2.548998,14,2241,2.985284,0.0,10.723775,41,2200,3.002305,0.0,0.15331,0.116007,0.230056,55.0,15.331,11.6007,23.0056,0.15331,0.116007,0.230056,Assembly,0.230056,14,0.6323396567299007
10,5688,3.014338,0.072612,0.156063,53,6056,3.006632,0.012824,58.827262,421,5635,2.99452,0.329992,0.395501,0.315421,0.586787,474.0,39.5501,31.5421,58.67869999999999,0.39652348166997564,0.31926140402104436,0.699016159815137,Assembly,0.699016159815137,53,0.9317862165963432
9,12444,2.992463,4.312082,134.594359,2885,12699,2.998766,1.118083,163.426465,3140,9559,2.996595,2.905791,0.855678,0.660039,0.995767,6025.0,85.5678,66.0039,99.5767,0.9163983327884098,0.9948713806192562,1.9840166621990443,Assembly,1.9840166621990443,2885,23.183863709418194
6,4344,3.002647,0.010083,34.012687,15,4440,2.989268,0.000709,6.040711,111,4329,2.997195,0.118102,0.301596,0.230234,0.450989,126.0,30.159599999999998,23.0234,45.0989,0.30173798318016803,0.2304463242709701,0.49115508957940596,Assembly,0.49115508957940596,15,0.3453038674033149
2,1484,3.000951,0.0,49.167148,42,1446,3.005436,0.0,1.19044,4,1442,3.006816,0.0,0.103037,0.075335,0.15055,46.0,10.303700000000001,7.5335,15.055,0.103037,0.075335,0.15055,Assembly,0.15055,42,2.8301886792452833
6,4452,3.003074,0.010916,20.762189,201,4272,3.005985,0.000273,0.270143,21,4251,3.00291,0.07978,0.309447,0.222588,0.443725,222.0,30.944700000000005,22.2588,44.372499999999995,0.3096007130213939,0.22266975532577551,0.4708579073736685,Assembly,0.4708579073736685,201,4.514824797843666
17,10880,2.998147,2.840057,89.294724,1342,12087,2.998391,0.740226,136.116087,2549,9538,2.997316,2.898592,0.754237,0.628347,0.993782,3891.0,75.42370000000001,62.8347,99.3782,0.7942290980579806,0.8500225229945089,1.9795833067191866,Assembly,1.9795833067191866,1342,12.334558823529413
4,6471,3.002582,0.122692,2.976487,39,6471,2.998705,0.017229,14.240041,39,6432,2.99527,0.553202,0.449556,0.336812,0.670091,78.0,44.955600000000004,33.6812,67.0091,0.45128368028773014,0.3419715696255905,0.8582331236516445,Assembly,0.8582331236516445,39,0.602688919796013
4,2896,3.003175,0.0,0.966012,8,2964,3.005347,0.0,30.937608,76,2888,3.004008,0.001668,0.201059,0.154311,0.301293,84.0,20.1059,15.4311,30.129299999999997,0.201059,0.154311,0.3018602811418811,Assembly,0.3018602811418811,8,0.2762430939226519
2,8388,2.998351,0.483585,9.204625,136,8292,3.003483,0.103494,7.618948,40,8252,2.99002,1.638816,0.582214,0.431418,0.857151,176.0,58.2214,43.1418,85.7151,0.5890235741526908,0.46241135416047763,1.4145067624778895,Assembly,1.4145067624778895,136,1.6213638531235097
11,7700,3.001519,0.398978,39.243106,61,7700,2.996654,0.104889,2.797306,61,7639,2.998147,1.418421,0.534993,0.399782,0.796389,122.0,53.499300000000005,39.9782,79.6389,0.5406111855853517,0.43119311489108875,1.2787891705924586,Assembly,1.2787891705924586,61,0.7922077922077922
5,3525,3.00657,0.001283,3.772165,25,3805,3.00024,0.0,25.509468,305,3500,3.011991,0.013375,0.245161,0.197376,0.366964,330.0,24.516099999999998,19.7376,36.696400000000004,0.24517906649014734,0.197376,0.37151279212989247,Assembly,0.37151279212989247,25,0.7092198581560284
17,11985,3.002511,3.175336,169.462444,2435,11900,3.002922,0.743024,136.584144,2350,9550,2.993077,2.916127,0.832491,0.619099,0.993693,4785.0,83.2491,61.90989999999999,99.36930000000001,0.8772043098663285,0.8416124402161934,1.9854579007377036,Assembly,1.9854579007377036,2435,20.317062995410932
3,2160,2.997298,0.0,13.773263,108,2067,3.001697,0.0,9.462253,15,2052,3.000259,0.0,0.149636,0.107519,0.214149,123.0,14.9636,10.751900000000001,21.4149,0.149636,0.107519,0.214149,Assembly,0.214149,108,5.0
19,11632,3.003639,2.612092,139.830228,2098,11408,2.998181,0.670901,121.829323,1874,9534,2.999378,2.916671,0.808758,0.593248,0.994038,3972.0,80.8758,59.324799999999996,99.4038,0.8455400221215511,0.7941627612385123,1.98598791329237,Assembly,1.98598791329237,2098,18.036451169188446
14,10944,3.006411,1.57395,96.170527,1409,10992,2.996993,0.575733,110.258228,1457,9535,3.004159,2.912325,0.76124,0.571926,0.995385,2866.0,76.12400000000001,57.192600000000006,99.5385,0.7834034857111525,0.7443407947791588,1.9858568534346865,Assembly,1.9858568534346865,1409,12.874634502923977
4,3016,3.000782,0.0,61.576474,196,2840,3.004235,0.0,0.121813,20,2820,2.990674,0.010693,0.209029,0.148134,0.293614,216.0,20.9029,14.813399999999998,29.3614,0.209029,0.148134,0.297250653027659,Assembly,0.297250653027659,196,6.49867374005305
2,5832,3.008472,0.082476,6.292182,408,5464,3.002409,0.000974,16.716862,40,5424,2.990789,0.299688,0.405475,0.284222,0.563451,448.0,40.5475,28.422199999999997,56.3451,0.40663638101433525,0.2845136838362833,0.6653738722110804,Assembly,0.6653738722110804,408,6.995884773662551
16,11792,2.997899,4.661894,104.103279,2279,10480,2.99974,0.472127,59.012659,967,9513,3.000464,2.896571,0.815959,0.543929,0.992118,3246.0,81.5959,54.3929,99.21180000000001,0.8816051901940386,0.6853168999722092,1.977231971474737,Assembly,1.977231971474737,2279,19.326662143826322
15,10695,3.000763,2.314811,82.347326,1175,9825,2.997944,0.293254,28.941233,305,9520,3.001078,2.872071,0.739878,0.510815,0.993348,1480.0,73.98780000000001,51.081500000000005,99.3348,0.7724738769481359,0.5986357923259001,1.9701296045825978,Assembly,1.9701296045825978,1175,10.9864422627396
13,2175,3.026309,0.0,12.478962,72,2103,3.016493,0.0,4.16108,0,2103,2.992564,0.0,0.15222,0.110133,0.21852,72.0,15.222,11.0133,21.852,0.15222,0.110133,0.21852,Assembly,0.21852,72,3.310344827586207
13,9295,3.011669,0.833375,9.381476,71,9451,3.001389,0.227746,60.84398,227,9224,3.004234,2.723025,0.647609,0.492194,0.963049,298.0,64.76089999999999,49.2194,96.3049,0.6593441217665945,0.5603971077804717,1.889140565570116,Assembly,1.889140565570116,71,0.7638515330823022
6,5808,2.990022,0.068259,2.242337,41,5800,3.003893,0.015487,8.130287,33,5767,2.988811,0.405018,0.401163,0.302054,0.598748,74.0,40.1163,30.205399999999997,59.87479999999999,0.40212418515274156,0.30669189278492776,0.7364932479151227,Assembly,0.7364932479151227,41,0.7059228650137741
16,11883,3.00237,7.079427,119.814785,2403,13158,3.00315,1.755235,242.348906,3678,9480,3.011391,2.912199,0.821341,0.686032,0.992432,6081.0,82.1341,68.6032,99.2432,0.9210295410322097,1.2116723268775575,1.9828610012620986,Assembly,1.9828610012620986,2403,20.222166119666753
4,3020,2.997025,0.0,19.4843,182,2840,2.996205,0.0,11.621884,2,2838,2.996073,0.006345,0.209064,0.14773,0.295469,184.0,20.9064,14.773,29.546899999999997,0.20906400000000003,0.14773,0.29762691297676014,Assembly,0.29762691297676014,182,6.026490066225165
15,7370,3.005726,0.307086,3.723112,58,7680,3.0034,0.034513,42.281651,368,7312,3.004908,1.054996,0.512476,0.400006,0.763894,426.0,51.247600000000006,40.0006,76.3894,0.5168002137126941,0.4103416101043593,1.1226945608873256,Assembly,1.1226945608873256,58,0.7869742198100407
4,2684,3.000419,0.00021,1.535322,22,2960,3.00823,0.0,62.416262,298,2662,2.995999,0.007051,0.186021,0.154349,0.277813,320.0,18.6021,15.434899999999999,27.781299999999998,0.18602395710283004,0.154349,0.2802110211818969,Assembly,0.2802110211818969,22,0.819672131147541
4,12818,2.998972,4.865114,171.896725,3291,12342,2.995471,0.856535,175.213876,2815,9527,3.003107,2.928326,0.884591,0.64133,0.994664,6106.0,88.4591,64.133,99.4664,0.9530988208469948,0.8978365859455109,1.9905777392567732,Assembly,1.9905777392567732,3291,25.67483226712436
11,8250,2.999394,0.519254,29.204307,506,7810,3.008363,0.077021,2.58651,66,7744,3.009052,1.391863,0.572007,0.407913,0.810214,572.0,57.200700000000005,40.7913,81.0214,0.5793188451090941,0.43097848332071564,1.2835818848813794,Assembly,1.2835818848813794,506,6.133333333333333
13,11008,2.999049,2.389546,126.937765,1691,11168,2.993805,0.682214,70.272518,1851,9317,3.008164,2.725469,0.764202,0.57906,0.974268,3542.0,76.42020000000001,57.906,97.4268,0.7978502535195791,0.7833626660022425,1.9011907616796826,Assembly,1.9011907616796826,1691,15.361555232558139
5,5075,2.999909,0.031449,21.85893,14,5152,3.000475,0.008047,1.153932,91,5061,2.997442,0.235663,0.352208,0.268124,0.526803,105.0,35.220800000000004,26.812399999999997,52.6803,0.35265084727096163,0.2705338355550018,0.6069511868939691,Assembly,0.6069511868939691,14,0.27586206896551724
6,2157,2.995424,0.0,30.254228,161,2004,3.001507,0.0,3.425163,8,1996,3.001547,0.000326,0.149563,0.104213,0.208211,169.0,14.9563,10.4213,20.8211,0.149563,0.104213,0.20832187149415662,Assembly,0.20832187149415662,161,7.464070468242929
15,6750,3.001927,0.21637,19.038573,189,6579,2.994752,0.039446,1.72899,18,6561,3.002265,0.817752,0.468565,0.342067,0.684223,207.0,46.856500000000004,34.2067,68.4223,0.47161180161588495,0.3538798958994164,0.9623376812563578,Assembly,0.9623376812563578,189,2.8000000000000003
2,1438,3.019039,0.0,39.826745,8,1470,2.997008,0.0,1.191979,40,1430,3.010241,0.0,0.100503,0.076377,0.149742,48.0,10.0503,7.6377,14.974199999999998,0.100503,0.076377,0.149742,Assembly,0.149742,8,0.5563282336578581
15,5768,2.998306,0.060379,3.113737,31,5880,3.002582,0.008229,15.247569,143,5737,3.003927,0.323694,0.399941,0.306514,0.598931,174.0,39.994099999999996,30.651400000000002,59.8931,0.4007912233894047,0.30897833910551886,0.7090182313789455,Assembly,0.7090182313789455,31,0.5374479889042996
5,3680,3.001688,0.000585,19.716896,65,3620,3.003379,0.0,4.788556,5,3615,2.999591,0.040224,0.255449,0.188754,0.376634,70.0,25.5449,18.8754,37.6634,0.25545723764359796,0.18875399999999998,0.39031404595385366,Assembly,0.39031404595385366,65,1.766304347826087
14,13050,3.001387,7.455477,180.841835,3489,13212,2.998427,0.952998,179.12931,3651,9561,2.99881,2.911755,0.904329,0.686479,0.996634,7140.0,90.4329,68.64789999999999,99.6634,1.009312867314289,0.9718733661296968,1.9869119983682162,Assembly,1.9869119983682162,3489,26.73563218390805
13,5536,3.015683,0.091219,8.234101,16,5696,3.001041,0.005092,19.587797,176,5520,3.003407,0.38252,0.386454,0.296779,0.576039,192.0,38.6454,29.6779,57.603899999999996,0.3877384950621593,0.298303901534245,0.7061327544318838,Assembly,0.7061327544318838,16,0.2890173410404624
14,10052,2.994976,1.159778,42.884169,633,10248,3.002703,0.362291,61.865238,829,9419,3.007877,2.797514,0.694401,0.533554,0.985028,1462.0,69.4401,53.355399999999996,98.50280000000001,0.7107323466953264,0.6420493067052544,1.9364530217916902,Assembly,1.9364530217916902,633,6.297254277755671
16,9724,2.999838,1.032037,55.042773,1168,8658,2.997506,0.214529,8.943913,102,8556,2.997497,2.237976,0.674937,0.450122,0.891501,1270.0,67.4937,45.0122,89.1501,0.6894695692066969,0.5143670120267175,1.652629046032756,Assembly,1.652629046032756,1168,12.011517893870835
16,8140,3.007745,0.542898,7.396024,77,8272,3.001294,0.108026,14.226949,209,8063,2.999109,1.664486,0.564039,0.43058,0.840543,286.0,56.40389999999999,43.058,84.0543,0.5716837867248725,0.46293055246236264,1.4066290424012045,Assembly,1.4066290424012045,77,0.945945945945946
14,682,2.988411,0.0,12.016986,2,702,2.98843,0.0,4.124204,22,680,2.978478,0.0,0.047178,0.036404,0.070477,24.0,4.7177999999999995,3.6404,7.0477,0.047178,0.036404,0.070477,Assembly,0.070477,2,0.2932551319648094
9,5677,2.998744,0.04874,35.341335,433,5257,2.996947,0.009165,8.048214,13,5244,2.996366,0.239247,0.392803,0.273526,0.546117,446.0,39.280300000000004,27.3526,54.6117,0.3934893294854103,0.2762706430796063,0.6274840931364764,Assembly,0.6274840931364764,433,7.627267923198873
14,9730,2.996054,1.045646,24.699138,304,9898,2.999336,0.324037,66.141226,472,9426,3.007082,2.771477,0.674806,0.514987,0.985519,776.0,67.4806,51.4987,98.5519,0.6895302035515255,0.6120263791147186,1.928088926413297,Assembly,1.928088926413297,304,3.1243576567317572
16,5656,2.997236,0.074673,0.237385,21,6088,2.988255,0.010939,56.295513,453,5635,3.001099,0.42699,0.392134,0.315838,0.588224,474.0,39.2134,31.5838,58.822399999999995,0.3931855035220362,0.3191139029621182,0.7334418505826364,Assembly,0.7334418505826364,21,0.3712871287128713
13,6705,2.999964,0.203375,19.902033,369,6336,3.003804,0.011318,5.542728,0,6336,3.003315,0.725906,0.465466,0.330418,0.660729,369.0,46.5466,33.0418,66.0729,0.4683298132764736,0.3338074021140191,0.9076071682124625,Assembly,0.9076071682124625,369,5.503355704697987
15,10010,3.001397,1.246123,35.378561,623,9898,3.003159,0.258628,30.806192,511,9387,2.999606,2.835647,0.695056,0.516064,0.978842,1134.0,69.5056,51.606399999999994,97.88419999999999,0.7126032088089446,0.593515342105011,1.943235925738545,Assembly,1.943235925738545,623,6.223776223776223
3,2301,3.007158,0.0,3.249643,48,2262,3.001732,0.0,15.845291,9,2253,2.982956,0.001128,0.160161,0.117881,0.233933,57.0,16.0161,11.7881,23.3933,0.16016100000000003,0.117881,0.23431662897364625,Assembly,0.23431662897364625,48,2.0860495436766624
13,9607,3.000355,0.742559,60.690001,457,9360,2.999404,0.29526,8.137791,210,9150,2.999467,2.4892,0.667232,0.487323,0.953792,667.0,66.7232,48.7323,95.3792,0.6776883015255807,0.5757445292618183,1.800360476241361,Assembly,1.800360476241361,457,4.756948058707193
4,2860,2.997501,0.000118,0.111943,17,2928,3.00728,0.0,47.353447,85,2843,2.998926,0.007253,0.19783,0.152476,0.296148,102.0,19.783,15.2476,29.614800000000002,0.19783166161016164,0.152476,0.2986147206966811,Assembly,0.2986147206966811,17,0.5944055944055944
10,6489,3.000376,0.141979,22.784405,324,6219,2.989765,0.025051,1.342304,54,6165,2.995438,0.622736,0.450681,0.322317,0.641904,378.0,45.0681,32.231700000000004,64.1904,0.4526802690605062,0.32981902441759064,0.8536944011813594,Assembly,0.8536944011813594,324,4.993065187239944
13,2868,3.00149,0.000193,1.137204,16,2900,2.991134,0.0,29.049308,48,2852,3.000825,0.008323,0.199259,0.150466,0.29754,64.0,19.9259,15.046599999999998,29.754,0.19926171771831522,0.150466,0.30037062406707254,Assembly,0.30037062406707254,16,0.5578800557880056
11,10860,2.999533,1.877193,63.109803,1351,10305,2.999835,0.35886,48.651328,796,9509,3.00594,2.928801,0.750336,0.535782,0.99347,2147.0,75.0336,53.578199999999995,99.347,0.7767695844420569,0.6432498249369915,1.9895452851454984,Assembly,1.9895452851454984,1351,12.440147329650092
5,3475,2.989087,4.2e-05,0.087577,16,3815,2.993564,0.00012,48.826363,356,3459,3.009632,0.020328,0.240035,0.198139,0.361638,372.0,24.0035,19.8139,36.1638,0.24003559142056602,0.1981749364069343,0.3685514838442208,Assembly,0.3685514838442208,16,0.46043165467625896
14,2908,3.004464,0.0,7.157588,4,2916,2.995139,0.0,9.601022,12,2904,2.988779,0.00198,0.202245,0.151629,0.301534,16.0,20.2245,15.1629,30.1534,0.20224499999999998,0.151629,0.302207391283528,Assembly,0.302207391283528,4,0.1375515818431912
18,8052,3.004879,0.29372,40.29446,595,7458,2.989378,0.0433,2.130415,1,7457,2.996724,1.066749,0.559452,0.387062,0.776025,596.0,55.94519999999999,38.7062,77.60249999999999,0.563588001158283,0.40002905350212264,1.1388227163192977,Assembly,1.1388227163192977,595,7.389468455042225
11,10164,3.003862,1.467536,40.356689,792,10094,3.001626,0.339088,49.192121,722,9372,2.999434,2.758715,0.705488,0.525736,0.977011,1514.0,70.5488,52.5736,97.7011,0.7261530231370766,0.6272827029544518,1.9152406135040119,Assembly,1.9152406135040119,792,7.792207792207792
2,5816,3.00172,0.075532,15.484732,65,5792,3.003941,0.014659,8.385615,41,5751,2.993513,0.422792,0.403758,0.301312,0.59844,106.0,40.3758,30.131200000000003,59.843999999999994,0.4048215994807553,0.3057019315770812,0.742230125022914,Assembly,0.742230125022914,65,1.1176066024759286
12,8652,2.999657,0.49355,36.494272,204,8484,3.001657,0.133897,3.607115,36,8448,2.996251,1.859286,0.600553,0.441299,0.879564,240.0,60.0553,44.1299,87.9564,0.6075028957226972,0.48139714232733755,1.5119008616089085,Assembly,1.5119008616089085,204,2.3578363384188625
20,14660,3.000825,50.858326,216.100193,5195,14360,3.00036,1.726576,249.081865,4895,9465,2.999829,2.860296,0.975622,0.747224,0.986833,10090.0,97.5622,74.7224,98.6833,1.691780570217688,1.2642818144914758,1.9596099670252531,Assembly,1.9596099670252531,5195,35.43656207366985
10,7330,2.992263,0.466412,74.588845,349,7020,2.998653,0.079085,0.984397,39,6981,3.001409,1.186257,0.507071,0.365073,0.728288,388.0,50.707100000000004,36.5073,72.8288,0.5136387535484037,0.38875658951998543,1.13172998172933,Assembly,1.13172998172933,349,4.761255115961801
14,9506,2.998735,1.190732,21.952299,327,9478,3.002638,0.254215,19.671267,299,9179,3.0076,2.643543,0.658039,0.491224,0.959578,626.0,65.8039,49.1224,95.9578,0.6748062236524743,0.5673537807400025,1.8586380069855846,Assembly,1.8586380069855846,327,3.439932674100568
11,13176,2.997239,8.738693,204.521588,3668,13032,2.997688,1.088821,175.26406,3524,9508,2.995796,2.892999,0.912024,0.677493,0.990144,7192.0,91.2024,67.7493,99.01440000000001,1.035077399053113,1.0035622877883297,1.9740431463915242,Assembly,1.9740431463915242,3668,27.838494231936856
12,3485,2.996851,0.002952,12.019497,63,3435,2.990044,0.000252,1.74642,13,3422,3.001756,0.027429,0.241425,0.178174,0.35702,76.0,24.1425,17.8174,35.702,0.2414665684169251,0.178249466454562,0.36634850985650985,Assembly,0.36634850985650985,63,1.8077474892395984
10,6900,2.995173,0.200969,5.832655,167,6790,3.002558,0.041035,15.241741,57,6733,2.997173,0.764339,0.477001,0.352946,0.701784,224.0,47.7001,35.294599999999996,70.1784,0.4798309333269066,0.36523475382123793,0.9617331011416703,Assembly,0.9617331011416703,167,2.420289855072464
20,4844,2.999518,0.0288,1.191378,7,5096,3.012682,0.000921,26.588311,259,4837,3.002151,0.184138,0.336217,0.266073,0.504215,266.0,33.6217,26.607300000000002,50.421499999999995,0.3366225455309769,0.2663488119232207,0.5668397091748882,Assembly,0.5668397091748882,7,0.1445086705202312
11,8217,2.998094,0.344917,47.249915,682,7557,2.99765,0.057913,0.811878,22,7535,3.004609,1.199074,0.569578,0.393028,0.786632,704.0,56.957800000000006,39.3028,78.6632,0.5744349287468049,0.4103712094565457,1.1944329999520464,Assembly,1.1944329999520464,682,8.299866131191433
8,5792,3.000072,0.06287,2.438532,13,5912,2.999939,0.012733,10.897977,133,5779,2.994391,0.336768,0.402232,0.306993,0.601666,146.0,40.2232,30.6993,60.1666,0.40311730026154585,0.3108061522457859,0.7161996544298774,Assembly,0.7161996544298774,13,0.2244475138121547
8,5760,3.006802,0.078851,62.154239,104,5688,2.993309,0.022727,0.467822,32,5656,2.99728,0.517276,0.400801,0.295312,0.589401,136.0,40.0801,29.531200000000002,58.940099999999994,0.40191133578691196,0.3021180560032966,0.7653248129182975,Assembly,0.7653248129182975,104,1.8055555555555554
13,8520,2.998118,0.437982,16.818081,139,8424,2.998322,0.117239,7.273499,43,8381,3.002683,1.934706,0.59088,0.438505,0.874925,182.0,59.087999999999994,43.8505,87.49249999999999,0.5970474181509844,0.4736145701047426,1.532911947772384,Assembly,1.532911947772384,139,1.631455399061033
18,2744,2.997469,0.0,9.804609,36,2712,3.001223,0.0,18.078889,4,2708,3.014039,0.001766,0.190395,0.141308,0.283842,40.0,19.0395,14.130799999999999,28.3842,0.190395,0.141308,0.2844426106094497,Assembly,0.2844426106094497,36,1.3119533527696794
13,9230,3.001273,0.647691,4.707358,103,9711,3.001745,0.231343,44.911859,584,9127,2.997344,2.265773,0.63841,0.505375,0.951013,687.0,63.841,50.5375,95.1013,0.6475304232813889,0.574655301578327,1.7215947114409518,Assembly,1.7215947114409518,103,1.1159263271939328
9,6453,3.002477,0.135092,7.592586,67,6507,2.998844,0.023079,6.009931,121,6386,2.985843,0.528024,0.447037,0.338599,0.663391,188.0,44.703700000000005,33.859899999999996,66.3391,0.448939290169123,0.3455104694636371,0.842970171259388,Assembly,0.842970171259388,67,1.0382767704943436
17,12172,3.002086,3.454343,133.298548,2669,12036,2.993005,0.75917,131.352821,2533,9503,3.005701,2.899589,0.841831,0.625413,0.992887,5202.0,84.1831,62.5413,99.28869999999999,0.8904731307677621,0.852761683769202,1.9790273830372056,Assembly,1.9790273830372056,2669,21.92737430167598
8,5448,2.999092,0.060044,2.060048,37,5688,2.992352,0.016003,14.678755,277,5411,3.004534,0.331416,0.377188,0.295221,0.565438,314.0,37.7188,29.522100000000002,56.5438,0.3780335061063188,0.30001341933474523,0.6781514573847047,Assembly,0.6781514573847047,37,0.6791483113069016
16,11584,2.998745,2.690896,121.227896,2037,11248,3.002832,0.535031,78.189025,1701,9547,2.995035,2.918434,0.800012,0.584641,0.993991,3738.0,80.0012,58.464099999999995,99.39909999999999,0.8379036960806868,0.7448667644871635,1.9865405036119959,Assembly,1.9865405036119959,2037,17.584599447513813
10,7290,2.995868,0.260466,33.198495,590,6710,3.004057,0.021796,1.394027,10,6700,3.000435,0.741966,0.50521,0.349452,0.698018,600.0,50.52100000000001,34.9452,69.8018,0.5088777368844253,0.35597924937949804,0.9503581197344118,Assembly,0.9503581197344118,590,8.093278463648835
11,3450,3.001439,0.000615,9.394379,15,3460,3.013031,0.0,10.367626,25,3435,3.001844,0.035888,0.239152,0.180991,0.358176,40.0,23.9152,18.0991,35.8176,0.23916066008685938,0.180991,0.3703813870622489,Assembly,0.3703813870622489,15,0.43478260869565216
12,13813,3.00226,9.566108,205.617376,4287,13908,3.000095,1.373233,242.365045,4382,9526,3.000077,2.89939,0.942984,0.724398,0.9933,8669.0,94.2984,72.4398,99.33,1.0776885954251028,1.1356401658632884,1.9793727038122448,Assembly,1.9793727038122448,4287,31.035980597987407
2,1426,3.006494,0.0,3.15321,6,1532,3.014824,0.0,14.721767,112,1420,3.003057,0.0,0.099117,0.080168,0.148072,118.0,9.9117,8.0168,14.807200000000002,0.099117,0.080168,0.148072,Assembly,0.148072,6,0.42075736325385693
17,12257,2.992139,6.336637,168.365923,2691,12988,3.007208,1.086069,178.759912,3422,9566,2.992412,2.899798,0.84663,0.677405,0.994959,6113.0,84.663,67.7405,99.4959,0.935858986693516,1.0026501461893034,1.9811704632282447,Assembly,1.9811704632282447,2691,21.95480133801093
13,9503,3.000836,0.83671,10.63838,321,10036,2.999735,0.32264,68.821822,854,9182,2.999892,2.643458,0.658255,0.521934,0.957765,1175.0,65.8255,52.193400000000004,95.7765,0.6700370833758241,0.6185550194439919,1.8567960987739176,Assembly,1.8567960987739176,321,3.377880669262338
7,5166,3.002963,0.024798,8.693909,163,5033,2.999159,0.000542,15.721285,30,5003,2.998581,0.183414,0.358809,0.26122,0.521656,193.0,35.8809,26.122,52.1656,0.3591581915999016,0.2613823127713199,0.5840344792308103,Assembly,0.5840344792308103,163,3.1552458381726676
14,4392,2.996823,0.001896,5.264928,18,4422,3.005645,4.7e-05,12.114801,48,4374,2.999735,0.070531,0.304694,0.230767,0.456463,66.0,30.4694,23.0767,45.646300000000004,0.3047206984141227,0.23078107509271592,0.48045035384773405,Assembly,0.48045035384773405,18,0.4098360655737705
2,1312,2.997991,0.0,1.344226,2,1410,3.006091,0.0,56.160713,100,1310,2.987713,0.0,0.090945,0.073497,0.135899,102.0,9.0945,7.3497,13.5899,0.090945,0.073497,0.135899,Assembly,0.135899,2,0.1524390243902439
9,6120,3.001181,0.166887,0.692328,27,6723,3.002006,0.026845,106.709406,630,6093,3.001464,0.567485,0.425167,0.349544,0.636043,657.0,42.5167,34.9544,63.6043,0.4275170096190331,0.35758327370125825,0.8290427235014579,Assembly,0.8290427235014579,27,0.4411764705882353
5,3590,3.001041,0.000102,46.765266,156,3455,2.995155,0.0,0.108233,21,3434,2.998558,0.042808,0.248977,0.179364,0.358334,177.0,24.8977,17.9364,35.8334,0.24897843630708888,0.179364,0.3728928555885185,Assembly,0.3728928555885185,156,4.345403899721449
3,2277,2.989316,0.0,69.502194,211,2070,2.993383,0.0,0.125893,4,2066,2.987555,8.9e-05,0.157557,0.10747,0.214437,215.0,15.755700000000001,10.747,21.4437,0.157557,0.10747,0.21446726859809798,Assembly,0.21446726859809798,211,9.266578831796222
11,682,2.974522,0.0,42.510091,2,711,2.991189,0.0,4.464345,31,680,3.011268,0.0,0.046952,0.036922,0.071136,33.0,4.6952,3.6922,7.113600000000001,0.046952,0.036922,0.071136,Assembly,0.071136,2,0.2932551319648094
20,15400,2.99972,71.015454,234.673897,5834,15000,2.995983,1.573096,280.537176,5434,9566,2.999886,2.926464,0.997587,0.77947,0.997642,11268.0,99.7587,77.947,99.7642,1.997587,1.2505651500225201,1.9929224793729707,Drilling,1.997587,5834,37.883116883116884
18,13410,3.003625,9.665868,173.976467,3850,13356,2.999027,1.583388,223.384766,3796,9560,2.998399,2.896057,0.927492,0.693269,0.996346,7646.0,92.7492,69.32690000000001,99.63459999999999,1.0636013600837924,1.1674462958572511,1.981285161818306,Assembly,1.981285161818306,3850,28.70991797166294
14,696,3.011208,0.0,2.23363,2,727,3.009333,0.0,16.336965,33,694,2.985163,0.0,0.048494,0.037982,0.071964,35.0,4.8494,3.7982,7.1964,0.048494,0.037982,0.071964,Assembly,0.071964,2,0.28735632183908044
7,9607,2.998508,0.978259,63.555108,734,9074,2.998903,0.172472,9.452949,201,8873,3.003015,2.242728,0.665591,0.471597,0.926307,935.0,66.5591,47.1597,92.6307,0.6793662974162498,0.5232471998064225,1.6890511851132233,Assembly,1.6890511851132233,734,7.640262308733216
7,5124,3.007641,0.02829,46.654261,336,4823,2.993777,0.000971,0.44405,35,4788,2.999751,0.195038,0.356345,0.250369,0.499288,371.0,35.6345,25.0369,49.9288,0.3567433639955326,0.25065978542610995,0.5656197622003707,Assembly,0.5656197622003707,336,6.557377049180328
9,6813,2.998997,0.157303,16.240803,227,6633,2.993309,0.036361,3.302242,47,6586,3.004498,0.735114,0.47204,0.344626,0.688093,274.0,47.204,34.4626,68.8093,0.47425505307844684,0.35551503077114743,0.9381027777774754,Assembly,0.9381027777774754,227,3.3318655511522093
17,12036,3.000716,3.527559,143.864907,2494,12563,3.000037,0.949701,173.129379,3021,9542,3.006618,2.919764,0.833866,0.65369,0.997438,5515.0,83.3866,65.369,99.74380000000001,0.8835391176287347,0.9380970133491773,1.9904398321004264,Assembly,1.9904398321004264,2494,20.72116982386175
14,2852,2.994836,0.0,13.931843,13,2948,3.004349,0.0,9.890264,109,2839,2.996637,0.007806,0.19746,0.153764,0.295887,122.0,19.746,15.3764,29.588700000000003,0.19746,0.153764,0.298541794120818,Assembly,0.298541794120818,13,0.45582047685834504
4,3072,3.007625,0.0,32.574952,312,2764,3.00097,0.0,1.419671,4,2760,2.995271,0.002387,0.21382,0.14383,0.287047,316.0,21.382,14.383000000000001,28.7047,0.21382,0.14383,0.28785881060291985,Assembly,0.28785881060291985,312,10.15625
8,6032,2.99342,0.085809,102.979731,681,5384,3.000287,0.006103,0.205119,33,5351,2.995571,0.289126,0.417613,0.28024,0.557574,714.0,41.7613,28.023999999999997,55.757400000000004,0.41882131446068066,0.2820676657626664,0.6559047718390486,Assembly,0.6559047718390486,681,11.289787798408488
5,3635,3.002098,0.000859,63.008614,292,3370,3.005093,0.0,1.568626,27,3343,3.009638,0.024854,0.25204,0.17562,0.349929,319.0,25.203999999999997,17.562,34.9929,0.2520520959587191,0.17562,0.3583817610913156,Assembly,0.3583817610913156,292,8.033012379642365
5,3545,3.003497,0.002082,0.051116,5,3725,3.00059,0.0,68.714401,185,3540,3.001706,0.037325,0.246404,0.193877,0.36896,190.0,24.6404,19.3877,36.896,0.24643331756234352,0.193877,0.3816541058877185,Assembly,0.3816541058877185,5,0.14104372355430184
3,12359,3.00272,4.065102,154.447434,2766,11968,2.999245,0.609854,155.702468,2375,9593,2.992222,2.923109,0.854631,0.622528,0.997681,5141.0,85.4631,62.25279999999999,99.7681,0.9118734982314411,0.8051610126208661,1.9918204552536594,Assembly,1.9918204552536594,2766,22.380451492839228
5,2972,2.997672,0.001233,41.122106,112,2880,2.991901,0.0,0.080873,20,2860,3.005816,0.005389,0.206229,0.149384,0.299048,132.0,20.6229,14.9384,29.904799999999998,0.20624636241804498,0.149384,0.3008807806196628,Assembly,0.3008807806196628,112,3.768506056527591
2,1420,2.980412,0.0,13.349521,22,1404,3.007294,0.0,6.341894,6,1398,2.985305,0.0,0.09783,0.073184,0.145032,28.0,9.783,7.3184,14.5032,0.09783,0.073184,0.145032,Assembly,0.145032,22,1.5492957746478873
5,8124,2.997715,0.490573,12.268225,113,8076,2.989452,0.18948,7.04197,65,8011,3.00206,1.740226,0.562547,0.418627,0.835863,178.0,56.2547,41.862700000000004,83.58630000000001,0.5694549752697209,0.47537058654924247,1.4277079594791897,Assembly,1.4277079594791897,113,1.3909404234367306
4,3918,2.998474,0.009117,0.483261,3,4134,2.999627,0.0,71.550631,219,3915,2.998629,0.065504,0.271945,0.215167,0.407946,222.0,27.194499999999998,21.5167,40.794599999999996,0.2720733805071499,0.215167,0.4302236882001101,Assembly,0.4302236882001101,3,0.0765696784073507
11,7865,2.994059,0.361728,2.430317,113,8008,2.995106,0.080403,16.633911,256,7752,2.996406,1.335317,0.54109,0.414826,0.80781,369.0,54.108999999999995,41.4826,80.781,0.5461836518690706,0.43890429105614703,1.2619467820943218,Assembly,1.2619467820943218,113,1.4367450731087095
13,12886,3.00139,6.186536,180.408222,3389,11730,3.002453,0.632728,156.624602,2233,9497,3.00564,2.885517,0.882076,0.610749,0.992384,5622.0,88.2076,61.0749,99.2384,0.9691913481606975,0.8002320907226572,1.9737385435716468,Assembly,1.9737385435716468,3389,26.299860313518547
11,10515,3.004142,1.692393,64.112758,1004,10770,2.994844,0.45065,89.384678,1259,9511,2.996255,2.859911,0.731217,0.559237,0.990559,2263.0,73.1217,55.9237,99.0559,0.7550483339516213,0.6941931815411447,1.9632050298312338,Assembly,1.9632050298312338,1004,9.548264384213029
15,10290,2.997375,1.84942,61.377544,727,10845,2.997149,0.441487,55.719219,1282,9563,2.994833,2.910836,0.713958,0.564307,0.995585,2009.0,71.3958,56.4307,99.55850000000001,0.7400005005520629,0.696519137401654,1.9855504495856093,Assembly,1.9855504495856093,727,7.06511175898931
16,7623,3.002289,0.541283,4.377554,164,7799,2.993415,0.099429,35.376407,340,7459,3.004361,1.233416,0.528483,0.404929,0.779197,504.0,52.8483,40.4929,77.9197,0.5361050451959654,0.43470500837557857,1.198677597658571,Assembly,1.198677597658571,164,2.1513839695657877
7,5495,3.002556,0.050217,72.091028,519,4998,2.994412,0.001419,0.991319,22,4976,2.998112,0.179867,0.381696,0.259664,0.519134,541.0,38.169599999999996,25.9664,51.913399999999996,0.38240312777531493,0.260088948011998,0.5803061565627932,Assembly,0.5803061565627932,519,9.444949954504095
9,1386,3.012533,0.0,4.593983,2,1428,2.994937,0.0,21.711925,44,1384,3.000415,0.0,0.096637,0.074005,0.144188,46.0,9.6637,7.4005,14.418800000000001,0.096637,0.074005,0.144188,Assembly,0.144188,2,0.1443001443001443
18,10150,3.006778,1.284064,113.891943,1127,9282,2.999555,0.255794,10.321376,259,9023,3.003232,2.636554,0.705035,0.483366,0.94187,1386.0,70.5035,48.336600000000004,94.187,0.7231164728016807,0.5599686439612462,1.8385530717933736,Assembly,1.8385530717933736,1127,11.103448275862068
14,2788,2.994164,0.0,0.766532,4,2996,2.987639,0.0,37.736191,212,2784,3.00618,0.007011,0.193235,0.155399,0.290877,216.0,19.3235,15.539900000000001,29.087699999999998,0.193235,0.155399,0.2932614173175832,Assembly,0.2932614173175832,4,0.1434720229555237
4,2776,2.992919,0.0,32.38506,20,2828,2.992377,0.0,1.938999,72,2756,3.000006,0.011208,0.191913,0.146922,0.287658,92.0,19.1913,14.6922,28.765800000000002,0.19191299999999997,0.146922,0.2914698027806979,Assembly,0.2914698027806979,20,0.7204610951008645
8,12816,3.000569,7.705793,188.247881,3278,13122,3.002315,1.024065,197.982569,3584,9538,3.004623,2.917181,0.887566,0.682789,0.996225,6862.0,88.75659999999999,68.2789,99.6225,0.9960746775619289,0.9894658047263563,1.9883483625623692,Assembly,1.9883483625623692,3278,25.57740324594257
16,8436,2.994203,0.546909,3.625792,54,8652,3.000951,0.119107,24.288442,270,8382,3.00408,1.986743,0.583515,0.450775,0.875491,324.0,58.3515,45.0775,87.5491,0.5912162673889264,0.4864439801726864,1.5511755549546802,Assembly,1.5511755549546802,54,0.6401137980085349
1,8772,3.000903,0.770639,83.610518,556,8352,2.996709,0.126518,3.440869,136,8216,2.995531,1.892423,0.608888,0.434022,0.85567,692.0,60.888799999999996,43.4022,85.56700000000001,0.6197397084182832,0.47191035277093657,1.499276642902983,Assembly,1.499276642902983,556,6.338349293205654
12,9348,2.999653,0.780299,66.446496,852,8700,2.996127,0.181121,4.524918,204,8496,3.000701,1.974804,0.648688,0.451821,0.886309,1056.0,64.86880000000001,45.1821,88.6309,0.659675735148465,0.5060613163362114,1.5579331415536497,Assembly,1.5579331415536497,852,9.114249037227214
13,7821,2.997298,0.314649,1.112196,16,8217,2.999824,0.084748,28.144882,412,7805,2.99974,1.241395,0.542636,0.427685,0.813871,428.0,54.263600000000004,42.768499999999996,81.3871,0.5470667116589017,0.4530644884572261,1.2360652284925455,Assembly,1.2360652284925455,16,0.2045774197672932
6,3465,3.001049,0.00121,0.048232,5,3845,2.990708,0.0,92.795421,385,3460,3.005739,0.032881,0.240709,0.199538,0.361314,390.0,24.0709,19.9538,36.1314,0.24072603854487787,0.19953800000000002,0.3724967165624667,Assembly,0.3724967165624667,5,0.1443001443001443
18,13248,3.003407,6.878023,188.682469,3700,13212,3.002554,1.235085,158.33567,3664,9548,3.005698,2.933587,0.906728,0.686001,0.997705,7364.0,90.6728,68.6001,99.7705,1.0035804822780123,1.0558719763203035,1.995407987510632,Assembly,1.995407987510632,3700,27.92874396135266
5,3615,3.001234,0.008032,0.07298,14,3655,3.002519,0.0,32.502603,54,3601,3.010734,0.045454,0.25082,0.190357,0.376842,68.0,25.081999999999997,19.0357,37.684200000000004,0.250933102142528,0.190357,0.3923007512128696,Assembly,0.3923007512128696,14,0.3872752420470263
17,13039,2.998299,7.036397,193.565454,3463,12869,2.997551,0.965552,183.441117,3293,9576,2.997878,2.92622,0.898744,0.666986,0.997702,6756.0,89.8744,66.6986,99.7702,0.9978266165808923,0.9561399132351391,1.992899495800657,Assembly,1.992899495800657,3463,26.558785182912796
2,1424,3.003809,0.0,0.139462,9,1466,2.998333,0.0,48.294428,51,1415,3.015216,0.0,0.098889,0.076258,0.148495,60.0,9.8889,7.625800000000001,14.849499999999999,0.09888899999999999,0.076258,0.148495,Assembly,0.148495,9,0.6320224719101123
6,5768,3.003822,0.092462,15.720826,99,5720,3.000179,0.00917,3.129161,51,5669,3.008909,0.349314,0.400396,0.297797,0.593276,150.0,40.0396,29.7797,59.327600000000004,0.4016979982946247,0.3005431404298952,0.7120765064718684,Assembly,0.7120765064718684,99,1.7163661581137308
15,10470,2.993697,1.371395,63.74043,1001,10440,3.001115,0.409522,99.554387,971,9469,3.001866,2.914868,0.724904,0.543952,0.98796,1972.0,72.4904,54.3952,98.79599999999999,0.7442152192171579,0.6665915770045328,1.9792967191084299,Assembly,1.9792967191084299,1001,9.560649474689589
16,10944,2.996512,3.087372,74.146439,1641,11072,3.002787,0.477088,160.63089,1769,9303,3.003694,2.734364,0.747648,0.576926,0.971364,3410.0,74.7648,57.692600000000006,97.1364,0.7911226498980348,0.7197995709288842,1.9013119210064409,Assembly,1.9013119210064409,1641,14.994517543859647
8,6435,2.996707,0.15237,0.366562,34,6696,3.003791,0.018186,65.949085,295,6401,3.004024,0.648513,0.446402,0.348425,0.668589,329.0,44.6402,34.8425,66.8589,0.448547589324825,0.3538711624708915,0.8891460714417139,Assembly,0.8891460714417139,34,0.5283605283605284
6,4212,3.000269,0.002527,0.118823,30,4290,2.994948,1.8e-05,49.051185,108,4182,3.005877,0.051562,0.292526,0.223054,0.437412,138.0,29.2526,22.3054,43.7412,0.29256158380405484,0.22305939046104012,0.454948061293571,Assembly,0.454948061293571,30,0.7122507122507122
10,13840,3.00023,12.171477,233.513945,4260,14040,2.997117,2.01718,196.794075,4460,9580,2.995621,2.926393,0.960642,0.730027,0.997635,8720.0,96.0642,73.0027,99.76350000000001,1.1320339480117665,1.334112011164244,1.992891332513814,Assembly,1.992891332513814,4260,30.78034682080925
1,6147,2.993463,0.120502,6.053346,27,6372,2.999729,0.040176,8.051946,252,6120,3.004232,0.40931,0.425694,0.33167,0.638874,279.0,42.5694,33.167,63.88740000000001,0.4273908419296454,0.3437015090416,0.7780789425559825,Assembly,0.7780789425559825,27,0.43923865300146414
19,13775,3.001105,15.332556,217.513922,4216,13813,3.005222,1.792852,217.858755,4254,9559,3.002483,2.927814,0.952897,0.71698,0.997598,8470.0,95.2897,71.698,99.7598,1.1688014987588193,1.2538854920412836,1.993337609793558,Assembly,1.993337609793558,4216,30.60617059891107
14,10108,3.002201,1.233086,49.508171,698,10010,3.005243,0.327075,37.326159,600,9410,2.997065,2.734955,0.700321,0.52171,0.980299,1298.0,70.0321,52.171,98.0299,0.7176846290489672,0.6196591691502717,1.910447918101676,Assembly,1.910447918101676,698,6.905421448357736
3,15460,3.001996,42.458947,235.86909,5925,13760,3.001991,1.470743,204.728213,4225,9535,3.008991,2.932854,0.998312,0.716189,0.997254,10150.0,99.8312,71.6189,99.7254,1.596195201591586,1.156632491197976,1.9947076966970836,Assembly,1.9947076966970836,5925,38.32470892626132
2,1456,2.999192,0.0,30.11266,60,1406,3.010286,0.0,0.176823,10,1396,3.007118,0.0,0.10092,0.073378,0.145974,70.0,10.091999999999999,7.3378,14.597399999999999,0.10091999999999998,0.073378,0.145974,Assembly,0.145974,60,4.1208791208791204
6,4212,3.000417,0.008983,44.734233,235,3978,3.00616,0.000376,0.319234,1,3977,2.999928,0.090146,0.292543,0.207613,0.414362,236.0,29.2543,20.7613,41.4362,0.2926694935939155,0.20772560074172744,0.4450203488105631,Assembly,0.4450203488105631,235,5.579297245963913
1,744,3.004034,0.0,10.457799,13,732,2.998438,0.0,10.783944,1,731,2.996622,0.0,0.051736,0.038081,0.07606,14.0,5.1735999999999995,3.8080999999999996,7.606,0.051736,0.038081,0.07606,Assembly,0.07606,13,1.747311827956989
3,2091,2.991937,0.0,0.204172,42,2052,3.001691,0.0,55.53471,3,2049,2.988659,0.0,0.144829,0.106882,0.212631,45.0,14.4829,10.6882,21.263099999999998,0.144829,0.106882,0.212631,Assembly,0.212631,42,2.008608321377331
17,5880,2.998383,0.095789,6.535098,125,5768,2.994004,0.01797,12.87007,13,5755,3.008449,0.388211,0.407785,0.299761,0.601713,138.0,40.7785,29.9761,60.1713,0.4091338472523178,0.3051424769384098,0.7337422442271152,Assembly,0.7337422442271152,125,2.1258503401360542
11,9884,2.995164,1.24852,48.194193,705,10206,2.995576,0.332102,103.74854,1027,9179,2.991595,2.643771,0.682178,0.530712,0.954371,1732.0,68.2178,53.0712,95.4371,0.6997589620255331,0.6301666051307606,1.8535085490121723,Assembly,1.8535085490121723,705,7.132739781464995
7,5584,3.002847,0.047059,9.134331,0,5592,3.004127,0.018794,6.221777,8,5584,2.996539,0.369797,0.388146,0.291651,0.580996,8.0,38.8146,29.1651,58.099599999999995,0.38880865858132796,0.29727924026602526,0.7067627052903047,Assembly,0.7067627052903047,0,0.0
5,9276,2.993394,0.862709,23.025567,644,8748,2.996444,0.187479,6.413757,116,8632,2.997847,2.149316,0.641108,0.454538,0.89961,760.0,64.1108,45.4538,89.961,0.6532561867876251,0.5106823469636131,1.6305850807814468,Assembly,1.6305850807814468,644,6.942647692971109
17,3440,3.001606,0.0,2.159948,15,3575,2.998611,0.0,27.147113,150,3425,2.990362,0.013954,0.23879,0.185961,0.355694,165.0,23.879,18.5961,35.5694,0.23879,0.185961,0.3604397080658332,Assembly,0.3604397080658332,15,0.436046511627907
17,11815,2.9959,2.400964,132.899839,2321,12733,2.998743,1.057162,143.402747,3239,9494,3.00557,2.92483,0.819365,0.662336,0.991967,5560.0,81.9365,66.23360000000001,99.1967,0.8531740354248808,0.978924365228891,1.9866917615157562,Assembly,1.9866917615157562,2321,19.644519678374948
17,11747,3.003862,3.511268,117.185418,2243,12461,3.000769,0.980842,173.542949,2957,9504,3.00132,2.887372,0.816558,0.648871,0.991625,5200.0,81.6558,64.8871,99.1625,0.8660017168563339,0.9426038104186831,1.9736104227791946,Assembly,1.9736104227791946,2243,19.094236826423767
12,5439,3.001762,0.048411,28.829559,482,4963,3.003252,0.002139,10.426823,6,4957,2.993106,0.227985,0.377761,0.25877,0.515549,488.0,37.7761,25.877,51.5549,0.3784426966909766,0.2594105664536037,0.593085925138955,Assembly,0.593085925138955,482,8.861923147637434
15,12410,3.006486,4.875215,166.789951,2919,12495,2.999629,0.794512,195.091534,3004,9491,3.001343,2.889681,0.859937,0.649935,0.990395,5923.0,85.99369999999999,64.9935,99.0395,0.9285870574931196,0.8878675545514656,1.9731657058467027,Assembly,1.9731657058467027,2919,23.521353746978242
14,759,2.99827,0.0,47.799057,52,710,3.018595,0.0,4.928872,3,707,2.985387,0.0,0.052632,0.037208,0.073464,55.0,5.263199999999999,3.7207999999999997,7.3464,0.05263199999999999,0.037208,0.073464,Assembly,0.073464,52,6.851119894598155
8,5664,2.998632,0.089857,34.764469,18,5680,2.9987,0.007147,1.261788,34,5646,2.998168,0.347706,0.392789,0.295192,0.587995,52.0,39.2789,29.5192,58.7995,0.39405431613809017,0.2973323125029947,0.7062486311264579,Assembly,0.7062486311264579,18,0.31779661016949157
4,5840,3.007045,0.107769,1.279339,14,5944,2.997769,0.009676,13.548032,118,5826,3.006223,0.519547,0.406102,0.307949,0.608625,132.0,40.6102,30.7949,60.8625,0.4076195429280505,0.3108466722791348,0.7853211723147077,Assembly,0.7853211723147077,14,0.2397260273972603
1,10472,2.999739,1.209233,64.26309,996,9968,3.006731,0.318446,58.290805,492,9476,3.006123,2.921987,0.724881,0.518947,0.990189,1488.0,72.4881,51.89470000000001,99.0189,0.7419087444118009,0.6143120420216386,1.98394686685966,Assembly,1.98394686685966,996,9.511077158135981
17,7230,2.999072,0.244891,20.429593,50,7200,3.009671,0.038199,1.24929,20,7180,3.000949,0.843106,0.501262,0.376219,0.748928,70.0,50.1262,37.621900000000004,74.89280000000001,0.5047104184245305,0.3876584567373576,1.0356654906515945,Assembly,1.0356654906515945,50,0.6915629322268326
15,11010,2.998696,1.833628,82.412861,1511,10830,3.001219,0.448267,72.663169,1331,9499,2.998492,2.885018,0.762568,0.564284,0.990192,2842.0,76.2568,56.4284,99.0192,0.7883881264192439,0.6985265443934414,1.9713768353643335,Assembly,1.9713768353643335,1511,13.723887375113533
3,1512,3.000585,0.0,8.015332,10,1504,2.998617,0.0,15.763854,2,1502,3.014655,0.0,0.10495,0.078297,0.157391,12.0,10.495000000000001,7.829700000000001,15.7391,0.10495000000000002,0.078297,0.157391,Assembly,0.157391,10,0.6613756613756614
9,6008,2.994033,0.063699,36.432399,496,5528,2.992884,0.007295,0.218337,16,5512,3.007424,0.370104,0.415612,0.286846,0.575635,512.0,41.5612,28.6846,57.5635,0.4165089737770035,0.289030634071547,0.7015061149489124,Assembly,0.7015061149489124,496,8.255659121171771
17,11407,2.995716,3.654209,125.159994,1890,12172,3.001277,0.658876,144.085433,2655,9517,2.998261,2.86149,0.790149,0.632552,0.991732,4545.0,79.0149,63.2552,99.1732,0.84160553226409,0.8298656337936388,1.9649150423750168,Assembly,1.9649150423750168,1890,16.56877356009468
5,3515,2.99519,0.00086,0.299202,19,3670,2.993816,0.0,43.151466,174,3496,3.007229,0.039794,0.243566,0.190573,0.365722,193.0,24.3566,19.057299999999998,36.5722,0.2435781100401611,0.190573,0.37925580441248147,Assembly,0.37925580441248147,19,0.5405405405405406
18,9590,3.003454,0.984099,17.834852,404,9688,3.000814,0.22989,31.016411,502,9186,2.99054,2.551811,0.665109,0.504722,0.954741,906.0,66.51089999999999,50.4722,95.47409999999999,0.6789665330378089,0.5735671715843643,1.8226032649549828,Assembly,1.8226032649549828,404,4.212721584984359
4,2788,3.009212,0.0,0.849924,12,2940,2.988474,0.0,41.311817,164,2776,2.999809,0.002324,0.194049,0.15197,0.289522,176.0,19.4049,15.197,28.9522,0.19404900000000003,0.15197,0.2903123845166258,Assembly,0.2903123845166258,12,0.430416068866571
11,11280,3.001528,1.908679,105.050904,1776,11728,2.996695,0.617365,122.064735,2224,9504,2.989066,2.836809,0.780336,0.610027,0.987523,4000.0,78.0336,61.0027,98.7523,0.8072129527263742,0.7949093322248948,1.952312117996858,Assembly,1.952312117996858,1776,15.74468085106383
5,3705,3.005085,0.000202,8.187809,30,3705,2.993056,0.0,7.997181,30,3675,3.010126,0.024563,0.257511,0.192529,0.384832,60.0,25.751099999999997,19.2529,38.483200000000004,0.25751384445129366,0.192529,0.39318579297843353,Assembly,0.39318579297843353,30,0.8097165991902834
1,703,3.023293,0.0,0.89619,4,732,2.993117,0.0,37.411757,33,699,2.986084,0.0,0.049158,0.038,0.072654,37.0,4.9158,3.8,7.2654,0.049158,0.038,0.072654,Assembly,0.072654,4,0.5689900426742532
2,1502,2.998988,0.0,51.712182,84,1418,2.99198,0.0,0.027443,0,1418,3.009187,0.0,0.103939,0.073657,0.148161,84.0,10.3939,7.3657,14.816099999999999,0.103939,0.073657,0.148161,Assembly,0.148161,84,5.59254327563249
15,10425,2.995938,1.775223,52.701702,894,11415,3.002346,0.694801,111.836777,1884,9531,3.00028,2.894686,0.720976,0.595026,0.993976,2778.0,72.0976,59.50260000000001,99.3976,0.7459736997964415,0.8030980956195917,1.9784488893689542,Assembly,1.9784488893689542,894,8.575539568345324
11,9898,3.001282,1.030313,41.703099,401,10010,3.000926,0.351045,43.36148,513,9497,2.994039,2.874956,0.686294,0.521118,0.988449,914.0,68.62939999999999,52.111799999999995,98.8449,0.7008022928006064,0.6262454664353959,1.966211783296223,Assembly,1.966211783296223,401,4.051323499696909
12,9228,2.995272,0.870756,51.735143,525,8748,2.996826,0.170714,6.11639,45,8703,2.997418,2.183551,0.63983,0.455074,0.90672,570.0,63.983000000000004,45.5074,90.672,0.6520915001517839,0.5061977314448352,1.6493382881509322,Assembly,1.6493382881509322,525,5.689206762028609
8,10332,3.004454,1.332687,56.170358,1060,9394,2.995679,0.274491,14.151642,122,9272,2.993191,2.552369,0.716379,0.488302,0.964621,1182.0,71.6379,48.830200000000005,96.46209999999999,0.7351451547583713,0.5705038356316663,1.832673038862159,Assembly,1.832673038862159,1060,10.259388308168797
6,4362,3.005427,0.003486,22.713745,81,4308,2.999138,0.0,8.751655,27,4281,3.001083,0.064587,0.302777,0.224167,0.446635,108.0,30.277700000000003,22.4167,44.6635,0.3028260879069787,0.22416699999999998,0.46860081961071864,Assembly,0.46860081961071864,81,1.8569463548830811
13,14098,2.999488,9.237565,210.989739,4540,13623,2.998613,1.419132,189.612464,4065,9558,2.996591,2.921643,0.950432,0.709215,0.995669,8605.0,95.0432,70.92150000000001,99.5669,1.0805102362103887,1.1342025420455961,1.9893098736265622,Assembly,1.9893098736265622,4540,32.20314938289119
2,1456,2.985553,0.0,0.0974,5,1528,2.992074,0.0,38.785816,77,1451,2.991673,0.0,0.100624,0.079289,0.150944,82.0,10.0624,7.9289,15.0944,0.100624,0.079289,0.150944,Assembly,0.150944,5,0.3434065934065934
1,2064,3.000085,0.0,3.083915,54,2013,3.005022,0.0,22.563552,3,2010,3.008923,0.0,0.143337,0.104874,0.209998,57.0,14.333699999999999,10.4874,20.9998,0.143337,0.104874,0.20999800000000002,Assembly,0.20999800000000002,54,2.616279069767442
17,9386,2.998083,1.137766,11.824256,187,9945,3.001573,0.227035,50.679992,746,9199,2.995424,2.574357,0.649323,0.51778,0.95774,933.0,64.9323,51.778,95.774,0.6653443859929699,0.585770184569386,1.8332700830753983,Assembly,1.8332700830753983,187,1.99232900063925
18,13662,3.003116,9.888229,224.767066,4119,12780,3.007282,0.950449,173.823163,3237,9543,3.001059,2.91389,0.938356,0.666295,0.995499,7356.0,93.8356,66.6295,99.54990000000001,1.0775965236189857,0.950926016952401,1.9865031046259602,Assembly,1.9865031046259602,4119,30.14931927975406
9,11713,2.995346,4.390915,143.715307,2179,12937,2.999276,0.846718,210.052674,3403,9534,3.000383,2.891026,0.807467,0.670659,0.994322,5582.0,80.7467,67.0659,99.43220000000001,0.8692974151093649,0.9242256883882283,1.9775501357842509,Assembly,1.9775501357842509,2179,18.603261333561
18,13122,2.995664,8.399892,209.148971,3561,13104,3.001677,1.500619,192.497706,3543,9561,3.001792,2.937294,0.906749,0.682882,0.997696,7104.0,90.67490000000001,68.2882,99.7696,1.0250315924058726,1.1322724586443829,1.996659725635904,Assembly,1.996659725635904,3561,27.13763145861911
19,8892,3.001664,0.733576,24.60115,192,8700,3.001788,0.200633,5.837063,0,8700,2.992589,2.058325,0.616782,0.453395,0.904011,192.0,61.678200000000004,45.3395,90.4011,0.6271118079316652,0.5134785761037268,1.604040350337257,Assembly,1.604040350337257,192,2.1592442645074224
3,2196,2.991796,0.0,15.18121,15,2196,3.005723,0.0,7.804328,15,2181,3.007379,0.000125,0.1517,0.11425,0.227969,30.0,15.17,11.425,22.7969,0.1517,0.11425,0.2280115120759803,Assembly,0.2280115120759803,15,0.6830601092896175
19,12654,2.991382,4.862073,191.362488,3173,14079,3.00062,1.285552,223.270178,4598,9481,3.001231,2.87079,0.873422,0.732627,0.988984,7771.0,87.3422,73.26270000000001,98.8984,0.9418869991817275,1.1176113317265768,1.9653299408279516,Assembly,1.9653299408279516,3173,25.075075075075077
19,11696,3.001778,2.888452,121.874756,2125,12410,2.998173,0.866239,145.347183,2839,9571,2.993823,2.924311,0.810706,0.64352,0.995848,4964.0,81.0706,64.352,99.5848,0.8513795694458843,0.9029326433862638,1.990396251376286,Assembly,1.990396251376286,2125,18.168604651162788
11,7080,3.005726,0.25377,3.17859,55,7450,2.99699,0.093845,27.89701,425,7025,2.999892,0.777939,0.491714,0.387563,0.732783,480.0,49.1714,38.756299999999996,73.2783,0.49528744754847304,0.41566676757290294,0.9973574150083273,Assembly,0.9973574150083273,55,0.7768361581920904
11,2924,3.004579,0.0,24.74736,76,2856,3.016633,0.0,2.136328,8,2848,3.021337,0.007681,0.203091,0.149575,0.298855,84.0,20.3091,14.957500000000001,29.885499999999997,0.20309100000000002,0.149575,0.30146728204483764,Assembly,0.30146728204483764,76,2.5991792065663475
11,8811,3.006922,0.481676,91.288671,1074,7766,2.99625,0.106633,1.997867,29,7737,3.006797,1.547528,0.611603,0.403828,0.808773,1103.0,61.1603,40.3828,80.87729999999999,0.6183856926798215,0.4357613906718671,1.3350820233411702,Assembly,1.3350820233411702,1074,12.189308818522301
14,9451,2.999979,0.868867,17.722483,406,9165,2.992084,0.258399,10.165178,120,9045,2.991635,2.328501,0.655955,0.47521,0.940592,526.0,65.5955,47.521,94.0592,0.6681899003077556,0.5525927634617781,1.7325072914576916,Assembly,1.7325072914576916,406,4.295841709871971
10,7420,3.010337,0.377711,28.926568,152,7350,2.995242,0.051844,6.228814,82,7268,2.99868,1.230175,0.516427,0.381311,0.758133,234.0,51.6427,38.1311,75.8133,0.5217457155573207,0.39683672567584405,1.1765113445525535,Assembly,1.1765113445525535,152,2.0485175202156336
20,13460,2.997222,8.794493,193.178119,3936,14200,2.997268,2.31932,234.279404,4676,9524,2.999977,2.903151,0.914597,0.737892,0.993123,8612.0,91.4597,73.7892,99.3123,1.038436143519381,1.4324588944236278,1.98047480715434,Assembly,1.98047480715434,3936,29.242199108469542
10,7040,3.002859,0.305277,1.499726,69,7250,3.004007,0.051088,59.694919,279,6971,3.006355,0.907197,0.488515,0.378119,0.728688,348.0,48.851499999999994,37.8119,72.8688,0.4928137403840296,0.39341832631215806,1.037222622344823,Assembly,1.037222622344823,69,0.9801136363636365
16,2964,3.005963,0.0,58.088738,156,2820,3.008233,0.0,0.35903,12,2808,2.992802,0.005613,0.205954,0.147074,0.2921,168.0,20.5954,14.707400000000002,29.21,0.20595400000000003,0.147074,0.29400896225981954,Assembly,0.29400896225981954,156,5.263157894736842
13,5033,2.988698,0.028662,0.549411,35,5355,2.994609,0.007202,52.480681,357,4998,3.00286,0.169625,0.347378,0.27837,0.521967,392.0,34.7378,27.837,52.19669999999999,0.34778160229197436,0.2805267833561729,0.579655887105271,Assembly,0.579655887105271,35,0.6954102920723227
11,8151,3.000618,0.479369,6.721091,122,8041,2.994428,0.078307,13.435598,12,8029,2.998748,1.54487,0.564705,0.418024,0.836368,134.0,56.4705,41.8024,83.6368,0.5714552067930172,0.4414746018150281,1.3617730465575248,Assembly,1.3617730465575248,122,1.496748865169918
7,4795,3.003957,0.016805,0.26805,12,5215,3.007865,0.000626,66.207702,432,4783,3.005772,0.147558,0.333193,0.272069,0.499683,444.0,33.3193,27.2069,49.9683,0.3334296386336134,0.2722564682561739,0.5498669752600124,Assembly,0.5498669752600124,12,0.2502606882168926
13,9061,2.997369,0.86419,34.152652,245,8983,2.996281,0.181973,3.669768,167,8816,2.992438,2.227736,0.627768,0.466209,0.91689,412.0,62.7768,46.6209,91.689,0.6399370414032979,0.5207044648254449,1.6745354567684496,Assembly,1.6745354567684496,245,2.7038958172387155
5,3320,2.988115,0.0,0.145777,10,3700,3.00309,0.0,68.907638,390,3310,2.990754,0.020384,0.229642,0.192616,0.344173,400.0,22.9642,19.2616,34.4173,0.229642,0.192616,0.3511055292542599,Assembly,0.3511055292542599,10,0.30120481927710846
9,13644,3.006652,10.55108,200.624912,4070,12348,2.992194,0.86126,140.228757,2774,9574,2.996254,2.903819,0.940672,0.640526,0.996931,6844.0,94.0672,64.0526,99.6931,1.0892464215618194,0.8984475819685485,1.984509991688379,Assembly,1.984509991688379,4070,29.829961888009382
5,14345,3.006863,22.897958,226.765159,4819,13376,2.990786,1.37912,200.273924,3850,9526,3.004597,2.930209,0.97668,0.694527,0.994954,8669.0,97.668,69.45270000000001,99.4954,1.2991162685902142,1.107532146093473,1.9915081411693407,Assembly,1.9915081411693407,4819,33.59358661554548
1,695,3.007988,0.0,8.948246,25,674,2.989733,0.0,17.618564,4,670,3.012462,0.0,0.048392,0.034977,0.070116,29.0,4.8392,3.4977,7.0116,0.048392,0.034977,0.070116,Assembly,0.070116,25,3.597122302158273
13,6669,3.003722,0.16744,15.676489,42,6669,3.002751,0.039625,4.388562,42,6627,2.996939,0.770877,0.463027,0.347303,0.690576,84.0,46.3027,34.7303,69.0576,0.4653847966564855,0.35916950103976003,0.9527486527637441,Assembly,0.9527486527637441,42,0.6297795771479981
10,7220,3.002034,0.272844,0.944675,20,7990,3.000914,0.054887,81.671349,790,7200,2.9966,1.146214,0.501449,0.416291,0.749255,810.0,50.14490000000001,41.6291,74.9255,0.505291036974093,0.43272801306168607,1.139078493261496,Assembly,1.139078493261496,20,0.2770083102493075
18,12420,3.000422,4.305055,149.107853,2891,12600,2.996456,0.918937,171.456475,3071,9529,3.000955,2.908894,0.852594,0.654363,0.99403,5962.0,85.2594,65.4363,99.40299999999999,0.9132153824951397,0.9295571164914567,1.9833349819731794,Assembly,1.9833349819731794,2891,23.276972624798713
12,8568,2.996365,0.62443,9.429015,157,8520,2.989123,0.150091,10.88026,109,8411,3.000255,1.964385,0.592533,0.441209,0.877542,266.0,59.253299999999996,44.1209,87.7542,0.6013258748579147,0.48615676044311984,1.5456226749965394,Assembly,1.5456226749965394,157,1.8323996265172737
11,13032,3.005145,6.502064,157.703701,3459,12978,3.001249,1.419805,187.635313,3405,9573,2.996025,2.918131,0.904214,0.671996,0.996798,6864.0,90.42139999999999,67.1996,99.6798,0.9957724374071593,1.097185085394486,1.9892444543398198,Assembly,1.9892444543398198,3459,26.542357274401475
9,6309,3.003259,0.135117,0.641754,28,6579,3.008055,0.027182,29.375346,298,6281,2.999816,0.706423,0.438268,0.342469,0.655277,326.0,43.8268,34.246900000000004,65.5277,0.4401706422051741,0.3506091951107321,0.8955290660018684,Assembly,0.8955290660018684,28,0.4438104295450943
13,12870,3.003942,6.963412,173.384375,3344,13878,2.997726,1.60168,235.639849,4352,9526,2.996481,2.877739,0.894924,0.722247,0.992152,7696.0,89.4924,72.2247,99.21520000000001,0.9929788825330329,1.2019022021542678,1.9708612721558487,Assembly,1.9708612721558487,3344,25.982905982905987
9,6462,3.00075,0.082246,0.806402,19,6534,3.001828,0.016589,45.681728,91,6443,2.99367,0.478737,0.448504,0.340208,0.669853,110.0,44.8504,34.0208,66.98530000000001,0.44966214228266427,0.3451759087886077,0.8326698297486586,Assembly,0.8326698297486586,19,0.2940266171463943
16,9024,3.004218,0.595639,9.697786,248,8844,3.00286,0.193233,51.284293,68,8776,2.999043,2.192853,0.62759,0.460713,0.915084,316.0,62.759,46.0713,91.5084,0.6359774560599162,0.5185804976761124,1.6608658667970824,Assembly,1.6608658667970824,248,2.74822695035461
3,5068,2.996155,0.022185,13.037997,105,4977,2.999889,0.001991,7.254836,14,4963,3.011339,0.274749,0.351194,0.259209,0.519594,119.0,35.1194,25.920900000000003,51.9594,0.3515063967918307,0.2598052448850514,0.6130352029080981,Assembly,0.6130352029080981,105,2.071823204419889
4,4977,2.996353,0.02709,1.086565,35,5390,2.996056,0.007748,65.732892,448,4942,3.001446,0.227166,0.344746,0.279524,0.516107,483.0,34.4746,27.9524,51.6107,0.3451274662650752,0.28184429400772393,0.593365386017132,Assembly,0.593365386017132,35,0.7032348804500703
4,9295,3.001103,0.767516,17.973538,151,9295,2.998078,0.218675,9.831779,151,9144,3.003205,2.533213,0.644492,0.483349,0.954692,302.0,64.44919999999999,48.3349,95.4692,0.6552997320747678,0.5488356148862972,1.8162291482423296,Assembly,1.8162291482423296,151,1.6245293168370094
17,3735,3.004305,0.0,6.06512,19,3735,3.002312,0.0,3.426896,19,3716,3.013797,0.024639,0.259747,0.194399,0.389306,38.0,25.974700000000002,19.439899999999998,38.9306,0.259747,0.194399,0.3976856403206295,Assembly,0.3976856403206295,19,0.5087014725568942
18,13536,3.001065,10.918411,239.080902,4050,12942,3.003032,0.933214,179.994374,3456,9486,2.998758,2.891887,0.939179,0.672303,0.988851,7506.0,93.9179,67.2303,98.88510000000001,1.092925971750684,0.9517726505064638,1.9723719589636033,Assembly,1.9723719589636033,4050,29.920212765957448
4,2840,2.99698,0.0,0.859831,11,2964,2.998064,0.0,30.199161,135,2829,3.000067,0.003331,0.196971,0.153926,0.295107,146.0,19.6971,15.392600000000002,29.5107,0.19697099999999998,0.153926,0.29623986180072315,Assembly,0.29623986180072315,11,0.3873239436619718
6,4314,2.998193,0.006801,32.842358,27,4308,2.995637,0.0,2.212639,21,4287,2.995478,0.111356,0.298888,0.223779,0.446196,48.0,29.8888,22.3779,44.6196,0.29898376788736714,0.223779,0.4840677978629009,Assembly,0.4840677978629009,27,0.6258692628650904
3,2139,2.999587,0.0,20.807706,60,2082,2.998274,0.0,0.199949,3,2079,2.983807,0.0,0.148095,0.108358,0.215394,63.0,14.8095,10.835799999999999,21.5394,0.148095,0.108358,0.215394,Assembly,0.215394,60,2.805049088359046
4,2892,3.013446,0.0,11.392738,159,2748,3.00952,0.0,12.547368,15,2733,2.994423,0.003315,0.201511,0.14322,0.284669,174.0,20.1511,14.322,28.4669,0.201511,0.14322,0.28579642025499763,Assembly,0.28579642025499763,159,5.4979253112033195
17,12274,2.9974,3.953736,147.779238,2730,12954,3.003272,0.966438,201.109779,3410,9544,2.994249,2.904773,0.851632,0.67485,0.993527,6140.0,85.16319999999999,67.485,99.3527,0.9073063043563447,0.9642692437063372,1.9814304438522607,Assembly,1.9814304438522607,2730,22.242137852370867
19,8844,2.993855,0.710939,11.490243,48,8988,2.996274,0.145925,19.294593,192,8796,2.995407,2.086949,0.611851,0.467583,0.915756,240.0,61.185100000000006,46.758300000000006,91.57560000000001,0.6218620463280289,0.5112831681823845,1.6255202756401386,Assembly,1.6255202756401386,48,0.5427408412483039
11,8184,2.997392,0.469947,7.363804,89,8184,3.003925,0.134412,12.685669,89,8095,3.002581,1.506391,0.56624,0.426283,0.844835,178.0,56.623999999999995,42.6283,84.4835,0.5728575314460427,0.4665353694070972,1.3571534691843565,Assembly,1.3571534691843565,89,1.0874877810361683
12,4152,2.993836,0.007896,2.254013,34,4422,3.006057,0.000102,37.92921,304,4118,2.992955,0.069833,0.286588,0.230771,0.428306,338.0,28.6588,23.0771,42.830600000000004,0.2866991870664095,0.23080154594589414,0.45205596641546,Assembly,0.45205596641546,34,0.8188824662813102
17,12996,3.001337,7.139592,174.478948,3472,14136,2.998397,1.793581,242.086668,4612,9524,3.004804,2.901395,0.902891,0.735596,0.994648,8084.0,90.2891,73.5596,99.4648,1.0034267509930161,1.2727198057134097,1.9814025975109688,Assembly,1.9814025975109688,3472,26.715912588488766
1,2716,2.994536,0.0,14.818922,5,2804,3.002268,0.0,7.684574,93,2711,3.006474,0.005474,0.188269,0.145961,0.283158,98.0,18.8269,14.5961,28.315800000000003,0.188269,0.145961,0.28501968883132944,Assembly,0.28501968883132944,5,0.1840942562592047
5,3640,3.010322,0.0,34.619831,317,3335,3.002341,0.0,0.856521,12,3323,2.996314,0.016314,0.25339,0.173584,0.34597,329.0,25.339,17.3584,34.597,0.25339,0.173584,0.3515183360603413,Assembly,0.3515183360603413,317,8.708791208791208
14,3740,3.000436,0.00236,60.435534,241,3515,3.014484,0.0,0.343357,16,3499,2.998601,0.035973,0.259756,0.183957,0.365035,257.0,25.9756,18.3957,36.5035,0.2597892322032328,0.183957,0.3772692952739155,Assembly,0.3772692952739155,241,6.443850267379679
1,678,3.012451,0.0,7.793554,2,721,3.015408,0.0,34.013187,45,676,2.989757,0.0,0.047248,0.037693,0.070176,47.0,4.7248,3.7693,7.0176,0.047248,0.037693,0.070176,Assembly,0.070176,2,0.2949852507374631
5,3845,3.010182,0.006225,35.924581,352,3495,3.003294,0.0,0.051939,2,3493,3.0025,0.02162,0.267612,0.182231,0.364325,354.0,26.761200000000002,18.2231,36.432500000000005,0.26769965697674764,0.18223099999999998,0.37167788866155327,Assembly,0.37167788866155327,352,9.154746423927177
19,6453,3.001244,0.200968,14.475796,14,6498,2.999627,0.028839,3.80627,59,6439,3.003329,0.56529,0.448183,0.33797,0.671865,73.0,44.8183,33.797,67.18650000000001,0.4510129192454645,0.34660641699648304,0.8641182114472438,Assembly,0.8641182114472438,14,0.21695335502866886
7,2808,3.005174,8.6e-05,0.112135,8,3188,3.017571,0.0,75.519414,388,2800,2.988098,0.011572,0.19519,0.166755,0.290761,396.0,19.519000000000002,16.6755,29.0761,0.19519121100401615,0.166755,0.29469659794595254,Assembly,0.29469659794595254,8,0.2849002849002849
14,5624,3.000252,0.090037,0.374065,29,6048,2.995085,0.010771,65.305978,453,5595,2.992925,0.418136,0.390121,0.314023,0.582856,482.0,39.0121,31.4023,58.2856,0.3913888507976587,0.31724859199241023,0.7250626352167997,Assembly,0.7250626352167997,29,0.515647226173542
7,4942,2.998053,0.038306,0.151382,35,5103,2.993445,0.000557,59.718257,196,4907,3.001457,0.255106,0.342252,0.265201,0.512594,231.0,34.2252,26.520100000000003,51.2594,0.34279140371908345,0.2653678048221867,0.5993546852402494,Assembly,0.5993546852402494,35,0.708215297450425
17,699,3.01565,0.0,0.12381,2,730,2.999623,0.0,41.885852,33,697,3.031225,0.0,0.048731,0.03795,0.07336,35.0,4.8731,3.795,7.335999999999999,0.048731,0.03795,0.07336,Assembly,0.07336,2,0.28612303290414876
9,6480,2.998802,0.171122,1.92653,70,6462,3.003066,0.033789,14.000278,52,6410,3.009636,0.590867,0.449319,0.335993,0.671246,122.0,44.9319,33.5993,67.1246,0.4517286445261055,0.34611179378252244,0.8721978623860294,Assembly,0.8721978623860294,70,1.0802469135802468
6,8220,3.004455,0.465205,0.993502,123,8784,2.997004,0.103573,42.569919,687,8097,2.996919,1.630835,0.571047,0.457049,0.843456,810.0,57.104699999999994,45.704899999999995,84.3456,0.577597757247852,0.4880660122950426,1.3980974514506992,Assembly,1.3980974514506992,123,1.4963503649635037
11,10122,2.994639,1.051134,45.357006,611,10430,3.002915,0.400831,70.893824,919,9511,3.003822,2.868152,0.700664,0.543084,0.992932,1530.0,70.0664,54.3084,99.2932,0.715465482505484,0.663120882732317,1.9683807659764632,Assembly,1.9683807659764632,611,6.0363564512942105
2,7458,3.006198,0.258245,53.635123,44,7645,2.992114,0.094727,4.113886,231,7414,3.00394,1.450848,0.517835,0.397115,0.774097,275.0,51.783500000000004,39.7115,77.4097,0.5214714620016371,0.42548290016387,1.2675254832949647,Assembly,1.2675254832949647,44,0.5899705014749262
12,8520,3.003096,0.721199,8.18304,465,8076,3.001375,0.144287,27.577113,21,8055,3.006007,1.747924,0.591767,0.420818,0.841951,486.0,59.176700000000004,42.0818,84.1951,0.6019225219234394,0.4640276362277314,1.4364140231663607,Assembly,1.4364140231663607,465,5.457746478873239
9,6363,2.992664,0.183882,39.186437,252,6120,2.993028,0.005665,0.382224,9,6111,2.996189,0.546753,0.440714,0.31801,0.635814,261.0,44.0714,31.801000000000002,63.5814,0.4433033237266356,0.3197064978773562,0.8217628406276687,Assembly,0.8217628406276687,252,3.9603960396039604
12,6561,2.998971,0.187852,18.400334,13,6732,2.999763,0.02886,16.176687,184,6548,2.996909,0.590745,0.455067,0.350044,0.681666,197.0,45.5067,35.004400000000004,68.1666,0.45771222705156545,0.3586867058676965,0.8825763705998726,Assembly,0.8825763705998726,13,0.19814052735863436
17,12393,2.998362,4.97196,161.151773,2881,13141,3.002987,0.816575,217.243013,3629,9512,3.003948,2.923893,0.859248,0.684601,0.993255,6510.0,85.9248,68.4601,99.3255,0.9292603666040352,0.9291407624363925,1.9876610909942078,Assembly,1.9876610909942078,2881,23.246994270959412
15,11160,2.999164,1.92295,125.6308,1703,10920,2.998582,0.37012,97.432108,1463,9457,2.997712,2.808646,0.77246,0.568268,0.985453,3166.0,77.24600000000001,56.8268,98.5453,0.7995379089858387,0.6791078577876589,1.9406639772301921,Assembly,1.9406639772301921,1703,15.259856630824373
11,12000,2.995895,3.152328,137.047587,2491,10704,2.996679,0.490935,90.267782,1195,9509,3.000729,2.87113,0.831275,0.556883,0.992059,3686.0,83.1275,55.6883,99.2059,0.8756643240476925,0.7039033328190434,1.9685205736746179,Assembly,1.9685205736746179,2491,20.758333333333333
7,1468,2.991872,0.0,16.245307,88,1382,3.023579,0.0,4.016782,2,1380,2.989565,0.0,0.101585,0.072506,0.14325,90.0,10.1585,7.2506,14.325,0.101585,0.072506,0.14325,Assembly,0.14325,88,5.994550408719346
19,1424,2.994326,0.0,31.114627,30,1400,2.993454,0.0,0.352299,6,1394,2.984774,0.0,0.09821,0.072664,0.14474,36.0,9.821,7.266400000000001,14.474,0.09820999999999999,0.072664,0.14474,Assembly,0.14474,30,2.106741573033708
12,8484,3.002637,0.599155,52.743551,47,8736,2.994049,0.133042,9.297177,299,8437,2.997247,2.033789,0.589684,0.454102,0.879287,346.0,58.968399999999995,45.4102,87.9287,0.5981209664101563,0.4939440954279307,1.5709717399672352,Assembly,1.5709717399672352,47,0.553983969825554
19,1426,2.993936,0.0,2.970367,18,1414,3.001997,0.0,22.132146,6,1408,2.993476,0.0,0.098641,0.073651,0.14635,24.0,9.8641,7.365099999999999,14.635000000000002,0.098641,0.073651,0.14635,Assembly,0.14635,18,1.262272089761571
14,12888,3.000614,4.954719,176.497227,3349,12564,2.99983,0.893999,187.165602,3025,9539,3.007816,2.93362,0.89471,0.652274,0.997691,6374.0,89.471,65.2274,99.7691,0.9644795884616889,0.9199999321903959,1.995405210698691,Assembly,1.995405210698691,3349,25.985412787088762
1,690,2.96879,0.0,0.036889,3,725,2.989292,0.0,54.768141,38,687,3.004884,0.0,0.047419,0.037636,0.071839,41.0,4.7419,3.7636000000000003,7.1839,0.047419,0.037636,0.071839,Assembly,0.071839,3,0.43478260869565216
7,5061,2.998538,0.034592,62.60646,420,4655,2.992693,0.00028,0.173815,14,4641,3.003649,0.136178,0.350895,0.241731,0.484033,434.0,35.0895,24.1731,48.4033,0.3513821052433179,0.24181485161618005,0.5303466758627655,Assembly,0.5303466758627655,420,8.29875518672199
9,6534,3.00168,0.185281,20.928648,459,6084,2.988869,0.018644,1.570316,9,6075,2.997206,0.520745,0.453556,0.315327,0.632223,468.0,45.3556,31.532700000000002,63.2223,0.45616502366406053,0.3209103197573574,0.809326608050903,Assembly,0.809326608050903,459,7.024793388429752
18,13392,3.00642,7.501584,172.382293,3849,12654,2.996262,1.156899,164.013692,3111,9543,3.002386,2.919389,0.916513,0.657902,0.995982,6960.0,91.6513,65.7902,99.5982,1.0221461203627875,1.0043586103822675,1.9888562958724854,Assembly,1.9888562958724854,3849,28.741039426523297
10,14440,3.00165,32.637324,220.741661,4875,14960,3.002023,2.04505,266.337309,5395,9565,3.001005,2.918081,0.988832,0.777746,0.997669,10270.0,98.8832,77.7746,99.7669,1.4484125865016366,1.3901772416747324,1.9900984495094276,Assembly,1.9900984495094276,4875,33.76038781163435
10,12512,3.003729,6.915482,159.97103,3025,12274,2.997689,0.959879,163.158717,2787,9487,3.004643,2.911895,0.868947,0.633251,0.990584,5812.0,86.8947,63.3251,99.0584,0.9663269590156813,0.9207060195973207,1.9809096118933143,Assembly,1.9809096118933143,3025,24.176790281329925
19,13414,2.997747,5.738619,170.918451,3882,13566,2.990075,1.401883,223.710166,4034,9532,3.00073,2.921611,0.913123,0.704225,0.994163,7916.0,91.31230000000001,70.4225,99.4163,0.9939310308829682,1.1240469830188498,1.9877929905351115,Assembly,1.9877929905351115,3882,28.939913523184735
4,2724,3.011084,9.5e-05,4.585959,28,2872,3.000124,0.0,33.531711,176,2696,3.015718,0.007016,0.188862,0.14959,0.28232,204.0,18.8862,14.959,28.232000000000003,0.1888633377369945,0.14959,0.28470611780062244,Assembly,0.28470611780062244,28,1.0279001468428781
8,5124,2.997159,0.035296,3.213135,42,5187,2.997547,0.000887,21.574201,105,5082,2.98593,0.214003,0.354644,0.269667,0.527779,147.0,35.464400000000005,26.9667,52.7779,0.3551410185785196,0.26993262994125594,0.6005606943681022,Assembly,0.6005606943681022,42,0.819672131147541
16,11936,2.995151,4.085557,135.685687,2356,12544,2.998188,1.13501,156.536809,2964,9580,2.995144,2.920883,0.827543,0.652777,0.997498,5320.0,82.7543,65.27770000000001,99.7498,0.8850735341285293,0.9926785102873955,1.9908804002046019,Assembly,1.9908804002046019,2356,19.738605898123325
16,10136,3.00429,1.123692,53.853768,692,10164,2.997879,0.30895,29.570461,720,9444,3.000701,2.769982,0.704907,0.528186,0.985055,1412.0,70.49069999999999,52.8186,98.5055,0.720730203777589,0.6207072743529052,1.9271164819845725,Assembly,1.9271164819845725,692,6.8271507498026835
16,14820,3.001662,29.997273,233.360242,5240,14180,3.004695,1.356019,238.881338,4600,9580,2.996011,2.923524,0.996109,0.738937,0.997713,9840.0,99.6109,73.8937,99.7713,1.4185138613418706,1.1450240882885645,1.9919935953459138,Assembly,1.9919935953459138,5240,35.35762483130904
5,6184,2.99933,0.072085,83.351066,612,5584,3.006338,0.002928,0.200243,12,5572,2.998196,0.353836,0.429237,0.291448,0.580551,624.0,42.9237,29.1448,58.0551,0.43025206075001643,0.29232484832919664,0.7008894233325319,Assembly,0.7008894233325319,612,9.896507115135835
16,12104,2.998966,4.5396,119.914196,2573,11934,3.00167,0.784948,150.749049,2403,9531,3.003703,2.912056,0.835232,0.621853,0.995346,4976.0,83.5232,62.1853,99.5346,0.8991561143202436,0.8569214229188029,1.985726367447177,Assembly,1.985726367447177,2573,21.25743555849306
13,10304,2.998905,1.437252,73.987054,842,10220,3.004885,0.454169,55.175403,758,9462,2.998011,2.860613,0.715294,0.533176,0.985773,1600.0,71.5294,53.3176,98.57730000000001,0.7355325807461007,0.6691860166744927,1.9586577776499392,Assembly,1.9586577776499392,842,8.171583850931677
4,2992,2.999468,0.0,43.774363,109,2900,2.992036,0.0,0.625955,17,2883,2.987467,0.007043,0.207424,0.150275,0.299406,126.0,20.7424,15.0275,29.9406,0.207424,0.150275,0.3018013004090342,Assembly,0.3018013004090342,109,3.643048128342246
6,12257,2.99178,2.913655,161.744433,2690,11696,2.999063,0.67862,137.10324,2129,9567,2.998769,2.920504,0.847178,0.608454,0.997297,4819.0,84.7178,60.845400000000005,99.7297,0.8882064640298153,0.8116803706145606,1.9905505035902298,Assembly,1.9905505035902298,2690,21.946642734763806
6,4218,3.004411,0.00788,44.77793,138,4098,3.001923,0.000148,0.523583,18,4080,2.990173,0.131286,0.292989,0.213342,0.423967,156.0,29.2989,21.3342,42.396699999999996,0.29309996176333675,0.2133863215685523,0.46861692325720045,Assembly,0.46861692325720045,138,3.2716927453769555
9,5292,3.004284,0.07687,83.218892,392,4907,3.006729,0.002343,2.387635,7,4900,3.001482,0.211891,0.367894,0.25617,0.510774,399.0,36.7894,25.617,51.0774,0.36897644045021527,0.256871658345392,0.5828374103323389,Assembly,0.5828374103323389,392,7.4074074074074066
13,9620,3.000904,1.10525,21.598596,452,9646,3.000371,0.204125,15.510116,478,9168,3.004091,2.53807,0.668257,0.502113,0.957393,930.0,66.8257,50.2113,95.7393,0.6838205138233433,0.5632423255455147,1.8205819974666202,Assembly,1.8205819974666202,452,4.698544698544699
14,9618,2.998086,1.238891,21.328374,143,10164,3.008937,0.354442,45.564606,689,9475,3.008528,2.876219,0.666224,0.530003,0.99092,832.0,66.6224,53.0003,99.092,0.6836693718200548,0.6361477662216941,1.969112325311928,Assembly,1.969112325311928,143,1.4867955915990851
17,15460,2.992982,33.147488,232.028402,5901,14240,2.999173,1.545365,233.316528,4681,9559,3.002031,2.93419,0.994408,0.740765,0.997615,10582.0,99.4408,74.0765,99.7615,1.4611724313025163,1.2035555458500637,1.9955230657651613,Assembly,1.9955230657651613,5901,38.16946959896507
20,7150,2.999312,0.242298,46.542222,218,6970,3.003321,0.02913,0.463593,38,6932,3.006442,0.807797,0.495239,0.363072,0.724759,256.0,49.5239,36.3072,72.47590000000001,0.49865090524530054,0.37179556278329867,0.9994880195252864,Assembly,0.9994880195252864,218,3.0489510489510487
8,11824,2.995216,3.349334,147.429967,2275,12432,3.001641,0.862277,149.65962,2883,9549,3.002136,2.920142,0.817414,0.645453,0.996572,5158.0,81.7414,64.54530000000001,99.6572,0.8645774526197636,0.9036791430173168,1.9897023886181908,Assembly,1.9897023886181908,2275,19.240527740189446
20,13720,2.99856,9.565986,193.603414,4143,14400,3.001904,1.661575,218.022015,4823,9577,2.997897,2.930327,0.939507,0.746241,0.997684,8966.0,93.9507,74.6241,99.7684,1.074209877489173,1.2438329612653447,1.994278272569066,Assembly,1.994278272569066,4143,30.196793002915452
13,8359,2.988584,0.811316,4.212948,165,10075,2.998979,0.236725,152.363854,1881,8194,2.996766,1.761361,0.577788,0.524332,0.853695,2046.0,57.7788,52.4332,85.3695,0.5892124992364619,0.5952240494293299,1.452727901285939,Assembly,1.452727901285939,165,1.9739203253977748
15,8436,3.005427,0.615234,59.189494,576,7896,2.997224,0.141577,3.595473,36,7860,2.995417,1.594057,0.586883,0.410613,0.817555,612.0,58.688300000000005,41.0613,81.7555,0.5955463819168431,0.45301107237113203,1.3596883784074705,Assembly,1.3596883784074705,576,6.827880512091039
6,13053,3.007613,8.604281,199.327944,3533,13490,2.997448,1.965096,258.32459,3970,9520,3.002061,2.917656,0.904646,0.699289,0.993322,7503.0,90.46459999999999,69.9289,99.3322,1.0258066842645828,1.287776412674531,1.9856069084510946,Assembly,1.9856069084510946,3533,27.066574733777678
19,13851,2.995889,9.881693,220.054576,4278,13053,3.004231,1.049493,203.397334,3480,9573,2.99829,2.91888,0.953894,0.680755,0.997637,7758.0,95.3894,68.0755,99.7637,1.0930424873137612,0.9950467293557321,1.990338186699094,Assembly,1.990338186699094,4278,30.88585661685077
5,8172,2.995842,0.559245,1.933198,24,8844,3.003077,0.160356,69.911019,696,8148,3.005885,1.762817,0.566345,0.45962,0.850692,720.0,56.634499999999996,45.961999999999996,85.0692,0.5742199760580281,0.5076418205862905,1.450220081946958,Assembly,1.450220081946958,24,0.2936857562408223
16,12080,3.000375,4.092384,145.994801,2615,11824,3.000678,0.522066,134.920386,2359,9465,2.997295,2.826107,0.834923,0.615089,0.986244,4974.0,83.4923,61.5089,98.6244,0.8925496681333897,0.7714321351879714,1.9473934040997283,Assembly,1.9473934040997283,2615,21.647350993377483
2,2073,3.003108,0.0,0.019171,9,2283,3.007326,0.0,71.09672,219,2064,3.005995,0.000248,0.144107,0.118995,0.21612,228.0,14.410700000000002,11.8995,21.612000000000002,0.144107,0.118995,0.21620434395874494,Assembly,0.21620434395874494,9,0.43415340086830684
3,2298,2.985061,0.0,10.755712,7,2307,2.984629,0.0,6.948377,16,2291,3.000886,0.0,0.158691,0.119363,0.239024,23.0,15.8691,11.9363,23.9024,0.158691,0.119363,0.23902400000000001,Assembly,0.23902400000000001,7,0.30461270670147955
18,12780,2.998815,4.414351,143.201541,3236,13122,2.996816,0.960372,216.511509,3578,9544,3.004968,2.928191,0.87824,0.681787,0.996741,6814.0,87.824,68.1787,99.6741,0.9404004277851973,0.969389658335809,1.9926088262147146,Assembly,1.9926088262147146,3236,25.320813771517997
5,3595,3.004119,0.001847,1.144248,10,3585,2.992952,0.0,16.274838,0,3585,2.99428,0.031892,0.249805,0.18628,0.372726,10.0,24.9805,18.628,37.2726,0.24983100842346231,0.18628,0.3835723610173105,Assembly,0.3835723610173105,10,0.27816411682892905
8,5544,2.997151,0.070014,8.982368,14,5848,3.007114,0.006478,28.343875,318,5530,2.996467,0.336392,0.384587,0.305019,0.575962,332.0,38.4587,30.5019,57.596199999999996,0.38557289808353545,0.306958967034336,0.6903677781053286,Assembly,0.6903677781053286,14,0.25252525252525254
15,10455,3.002096,1.733667,63.854659,905,10800,2.999857,0.476765,88.555023,1250,9550,3.004317,2.932025,0.726006,0.562484,0.997547,2155.0,72.6006,56.2484,99.7547,0.7504185313907027,0.7052608421002194,1.9947187566091822,Assembly,1.9947187566091822,905,8.656145384983262
12,6561,2.99625,0.171826,0.325244,23,6975,3.00265,0.030695,64.360482,437,6538,2.992197,0.839808,0.454753,0.363608,0.679815,460.0,45.475300000000004,36.3608,67.9815,0.4571725578613072,0.37280023342373336,0.9654308520389301,Assembly,0.9654308520389301,23,0.35055631763450695
2,1442,3.016085,0.0,66.905649,110,1342,2.985872,0.0,1.848401,10,1332,3.005252,0.0,0.10057,0.069465,0.139382,120.0,10.057,6.9465,13.9382,0.10057,0.069465,0.139382,Assembly,0.139382,110,7.628294036061026
3,2205,2.989275,0.0,6.439169,18,2196,3.004089,0.0,13.024218,9,2187,3.014807,0.000535,0.152315,0.114286,0.229137,27.0,15.2315,11.4286,22.913700000000002,0.152315,0.114286,0.22931895168519573,Assembly,0.22931895168519573,18,0.8163265306122449
5,7140,2.994061,0.273848,1.090926,66,7590,3.006947,0.086363,68.033722,516,7074,3.005682,1.29362,0.492568,0.396153,0.739553,582.0,49.2568,39.6153,73.95530000000001,0.496424174741909,0.42201613260055004,1.1795087738371164,Assembly,1.1795087738371164,66,0.9243697478991597
10,4644,2.999058,0.012073,28.06094,396,4266,3.003378,0.0,0.968816,18,4248,3.00123,0.106856,0.322045,0.222152,0.443449,414.0,32.2045,22.2152,44.344899999999996,0.32221500524984326,0.222152,0.47979036312761003,Assembly,0.47979036312761003,396,8.527131782945736
6,10680,2.998699,1.552481,90.446156,1246,9930,3.002947,0.362774,46.641037,496,9434,3.002011,2.691843,0.738001,0.517008,0.984551,1742.0,73.8001,51.7008,98.4551,0.759862171231828,0.6256479507431649,1.9000376731443733,Assembly,1.9000376731443733,1246,11.666666666666666
19,14478,2.999984,26.498486,238.15618,4910,13528,2.995869,1.556661,232.477016,3960,9568,3.000061,2.932832,0.995276,0.69891,0.997592,8870.0,99.5276,69.891,99.7592,1.3684128949637357,1.1650833596228116,1.9950382145717112,Assembly,1.9950382145717112,4910,33.91352396739881
2,1426,3.005451,0.0,7.269446,6,1430,3.016053,0.0,9.162342,10,1420,3.00979,0.0,0.099208,0.074738,0.148705,16.0,9.9208,7.4738,14.8705,0.099208,0.074738,0.148705,Assembly,0.148705,6,0.42075736325385693
4,11712,2.990574,3.75044,150.201098,2205,12128,3.000131,0.709631,130.862018,2621,9507,3.000435,2.867495,0.809791,0.631574,0.991489,4826.0,80.9791,63.157399999999996,99.1489,0.8626026035137929,0.8440872365765542,1.9667143225051107,Assembly,1.9667143225051107,2205,18.82684426229508
19,13167,2.995903,9.043094,175.006919,3614,13794,3.000775,1.117851,219.611927,4241,9553,3.003428,2.937414,0.91279,0.717852,0.997627,7855.0,91.279,71.7852,99.76270000000001,1.0401298040939089,1.0526149035658499,1.9966315372288452,Assembly,1.9966315372288452,3614,27.447406394774816
7,5680,2.996798,0.053693,19.041982,32,5768,2.99968,0.007328,1.453079,120,5648,2.998452,0.445071,0.393839,0.29932,0.588528,152.0,39.3839,29.932,58.8528,0.3945950748678731,0.3015145165834539,0.7398951373490354,Assembly,0.7398951373490354,32,0.5633802816901409
7,3000,3.002894,6.8e-05,38.039056,128,2880,3.004483,0.0,0.244275,8,2872,3.002083,0.006514,0.208372,0.15004,0.299691,136.0,20.8372,15.004000000000001,29.969099999999997,0.20837295753805926,0.15004,0.3019063893034855,Assembly,0.3019063893034855,128,4.266666666666667
16,4942,2.996204,0.030856,41.428843,217,4746,3.003505,0.003004,0.185245,21,4725,3.0014,0.16515,0.342313,0.24723,0.492711,238.0,34.2313,24.723,49.271100000000004,0.34274749697582724,0.24812960805358836,0.5488779547851763,Assembly,0.5488779547851763,217,4.390934844192635
4,3028,2.997503,2.2e-05,42.136136,112,2932,2.993967,0.0,0.316225,16,2916,2.999353,0.007389,0.209919,0.152271,0.304455,128.0,20.9919,15.227099999999998,30.4455,0.20991930979172507,0.152271,0.30696797383534763,Assembly,0.30696797383534763,112,3.6988110964332894
13,9620,2.995761,0.917481,23.591387,388,9256,2.992902,0.211154,10.681796,24,9232,2.995383,2.523412,0.66713,0.480956,0.961086,412.0,66.713,48.0956,96.1086,0.6800494555314678,0.5441903005816906,1.819289861388866,Assembly,1.819289861388866,388,4.033264033264033
18,8931,2.996546,0.766026,7.087565,0,9555,3.000182,0.294,43.244416,624,8931,2.996553,2.359918,0.619494,0.497609,0.929243,624.0,61.9494,49.7609,92.9243,0.6302807507261166,0.5856531969890082,1.731843106586277,Assembly,1.731843106586277,0,0.0
14,4026,3.001943,0.004924,3.826447,6,4254,3.000554,0.000201,42.9121,234,4020,2.999669,0.083295,0.279764,0.221326,0.419132,240.0,27.9764,22.1326,41.9132,0.27983333702064345,0.22138619348161492,0.44746034695023473,Assembly,0.44746034695023473,6,0.14903129657228018
15,2748,2.994732,0.0,1.039941,2,3028,2.993537,0.0,40.440485,282,2746,2.992159,0.002446,0.190498,0.157087,0.285464,284.0,19.0498,15.7087,28.5464,0.190498,0.157087,0.2862958763027826,Assembly,0.2862958763027826,2,0.0727802037845706
5,3540,2.997479,0.000354,5.324179,42,3525,2.995672,0.0,11.708948,27,3498,2.99755,0.022878,0.245552,0.183089,0.364914,69.0,24.5552,18.3089,36.4914,0.2455569848304849,0.183089,0.37269473019421895,Assembly,0.37269473019421895,42,1.1864406779661016
11,8459,2.997774,0.375305,52.044001,868,7777,3.00107,0.126275,5.288513,186,7591,2.997474,1.183502,0.586969,0.404235,0.790996,1054.0,58.6969,40.423500000000004,79.09960000000001,0.5922538356077537,0.4420505815468947,1.1935010155747243,Assembly,1.1935010155747243,868,10.26126019624069
17,12342,2.997229,4.412427,168.965597,2839,12444,2.997858,1.047846,191.267455,2941,9503,3.001678,2.909806,0.842546,0.647681,0.991589,5780.0,84.2546,64.76809999999999,99.1589,0.9046793350906973,0.9614795021705589,1.9812041500795317,Assembly,1.9812041500795317,2839,23.002754820936637
4,9386,2.999561,0.783058,25.889124,293,9178,2.993506,0.147568,6.039794,85,9093,2.996627,2.416793,0.650113,0.476833,0.947132,378.0,65.0113,47.6833,94.7132,0.661139585847075,0.5210251974873265,1.769075101157315,Assembly,1.769075101157315,293,3.121670573194119
1,726,2.990361,0.0,12.72447,0,742,3.036248,0.0,8.032885,16,726,2.993147,0.0,0.050255,0.039056,0.075452,16.0,5.0255,3.9056,7.5452,0.050255,0.039056,0.075452,Assembly,0.075452,0,0.0
17,12104,2.996242,4.146037,153.082695,2681,11832,3.003127,0.620041,136.891466,2409,9423,3.003767,2.762912,0.829554,0.61661,0.983779,5090.0,82.9554,61.661,98.3779,0.8879361797435809,0.8022937140995294,1.9234359989671266,Assembly,1.9234359989671266,2681,22.14970257766028
9,6408,3.002708,0.169645,15.269167,18,6525,2.992705,0.020146,3.124156,135,6390,2.999355,0.652255,0.444515,0.338007,0.665482,153.0,44.451499999999996,33.8007,66.54820000000001,0.4469038462362009,0.34404012378415155,0.8873117129482602,Assembly,0.8873117129482602,18,0.2808988764044944
2,1452,2.994784,0.0,2.61274,0,1468,2.982541,0.0,18.405254,16,1452,2.983175,0.0,0.100658,0.076016,0.150402,16.0,10.0658,7.6016,15.0402,0.100658,0.076016,0.150402,Assembly,0.150402,0,0.0
14,2984,2.995986,0.0,1.680028,22,3068,3.008899,0.0,23.735149,106,2962,2.986992,0.009821,0.206254,0.159953,0.307829,128.0,20.6254,15.9953,30.7829,0.206254,0.159953,0.31116908878562044,Assembly,0.31116908878562044,22,0.7372654155495978
19,12578,3.002934,6.325739,167.729721,3011,13946,3.003894,1.682684,223.341445,4379,9567,2.999179,2.924252,0.874326,0.726695,0.997458,7390.0,87.43260000000001,72.6695,99.7458,0.963401527138079,1.2306084747151442,1.9919861856764234,Assembly,1.9919861856764234,3011,23.938622992526636
6,4128,2.997979,0.00302,9.185031,47,4212,2.99709,0.001901,4.48893,131,4081,3.005335,0.048987,0.285551,0.218586,0.427252,178.0,28.5551,21.8586,42.7252,0.2855935259549844,0.2191552925798507,0.4439123125283768,Assembly,0.4439123125283768,47,1.1385658914728682
3,3455,2.990346,0.000136,1.567758,16,3545,2.991213,0.0,22.791878,106,3439,3.009787,0.022971,0.239082,0.183849,0.359841,122.0,23.908199999999997,18.384900000000002,35.984100000000005,0.23908391507611845,0.183849,0.3676533591787484,Assembly,0.3676533591787484,16,0.4630969609261939
1,713,2.998327,0.0,1.416083,2,722,3.017415,0.0,15.340645,11,711,2.978656,0.0,0.049486,0.037809,0.073589,13.0,4.9486,3.7809000000000004,7.3589,0.049486,0.037809,0.073589,Assembly,0.073589,2,0.2805049088359046
4,2924,2.997603,0.0,0.189686,20,3104,2.986937,0.0,56.510405,200,2904,2.991583,0.005493,0.202448,0.160963,0.302055,220.0,20.244799999999998,16.0963,30.2055,0.202448,0.160963,0.30392315066687847,Assembly,0.30392315066687847,20,0.6839945280437756
6,4452,2.992506,0.009966,24.278345,144,4308,2.999788,0.0,9.829072,0,4308,2.991606,0.081152,0.308275,0.224359,0.447494,144.0,30.8275,22.4359,44.7494,0.3084153356514485,0.224359,0.4750935199196284,Assembly,0.4750935199196284,144,3.234501347708895
19,3395,3.004563,0.001834,0.044863,0,3535,3.001288,0.0,69.359398,140,3395,2.993259,0.024407,0.236122,0.184099,0.352851,140.0,23.6122,18.4099,35.2851,0.2361478253647157,0.184099,0.36115173790761007,Assembly,0.36115173790761007,0,0.0
3,1462,3.018823,0.0,19.473358,26,1446,2.994769,0.0,1.918307,10,1436,2.999404,0.0,0.102165,0.075119,0.149802,36.0,10.2165,7.511900000000001,14.9802,0.102165,0.075119,0.149802,Assembly,0.149802,26,1.7783857729138166
18,12121,3.001293,4.383559,143.865732,2586,12359,2.993987,0.732975,185.737047,2824,9535,2.997819,2.888515,0.835642,0.642112,0.993626,5410.0,83.5642,64.2112,99.3626,0.8973688320216611,0.8616160656055045,1.9760001532019587,Assembly,1.9760001532019587,2586,21.334873360283805
19,9399,2.999129,0.924966,19.320068,16,9594,2.998639,0.220549,28.898211,211,9383,2.990991,2.704827,0.652519,0.498947,0.975495,227.0,65.25189999999999,49.8947,97.5495,0.6655438551251956,0.5649948217745877,1.8953974875005994,Assembly,1.8953974875005994,16,0.1702308756250665
14,4284,3.004847,0.013087,16.458276,36,4374,3.003511,0.000425,5.173992,126,4248,2.998658,0.100208,0.297457,0.228079,0.442651,162.0,29.745700000000003,22.8079,44.265100000000004,0.2976412838320797,0.22820627477455893,0.4767314008786736,Assembly,0.4767314008786736,36,0.8403361344537815
1,1508,3.012696,0.0,99.043545,176,1336,2.999172,0.0,0.034601,4,1332,3.006184,0.0,0.105041,0.069558,0.139119,180.0,10.5041,6.955799999999999,13.9119,0.105041,0.069558,0.139119,Assembly,0.139119,176,11.671087533156498
5,5341,2.997648,0.047239,29.505355,259,5103,3.009195,0.000886,11.658501,21,5082,3.004771,0.179281,0.370612,0.266597,0.5304,280.0,37.0612,26.659699999999997,53.04,0.37127719324089653,0.2668623304711981,0.5913728599505975,Assembly,0.5913728599505975,259,4.849279161205767
15,5840,2.994857,0.08194,12.665562,23,5848,3.000066,0.004679,2.701558,31,5817,3.001613,0.466787,0.404722,0.304398,0.606858,54.0,40.4722,30.4398,60.6858,0.40587583336139765,0.3057992204003795,0.7656106752849414,Assembly,0.7656106752849414,23,0.3938356164383562
12,8808,2.999326,0.9348,77.757804,177,8760,3.000964,0.157054,5.354372,129,8631,2.995721,2.090658,0.611542,0.455646,0.898815,306.0,61.1542,45.5646,89.8815,0.6247053320262939,0.5026789704554819,1.6098406939586258,Assembly,1.6098406939586258,177,2.0095367847411443
8,5768,3.004763,0.066428,0.234032,19,5960,2.99259,0.010852,45.780576,211,5749,3.006035,0.409494,0.401109,0.30921,0.600989,230.0,40.1109,30.921,60.0989,0.402044402032352,0.31245984906709084,0.7402565203318254,Assembly,0.7402565203318254,19,0.3294036061026352
8,13266,2.997493,10.620473,197.600615,3678,13050,2.995161,0.934267,177.547067,3462,9588,2.992663,2.91432,0.915762,0.675774,0.997191,7140.0,91.5762,67.5774,99.71910000000001,1.0653135750698433,0.9555589924773121,1.9883413461673323,Assembly,1.9883413461673323,3678,27.72501130710086
3,7090,2.996082,0.171999,13.789824,50,7170,2.999415,0.020553,11.185185,130,7040,3.003924,1.02629,0.491436,0.372814,0.735323,180.0,49.1436,37.2814,73.53229999999999,0.49385799395078145,0.37896900809767037,1.084360747662601,Assembly,1.084360747662601,50,0.7052186177715092
11,8239,2.992233,0.711724,4.352205,433,7832,2.99306,0.082372,22.317442,26,7806,3.000093,1.495294,0.56949,0.406308,0.813516,459.0,56.949000000000005,40.6308,81.3516,0.5795121002600364,0.4309759475999272,1.322060417127129,Assembly,1.322060417127129,433,5.255492171380022
18,12410,2.998662,3.137245,152.963736,2841,12240,3.005246,1.019918,155.170786,2671,9569,2.999201,2.928929,0.858752,0.637707,0.997549,5512.0,85.87519999999999,63.770700000000005,99.7549,0.9029289336572853,0.9431419023967188,1.9936678175113023,Assembly,1.9936678175113023,2841,22.8928283642224
17,11543,2.996956,2.57797,120.712472,2029,11815,2.995117,0.935896,147.226799,2301,9514,3.007474,2.920041,0.798181,0.613424,0.994594,4330.0,79.8181,61.3424,99.4594,0.8344825351559958,0.8936968292014451,1.9876900388607988,Assembly,1.9876900388607988,2029,17.577752750584768
8,1364,3.001709,0.0,0.002794,8,1546,2.986143,0.0,78.25357,190,1356,3.009806,0.0,0.094609,0.080094,0.141876,198.0,9.4609,8.0094,14.1876,0.094609,0.080094,0.141876,Assembly,0.141876,8,0.5865102639296188
6,4230,3.010264,0.007721,0.481076,5,4428,2.999673,0.000161,41.708174,203,4225,3.008984,0.113605,0.294755,0.23005,0.441914,208.0,29.4755,23.005,44.191399999999994,0.29486372281405115,0.23009821467930347,0.48055067513393845,Assembly,0.48055067513393845,5,0.1182033096926714
12,1394,2.990892,0.0,1.8629,6,1536,2.999407,0.0,77.336556,148,1388,2.987348,0.0,0.096512,0.079849,0.144309,154.0,9.6512,7.9849000000000006,14.4309,0.09651199999999999,0.079849,0.144309,Assembly,0.144309,6,0.430416068866571
8,2073,2.999664,0.0,0.167821,9,2142,2.995613,0.0,30.547154,78,2064,2.994979,0.000118,0.143793,0.111153,0.21488,87.0,14.3793,11.1153,21.488,0.143793,0.111153,0.2149201313997254,Assembly,0.2149201313997254,9,0.43415340086830684
4,2848,2.991213,0.001355,20.363641,54,2804,3.008465,0.0,3.368883,10,2794,2.986987,0.011136,0.197026,0.146318,0.290361,64.0,19.7026,14.6318,29.036099999999998,0.19704508035397478,0.146318,0.2941483158249332,Assembly,0.2941483158249332,54,1.8960674157303372
4,10890,2.997305,2.284802,99.207594,1424,10410,3.003432,0.438531,61.826321,944,9466,3.006879,2.899987,0.746731,0.542342,0.989219,2368.0,74.6731,54.2342,98.9219,0.7789043069537231,0.6736689039108393,1.9754947414871267,Assembly,1.9754947414871267,1424,13.076216712580349
17,6040,3.003532,0.088908,0.471889,16,6056,3.006406,0.015538,30.917536,32,6024,2.999482,0.485506,0.419328,0.315808,0.627392,48.0,41.9328,31.580799999999996,62.7392,0.42057995284958677,0.32046116575787487,0.7925109436871437,Assembly,0.7925109436871437,16,0.26490066225165565
15,8734,2.995417,0.568226,108.692234,821,7953,3.006898,0.069459,2.9592,40,7913,2.992882,1.599126,0.605354,0.415171,0.823376,861.0,60.535399999999996,41.5171,82.3376,0.6133554414890595,0.4359718907437399,1.3672333281126237,Assembly,1.3672333281126237,821,9.400045798030684
4,6088,3.00279,0.076926,69.737809,401,5696,3.003315,0.0075,0.2547,9,5687,3.004566,0.389739,0.422258,0.297005,0.593555,410.0,42.2258,29.7005,59.355500000000006,0.42334122901096993,0.2992510254333931,0.7261039118438984,Assembly,0.7261039118438984,401,6.586727989487516
16,11648,3.003345,3.840284,98.969379,2128,11456,3.002007,0.530371,86.08227,1936,9520,2.990095,2.841257,0.809419,0.593406,0.989465,4064.0,80.9419,59.3406,98.9465,0.8634957365931365,0.752236234017882,1.9557668677085414,Assembly,1.9557668677085414,2128,18.269230769230766
15,8206,2.999928,0.628353,2.148379,22,8316,3.001662,0.118466,30.28271,132,8184,2.998093,1.842485,0.569863,0.433365,0.852877,154.0,56.9863,43.3365,85.2877,0.5787111163550683,0.4688420198656458,1.4794998985005479,Assembly,1.4794998985005479,22,0.2680965147453083
15,10192,2.999606,1.27851,63.947211,704,9800,2.997733,0.285816,25.395273,312,9488,2.993415,2.825537,0.706366,0.50754,0.987161,1016.0,70.6366,50.754,98.7161,0.7243692644725471,0.5931333340360897,1.9481165490332584,Assembly,1.9481165490332584,704,6.907378335949764
17,12750,2.99619,5.500715,191.670946,3203,12580,2.994238,1.247886,190.771819,3033,9547,3.005805,2.896307,0.882772,0.653972,0.997338,6236.0,88.2772,65.3972,99.73379999999999,0.9602299994940255,1.027676492530019,1.9823621859702665,Assembly,1.9823621859702665,3203,25.12156862745098
17,10530,2.999627,1.467497,70.518743,965,11130,2.999236,0.548478,88.943569,1565,9565,2.999582,2.928467,0.724244,0.578503,0.997424,2530.0,72.4244,57.8503,99.7424,0.7449084739608368,0.7427557383542084,1.993385692878479,Assembly,1.993385692878479,965,9.164292497625832
8,5848,2.997391,0.114383,49.026739,298,5584,2.998939,0.001982,3.558785,34,5550,3.002745,0.376843,0.405335,0.290337,0.578911,332.0,40.533500000000004,29.0337,57.891099999999994,0.40694567758575484,0.29093054965453136,0.7070740259891624,Assembly,0.7070740259891624,298,5.095759233926129
11,1382,3.003992,0.0,0.039438,2,1500,2.981876,0.0,78.046905,120,1380,3.013753,0.0,0.096089,0.077653,0.144414,122.0,9.6089,7.7653,14.441399999999998,0.09608900000000001,0.077653,0.144414,Assembly,0.144414,2,0.1447178002894356
9,6885,3.00045,0.225075,71.949879,753,6156,3.010628,0.020935,1.335467,24,6132,3.000227,0.583409,0.477078,0.321761,0.640069,777.0,47.7078,32.176100000000005,64.0069,0.4802473805689111,0.3280304056597446,0.8384844218847406,Assembly,0.8384844218847406,753,10.936819172113289
17,13946,2.994748,9.144775,219.98153,4408,13680,2.996842,1.328772,186.397258,4142,9538,2.999815,2.90468,0.965288,0.711211,0.994639,8550.0,96.5288,71.1211,99.46390000000001,1.0940596192027725,1.1091384276240766,1.9825108148677313,Assembly,1.9825108148677313,4408,31.607629427792915
7,7190,2.996245,0.297797,72.412586,523,6790,2.99322,0.037309,0.706677,123,6667,2.995807,0.992448,0.498681,0.352487,0.694428,646.0,49.8681,35.2487,69.4428,0.502874411197512,0.36365992838592825,1.0319561982599978,Assembly,1.0319561982599978,523,7.273991655076495
12,2061,3.014079,0.0,0.044301,1,2193,2.994455,0.0,70.961456,133,2060,2.991636,0.0,0.143797,0.113949,0.214062,134.0,14.379700000000001,11.3949,21.406200000000002,0.143797,0.113949,0.21406200000000003,Assembly,0.21406200000000003,1,0.048520135856380396
15,12053,3.000276,3.7507,148.387177,2612,12869,2.99822,1.103513,188.719466,3428,9441,3.003513,2.887609,0.832264,0.668952,0.985651,6040.0,83.2264,66.8952,98.5651,0.8850792646887253,0.9994211018773178,1.9677170256752534,Assembly,1.9677170256752534,2612,21.670953289637435
2,1488,3.004862,0.0,16.213507,38,1452,3.003508,0.0,7.815342,2,1450,2.995723,0.0,0.103307,0.075713,0.150829,40.0,10.3307,7.5713,15.082899999999999,0.103307,0.075713,0.150829,Assembly,0.150829,38,2.553763440860215
16,10864,2.99735,1.422283,73.31092,1302,11600,2.993057,0.469726,120.051846,2038,9562,3.001132,2.926435,0.753778,0.60192,0.997548,3340.0,75.3778,60.192,99.7548,0.773805795640087,0.7425888723634656,1.9928186165713433,Assembly,1.9928186165713433,1302,11.984536082474227
2,1402,2.996322,0.0,59.281789,64,1344,2.987211,0.0,0.785899,6,1338,3.012265,0.0,0.097193,0.069719,0.14012,70.0,9.7193,6.971900000000001,14.011999999999999,0.097193,0.069719,0.14012,Assembly,0.14012,64,4.56490727532097
16,11040,3.001991,2.654051,111.27268,1515,11424,3.007805,0.614727,117.297604,1899,9525,3.002044,2.906479,0.766472,0.596548,0.993969,3414.0,76.6472,59.654799999999994,99.3969,0.8038448653484352,0.780640330212456,1.9824526486652398,Assembly,1.9824526486652398,1515,13.722826086956522
10,3290,2.994239,0.001543,0.247056,8,3725,3.010241,0.0,76.64425,443,3282,2.997739,0.016701,0.227692,0.194344,0.341885,451.0,22.7692,19.4344,34.1885,0.22771372766507977,0.194344,0.3475649534475763,Assembly,0.3475649534475763,8,0.24316109422492402
19,13186,3.011268,11.389456,209.507451,3659,12996,3.001393,1.031634,192.050416,3469,9527,3.003306,2.911572,0.915381,0.67559,0.994521,7128.0,91.5381,67.559,99.4521,1.0757609646200952,0.9845334935937365,1.9847367606889814,Assembly,1.9847367606889814,3659,27.749127862884876
5,10995,3.001705,2.418311,106.464804,1439,11115,3.001505,0.518622,88.383774,1559,9556,3.001609,2.884668,0.763208,0.578583,0.99679,2998.0,76.3208,57.85829999999999,99.679,0.7972613062000844,0.7338947603089572,1.9778558015515888,Assembly,1.9778558015515888,1439,13.087767166894043
14,13148,3.004644,6.83966,188.746752,3567,12901,2.999658,0.970862,187.488113,3320,9581,2.995753,2.918084,0.906027,0.671687,0.997692,6887.0,90.6027,67.1687,99.7692,1.0023392759167322,0.9624310992419814,1.990122469799251,Assembly,1.990122469799251,3567,27.12960146029814
9,6660,2.994701,0.149972,51.809817,477,6219,3.006624,0.01978,0.867146,36,6183,2.994595,0.582933,0.461391,0.324306,0.643788,513.0,46.1391,32.4306,64.3788,0.4635028220267943,0.33022951774300197,0.8420415358994076,Assembly,0.8420415358994076,477,7.162162162162162
6,4224,3.011598,0.007248,8.865413,6,4590,3.003341,0.000309,23.37297,372,4218,3.001518,0.077855,0.294485,0.239341,0.439761,378.0,29.4485,23.9341,43.9761,0.2945870622919625,0.2394335362478558,0.4662392214035719,Assembly,0.4662392214035719,6,0.14204545454545456
4,2904,3.004701,0.0,12.92903,13,2908,2.996588,0.0,9.831158,17,2891,3.013798,0.011577,0.201983,0.151097,0.303226,30.0,20.1983,15.1097,30.3226,0.201983,0.151097,0.30716329842899176,Assembly,0.30716329842899176,13,0.4476584022038568
10,7030,3.009093,0.215976,35.781145,284,6790,3.006616,0.049907,1.582884,44,6746,3.003563,0.937701,0.488931,0.354238,0.704777,328.0,48.893100000000004,35.4238,70.4777,0.4919722535277181,0.369183652173913,1.0236859292704485,Assembly,1.0236859292704485,284,4.039829302987197
9,2936,3.004509,0.001411,26.704473,13,2968,3.00459,0.0,4.462776,45,2923,3.00329,0.003738,0.203898,0.154694,0.305145,58.0,20.3898,15.4694,30.514499999999998,0.2039178689147295,0.154694,0.306416281120115,Assembly,0.306416281120115,13,0.44277929155313356
8,5856,3.004629,0.062393,11.032299,152,5736,3.000729,0.007265,3.594183,32,5704,3.005525,0.282089,0.40679,0.298383,0.595487,184.0,40.679,29.8383,59.5487,0.4076685834136891,0.3005586499698134,0.6914245120096615,Assembly,0.6914245120096615,152,2.5956284153005464
5,3650,3.005065,0.000758,34.440952,155,3505,2.995237,0.0,0.047358,10,3495,3.010206,0.027758,0.253032,0.182202,0.36539,165.0,25.303199999999997,18.220200000000002,36.539,0.2530426737330722,0.18220200000000003,0.37483040164049,Assembly,0.37483040164049,155,4.2465753424657535
17,12121,3.002097,3.222242,171.137186,2599,11781,3.005257,0.702125,153.404933,2259,9522,3.000513,2.906459,0.83589,0.613284,0.993023,4858.0,83.589,61.3284,99.3023,0.8812638139870231,0.8235494143228144,1.9814998467330829,Assembly,1.9814998467330829,2599,21.44212523719165
5,11344,3.0021,2.748802,139.437526,1934,10528,3.005702,0.473571,45.016424,1118,9410,2.998241,2.845622,0.77838,0.548165,0.980653,3052.0,77.838,54.816500000000005,98.0653,0.8170870960639074,0.6899853347356518,1.9484393894017733,Assembly,1.9484393894017733,1934,17.048660084626235
13,9477,3.000941,1.207672,22.248563,172,9412,3.000659,0.138307,7.60788,107,9305,2.991627,2.482992,0.656466,0.489117,0.967654,279.0,65.6466,48.9117,96.7654,0.6734717632807643,0.5305358052821727,1.8121111564998753,Assembly,1.8121111564998753,172,1.814920333438852
5,3740,2.992502,0.000886,14.959188,135,3610,2.993718,0.0,4.266715,5,3605,2.999267,0.019305,0.258566,0.187633,0.375454,140.0,25.8566,18.7633,37.5454,0.2585784761576544,0.18763300000000002,0.382019565014398,Assembly,0.382019565014398,135,3.6096256684491976
11,11310,3.00003,2.428614,95.711135,1757,10665,2.991857,0.434217,86.011389,1112,9553,2.992877,2.903448,0.784345,0.553124,0.993447,2869.0,78.4345,55.3124,99.3447,0.8185433872975029,0.6831589900815517,1.9808998158468696,Assembly,1.9808998158468696,1757,15.534924845269673
16,11168,3.002241,3.290132,99.740855,1744,12304,2.993159,0.719495,165.027145,2880,9424,2.998695,2.865845,0.776135,0.63724,0.9822,4624.0,77.6135,63.724000000000004,98.22,0.8224648030876491,0.8527072092265527,1.9568641631021708,Assembly,1.9568641631021708,1744,15.616045845272206
17,747,3.00069,0.0,15.81799,8,741,3.022682,0.0,4.269063,2,739,3.004983,0.0,0.051823,0.038872,0.077116,10.0,5.1823,3.8871999999999995,7.711600000000001,0.051822999999999994,0.038872,0.077116,Assembly,0.077116,8,1.07095046854083
11,8272,3.001622,0.475442,29.235429,761,7568,3.005652,0.120027,8.593522,57,7511,3.001969,1.326503,0.573827,0.394641,0.784059,818.0,57.3827,39.4641,78.40589999999999,0.5805219089700954,0.43058549262584933,1.2351981705927984,Assembly,1.2351981705927984,761,9.199709864603483
3,5026,2.993559,0.036722,10.320615,15,5334,2.992283,0.004467,9.723563,323,5011,3.00101,0.2075,0.347537,0.276679,0.52228,338.0,34.753699999999995,27.6679,52.227999999999994,0.34805409871487963,0.27801673274812894,0.5928500461273029,Assembly,0.5928500461273029,15,0.29844807003581375
16,7170,3.004588,0.251278,13.138719,40,7420,3.006302,0.052775,6.266229,290,7130,2.992693,0.855643,0.498544,0.386905,0.742073,330.0,49.8544,38.6905,74.2073,0.5020823565948899,0.40270953229964257,1.033074281824115,Assembly,1.033074281824115,40,0.5578800557880056
2,1390,3.013117,0.0,12.72455,6,1410,3.011854,0.0,12.042123,26,1384,3.000949,0.0,0.096816,0.073647,0.144377,32.0,9.6816,7.3647,14.437700000000001,0.096816,0.073647,0.144377,Assembly,0.144377,6,0.4316546762589928
12,8460,2.998534,0.604969,13.935484,107,8424,2.998873,0.134349,7.828013,71,8353,3.008227,1.985369,0.586455,0.437844,0.873375,178.0,58.6455,43.7844,87.3375,0.5949738359142223,0.4780775027934567,1.548592262215505,Assembly,1.548592262215505,107,1.2647754137115839
8,5912,2.989145,0.075075,0.33583,49,5952,3.000604,0.014543,33.152909,89,5863,3.002076,0.386155,0.408565,0.30861,0.612109,138.0,40.856500000000004,30.861,61.2109,0.4096221642617395,0.31296519305037807,0.7434390056013911,Assembly,0.7434390056013911,49,0.8288227334235454
8,7140,2.997981,0.219557,13.003755,44,7370,3.00393,0.067702,9.345253,274,7096,2.995587,0.89894,0.495421,0.383463,0.739396,318.0,49.5421,38.3463,73.9396,0.4985126791716913,0.40373772185221035,1.0451224446538683,Assembly,1.0451224446538683,44,0.6162464985994398
19,14288,2.997236,18.829109,223.720064,4731,14250,3.000323,1.689772,241.880743,4693,9557,3.003275,2.913825,0.982978,0.739481,0.997505,9424.0,98.2978,73.94810000000001,99.7505,1.2481190071954196,1.2455171184847296,1.9884869983464504,Assembly,1.9884869983464504,4731,33.111702127659576
9,6228,3.000743,0.11099,0.262684,53,6813,2.996069,0.038206,77.812728,638,6175,2.995582,0.57881,0.432233,0.354379,0.643456,691.0,43.223299999999995,35.4379,64.3456,0.4337958992528865,0.36582055302776206,0.8403073175852733,Assembly,0.8403073175852733,53,0.8509955041746949
5,3715,2.991115,0.002097,42.339302,211,3525,3.005626,0.0,0.061059,21,3504,2.996207,0.057179,0.257171,0.183761,0.364906,232.0,25.7171,18.3761,36.4906,0.25720052878397426,0.183761,0.38435238393982196,Assembly,0.38435238393982196,211,5.6796769851951545
19,5568,3.009427,0.056066,17.829737,31,5768,3.007545,0.02274,9.451707,231,5537,2.994404,0.420333,0.387528,0.300965,0.576905,262.0,38.7528,30.0965,57.6905,0.38831749012985256,0.3077749491140478,0.7198588274642295,Assembly,0.7198588274642295,31,0.5567528735632185
5,5904,3.002167,0.071362,60.536488,376,5560,2.994049,0.01169,0.267971,32,5528,3.00883,0.377994,0.409838,0.288512,0.578491,408.0,40.983799999999995,28.8512,57.8491,0.4108428798674158,0.2920128049755153,0.707045477184789,Assembly,0.707045477184789,376,6.368563685636857
4,2916,3.006655,0.0,10.640484,9,2940,2.987997,0.0,11.809098,33,2907,3.014653,0.000144,0.20276,0.152495,0.304407,42.0,20.276,15.2495,30.4407,0.20276,0.152495,0.3044559739115293,Assembly,0.3044559739115293,9,0.30864197530864196
12,8136,2.997636,0.680934,8.71737,30,8508,3.002906,0.141154,21.810348,402,8106,3.005012,1.767372,0.564072,0.443308,0.84703,432.0,56.4072,44.330799999999996,84.70299999999999,0.5736605326593842,0.48557939653668863,1.4481072219956799,Assembly,1.4481072219956799,30,0.3687315634218289
9,3780,2.998631,0.000833,31.400218,225,3560,3.006713,0.0,8.531165,5,3555,3.000192,0.024837,0.262126,0.185688,0.370336,230.0,26.212600000000002,18.5688,37.0336,0.26213772984122585,0.185688,0.37878297944898226,Assembly,0.37878297944898226,225,5.952380952380952
10,7550,3.003679,0.234642,81.045941,1021,6570,2.997624,0.026333,0.451395,41,6529,2.992154,0.714494,0.524949,0.341346,0.679393,1062.0,52.4949,34.1346,67.9393,0.5282530977249825,0.34923194503167193,0.9223899857237647,Assembly,0.9223899857237647,1021,13.52317880794702
1,12870,3.001508,6.109231,157.068369,3314,13050,2.995662,1.398112,206.033884,3494,9556,2.998883,2.915269,0.884725,0.678448,0.996116,6808.0,88.4725,67.8448,99.6116,0.9707517822831915,1.09714068143094,1.9875890978481747,Assembly,1.9875890978481747,3314,25.74980574980575
12,8292,3.01157,0.505996,7.657726,123,8376,3.003765,0.157953,14.824292,207,8169,3.001586,1.939153,0.577225,0.435843,0.852317,330.0,57.7225,43.5843,85.2317,0.5843501533504243,0.48314519403743134,1.5118163573874595,Assembly,1.5118163573874595,123,1.4833574529667148
17,11696,2.995376,4.324178,164.652128,2150,11832,2.998409,0.924065,145.335735,2286,9546,2.995357,2.853636,0.810348,0.615923,0.993951,4436.0,81.03479999999999,61.5923,99.3951,0.8712386619114199,0.8926527989477819,1.9644629236170226,Assembly,1.9644629236170226,2150,18.38235294117647
17,12580,3.00262,5.338231,152.989952,3011,12682,2.998215,1.536405,171.64508,3113,9569,2.998024,2.923588,0.870832,0.659375,0.997449,6124.0,87.0832,65.9375,99.7449,0.9460019904643291,1.1194822941323035,1.991751361528816,Assembly,1.991751361528816,3011,23.934817170111288
7,4725,2.998364,0.033845,0.304009,19,5026,2.996489,0.002631,50.134098,320,4706,3.003691,0.18772,0.327465,0.26115,0.491233,339.0,32.7465,26.115,49.1233,0.3279415864061081,0.2619379057220343,0.5550759352241799,Assembly,0.5550759352241799,19,0.4021164021164021
17,5680,3.005363,0.054058,0.21232,38,5752,3.000148,0.004226,28.007091,110,5642,3.011099,0.373748,0.39515,0.29931,0.590921,148.0,39.515,29.931,59.0921,0.3959112145942206,0.3005755604642026,0.7180314269878902,Assembly,0.7180314269878902,38,0.6690140845070423
12,7700,3.003854,0.388206,3.117495,21,8140,2.9995,0.091407,44.622346,461,7679,2.999978,1.497151,0.53503,0.423509,0.800564,482.0,53.503,42.3509,80.05640000000001,0.5404965002916126,0.4508826595720214,1.3097399765278925,Assembly,1.3097399765278925,21,0.27272727272727276
2,1444,2.987518,0.0,15.300572,34,1412,3.002693,0.0,3.176333,2,1410,2.990005,0.0,0.099681,0.073556,0.146386,36.0,9.9681,7.3556,14.638599999999999,0.09968099999999999,0.073556,0.146386,Assembly,0.146386,34,2.3545706371191137
17,12971,2.998667,5.799693,187.915817,3442,12087,3.003002,0.795826,136.519662,2558,9529,3.005938,2.914141,0.896909,0.627442,0.995897,6000.0,89.6909,62.744200000000006,99.58970000000001,0.9785770408745961,0.8657680582073962,1.9869864688745285,Assembly,1.9869864688745285,3442,26.53611903476987
12,6980,2.996114,0.26994,16.437063,130,6900,3.00128,0.028974,4.249907,50,6850,3.000141,0.851732,0.482749,0.358251,0.713792,180.0,48.274899999999995,35.8251,71.3792,0.48655014446638606,0.3669278454542841,1.0034631639908431,Assembly,1.0034631639908431,130,1.8624641833810889
15,10515,3.006065,1.50136,68.545928,1144,10695,3.006498,0.357775,91.235145,1324,9371,3.004478,2.804699,0.729373,0.556524,0.978787,2468.0,72.93730000000001,55.6524,97.8787,0.7505143138329018,0.663666899924294,1.9326556159190378,Assembly,1.9326556159190378,1144,10.879695672848312
12,12274,2.997131,5.829381,196.910486,2869,11849,2.999139,0.795717,127.919541,2444,9405,3.002359,2.837829,0.849678,0.616958,0.981633,5313.0,84.96780000000001,61.6958,98.16329999999999,0.9317640907261117,0.8552514159710976,1.9467690165368574,Assembly,1.9467690165368574,2869,23.374613003095977
4,2868,3.004466,0.0,0.158866,6,3044,3.001699,0.0,50.640705,182,2862,3.01688,0.004586,0.199436,0.158469,0.299959,188.0,19.9436,15.8469,29.9959,0.199436,0.158469,0.3015186830435653,Assembly,0.3015186830435653,6,0.20920502092050208
15,10318,3.003411,1.581962,107.843821,1029,9618,2.995796,0.354402,24.035116,329,9289,2.999016,2.745506,0.716574,0.499378,0.968362,1358.0,71.65740000000001,49.937799999999996,96.83619999999999,0.7388503062248395,0.6055107874193826,1.9020992774110212,Assembly,1.9020992774110212,1029,9.972862957937584
13,9568,2.996761,1.123151,18.251905,483,9490,2.99863,0.235115,21.263919,405,9085,2.998232,2.430635,0.661889,0.493362,0.946826,888.0,66.18889999999999,49.336200000000005,94.6826,0.6777045857174411,0.5637719026362948,1.7734767184030695,Assembly,1.7734767184030695,483,5.048076923076923
17,12376,3.000539,3.607662,163.255519,2923,11492,3.010196,0.695512,123.098351,2039,9453,3.000043,2.889676,0.855301,0.600582,0.985734,4962.0,85.5301,60.05819999999999,98.5734,0.9061020833810907,0.8088670188306772,1.9685030053636638,Assembly,1.9685030053636638,2923,23.618293471234647
17,11628,2.999872,2.474971,107.765824,2103,11424,3.004553,0.779349,95.432231,1899,9525,2.997735,2.855635,0.806988,0.595903,0.99242,4002.0,80.6988,59.5903,99.24199999999999,0.8418391607065133,0.8292946900652605,1.9636117767360994,Assembly,1.9636117767360994,2103,18.08565531475748
4,2980,2.99307,0.0,30.317189,180,2812,3.007831,0.0,0.077902,12,2800,3.013392,0.004917,0.206242,0.146735,0.293023,192.0,20.624200000000002,14.6735,29.3023,0.206242,0.146735,0.29469525502076116,Assembly,0.29469525502076116,180,6.0402684563758395
12,1410,3.002088,0.0,0.186475,11,1492,2.990168,0.0,43.950981,93,1399,3.008543,0.0,0.097698,0.077322,0.146486,104.0,9.7698,7.732200000000001,14.6486,0.09769800000000001,0.077322,0.146486,Assembly,0.146486,11,0.7801418439716312
1,724,2.995355,0.0,26.421407,14,711,3.004487,0.0,0.512566,1,710,3.007553,0.0,0.050082,0.037087,0.074185,15.0,5.0082,3.7087000000000003,7.4185,0.050082,0.037087,0.074185,Assembly,0.074185,14,1.9337016574585635
15,11115,2.999978,1.461796,108.488625,1682,10950,3.004098,0.533628,104.450618,1517,9433,3.002642,2.882111,0.771869,0.570426,0.984601,3199.0,77.18690000000001,57.0426,98.4601,0.7924531956597223,0.7302316079960901,1.9647971745253356,Assembly,1.9647971745253356,1682,15.132703553756185
7,4956,2.994716,0.040618,1.081228,0,5075,3.005833,0.0038,25.115006,119,4956,3.000208,0.191164,0.34356,0.264837,0.516286,119.0,34.355999999999995,26.4837,51.628600000000006,0.3441319600130979,0.2659749862195858,0.5813002279415891,Assembly,0.5813002279415891,0,0.0
8,11264,3.004378,2.65666,95.265167,1829,11088,3.001821,0.694749,98.35774,1653,9435,3.004172,2.846837,0.778663,0.574877,0.985313,3482.0,77.8663,57.4877,98.5313,0.816072603830738,0.7829335231765867,1.953512606780302,Assembly,1.953512606780302,1829,16.237571022727273
2,4206,3.004382,0.010131,0.285619,30,4434,3.005894,0.000158,40.744177,258,4176,3.002811,0.083145,0.291312,0.231129,0.435408,288.0,29.1312,23.1129,43.540800000000004,0.2914546590893864,0.23117631626913016,0.46368533245905835,Assembly,0.46368533245905835,30,0.7132667617689016
5,9000,3.003041,0.707431,79.7358,506,8532,3.000334,0.135771,4.903452,38,8494,2.997546,1.844383,0.623549,0.444424,0.885248,544.0,62.3549,44.4424,88.5248,0.6335106486293252,0.485083349215628,1.512516401862233,Assembly,1.512516401862233,506,5.622222222222222
2,6741,2.998845,0.200029,33.381751,172,6579,2.997989,0.042662,0.517365,10,6569,2.995142,0.819583,0.46746,0.342265,0.683262,182.0,46.745999999999995,34.2265,68.3262,0.47027669677138156,0.3550409916052554,0.9619993981453172,Assembly,0.9619993981453172,172,2.551550215101617
4,2876,3.014141,0.0,5.521754,8,3024,2.997965,0.0,20.28111,156,2868,3.008639,0.001334,0.200636,0.157356,0.299911,164.0,20.0636,15.7356,29.9911,0.200636,0.157356,0.3003646888748618,Assembly,0.3003646888748618,8,0.27816411682892905
2,1354,3.004293,0.0,0.031782,6,1552,3.003307,0.0,102.540952,204,1348,2.986295,0.0,0.094099,0.080893,0.139915,210.0,9.4099,8.089300000000001,13.991500000000002,0.094099,0.08089300000000002,0.139915,Assembly,0.139915,6,0.4431314623338257
8,13140,3.002634,5.717081,191.193144,3557,12564,3.002489,0.995805,148.185969,2981,9583,2.993252,2.911596,0.90973,0.654139,0.996921,6538.0,90.973,65.4139,99.6921,0.9902347447841424,0.9523527808933312,1.9871449230075693,Assembly,1.9871449230075693,3557,27.07001522070015
18,12582,3.002165,5.601216,160.047013,3079,12438,3.004496,0.803927,185.712568,2935,9503,2.999853,2.904115,0.871429,0.647512,0.990969,6014.0,87.1429,64.7512,99.0969,0.9503021985012727,0.8882640651455185,1.9786486602843003,Assembly,1.9786486602843003,3079,24.471467175329835
19,13946,3.00015,17.417808,199.165275,4396,13433,3.000549,1.255387,224.586773,3883,9550,3.005582,2.932013,0.952354,0.698983,0.997677,8279.0,95.2354,69.8983,99.7677,1.197621853951902,1.0749338174334697,1.9948446754498883,Assembly,1.9948446754498883,4396,31.521583249677327
11,7568,2.998974,0.286549,1.626972,57,8426,2.997987,0.174106,73.908149,915,7511,2.991342,1.102497,0.524395,0.43856,0.781212,972.0,52.439499999999995,43.856,78.1212,0.5284300231373582,0.4906995338808445,1.1561674898564487,Assembly,1.1561674898564487,57,0.7531712473572939
20,8931,2.999596,0.79746,4.110451,207,9230,2.999051,0.253236,56.110353,506,8724,3.002154,2.211075,0.619271,0.479601,0.910354,713.0,61.9271,47.9601,91.0354,0.6305003867754475,0.5554375995534302,1.662333107185187,Assembly,1.662333107185187,207,2.317769566677864
2,2163,2.989038,0.0,1.236073,0,2187,2.988275,0.0,35.505258,24,2163,3.009333,0.00081,0.149659,0.113357,0.226013,24.0,14.965899999999998,11.3357,22.6013,0.149659,0.11335699999999999,0.22628847825235235,Assembly,0.22628847825235235,0,0.0
16,6750,3.003274,0.164904,19.08276,133,6705,2.996521,0.044047,4.767886,88,6617,3.004888,0.779875,0.468919,0.34754,0.691714,221.0,46.8919,34.754000000000005,69.1714,0.4712410861194522,0.36073075763528867,0.9569468420411102,Assembly,0.9569468420411102,133,1.9703703703703703
13,8983,2.998776,0.687295,4.712837,307,9529,2.996695,0.30113,68.250145,853,8676,2.995248,2.066483,0.621693,0.495187,0.903258,1160.0,62.16930000000001,49.518699999999995,90.3258,0.6313711047122504,0.5853664185010206,1.6060618584640354,Assembly,1.6060618584640354,307,3.4175665145274405
6,4488,2.994537,0.004123,17.379001,221,4290,2.997193,0.000166,6.087202,23,4267,3.003659,0.092845,0.310842,0.223229,0.445747,244.0,31.0842,22.3229,44.5747,0.3109000577855631,0.22327871202959246,0.4773232695551298,Assembly,0.4773232695551298,221,4.924242424242424
13,8970,3.007161,0.903162,32.623468,395,8606,2.999623,0.155189,4.504789,31,8575,3.009075,2.044416,0.623612,0.447741,0.896959,426.0,62.361200000000004,44.7741,89.6959,0.6363298233627853,0.4942154587977115,1.5922579466187765,Assembly,1.5922579466187765,395,4.403567447045708
10,714,3.008747,0.0,1.70597,4,727,3.013331,0.0,19.715584,17,710,2.973374,0.0,0.049621,0.03799,0.073427,21.0,4.9620999999999995,3.7990000000000004,7.342700000000001,0.049621,0.03799,0.073427,Assembly,0.073427,4,0.5602240896358543
5,11760,3.007334,3.204881,129.536933,2212,11952,2.998888,0.693027,156.685915,2404,9548,2.995233,2.901862,0.817272,0.621896,0.994485,4616.0,81.7272,62.1896,99.4485,0.8624013460716311,0.8294368357370796,1.9813984226268313,Assembly,1.9813984226268313,2212,18.80952380952381
8,5640,3.000087,0.068081,13.278526,48,5608,3.003578,0.005699,10.103967,16,5592,2.989717,0.438682,0.391405,0.292154,0.580749,64.0,39.1405,29.215400000000002,58.0749,0.39236367865605704,0.29386067985932096,0.7299432601215301,Assembly,0.7299432601215301,48,0.851063829787234
5,3565,2.986924,0.0,42.338521,189,3395,3.005381,0.0,0.245357,19,3376,3.005364,0.02597,0.246388,0.176627,0.352575,208.0,24.6388,17.6627,35.2575,0.246388,0.176627,0.36140730890566775,Assembly,0.36140730890566775,189,5.301542776998597
4,2864,2.995291,0.0,22.859213,13,2888,2.996085,1.5e-05,4.349518,37,2851,2.99221,0.026634,0.19832,0.149871,0.296306,50.0,19.832,14.9871,29.6306,0.19832,0.14987549205086678,0.30536413305327514,Assembly,0.30536413305327514,13,0.4539106145251397
2,1486,3.009357,0.0,66.729999,96,1396,2.980672,0.0,0.031186,6,1390,3.006595,0.0,0.103516,0.07224,0.145427,102.0,10.3516,7.224,14.5427,0.103516,0.07224,0.145427,Assembly,0.145427,96,6.460296096904441
11,9659,2.997093,0.799541,47.134131,146,10270,2.998362,0.337418,71.690764,757,9513,3.002582,2.898129,0.668053,0.533737,0.992772,903.0,66.8053,53.3737,99.2772,0.679311690256349,0.6347835879579496,1.9784158419897555,Assembly,1.9784158419897555,146,1.5115436380577698
3,14022,2.998973,19.818007,228.444012,4465,15257,3.002657,3.268673,254.090123,5700,9557,3.003178,2.921425,0.962044,0.794727,0.99771,10165.0,96.2044,79.4727,99.771,1.2411101170736163,1.773596692192696,1.9912767325660528,Assembly,1.9912767325660528,4465,31.842818428184284
19,13718,3.001291,9.656135,210.196713,4216,14459,2.998269,1.879532,245.474209,4957,9502,3.001102,2.90181,0.952866,0.749752,0.991234,9173.0,95.28659999999999,74.9752,99.12339999999999,1.088838305408341,1.3126155566501518,1.9781297376032234,Assembly,1.9781297376032234,4216,30.733343052923168
18,13338,3.000131,5.924818,201.252778,3773,12528,2.998836,0.902704,174.575872,2963,9565,3.000545,2.922321,0.910034,0.651519,0.997522,6736.0,91.0034,65.1519,99.7522,0.9934639813108285,0.9218518190434207,1.9913934591266795,Assembly,1.9913934591266795,3773,28.28759934023092
13,10768,3.000708,2.606308,64.827071,1270,11392,2.997196,0.558661,105.896888,1894,9498,2.995307,2.843171,0.747964,0.592779,0.988913,3164.0,74.79639999999999,59.277899999999995,98.8913,0.7846645750607466,0.7600812419526406,1.9558658126159516,Assembly,1.9558658126159516,1270,11.794205052005942
15,10620,2.999302,1.719883,57.432899,1120,11415,2.997762,0.46803,109.978128,1915,9500,3.001498,2.899776,0.736398,0.593191,0.991212,3035.0,73.6398,59.319100000000006,99.1212,0.7606164327935155,0.733351971145461,1.977415981102872,Assembly,1.977415981102872,1120,10.546139359698682
11,7865,3.001974,0.623775,4.850712,33,8030,2.995735,0.196597,39.357933,198,7832,3.004325,1.656849,0.54654,0.417635,0.818471,231.0,54.654,41.7635,81.8471,0.5553236515133735,0.47650991495050354,1.3819597246071118,Assembly,1.3819597246071118,33,0.4195804195804196
17,12291,3.00349,3.785265,124.196816,2742,12444,2.998343,0.681213,177.167276,2895,9549,3.005304,2.925299,0.853195,0.647786,0.997404,5637.0,85.3195,64.7786,99.7404,0.906496989733108,0.8517888964743989,1.992288266824834,Assembly,1.992288266824834,2742,22.309006590187945
20,5616,3.000951,0.098356,5.965325,34,5712,2.999068,0.008959,20.931102,130,5582,2.993201,0.405303,0.389281,0.297027,0.581416,164.0,38.9281,29.7027,58.141600000000004,0.3906659943140545,0.29970995224770247,0.7192581754483579,Assembly,0.7192581754483579,34,0.6054131054131053
16,9444,2.996613,0.701677,30.081917,570,9000,2.996222,0.11169,11.877335,126,8874,3.001017,2.235936,0.652169,0.46745,0.92584,696.0,65.2169,46.745,92.584,0.662049624011782,0.5008978107540896,1.6862742489527576,Assembly,1.6862742489527576,570,6.035578144853875
8,6064,3.002617,0.11103,48.911107,316,5784,2.998763,0.013108,0.937317,36,5748,2.99804,0.440959,0.419803,0.301107,0.599552,352.0,41.9803,30.1107,59.9552,0.4213664625105685,0.3050324535174555,0.7495206600975872,Assembly,0.7495206600975872,316,5.211081794195251
11,7601,2.998891,0.356883,7.806113,0,7689,3.015288,0.047146,8.802095,88,7601,2.993048,1.483671,0.527652,0.40194,0.789936,88.0,52.7652,40.194,78.9936,0.532677427282349,0.4160588153443666,1.2945274742541766,Assembly,1.2945274742541766,0,0.0
8,6008,3.002219,0.104835,64.686854,587,5432,3.002602,0.0013,1.119513,11,5421,2.993963,0.30573,0.417531,0.283162,0.564451,598.0,41.753099999999996,28.316200000000002,56.445100000000004,0.4190072279770823,0.2835513110751215,0.6684287359156642,Assembly,0.6684287359156642,587,9.770306258322236
4,7380,3.000159,0.269687,13.055777,290,7130,3.005613,0.042225,4.606211,40,7090,2.997283,1.060969,0.512527,0.371651,0.738792,330.0,51.2527,37.1651,73.8792,0.5163245818615481,0.384296123190003,1.0996239579259686,Assembly,1.0996239579259686,290,3.9295392953929538
10,2816,2.99564,0.0,0.137586,16,2944,3.008434,0.0,30.261732,144,2800,3.002221,0.007307,0.194713,0.153549,0.291949,160.0,19.4713,15.354899999999999,29.1949,0.194713,0.153549,0.2944340859135046,Assembly,0.2944340859135046,16,0.5681818181818182
16,10864,2.999011,1.769762,96.44772,1438,11888,3.000631,0.59423,156.683919,2462,9426,3.001678,2.822594,0.752308,0.618653,0.98329,3900.0,75.2308,61.8653,98.329,0.7772288010414183,0.7966070924380217,1.943244644716378,Assembly,1.943244644716378,1438,13.23637702503682
8,5800,2.995525,0.070831,1.711561,16,5824,3.001833,0.015713,18.606957,40,5784,2.999066,0.317843,0.401931,0.303364,0.602329,56.0,40.1931,30.3364,60.2329,0.40292840262168855,0.3080695730179874,0.7104263261264595,Assembly,0.7104263261264595,16,0.27586206896551724
4,2852,3.00407,0.001686,5.123457,68,2788,2.997389,0.0,8.292723,4,2784,3.004785,0.007755,0.198156,0.144921,0.290463,72.0,19.8156,14.492099999999999,29.046300000000002,0.1981797413112926,0.144921,0.293100449193818,Assembly,0.293100449193818,68,2.3842917251051894
9,8880,2.991416,0.745545,100.992138,714,8244,3.004785,0.130398,2.712167,78,8166,2.997204,1.861327,0.614825,0.429829,0.850763,792.0,61.482499999999995,42.9829,85.0763,0.6253233487115354,0.46887929659514527,1.483793998785515,Assembly,1.483793998785515,714,8.04054054054054
16,13554,3.000932,7.306212,212.406215,3996,13104,2.998057,1.292368,166.04005,3546,9558,3.002891,2.933267,0.935858,0.680635,0.997496,7542.0,93.58579999999999,68.0635,99.7496,1.0387400008670225,1.0676605196404443,1.9950901565961225,Assembly,1.9950901565961225,3996,29.482071713147413
12,8388,3.000181,0.653679,4.75747,170,8652,3.003082,0.170817,47.13081,434,8218,3.005429,1.995377,0.58094,0.450715,0.858753,604.0,58.094,45.0715,85.8753,0.5901447429563712,0.5018695768607871,1.537373949066792,Assembly,1.537373949066792,170,2.0267048164043873
5,3640,3.005204,0.000726,34.296187,32,3615,2.992329,0.0,0.266274,7,3608,2.993218,0.03182,0.252778,0.1876,0.375173,39.0,25.2778,18.759999999999998,37.5173,0.2527882231269267,0.1876,0.3859948740615459,Assembly,0.3859948740615459,32,0.8791208791208791
18,13032,3.001963,5.897707,165.376729,3505,12924,2.998049,1.233,177.598023,3397,9527,3.00549,2.890189,0.900956,0.671012,0.995433,6902.0,90.0956,67.1012,99.5433,0.9840042193354703,1.0402585812498204,1.9783764749234867,Assembly,1.9783764749234867,3505,26.895334561080418
2,1452,2.998009,0.0,5.609012,4,1478,2.999007,0.0,32.680948,30,1448,3.005151,0.0,0.100548,0.076927,0.151092,34.0,10.0548,7.692699999999999,15.109200000000001,0.100548,0.076927,0.151092,Assembly,0.151092,4,0.27548209366391185
18,11184,2.998888,1.941852,98.18065,1747,12336,3.003221,0.95425,143.868775,2899,9437,3.000417,2.863639,0.775376,0.638792,0.98423,4646.0,77.5376,63.879200000000004,98.423,0.8027200764034261,0.9245613026420447,1.9581439099852704,Assembly,1.9581439099852704,1747,15.620529327610871
8,743,2.997468,0.0,7.249137,21,724,2.992834,0.0,15.869099,2,722,3.008997,0.0,0.051536,0.03757,0.075434,23.0,5.1536,3.757,7.5434,0.051536,0.03757,0.075434,Assembly,0.075434,21,2.826379542395693
12,4879,3.008426,0.047983,10.448851,6,5117,2.993279,0.005841,26.283545,244,4873,2.993894,0.2289,0.339771,0.265231,0.506972,250.0,33.9771,26.5231,50.697199999999995,0.34044666983378014,0.26698020460752653,0.5848201135351307,Assembly,0.5848201135351307,6,0.12297601967616315
4,2892,2.999592,0.000245,0.514754,12,2972,3.000583,0.0,26.035289,92,2880,3.001884,0.004171,0.200785,0.154672,0.300683,104.0,20.0785,15.4672,30.068299999999997,0.2007884499533017,0.154672,0.30210154295131075,Assembly,0.30210154295131075,12,0.4149377593360996
6,4296,3.002633,0.018122,1.997947,12,4638,2.998101,3e-05,57.688953,354,4284,3.001512,0.112036,0.298376,0.240675,0.446483,366.0,29.8376,24.0675,44.6483,0.2986311838927904,0.24068398410173358,0.48458606355623374,Assembly,0.48458606355623374,12,0.27932960893854747
4,2876,2.999635,0.0,24.599436,8,2888,2.995997,0.0,7.335461,20,2868,3.000038,0.00531,0.199557,0.150216,0.298937,28.0,19.9557,15.0216,29.893700000000003,0.199557,0.150216,0.3007429129876433,Assembly,0.3007429129876433,8,0.27816411682892905
15,11280,3.00553,2.076584,124.613217,1744,10350,2.997419,0.369753,81.5212,814,9536,3.004562,2.894883,0.784777,0.538599,0.995974,2558.0,78.4777,53.8599,99.59740000000001,0.8140182972534119,0.6493289522764516,1.980513888400699,Assembly,1.980513888400699,1744,15.460992907801419
8,5520,2.994477,0.044225,33.05826,61,5496,2.998066,0.016121,0.712298,37,5459,3.003224,0.418313,0.3822,0.285524,0.569855,98.0,38.22,28.5524,56.9855,0.38282275177456443,0.29035175680156394,0.7121218323163878,Assembly,0.7121218323163878,61,1.105072463768116
18,13914,3.003584,9.567519,192.391362,4428,12204,2.996498,0.750174,159.850482,2718,9486,3.007409,2.882801,0.948245,0.634014,0.991429,7146.0,94.8245,63.401399999999995,99.1429,1.0829694643398322,0.8586686511293614,1.971859841184747,Assembly,1.971859841184747,4428,31.82406209573092
14,9800,2.998635,1.607927,37.337084,313,9800,2.99562,0.281623,45.527442,313,9487,3.004367,2.877053,0.680052,0.509672,0.990489,626.0,68.0052,50.9672,99.04889999999999,0.7026939308676109,0.5940096560837942,1.9689649658828685,Assembly,1.9689649658828685,313,3.1938775510204085
7,5089,2.997307,0.035189,0.71712,126,4984,3.005539,0.002793,32.695793,21,4963,3.006085,0.199168,0.352876,0.259744,0.518049,147.0,35.287600000000005,25.974399999999996,51.804899999999996,0.35337151186422044,0.2605804198713956,0.5857853611907599,Assembly,0.5857853611907599,126,2.4759284731774414
6,5264,3.0005,0.083397,25.609291,105,5180,2.999043,0.000392,1.823504,21,5159,2.997003,0.200403,0.364406,0.269557,0.537005,126.0,36.4406,26.9557,53.7005,0.3655803500224613,0.269674392262652,0.6051613805014452,Assembly,0.6051613805014452,105,1.9946808510638299
3,11488,3.000376,3.08418,117.549027,1925,11616,2.993953,0.510742,163.171702,2053,9563,2.999243,2.905259,0.79549,0.603781,0.996865,3978.0,79.549,60.3781,99.6865,0.8389197019350183,0.7567329362536056,1.984933730803672,Assembly,1.984933730803672,1925,16.756615598885794
8,11220,2.997528,2.103246,102.830602,1710,10455,3.00104,0.411214,56.846327,945,9510,2.996798,2.889408,0.774283,0.54472,0.990739,2655.0,77.42830000000001,54.472,99.07390000000001,0.8038997366612907,0.6678662803423062,1.9734168594727617,Assembly,1.9734168594727617,1710,15.240641711229946
2,1468,2.99343,0.0,24.69757,12,1462,2.99923,0.0,2.528872,6,1456,3.001161,0.0,0.101579,0.076012,0.151725,18.0,10.1579,7.6011999999999995,15.1725,0.101579,0.076012,0.151725,Assembly,0.151725,12,0.8174386920980926
7,5026,3.004057,0.040938,23.269074,28,5117,3.00779,0.000796,3.145822,119,4998,2.995637,0.201083,0.34898,0.266846,0.520305,147.0,34.898,26.684600000000003,52.0305,0.3495564660745533,0.2670843781659975,0.5886926461947781,Assembly,0.5886926461947781,28,0.5571030640668524
9,6768,3.004287,0.196173,50.288753,605,6201,3.001187,0.011492,0.628666,38,6163,2.998677,0.45592,0.469916,0.32253,0.642997,643.0,46.9916,32.253,64.2997,0.4726783987308453,0.32597150990407375,0.7980538454475179,Assembly,0.7980538454475179,605,8.939125295508275
7,12223,2.994537,4.759177,168.045053,2724,12920,2.999713,1.035125,187.318669,3421,9499,3.000404,2.862165,0.847274,0.672199,0.990529,6145.0,84.7274,67.2199,99.0529,0.9142900751207759,0.9821879435654666,1.9639416075853107,Assembly,1.9639416075853107,2724,22.28585453652949
8,5520,2.995484,0.05797,0.169234,32,5752,2.997926,0.008672,55.387074,264,5488,3.001803,0.31186,0.382453,0.298863,0.572609,296.0,38.2453,29.8863,57.26090000000001,0.3832693011955116,0.30146000434111797,0.6786715281217383,Assembly,0.6786715281217383,32,0.5797101449275363
9,7380,3.001241,0.263755,26.256846,340,7060,2.997795,0.057558,2.318581,20,7040,2.999215,1.128707,0.511913,0.367438,0.734149,360.0,51.1913,36.7438,73.4149,0.5156270507473204,0.38467489758603174,1.1180184219479985,Assembly,1.1180184219479985,340,4.607046070460704
11,1418,2.99683,0.0,1.489699,24,1560,2.993455,0.0,43.979524,166,1394,2.975795,0.0,0.097759,0.080808,0.14444,190.0,9.7759,8.0808,14.444,0.097759,0.080808,0.14444,Assembly,0.14444,24,1.692524682651622
13,2235,2.990611,0.0,51.453212,101,2148,3.007279,0.0,0.009122,14,2134,3.006582,0.0,0.154577,0.112132,0.223143,115.0,15.457699999999999,11.213199999999999,22.3143,0.154577,0.11213199999999998,0.22314299999999998,Assembly,0.22314299999999998,101,4.519015659955257
7,5243,2.992543,0.070168,19.191807,196,5068,2.994857,0.008108,6.820797,21,5047,3.011462,0.353171,0.363192,0.263226,0.528368,217.0,36.3192,26.3226,52.8368,0.3641800666256108,0.26565410322852684,0.6484802590883165,Assembly,0.6484802590883165,196,3.7383177570093453
8,6224,2.991714,0.114788,103.189076,728,5504,2.997082,0.002182,0.240309,8,5496,3.012309,0.464548,0.429788,0.286388,0.57514,736.0,42.9788,28.638799999999996,57.513999999999996,0.43140438056978414,0.28704144366608847,0.7331311989799822,Assembly,0.7331311989799822,728,11.696658097686376
2,1522,2.997596,0.0,1.316849,11,1518,2.999614,0.0,50.644475,7,1511,3.016058,0.0,0.10561,0.078961,0.158444,18.0,10.561,7.896100000000001,15.8444,0.10561,0.078961,0.158444,Assembly,0.158444,11,0.7227332457293035
4,7535,3.002379,0.474781,20.790279,33,7843,3.005167,0.096209,16.979823,341,7502,2.998635,1.397224,0.522663,0.408865,0.781176,374.0,52.2663,40.8865,78.1176,0.5293486011369019,0.4376767147895085,1.2563671427960226,Assembly,1.2563671427960226,33,0.43795620437956206
7,12312,3.003519,5.420966,137.346399,2731,13302,2.994233,1.266119,201.156364,3721,9581,2.989318,2.9101,0.855172,0.690159,0.995444,6452.0,85.5172,69.0159,99.5444,0.9315070185721548,1.0693237300936262,1.9851591384822371,Assembly,1.9851591384822371,2731,22.1816114359974
15,7975,3.012116,0.36301,16.78083,154,7920,3.000537,0.079313,1.365843,99,7821,3.002749,1.314358,0.550719,0.412574,0.816859,253.0,55.0719,41.2574,81.6859,0.5558307042777759,0.4363258686931606,1.2638676972905523,Assembly,1.2638676972905523,154,1.9310344827586208
8,5424,2.995453,0.069735,0.192392,24,5720,2.998657,0.005723,84.097685,320,5400,3.001421,0.410705,0.375684,0.297783,0.563222,344.0,37.568400000000004,29.7783,56.3222,0.3766659693612041,0.29949686714070783,0.7029013773239227,Assembly,0.7029013773239227,24,0.4424778761061947
9,7560,2.999651,0.330344,8.335366,335,7240,2.995481,0.047922,11.39122,15,7225,2.997154,1.178941,0.524849,0.376515,0.752971,350.0,52.4849,37.6515,75.2971,0.5295007198918421,0.39086620410920836,1.153924834946355,Assembly,1.153924834946355,335,4.431216931216931
17,12189,2.997163,4.252925,167.946053,2672,12257,3.000583,0.817571,160.500168,2740,9517,2.995448,2.916067,0.84569,0.638114,0.991063,5412.0,84.569,63.8114,99.1063,0.9055773169211874,0.8829520346139471,1.982807494941233,Assembly,1.982807494941233,2672,21.92140454508163
2,1444,3.002471,0.0,0.791004,23,1434,2.995433,0.0,28.055661,13,1421,2.987416,0.0,0.100263,0.074405,0.147685,36.0,10.0263,7.4405,14.768500000000001,0.100263,0.074405,0.147685,Assembly,0.147685,23,1.5927977839335181
17,3032,3.00831,0.0,39.792877,144,2892,3.008257,0.0,1.534058,4,2888,2.993189,0.00508,0.210865,0.150854,0.30015,148.0,21.0865,15.085399999999998,30.014999999999997,0.210865,0.150854,0.3018776907678395,Assembly,0.3018776907678395,144,4.749340369393139
15,10860,3.002227,1.853191,78.608834,1329,11145,2.997291,0.678473,108.421927,1614,9531,3.004434,2.913618,0.753578,0.579613,0.995242,2943.0,75.3578,57.9613,99.5242,0.7796736016700252,0.782795348516066,1.986153598348627,Assembly,1.986153598348627,1329,12.237569060773481
3,2229,3.002746,0.0,28.160533,71,2175,2.995524,0.0,5.003218,17,2158,2.996844,0.0,0.154608,0.112906,0.224942,88.0,15.460799999999999,11.290600000000001,22.4942,0.154608,0.112906,0.224942,Assembly,0.224942,71,3.1852848811126067
18,6920,3.000796,0.215406,4.852996,23,7240,3.003032,0.0679,24.196784,343,6897,3.002309,1.028853,0.480077,0.377258,0.719453,366.0,48.0077,37.7258,71.9453,0.4831102271057508,0.39759201692365187,1.0693624152685013,Assembly,1.0693624152685013,23,0.3323699421965318
19,13224,2.99428,7.263662,167.255297,3682,13452,2.997309,1.546649,194.258585,3910,9542,3.002227,2.913882,0.900945,0.698322,0.995695,7592.0,90.0945,69.8322,99.5695,1.003227835507888,1.1614970654042607,1.9866963838530973,Assembly,1.9866963838530973,3682,27.843315184513006
5,12112,3.000028,5.70471,112.614096,2542,12304,2.995614,1.029404,178.169377,2734,9570,2.999519,2.923218,0.837987,0.639398,0.997741,5276.0,83.7987,63.939800000000005,99.7741,0.9183175432645688,0.9476736753648743,1.9919175257839141,Assembly,1.9919175257839141,2542,20.987450462351386
11,8107,3.00127,0.317995,35.574185,604,7546,3.002867,0.085748,1.897955,43,7503,3.001267,1.323658,0.563052,0.392913,0.782955,647.0,56.3052,39.2913,78.29549999999999,0.5675298281639937,0.41859195851501185,1.2331265957434867,Assembly,1.2331265957434867,604,7.4503515480449
18,5256,3.005407,0.061446,1.279324,16,5744,2.987889,0.012066,66.479536,504,5240,3.003063,0.300852,0.365128,0.297959,0.546411,520.0,36.5128,29.795899999999996,54.641099999999994,0.36599324828806984,0.30157240571724275,0.6487297446626088,Assembly,0.6487297446626088,16,0.30441400304414
2,1426,2.988585,0.0,0.014269,6,1468,2.999694,0.0,26.643226,48,1420,3.014117,0.0,0.098483,0.076351,0.148683,54.0,9.8483,7.6351,14.868300000000001,0.098483,0.076351,0.148683,Assembly,0.148683,6,0.42075736325385693
17,5560,2.99844,0.049558,1.424139,16,5944,3.003919,0.012243,31.925944,400,5544,3.009467,0.363571,0.385444,0.30954,0.579566,416.0,38.5444,30.953999999999997,57.9566,0.38614184810500546,0.31320641191747084,0.7032152638098779,Assembly,0.7032152638098779,16,0.28776978417266186
12,8388,3.001224,0.599751,5.240983,88,8460,3.002358,0.138558,12.31743,160,8300,3.004433,1.980778,0.582125,0.440453,0.866715,248.0,58.2125,44.0453,86.6715,0.5905703589496168,0.4819469722666769,1.5403708786889,Assembly,1.5403708786889,88,1.0491177873152122
5,11115,2.999691,1.627948,121.976298,1563,11625,2.996463,0.566211,115.244884,2073,9552,2.998982,2.899907,0.768698,0.603438,0.995633,3636.0,76.8698,60.3438,99.5633,0.7916218554188501,0.773001240888923,1.9818815337584992,Assembly,1.9818815337584992,1563,14.06207827260459
17,11934,3.006023,3.42105,127.716649,2383,12393,3.000601,0.798325,170.243659,2842,9551,2.99414,2.921816,0.826215,0.645598,0.99408,5225.0,82.6215,64.5598,99.408,0.8743883173176643,0.8846724338818027,1.9877797103397192,Assembly,1.9877797103397192,2383,19.968158203452322
18,8931,2.996756,0.775036,4.539389,171,9503,2.996472,0.226822,54.696528,743,8760,3.007551,2.202224,0.617621,0.493902,0.91574,914.0,61.7621,49.3902,91.574,0.6285346245189674,0.5618283974470777,1.6647089121091738,Assembly,1.6647089121091738,171,1.9146792072556267
17,2151,2.993338,0.0,53.756295,20,2142,3.00103,0.0,0.019093,11,2131,3.001095,0.000142,0.149004,0.11151,0.222448,31.0,14.9004,11.151,22.2448,0.149004,0.11151,0.22249629371831364,Assembly,0.22249629371831364,20,0.9298000929800093
17,2238,2.988905,0.0,18.877965,156,2094,2.986308,0.0,4.538574,12,2082,2.997135,1.7e-05,0.154737,0.108414,0.216913,168.0,15.473700000000001,10.8414,21.6913,0.154737,0.108414,0.2169187816423333,Assembly,0.2169187816423333,156,6.970509383378016
9,6471,3.002784,0.133396,0.234446,27,6552,2.99837,0.019235,44.118173,108,6444,2.998736,0.661373,0.449264,0.341045,0.671535,135.0,44.9264,34.1045,67.1535,0.4511424080434098,0.3468053065615088,0.8964657138185673,Assembly,0.8964657138185673,27,0.4172461752433936
16,4963,2.990033,0.052713,8.071708,198,4795,2.999564,0.001284,13.155032,30,4765,2.982147,0.191776,0.342761,0.248962,0.494164,228.0,34.2761,24.8962,49.416399999999996,0.34350327505466627,0.2493465195541969,0.5593863670655885,Assembly,0.5593863670655885,198,3.9895224662502518
13,9464,2.997291,0.834383,19.052127,264,10101,3.004938,0.401743,55.69793,901,9200,3.000316,2.596993,0.655707,0.52696,0.959502,1165.0,65.5707,52.696,95.9502,0.6674563158601788,0.6472699994250175,1.8427305098905196,Assembly,1.8427305098905196,264,2.789518174133559
14,9856,2.999874,1.417919,46.333734,691,9982,3.008159,0.311997,83.478259,817,9165,2.99919,2.626223,0.679061,0.52131,0.955451,1508.0,67.90610000000001,52.13100000000001,95.5451,0.6990273442269905,0.6147437596189783,1.8486205337377535,Assembly,1.8486205337377535,691,7.010957792207792
12,8496,2.993919,0.657965,4.339278,139,8604,3.000278,0.138212,29.900281,247,8357,3.006031,2.044581,0.587334,0.44664,0.873444,386.0,58.7334,44.664,87.3444,0.5965990960169881,0.48803035562668307,1.5687990625590704,Assembly,1.5687990625590704,139,1.6360640301318268
19,9204,3.001013,0.955459,8.307362,39,10010,2.998432,0.327928,59.874363,845,9165,2.994781,2.619157,0.638648,0.520301,0.953239,884.0,63.8648,52.030100000000004,95.3239,0.6521022405375596,0.618505617109563,1.844005411106739,Assembly,1.844005411106739,39,0.423728813559322
10,2172,2.995663,0.0,0.013666,22,2256,3.017028,0.0,33.041106,106,2150,2.990658,0.000165,0.150091,0.117941,0.223865,128.0,15.0091,11.7941,22.3865,0.150091,0.117941,0.223921115940294,Assembly,0.223921115940294,22,1.0128913443830572
4,9646,2.999249,0.77945,35.425545,249,9659,3.001138,0.326092,14.836045,262,9397,3.000846,2.832307,0.669128,0.502422,0.98024,511.0,66.91279999999999,50.242200000000004,98.024,0.6801037800041664,0.6000767900834684,1.9434980030683517,Assembly,1.9434980030683517,249,2.5813808832676757
6,13212,3.007131,7.704045,180.463279,3638,13032,2.999836,1.203029,212.808029,3458,9574,2.997727,2.931326,0.919681,0.677395,0.997741,7096.0,91.96809999999999,67.73949999999999,99.7741,1.0281650632012294,1.037666164147924,1.9946750290803004,Assembly,1.9946750290803004,3638,27.535573720859823
12,8868,2.999027,0.63334,5.010184,41,8904,2.999868,0.140207,15.218813,77,8827,2.999966,2.31007,0.615634,0.462891,0.920499,118.0,61.5634,46.2891,92.0499,0.6245523405065607,0.5048787983919656,1.7061459708785476,Assembly,1.7061459708785476,41,0.4623364907532702
6,4560,3.005821,0.003177,47.831681,282,4308,3.004476,0.000275,0.19771,30,4278,3.005036,0.166336,0.317293,0.224334,0.446946,312.0,31.7293,22.4334,44.6946,0.3173377367413859,0.22441635426589104,0.5035163093620774,Assembly,0.5035163093620774,282,6.184210526315789
11,7810,2.996777,0.376286,0.867271,33,7887,3.002449,0.107331,25.020391,110,7777,3.000576,1.441558,0.541778,0.411117,0.811409,143.0,54.1778,41.1117,81.1409,0.5470766495024026,0.44325942077220154,1.3016779858081087,Assembly,1.3016779858081087,33,0.42253521126760557
8,15340,2.997726,60.830801,229.593138,5806,14880,2.995749,2.327363,246.713859,5346,9534,2.998711,2.903013,0.991444,0.773257,0.99394,11152.0,99.1444,77.3257,99.394,1.8480293990034338,1.4702325320983987,1.9812448738224582,Assembly,1.9812448738224582,5806,37.84876140808344
16,11792,2.999867,3.297003,139.776162,2304,11328,3.003085,0.661851,100.388018,1840,9488,2.997738,2.872762,0.815412,0.589328,0.988435,4144.0,81.5412,58.93279999999999,98.84349999999999,0.8618385566759597,0.7875325572155514,1.9654516113386167,Assembly,1.9654516113386167,2304,19.53867028493894
2,1478,3.015382,0.0,14.903298,29,1454,2.996951,0.0,6.770498,5,1449,2.99203,0.0,0.103066,0.075601,0.150709,34.0,10.306600000000001,7.5601,15.070900000000002,0.10306600000000002,0.075601,0.150709,Assembly,0.150709,29,1.962110960757781
5,3595,2.998396,0.002708,4.95331,74,3540,3.005734,0.0,15.564588,19,3521,3.005916,0.034859,0.249437,0.184451,0.367886,93.0,24.9437,18.4451,36.7886,0.24947513254506545,0.184451,0.3797414276527791,Assembly,0.3797414276527791,74,2.058414464534075
18,7634,2.995509,0.350694,1.735697,88,7964,2.999884,0.08735,45.13864,418,7546,2.997723,1.214326,0.526669,0.413487,0.786555,506.0,52.666900000000005,41.3487,78.6555,0.5316072772375151,0.4396457095475846,1.199543153414859,Assembly,1.199543153414859,88,1.1527377521613833
16,4774,2.995509,0.026833,0.229316,23,5047,3.000676,0.000544,52.76039,296,4751,3.006241,0.21656,0.331032,0.262908,0.496853,319.0,33.1032,26.290799999999997,49.6853,0.33140984733446893,0.26307091171143543,0.5705043213943553,Assembly,0.5705043213943553,23,0.4817762882279012
4,9156,3.002592,0.538322,24.443197,382,8820,3.001464,0.158212,5.999323,46,8774,3.000339,2.054446,0.633157,0.459108,0.915131,428.0,63.3157,45.9108,91.51310000000001,0.6407373500460618,0.5064877567823979,1.6138411155954362,Assembly,1.6138411155954362,382,4.172127566622979
10,6760,3.001812,0.182555,0.311766,45,7510,2.997136,0.046034,83.559733,795,6715,3.004311,0.830013,0.469653,0.390473,0.701521,840.0,46.9653,39.0473,70.15209999999999,0.47222363765303815,0.4042588046401089,0.9838056057651136,Assembly,0.9838056057651136,45,0.6656804733727811
18,13626,3.005702,7.225684,219.79658,4124,12582,3.005196,1.602047,173.555131,3080,9502,3.008439,2.902512,0.94433,0.655599,0.993746,7204.0,94.433,65.5599,99.3746,1.0460780505017966,1.1353641076654752,1.9808804854219288,Assembly,1.9808804854219288,4124,30.2656685747835
19,8676,3.004288,0.487827,1.891578,123,8904,3.001142,0.174196,41.48446,351,8553,2.999213,1.91321,0.602118,0.463933,0.891829,474.0,60.211800000000004,46.393299999999996,89.1829,0.6089873076298576,0.5160994861860452,1.5425052310902034,Assembly,1.5425052310902034,123,1.417704011065007
2,1480,3.025655,0.0,23.733319,9,1520,2.999248,0.0,2.619477,49,1471,2.99768,0.0,0.103619,0.079078,0.153415,58.0,10.3619,7.9078,15.3415,0.103619,0.079078,0.153415,Assembly,0.153415,9,0.6081081081081081
5,13410,3.006156,8.737512,182.914959,3854,12492,2.997743,0.976087,187.756651,2936,9556,3.00333,2.925919,0.910125,0.648888,0.997435,6790.0,91.0125,64.8888,99.7435,1.0331617688700547,0.941196830293912,1.9925301267216966,Assembly,1.9925301267216966,3854,28.739746457867266
17,13192,3.001291,15.051644,224.348783,3670,11492,3.001267,0.793652,107.844276,1970,9522,2.99998,2.884328,0.910714,0.598678,0.992727,5640.0,91.0714,59.8678,99.2727,1.1226628527102847,0.83635301030177,1.9736771687049224,Assembly,1.9736771687049224,3670,27.819890842935113
4,3056,2.993587,9.5e-05,54.117657,225,2844,3.002513,0.0,0.06864,13,2831,3.010903,0.005142,0.211498,0.148218,0.296289,238.0,21.1498,14.8218,29.6289,0.21149933773699453,0.148218,0.29803777675752574,Assembly,0.29803777675752574,225,7.362565445026179
17,13005,3.004433,7.999746,179.420094,3438,12631,3.000997,0.872096,181.507321,3064,9567,2.99934,2.914522,0.903222,0.658083,0.997641,6502.0,90.3222,65.8083,99.7641,1.015869959696209,0.9192496395147147,1.9888600456821164,Assembly,1.9888600456821164,3438,26.43598615916955
12,8616,3.002896,0.563233,11.413683,139,8508,3.00199,0.117888,9.912834,31,8477,2.997586,1.991826,0.597243,0.443419,0.883631,170.0,59.7243,44.3419,88.3631,0.6051741328489147,0.4787229261722456,1.5610442660123436,Assembly,1.5610442660123436,139,1.6132776230269268
16,11632,2.998423,2.159777,127.144699,2083,11376,3.000023,0.509558,138.489777,1827,9549,2.991765,2.877208,0.805022,0.589577,0.993052,3910.0,80.5022,58.9577,99.3052,0.8354347746616955,0.7421743637051873,1.9715806808570844,Assembly,1.9715806808570844,2083,17.907496561210454
2,1474,3.002409,0.0,0.908088,13,1500,3.02067,0.0,20.121631,39,1461,3.00727,0.0,0.102283,0.078579,0.152868,52.0,10.228299999999999,7.8579,15.2868,0.10228299999999999,0.078579,0.152868,Assembly,0.152868,13,0.8819538670284939
4,2940,2.998148,2.5e-05,3.088876,16,2924,2.993666,0.0,31.332545,0,2924,3.006201,0.009518,0.203711,0.15197,0.305213,16.0,20.371100000000002,15.197,30.5213,0.20371135203605123,0.15197,0.3084500395134442,Assembly,0.3084500395134442,16,0.5442176870748299
11,7645,2.997241,0.36166,1.009209,65,7997,2.994502,0.084613,58.966703,417,7580,3.000207,1.355964,0.530415,0.4157,0.790739,482.0,53.0415,41.57,79.0739,0.5355076943310113,0.44103905999942505,1.2518977567564442,Assembly,1.2518977567564442,65,0.8502289077828646
16,3152,2.989574,0.0,18.641661,231,2936,2.992251,0.0,6.706448,15,2921,3.009138,0.006131,0.218143,0.152218,0.305825,246.0,21.8143,15.2218,30.582500000000003,0.218143,0.152218,0.30791013230268194,Assembly,0.30791013230268194,231,7.3286802030456855
13,5138,2.995107,0.041408,45.567826,124,5040,3.009849,0.004904,0.678487,26,5014,3.003844,0.202869,0.355536,0.263173,0.523778,150.0,35.5536,26.3173,52.37779999999999,0.35611908435231576,0.26464160116338126,0.5927730587363846,Assembly,0.5927730587363846,124,2.4133904242896067
12,8628,3.002354,0.587824,34.375833,174,8640,2.991502,0.150425,7.701337,186,8454,2.999435,2.004269,0.599618,0.448401,0.881613,360.0,59.9618,44.8401,88.1613,0.6078954095903125,0.49344878344242027,1.5632580881037268,Assembly,1.5632580881037268,174,2.0166898470097356
3,9436,3.001881,0.703814,8.77699,81,10234,3.002854,0.460824,74.68172,879,9355,3.004283,2.648434,0.654023,0.533524,0.976963,960.0,65.4023,53.3524,97.69630000000001,0.6639337160534382,0.6715269899090569,1.8776864194945415,Assembly,1.8776864194945415,81,0.8584145824501908
16,748,2.997748,0.0,38.598807,60,690,2.981434,0.0,5.791889,2,688,3.014065,0.0,0.051843,0.035671,0.072014,62.0,5.1843,3.5671,7.2014,0.051843,0.035671,0.072014,Assembly,0.072014,60,8.02139037433155
19,14288,3.000439,15.052855,227.686539,4730,13737,3.006553,1.3481,195.063819,4179,9558,3.001892,2.917192,0.980437,0.71295,0.997501,8909.0,98.0437,71.295,99.7501,1.1924029053366045,1.1166655849009592,1.9896281036250558,Assembly,1.9896281036250558,4730,33.1047032474804
8,10830,3.001527,1.906709,63.350413,1296,11505,3.003623,0.58005,145.459275,1971,9534,2.99777,2.888156,0.749863,0.599788,0.99333,3267.0,74.9863,59.9788,99.333,0.7767122122855399,0.7734956070186199,1.975582058519743,Assembly,1.975582058519743,1296,11.966759002770083
11,7190,3.002177,0.184969,6.77087,18,7330,2.999085,0.046779,10.397102,158,7172,3.002017,0.913593,0.499668,0.381654,0.748674,176.0,49.9668,38.1654,74.86739999999999,0.5022726302541416,0.3956629098331592,1.0593838802485833,Assembly,1.0593838802485833,18,0.25034770514603616
18,9230,3.000321,0.761911,33.980634,354,8918,2.99414,0.208743,6.239936,42,8876,3.0079,2.276648,0.640121,0.462299,0.927338,396.0,64.0121,46.2299,92.7338,0.6508498055920899,0.5248112782723693,1.7016182620512381,Assembly,1.7016182620512381,354,3.8353196099674975
3,12002,2.999522,3.778855,141.330154,2445,12427,3.002925,0.821474,166.928975,2870,9557,3.001311,2.929689,0.827991,0.647175,0.997055,5315.0,82.79910000000001,64.7175,99.7055,0.8812027276895816,0.893181866249485,1.9934322909332627,Assembly,1.9934322909332627,2445,20.371604732544576
19,13680,2.996024,10.234469,195.703254,4144,13832,2.991321,1.751866,230.759493,4296,9536,3.002142,2.894844,0.943962,0.71614,0.99534,8440.0,94.3962,71.614,99.534,1.08807808211362,1.2407714122528772,1.9798666246329932,Assembly,1.9798666246329932,4144,30.292397660818715
18,13104,2.998803,6.391703,203.638853,3558,12564,2.999026,0.808606,138.436242,3018,9546,2.999226,2.927062,0.906035,0.652096,0.995099,6576.0,90.6035,65.2096,99.5099,0.9960393953813207,0.8942492855458979,1.9905828571444606,Assembly,1.9905828571444606,3558,27.15201465201465
18,13014,2.99843,5.219796,176.192667,3477,13248,3.000097,1.085785,167.81404,3711,9537,3.000056,2.879125,0.895505,0.687555,0.994373,7188.0,89.5505,68.7555,99.4373,0.9690072548753965,1.0127150966928924,1.9735536460543182,Assembly,1.9735536460543182,3477,26.717381281696635
13,11632,2.99804,3.338866,166.64677,2197,11248,2.994726,0.578691,112.83262,1813,9435,3.001542,2.854549,0.806187,0.584268,0.984558,4010.0,80.6187,58.4268,98.45580000000001,0.8532030480844071,0.757568627210089,1.9553804318199828,Assembly,1.9553804318199828,2197,18.88755158184319
4,2944,3.004376,0.0,0.033814,6,3136,2.992873,0.0,50.161554,198,2938,2.98711,0.002637,0.204664,0.162735,0.304905,204.0,20.4664,16.2735,30.490499999999997,0.204664,0.162735,0.30580183475488043,Assembly,0.30580183475488043,6,0.20380434782608695
2,6516,3.003461,0.112233,4.264145,27,6525,3.000935,0.02994,4.754019,36,6489,2.99923,0.488129,0.453022,0.339655,0.676474,63.0,45.3022,33.9655,67.6474,0.454602402485352,0.3486211335301051,0.8424850170895144,Assembly,0.8424850170895144,27,0.4143646408839779
17,8129,3.000859,0.309672,29.742844,248,7964,3.001185,0.090432,2.560341,83,7881,2.997531,1.493281,0.563931,0.413992,0.821542,331.0,56.3931,41.3992,82.1542,0.5682916283218298,0.4410736762656803,1.3294018026555423,Assembly,1.3294018026555423,248,3.050805757165703
11,4440,3.006569,0.017895,19.485447,111,4362,2.997924,0.00024,0.212066,33,4329,2.993445,0.105162,0.308769,0.22676,0.450942,144.0,30.876900000000003,22.676,45.0942,0.3090209874054456,0.22683187281386857,0.48670723947392497,Assembly,0.48670723947392497,111,2.5
8,9386,2.998807,0.712413,16.909165,151,9412,2.995584,0.21286,12.501793,177,9235,3.001834,2.673034,0.649622,0.488586,0.963732,328.0,64.96220000000001,48.8586,96.3732,0.6596538023736075,0.5523311965002732,1.8728217960474651,Assembly,1.8728217960474651,151,1.6087790326017475
1,2250,3.001643,0.0,45.531153,33,2220,3.001177,0.0,0.011502,3,2217,3.009954,0.0,0.15629,0.11567,0.231849,36.0,15.629000000000001,11.567,23.1849,0.15629,0.11567,0.231849,Assembly,0.231849,33,1.4666666666666666
10,7060,3.004331,0.203691,14.377264,143,6940,2.993206,0.049776,22.601089,23,6917,2.994323,0.856458,0.490235,0.36064,0.720282,166.0,49.0235,36.064,72.0282,0.4931032630121607,0.3755464215963431,1.0115604605595065,Assembly,1.0115604605595065,143,2.0254957507082154
20,7799,3.001458,0.439426,1.779214,85,8096,2.996535,0.101215,31.611356,382,7714,3.000063,1.431558,0.541032,0.419262,0.804596,467.0,54.103199999999994,41.9262,80.4596,0.5472197517533014,0.4495728618987839,1.2914640197296845,Assembly,1.2914640197296845,85,1.0898833183741505
3,772,3.00346,0.0,89.841824,97,677,3.000538,0.0,0.208192,2,675,3.003234,0.0,0.053605,0.035226,0.070388,99.0,5.3605,3.5226,7.0388,0.053605,0.035226,0.070388,Assembly,0.070388,97,12.564766839378239
15,11160,3.000682,2.051772,95.294209,1656,11280,2.998381,0.555892,103.34855,1776,9504,2.996463,2.860121,0.772636,0.585128,0.989829,3432.0,77.2636,58.5128,98.9829,0.8015279085133216,0.7516010093626319,1.9625464501188805,Assembly,1.9625464501188805,1656,14.838709677419354
17,12478,2.998003,4.583919,159.165404,2923,12206,2.994227,0.651325,164.229654,2651,9555,2.999965,2.88837,0.863434,0.634489,0.99655,5574.0,86.3434,63.448899999999995,99.655,0.9279821897503606,0.8295413353872987,1.9788748391938213,Assembly,1.9788748391938213,2923,23.425228401987496
9,10740,3.00411,1.266441,74.287406,1156,10110,3.004374,0.397811,42.54579,526,9584,2.993902,2.916329,0.744908,0.52733,0.997584,1682.0,74.49080000000001,52.733,99.75840000000001,0.7627413155484721,0.646462483157804,1.989417600252488,Assembly,1.989417600252488,1156,10.763500931098696
17,2756,3.001411,0.0,0.127979,18,2876,2.992885,0.0,63.8724,138,2738,2.984981,0.00063,0.191347,0.14934,0.284693,156.0,19.1347,14.934,28.469299999999997,0.191347,0.14934,0.2849072608629407,Assembly,0.2849072608629407,18,0.6531204644412192
16,11504,2.999786,1.94242,138.782636,1939,11392,3.007128,0.571011,117.854023,1827,9565,2.997626,2.900997,0.798348,0.594192,0.996574,3766.0,79.8348,59.419200000000004,99.6574,0.8257000746625094,0.7651926971662946,1.9831932390610474,Assembly,1.9831932390610474,1939,16.855006954102922
7,5061,3.005204,0.017182,0.255022,26,5222,3.002588,0.006183,31.1179,187,5035,2.996893,0.177814,0.35197,0.27196,0.525005,213.0,35.197,27.195999999999998,52.5005,0.3522119473372655,0.2738116233672892,0.5854789382268928,Assembly,0.5854789382268928,26,0.5137324639399328
13,5560,2.997679,0.078396,4.887501,24,5672,2.995701,0.00686,5.658956,136,5536,3.002848,0.333655,0.385574,0.294246,0.577698,160.0,38.557399999999994,29.4246,57.769800000000004,0.3866779287307801,0.2963003645964102,0.6911729336896639,Assembly,0.6911729336896639,24,0.4316546762589928
11,743,2.985239,0.0,26.874584,21,723,2.993506,0.0,0.158444,1,722,2.977923,0.0,0.051343,0.037575,0.074663,22.0,5.1343,3.7575,7.4662999999999995,0.051343,0.037575,0.074663,Assembly,0.074663,21,2.826379542395693
3,2259,3.014953,0.0,16.543608,10,2268,3.001059,0.0,4.363209,19,2249,2.996683,0.000186,0.157317,0.11809,0.234242,29.0,15.731700000000002,11.809,23.4242,0.157317,0.11808999999999999,0.23430525796905866,Assembly,0.23430525796905866,10,0.44267374944665777
17,11472,3.006365,2.073031,114.846635,1940,12208,2.997642,0.727533,149.936566,2676,9532,2.996152,2.906491,0.795937,0.634615,0.992711,4616.0,79.5937,63.4615,99.2711,0.825128265889816,0.8524893495510345,1.981198729824534,Assembly,1.981198729824534,1940,16.91073919107392
6,6921,3.005234,0.185462,21.129699,370,6561,3.000812,0.035124,6.830239,10,6551,2.996432,0.643374,0.481208,0.341829,0.681766,380.0,48.1208,34.1829,68.1766,0.4838195724050712,0.35234758630966634,0.9005753149740114,Assembly,0.9005753149740114,370,5.346048258922121
8,6280,3.00295,0.113815,51.821777,471,5832,3.003337,0.011108,2.436713,23,5809,3.003915,0.450161,0.436551,0.304088,0.606877,494.0,43.655100000000004,30.408800000000003,60.6877,0.43815367932667165,0.307414513401884,0.7599752290829533,Assembly,0.7599752290829533,471,7.5
11,7755,3.003469,0.509556,26.131853,14,7810,3.000726,0.115547,3.73875,69,7741,2.993716,1.421711,0.539164,0.406818,0.805662,83.0,53.916399999999996,40.6818,80.5662,0.5463392832841144,0.4414208667669692,1.28918108843226,Assembly,1.28918108843226,14,0.18052869116698902
17,2238,3.004517,0.0,58.448629,201,2046,3.013432,0.0,1.036346,9,2037,3.015968,0.0,0.155594,0.106726,0.213317,210.0,15.5594,10.672600000000001,21.3317,0.155594,0.10672600000000002,0.213317,Assembly,0.213317,201,8.981233243967829
11,8151,3.004223,0.397019,45.397398,355,7942,3.003164,0.110123,1.689401,146,7796,3.006676,1.578123,0.565689,0.413052,0.815275,501.0,56.5689,41.3052,81.5275,0.5712796000403799,0.4460305411735393,1.3519892790581092,Assembly,1.3519892790581092,355,4.35529382897804
6,2828,3.001097,0.0,0.553069,56,2788,2.994772,0.0,49.887335,16,2772,2.99158,0.00289,0.196459,0.144893,0.288285,72.0,19.6459,14.4893,28.828500000000002,0.19645900000000002,0.144893,0.28926787919666463,Assembly,0.28926787919666463,56,1.9801980198019802
8,12870,2.999336,6.82636,193.625086,3324,14148,2.997814,1.414204,227.921039,4602,9546,3.006418,2.927751,0.890533,0.733224,0.997519,7926.0,89.05330000000001,73.3224,99.7519,0.9866579927374963,1.156735753600828,1.993237183707264,Assembly,1.993237183707264,3324,25.827505827505824
5,3550,2.980521,0.003618,23.888431,5,3685,2.99948,0.0,6.676917,140,3545,3.008033,0.038471,0.244918,0.191722,0.370305,145.0,24.4918,19.1722,37.030499999999996,0.24496894665732902,0.191722,0.3833888566003058,Assembly,0.3833888566003058,5,0.14084507042253522
11,7458,3.00336,0.407949,0.811234,55,7458,3.000913,0.083313,33.691588,55,7403,2.99644,1.09728,0.518119,0.387332,0.771456,110.0,51.8119,38.733200000000004,77.1456,0.5238635102019625,0.4122817489243036,1.1446372058533347,Assembly,1.1446372058533347,55,0.7374631268436578
8,5912,2.996966,0.098103,51.423009,24,5928,3.00029,0.01106,0.805148,40,5888,3.007818,0.367999,0.409797,0.30879,0.615962,64.0,40.9797,30.879,61.5962,0.4111784317092164,0.3121021388391103,0.7411172115894041,Assembly,0.7411172115894041,24,0.40595399188092013
15,11934,3.000881,2.425233,133.331409,2434,12053,2.996532,0.708681,133.868359,2553,9500,3.001373,2.878706,0.829003,0.62514,0.991226,4987.0,82.9003,62.514,99.1226,0.8631537779419393,0.8373687400216577,1.9702641455756322,Assembly,1.9702641455756322,2434,20.39550863080275
12,9120,3.008619,0.837357,103.193398,1119,8052,3.004979,0.077673,1.744258,51,8001,3.000581,1.528653,0.635153,0.419794,0.834573,1170.0,63.515299999999996,41.9794,83.4573,0.646944194068829,0.443054737798392,1.3544626998681446,Assembly,1.3544626998681446,1119,12.269736842105264
19,4872,2.996669,0.027933,10.715543,28,4879,2.99831,0.002984,2.276294,35,4844,2.997025,0.186309,0.337958,0.253385,0.504764,63.0,33.7958,25.338500000000003,50.4764,0.3383513369207215,0.2542786186524327,0.5681270589105141,Assembly,0.5681270589105141,28,0.5747126436781609
20,4242,2.99244,0.003711,1.399945,27,4254,2.993791,0.000454,18.196192,39,4215,2.995655,0.061168,0.292997,0.220877,0.438742,66.0,29.2997,22.087699999999998,43.8742,0.29304925623143946,0.22101295940623472,0.4595450293085054,Assembly,0.4595450293085054,27,0.6364922206506365
6,13965,2.999005,23.888702,183.996206,4402,14459,2.999709,1.538272,246.92209,4896,9563,3.00199,2.921748,0.948198,0.752451,0.997659,9298.0,94.8198,75.2451,99.7659,1.2845853728104308,1.2131174047301894,1.9913355837703859,Assembly,1.9913355837703859,4402,31.521661296097385
11,10515,3.001393,1.643027,78.445635,966,11070,2.993908,0.361586,106.729324,1521,9549,2.997124,2.890888,0.72826,0.574476,0.994774,2487.0,72.82600000000001,57.4476,99.4774,0.7513961894834892,0.6827601803145155,1.9779552024523686,Assembly,1.9779552024523686,966,9.186875891583453
6,4272,3.002292,0.019378,0.420985,12,4422,2.999001,0.0,63.318794,162,4260,3.007969,0.176455,0.296648,0.229966,0.445177,174.0,29.664800000000003,22.9966,44.5177,0.2969208701840025,0.229966,0.5051887469368349,Assembly,0.5051887469368349,12,0.2808988764044944
19,10125,3.000297,1.405672,55.428449,710,9930,3.001047,0.310771,27.3499,515,9415,2.992295,2.806001,0.703187,0.516812,0.97944,1225.0,70.3187,51.681200000000004,97.944,0.7229808888062309,0.609878609328133,1.933751421702449,Assembly,1.933751421702449,710,7.012345679012346
6,4266,3.002151,0.007165,8.278935,20,4278,3.014344,0.000207,8.791851,32,4246,2.988835,0.088473,0.296079,0.223878,0.441044,52.0,29.607899999999997,22.3878,44.1044,0.29617989353227253,0.22393999030196166,0.47113336718564275,Assembly,0.47113336718564275,20,0.46882325363338023
5,3520,3.001319,0.00072,28.766182,169,3370,2.999385,0.0,0.387197,19,3351,2.986981,0.018435,0.244552,0.175127,0.348005,188.0,24.455199999999998,17.5127,34.8005,0.24456213863827442,0.17512699999999998,0.3542746809655751,Assembly,0.3542746809655751,169,4.801136363636363
11,13927,2.991814,12.180484,223.935777,4414,13737,2.999448,1.433895,221.115385,4224,9513,3.005812,2.928799,0.962504,0.713192,0.994133,8638.0,96.2504,71.31920000000001,99.4133,1.1340227795602913,1.142600618508687,1.9902076049522828,Assembly,1.9902076049522828,4414,31.693832124649962
19,659,2.991757,0.0,2.488518,1,687,3.000172,0.0,18.859887,29,658,2.993584,0.0,0.045579,0.035679,0.068395,30.0,4.5579,3.5679000000000003,6.8395,0.045579,0.035679,0.068395,Assembly,0.068395,1,0.15174506828528073
11,4482,2.997609,0.021742,11.999547,21,4488,2.988694,4e-06,8.826498,27,4461,3.014314,0.138121,0.310297,0.232869,0.467147,48.0,31.0297,23.2869,46.7147,0.3106031587130035,0.23287019788023114,0.5141214835718034,Assembly,0.5141214835718034,21,0.4685408299866131
17,6903,2.992779,0.161094,70.475554,543,6372,3.004049,0.046968,0.432248,12,6360,3.005899,0.609351,0.478221,0.332323,0.664387,555.0,47.8221,33.232299999999995,66.4387,0.4804894358252501,0.3463885096740807,0.8716252080853887,Assembly,0.8716252080853887,543,7.866145154280748
8,14940,2.999023,39.915435,236.762968,5355,14500,3.002425,1.865761,268.046008,4915,9585,2.995258,2.924004,0.998615,0.755824,0.997717,10270.0,99.8615,75.5824,99.7717,1.5606818847656738,1.3145635544843843,1.9921608417176784,Assembly,1.9921608417176784,5355,35.8433734939759
3,2199,2.990293,0.0,0.420569,8,2205,2.998031,0.0,16.864936,14,2191,3.001946,0.0,0.15217,0.114737,0.228866,22.0,15.217,11.473700000000001,22.8866,0.15217,0.114737,0.228866,Assembly,0.228866,8,0.36380172805820826
4,4482,3.003719,0.009465,34.012152,165,4350,3.005187,0.0,2.037862,33,4317,2.995348,0.101441,0.311636,0.226279,0.449637,198.0,31.163600000000002,22.6279,44.9637,0.31176928084898253,0.226279,0.4841367399961433,Assembly,0.4841367399961433,165,3.681392235609103
9,6363,2.994727,0.161675,11.184028,117,6264,3.002689,0.027754,13.635059,18,6246,2.990896,0.654959,0.440608,0.326486,0.648809,135.0,44.0608,32.6486,64.8809,0.44288461714307986,0.3347974919837855,0.8715583341758659,Assembly,0.8715583341758659,117,1.8387553041018387
16,11040,3.007957,2.364371,130.14494,1505,11216,3.002022,0.532715,83.305655,1681,9535,3.000702,2.899125,0.767917,0.584464,0.994461,3186.0,76.79169999999999,58.4464,99.4461,0.8012107532160253,0.7439961918333318,1.9804435782111667,Assembly,1.9804435782111667,1505,13.632246376811594
17,6867,2.999594,0.155577,9.893473,155,6759,2.989328,0.024396,3.909962,47,6712,3.001309,0.780681,0.47635,0.350211,0.700846,202.0,47.635,35.0211,70.0846,0.4785407485094723,0.357516871529741,0.9663529599070311,Assembly,0.9663529599070311,155,2.257171981942624
13,11130,2.995637,2.625195,88.408199,1647,11160,3.000692,0.499483,104.948686,1677,9483,2.996618,2.845899,0.770491,0.581084,0.987708,3324.0,77.04910000000001,58.1084,98.77080000000001,0.8074575312567038,0.7306642028729959,1.955588596162146,Assembly,1.955588596162146,1647,14.797843665768193
8,5488,2.994821,0.068841,0.472066,45,5736,3.001908,0.014919,33.446132,293,5443,3.001981,0.336611,0.380121,0.298687,0.568432,338.0,38.0121,29.868699999999997,56.8432,0.38109038055201333,0.30315479379210547,0.6829122592624461,Assembly,0.6829122592624461,45,0.8199708454810495
3,6822,2.993939,0.133556,68.917714,549,6291,2.998183,0.021457,0.325045,18,6273,2.996443,0.553153,0.472357,0.327315,0.653368,567.0,47.2357,32.731500000000004,65.3368,0.4742376610741375,0.3337407290299087,0.8414934589178602,Assembly,0.8414934589178602,549,8.047493403693931
11,10755,2.993247,1.618737,75.451873,1426,9960,2.993899,0.648497,47.194136,631,9329,3.000859,2.81064,0.743702,0.516766,0.973108,2057.0,74.3702,51.67659999999999,97.3108,0.7664961512561477,0.7109714340638805,1.9289971298662296,Assembly,1.9289971298662296,1426,13.258949325894934
10,14345,2.998693,19.762657,229.126293,4814,13737,2.998148,1.175054,203.376008,4206,9531,3.005872,2.906542,0.987681,0.713078,0.995542,9020.0,98.7681,71.3078,99.55420000000001,1.2659677092562698,1.0649714892813678,1.984047074751534,Assembly,1.984047074751534,4814,33.558731265249214
4,3108,2.999021,0.0,57.769506,84,3036,3.005185,0.0,0.267042,12,3024,2.996473,0.007317,0.215762,0.158169,0.314789,96.0,21.5762,15.8169,31.4789,0.215762,0.158169,0.317277486879583,Assembly,0.317277486879583,84,2.7027027027027026
18,4308,2.999964,0.010711,1.084678,41,4308,2.986997,0.000105,35.149896,41,4267,3.009542,0.107477,0.299133,0.222865,0.446697,82.0,29.9133,22.2865,44.6697,0.2992838263257741,0.2228964443560675,0.4832495631210802,Assembly,0.4832495631210802,41,0.9517177344475394
8,5624,2.999354,0.073604,14.135869,39,5624,3.016414,0.022897,4.805892,39,5585,2.993235,0.374213,0.390357,0.293799,0.581289,78.0,39.0357,29.3799,58.128899999999994,0.3913934504604871,0.3006559659131201,0.7085575719105368,Assembly,0.7085575719105368,39,0.6934566145092461
10,6900,3.007811,0.218619,24.656519,41,6970,3.000203,0.059189,1.696752,111,6859,2.999068,0.940119,0.480385,0.362445,0.715219,152.0,48.0385,36.2445,71.5219,0.48346347077905044,0.3801703332502803,1.0349502828682116,Assembly,1.0349502828682116,41,0.5942028985507246
7,7183,3.005081,0.284293,0.473418,5,8602,3.00075,0.105828,138.143712,1424,7178,2.997773,1.005757,0.499664,0.447763,0.747667,1429.0,49.9664,44.7763,74.7667,0.5036672554040984,0.4794553172753495,1.0897215440137726,Assembly,1.0897215440137726,5,0.06960879855213699
15,10890,2.996561,1.420725,74.346573,1372,10395,2.993924,0.423727,63.383747,877,9518,3.010657,2.92406,0.752369,0.538173,0.995887,2249.0,75.23689999999999,53.8173,99.5887,0.7723748567533765,0.6650665491753793,1.9903498871277177,Assembly,1.9903498871277177,1372,12.598714416896234
17,11509,2.99655,3.424769,114.839674,1975,11509,2.994371,0.542207,122.306213,1975,9534,3.000129,2.898162,0.796061,0.596933,0.994326,3950.0,79.6061,59.69330000000001,99.43260000000001,0.8442866862006402,0.759307761621834,1.9799810651778145,Assembly,1.9799810651778145,1975,17.160483100182468
4,7634,3.004196,0.42383,20.09532,218,7447,2.991795,0.093021,3.432591,31,7416,2.99481,1.284441,0.530096,0.386044,0.771892,249.0,53.0096,38.6044,77.1892,0.5360641375831238,0.41390100424528753,1.2087260270737306,Assembly,1.2087260270737306,218,2.8556457951270633
3,2301,2.985094,0.0,30.377304,248,2061,2.998632,0.0,14.22528,8,2053,2.984619,0.0,0.158831,0.107287,0.213005,256.0,15.8831,10.7287,21.3005,0.158831,0.107287,0.213005,Assembly,0.213005,248,10.777922642329422
3,5068,3.001478,0.030835,0.456991,98,4977,2.998382,0.001218,35.085349,7,4970,2.992383,0.254244,0.351642,0.258935,0.516394,105.0,35.1642,25.893500000000003,51.6394,0.3520762012655443,0.25929975453038306,0.6028615219642892,Assembly,0.6028615219642892,98,1.9337016574585635
5,4956,3.005976,0.023753,19.60031,220,4781,2.998821,0.001282,7.92668,45,4736,3.010249,0.186978,0.344206,0.248306,0.495517,265.0,34.4206,24.8306,49.5517,0.34454047649296166,0.24868992061408132,0.5591075835411607,Assembly,0.5591075835411607,220,4.4390637610976595
3,12444,3.004522,3.565863,172.065979,2891,12342,3.005282,0.902548,149.533126,2789,9553,2.994232,2.910723,0.865469,0.643619,0.99429,5680.0,86.54690000000001,64.3619,99.429,0.9156814931849341,0.9139051017144062,1.984217018668923,Assembly,1.984217018668923,2891,23.232079717132756
4,3012,2.986689,0.000728,90.062642,352,2688,3.007965,0.0,0.545256,28,2660,3.000719,0.005032,0.208246,0.13993,0.277551,380.0,20.8246,13.993,27.7551,0.20825625128981082,0.13993,0.2792623661306631,Assembly,0.2792623661306631,352,11.686586985391765
14,4422,2.995112,0.013824,63.432919,462,4002,3.001799,2.5e-05,2.768599,42,3960,2.994756,0.078508,0.306466,0.20776,0.411905,504.0,30.646600000000003,20.776,41.1905,0.30666066185486895,0.20776748675144463,0.438605304488493,Assembly,0.438605304488493,462,10.44776119402985
10,11760,3.000743,2.858108,128.738687,2278,10755,2.997169,0.441094,93.870841,1273,9482,3.005511,2.889932,0.816869,0.559628,0.99074,3551.0,81.6869,55.9628,99.074,0.8571152821683854,0.6917224456689443,1.973596070095271,Assembly,1.973596070095271,2278,19.37074829931973
3,5033,3.005758,0.022711,59.866761,335,4718,3.005917,0.000434,0.172523,20,4698,2.99354,0.134739,0.349644,0.246214,0.4893,355.0,34.9644,24.621399999999998,48.93,0.3499638036303478,0.246343970005079,0.5351242768440804,Assembly,0.5351242768440804,335,6.656069938406517
7,11440,3.002127,2.716373,127.655801,1893,11968,3.000549,0.57404,132.92372,2421,9547,3.003319,2.893188,0.790989,0.621185,0.9967,4314.0,79.0989,62.1185,99.67,0.829239448979739,0.7930927919713275,1.9806634246504062,Assembly,1.9806634246504062,1893,16.547202797202797
13,9139,2.998191,1.050579,22.575428,87,9516,3.001166,0.250056,22.635241,464,9052,2.99577,2.372028,0.632124,0.494929,0.942579,551.0,63.2124,49.4929,94.25789999999999,0.6469176673051474,0.5698132847696716,1.7492976765072485,Assembly,1.7492976765072485,87,0.9519641098588468
18,5944,2.99651,0.076902,12.399441,280,5696,2.99801,0.00561,19.575622,32,5664,2.999623,0.474021,0.412311,0.296172,0.590897,312.0,41.2311,29.6172,59.0897,0.41339389105636076,0.297852027024178,0.7521099341460735,Assembly,0.7521099341460735,280,4.710632570659488
20,14700,2.998783,22.88878,228.131974,5174,14080,2.997825,1.727134,203.598962,4554,9526,3.004458,2.884352,0.985851,0.731701,0.994724,9728.0,98.5851,73.1701,99.47240000000001,1.3081580291150994,1.2489259187837205,1.9756823310235105,Assembly,1.9756823310235105,5174,35.19727891156463
11,3068,3.004644,0.0,31.751179,120,2976,2.999896,0.0,1.534553,28,2948,3.008788,0.010878,0.213278,0.154561,0.308244,148.0,21.3278,15.456100000000001,30.8244,0.213278,0.154561,0.3119435709001099,Assembly,0.3119435709001099,120,3.911342894393742
13,1386,2.996867,0.0,0.230023,7,1498,3.015538,0.0,75.657685,119,1379,2.990056,0.0,0.096149,0.078276,0.143634,126.0,9.6149,7.8275999999999994,14.3634,0.096149,0.078276,0.143634,Assembly,0.143634,7,0.5050505050505051
18,5005,3.00071,0.031742,13.381964,12,5292,2.994966,0.0011,31.20395,299,4993,3.006093,0.169944,0.347171,0.275133,0.521675,311.0,34.7171,27.5133,52.1675,0.34761797313348164,0.27546241706356434,0.5794723779231729,Assembly,0.5794723779231729,12,0.23976023976023975
6,11136,2.995235,1.931077,112.229661,1716,10864,3.000784,0.460082,60.183752,1444,9420,2.994768,2.778446,0.771321,0.565981,0.980767,3160.0,77.13210000000001,56.598099999999995,98.0767,0.7985133488653611,0.7037617831261799,1.9257070596733508,Assembly,1.9257070596733508,1716,15.40948275862069
6,4590,3.00179,0.01955,13.928345,110,4494,2.995867,0.000493,1.931791,14,4480,2.999974,0.15174,0.31832,0.233722,0.467408,124.0,31.832,23.372200000000003,46.7408,0.3185952921920347,0.2338696387384884,0.5190142592740093,Assembly,0.5190142592740093,110,2.3965141612200433
7,9620,2.992617,0.824069,54.809661,924,8710,2.999069,0.222078,4.888902,14,8696,2.999876,2.208323,0.666114,0.453505,0.906975,938.0,66.6114,45.3505,90.69749999999999,0.6777180798668977,0.5200107114929421,1.6580181613204046,Assembly,1.6580181613204046,924,9.604989604989605
12,8880,3.000374,0.577676,53.342911,467,8520,3.005715,0.158306,4.349913,107,8413,2.995681,1.911138,0.616429,0.444331,0.876046,574.0,61.6429,44.433099999999996,87.6046,0.6245635111164114,0.49173890696782974,1.5260175509187541,Assembly,1.5260175509187541,467,5.2590090090090085
10,6480,3.000973,0.17619,2.99246,8,7090,2.999212,0.034114,33.017414,618,6472,2.996278,0.755981,0.450146,0.368977,0.673981,626.0,45.0146,36.8977,67.3981,0.45262700927440386,0.3791931215513028,0.9310875736933233,Assembly,0.9310875736933233,8,0.12345679012345678
4,2900,3.003115,3.7e-05,3.43809,14,2896,2.995407,0.0,13.309147,10,2886,2.993081,0.011307,0.201508,0.150602,0.300462,24.0,20.1508,15.060200000000002,30.0462,0.20150852101335576,0.150602,0.3043074723448743,Assembly,0.3043074723448743,14,0.4827586206896552
20,14080,2.997538,10.218251,196.399381,4515,13960,2.998161,1.503715,254.508395,4395,9565,3.000365,2.930208,0.951073,0.725165,0.997529,8910.0,95.1073,72.5165,99.7529,1.0949607092864886,1.1754826179432876,1.9940828010727327,Assembly,1.9940828010727327,4515,32.06676136363637
5,9674,2.999424,1.194755,17.674854,471,10500,3.000839,0.366643,99.132698,1297,9203,3.000461,2.634134,0.668859,0.544903,0.959785,1768.0,66.88589999999999,54.490300000000005,95.9785,0.6856828732938325,0.654701600396738,1.855645038002395,Assembly,1.855645038002395,471,4.868720281166012
2,1476,3.014493,0.0,25.900937,10,1470,3.009292,0.0,0.072873,4,1466,2.995407,0.0,0.102816,0.076803,0.152614,14.0,10.281600000000001,7.6803,15.2614,0.102816,0.076803,0.152614,Assembly,0.152614,10,0.6775067750677507
17,11288,3.001386,2.787639,84.672447,1707,12002,2.994231,0.565995,140.539626,2421,9581,2.989299,2.915615,0.779575,0.622852,0.99565,4128.0,77.9575,62.285199999999996,99.565,0.8188289770287182,0.7923505553564412,1.9872407712744882,Assembly,1.9872407712744882,1707,15.122253720765414
2,1452,2.99181,0.0,11.115755,4,1458,2.98329,0.0,2.486842,10,1448,3.00907,0.0,0.100351,0.075461,0.151289,14.0,10.0351,7.5461,15.128900000000002,0.100351,0.075461,0.151289,Assembly,0.151289,4,0.27548209366391185
15,10455,2.999437,1.936992,72.946869,1120,10845,2.991866,0.398906,87.225195,1510,9335,3.00021,2.768312,0.724773,0.562153,0.973727,2630.0,72.4773,56.2153,97.3727,0.7520486405950738,0.6816134028710793,1.9152205206494757,Assembly,1.9152205206494757,1120,10.712577714012435
20,13600,2.998156,13.855856,199.41031,4005,15100,2.996955,1.765595,262.756742,5505,9595,2.991614,2.920856,0.941516,0.781345,0.997615,9510.0,94.1516,78.1345,99.7615,1.1366264332868168,1.3100878366762179,1.9909882175961904,Assembly,1.9909882175961904,4005,29.448529411764707
18,13302,2.994241,10.742817,175.110315,3757,12924,2.998052,0.998067,185.633478,3379,9545,3.00058,2.917376,0.920235,0.671505,0.99548,7136.0,92.0235,67.15050000000001,99.548,1.0715093550157406,0.9703961821640427,1.9876696814008987,Assembly,1.9876696814008987,3757,28.2438731017892
12,3525,2.999096,0.001691,2.904804,20,3555,2.998234,0.000435,14.148518,50,3505,3.00721,0.038097,0.244303,0.185065,0.366179,70.0,24.4303,18.5065,36.6179,0.24432681171850285,0.1851952694751368,0.3791356604689728,Assembly,0.3791356604689728,20,0.5673758865248227
12,9108,2.999695,0.809337,61.625455,554,8580,2.995993,0.276545,5.139941,26,8554,3.001055,2.212926,0.63179,0.445784,0.892339,580.0,63.178999999999995,44.5784,89.2339,0.6431866320626494,0.5286009471303581,1.6449476260063034,Assembly,1.6449476260063034,554,6.082564778216952
5,3535,2.993944,0.000754,9.973354,103,3440,2.999848,0.0,20.574016,8,3432,2.997308,0.022823,0.244727,0.179158,0.357717,111.0,24.4727,17.9158,35.7717,0.24473761740730404,0.179158,0.36547902488078765,Assembly,0.36547902488078765,103,2.913719943422914
9,10164,2.996955,1.310206,44.981614,688,10080,3.003648,0.253161,44.165579,604,9476,2.997908,2.783253,0.701623,0.524449,0.987442,1292.0,70.1623,52.444900000000004,98.7442,0.7200725898596945,0.6002631392990964,1.9340169040672495,Assembly,1.9340169040672495,688,6.768988587170405
9,6183,3.002518,0.119296,17.376594,47,6291,3.000384,0.025471,9.111767,155,6136,3.00449,0.573358,0.428795,0.327587,0.641083,202.0,42.8795,32.758700000000005,64.1083,0.4304748597105357,0.3352148018418607,0.8360801108793163,Assembly,0.8360801108793163,47,0.7601487950832929
7,5033,3.002235,0.031593,18.084289,322,4739,2.996323,0.000137,13.369929,28,4711,3.007755,0.164749,0.349774,0.246267,0.492211,350.0,34.977399999999996,24.6267,49.2211,0.3502188749986165,0.24630802739791663,0.5482415760454314,Assembly,0.5482415760454314,322,6.397774687065369
6,4116,3.006869,0.008496,0.24426,20,4470,3.001001,0.001869,52.443844,374,4096,3.003055,0.073206,0.286188,0.232574,0.427723,394.0,28.6188,23.2574,42.7723,0.2863076359316382,0.23313370953800155,0.45262011227371246,Assembly,0.45262011227371246,20,0.4859086491739553
8,5896,3.003153,0.134132,6.059849,310,5616,3.003419,0.004109,11.491525,30,5586,2.993205,0.337675,0.409136,0.292411,0.581474,340.0,40.9136,29.241099999999996,58.147400000000005,0.411024771984757,0.2936415224674416,0.6963161220531905,Assembly,0.6963161220531905,310,5.257801899592944
15,4928,3.001994,0.025488,0.171704,18,4991,3.006631,0.001128,38.328233,81,4910,3.007804,0.164611,0.342126,0.260333,0.513206,99.0,34.2126,26.033299999999997,51.320600000000006,0.34248490779491464,0.2606708022251823,0.5691896427135492,Assembly,0.5691896427135492,18,0.36525974025974023
19,13908,2.997812,14.769736,222.288377,4341,14554,2.999627,1.710996,244.996724,4987,9567,3.000371,2.926681,0.956802,0.756104,0.99771,9328.0,95.6802,75.6104,99.771,1.1647811815454703,1.2684960709911741,1.9930642803368723,Assembly,1.9930642803368723,4341,31.212251941328734
3,2292,3.008515,0.0,0.341253,27,2271,2.998273,0.0,56.968453,6,2265,2.9995,0.000784,0.159483,0.118116,0.236029,33.0,15.948300000000001,11.8116,23.602899999999998,0.159483,0.118116,0.23629563574054846,Assembly,0.23629563574054846,27,1.1780104712041886
8,12325,2.99839,4.221907,139.562774,2757,12189,3.006683,0.873739,138.162159,2621,9568,2.994989,2.882886,0.853989,0.633912,0.996114,5378.0,85.3989,63.391200000000005,99.6114,0.9134395387517483,0.8955706688196567,1.9765737493964135,Assembly,1.9765737493964135,2757,22.36916835699797
12,8016,3.003727,0.476613,4.445176,63,8676,2.995478,0.126749,47.496858,723,7953,2.996502,1.610019,0.557004,0.451197,0.82835,786.0,55.7004,45.1197,82.83500000000001,0.5637153983387335,0.4891545303542851,1.3759120004618512,Assembly,1.3759120004618512,63,0.7859281437125748
2,7360,3.002251,0.32384,30.296508,35,7490,2.998544,0.063961,4.471384,165,7325,3.007126,1.139691,0.511291,0.388767,0.765626,200.0,51.12910000000001,38.8767,76.5626,0.5158511341927632,0.40792140436603386,1.1532310430885397,Assembly,1.1532310430885397,35,0.4755434782608696
6,13338,2.997703,8.160445,196.837229,3758,12901,3.005145,1.024161,188.119306,3321,9580,2.995943,2.91592,0.923532,0.672719,0.997576,7079.0,92.3532,67.2719,99.7576,1.0384428333518505,0.9794245538519037,1.98927050073988,Assembly,1.98927050073988,3758,28.17513870145449
8,5768,3.004246,0.06743,56.834481,8,5784,2.997128,0.009725,0.268023,24,5760,3.00046,0.415634,0.400992,0.300521,0.600092,32.0,40.0992,30.0521,60.00919999999999,0.4019415116372839,0.30343334631196633,0.7414477135039779,Assembly,0.7414477135039779,8,0.13869625520110956
4,10920,2.99758,1.655392,108.866564,1399,11010,3.002164,0.455047,99.803675,1489,9521,3.001195,2.891889,0.75618,0.572802,0.993206,2888.0,75.618,57.2802,99.3206,0.7794903065144102,0.7090749513852287,1.976727639156819,Assembly,1.976727639156819,1399,12.81135531135531
2,1462,2.985533,0.0,18.314559,64,1410,2.997403,0.0,7.086058,12,1398,2.990741,0.0,0.100887,0.07318,0.145561,76.0,10.088700000000001,7.318,14.556099999999999,0.100887,0.07318,0.145561,Assembly,0.145561,64,4.377564979480164
19,10965,3.002695,1.627489,85.83858,1443,10365,2.993392,0.399965,60.639397,843,9522,2.997408,2.90001,0.750497,0.538655,0.992264,2286.0,75.0497,53.8655,99.2264,0.7734143920369502,0.6584325416622745,1.9785475637091072,Assembly,1.9785475637091072,1443,13.160054719562245
12,6228,2.995623,0.111879,9.30259,12,6345,2.995366,0.029567,9.218996,129,6216,3.004846,0.590922,0.431887,0.329958,0.648875,141.0,43.188700000000004,32.995799999999996,64.8875,0.4334624176548671,0.33881243119855103,0.8498455676994606,Assembly,0.8498455676994606,12,0.1926782273603083
5,3670,3.009567,0.000143,19.643051,101,3595,3.00693,0.0,1.192658,26,3569,2.999325,0.022908,0.255462,0.187122,0.372195,127.0,25.546200000000002,18.712200000000003,37.2195,0.25546401364621285,0.18712200000000004,0.3799859330924542,Assembly,0.3799859330924542,101,2.7520435967302452
4,8283,3.004309,0.54168,35.914969,866,7524,2.994622,0.087629,2.107832,107,7417,3.007572,1.355372,0.574608,0.390046,0.775383,973.0,57.4608,39.0046,77.5383,0.5822356355284584,0.41628826169370686,1.2363404195646015,Assembly,1.2363404195646015,866,10.455149100567427
2,7744,3.005025,0.418677,8.250652,125,7997,3.002216,0.082206,15.73109,378,7619,2.997466,1.374399,0.536718,0.416818,0.794055,503.0,53.671800000000005,41.6818,79.40549999999999,0.5426135759122515,0.44143623557033473,1.2614834377220192,Assembly,1.2614834377220192,125,1.6141528925619832
9,6453,2.999131,0.201563,23.716827,245,6264,3.004248,0.022505,17.761458,56,6208,3.009928,0.582093,0.447522,0.326272,0.64975,301.0,44.752199999999995,32.6272,64.97500000000001,0.45036029770348296,0.33301157365046813,0.84771785474882,Assembly,0.84771785474882,245,3.796683713001705
13,6543,2.999668,0.144708,1.407898,45,6561,3.004639,0.017719,27.926316,63,6498,3.000245,0.599527,0.453517,0.341998,0.677328,108.0,45.3517,34.1998,67.7328,0.4555546973158547,0.3473043099539056,0.8812250990099447,Assembly,0.8812250990099447,45,0.6877579092159559
11,7634,2.993088,0.361116,21.429853,222,7447,3.000873,0.062395,3.329112,35,7412,2.995957,1.109654,0.528279,0.387983,0.772278,257.0,52.82790000000001,38.798300000000005,77.2278,0.5333640340265374,0.40666843425554144,1.1496675612787768,Assembly,1.1496675612787768,222,2.9080429656798534
16,2856,2.998587,0.0,11.511099,13,2868,2.993457,0.0,10.163458,25,2843,3.000383,0.00212,0.198178,0.14892,0.296439,38.0,19.8178,14.892,29.643900000000002,0.198178,0.14892,0.2971600048086259,Assembly,0.2971600048086259,13,0.4551820728291317
19,1464,2.998129,0.0,67.994212,44,1424,3.003398,0.0,0.069082,4,1420,3.008441,0.0,0.101476,0.074162,0.148395,48.0,10.147599999999999,7.416200000000001,14.8395,0.10147599999999998,0.074162,0.148395,Assembly,0.148395,44,3.0054644808743167
5,3395,2.993428,0.000532,1.920117,10,3560,2.997362,0.0,57.929506,175,3385,3.004222,0.031268,0.235221,0.185254,0.353472,185.0,23.522100000000002,18.5254,35.3472,0.23522849132716944,0.185254,0.3641061407340169,Assembly,0.3641061407340169,10,0.29455081001472755
11,8382,2.993393,0.53806,34.392833,429,7975,3.000239,0.097388,1.535861,22,7953,2.990552,1.527238,0.579774,0.415398,0.82674,451.0,57.9774,41.5398,82.674,0.5873506607082453,0.4445627899876379,1.3461484631680476,Assembly,1.3461484631680476,429,5.118110236220472
12,9338,3.002316,1.047799,9.119422,109,10500,3.000952,0.420396,84.745322,1271,9229,2.995478,2.533753,0.647588,0.547048,0.961052,1380.0,64.75880000000001,54.7048,96.1052,0.6623425208962546,0.6729440144128949,1.8227728004105646,Assembly,1.8227728004105646,109,1.1672735061040909
12,8393,3.002379,0.528867,58.687199,765,7689,2.986764,0.054665,3.355814,61,7628,3.005745,1.242455,0.583309,0.39819,0.797296,826.0,58.3309,39.818999999999996,79.7296,0.5907562100114997,0.41456053070885757,1.2198507308968587,Assembly,1.2198507308968587,765,9.114738472536638
13,8448,2.99842,0.532568,2.172582,48,9204,2.997685,0.188893,41.491797,804,8400,3.00034,1.736132,0.584812,0.477605,0.876075,852.0,58.4812,47.7605,87.6075,0.5923113254285187,0.5341727976253222,1.4665276039666828,Assembly,1.4665276039666828,48,0.5681818181818182
2,1400,3.009317,0.0,0.079744,6,1426,2.999708,0.0,51.996945,32,1394,3.008084,0.0,0.097415,0.074249,0.145667,38.0,9.7415,7.424899999999999,14.566699999999999,0.097415,0.074249,0.145667,Assembly,0.145667,6,0.4285714285714286
7,5691,2.996539,0.060725,75.524216,637,5068,3.009393,0.00044,0.232269,14,5054,3.001703,0.177466,0.394752,0.264671,0.526842,651.0,39.4752,26.4671,52.684200000000004,0.39560709556835333,0.2648027668254257,0.5871975846073636,Assembly,0.5871975846073636,637,11.193111931119311
20,11408,3.008365,2.345942,115.645165,1843,11472,3.000859,0.641524,87.502895,1907,9565,2.998869,2.909015,0.788536,0.596852,0.99711,3750.0,78.8536,59.6852,99.711,0.8215702463205262,0.7889692293509406,1.9864561336627282,Assembly,1.9864561336627282,1843,16.15532959326788
13,4998,3.005105,0.033004,0.385696,39,5173,3.00554,0.001273,38.520598,214,4959,3.001926,0.18957,0.347183,0.26971,0.517715,253.0,34.7183,26.971,51.7715,0.34764774391334596,0.27009122538356123,0.5821871139486883,Assembly,0.5821871139486883,39,0.78031212484994
15,10905,2.99591,1.807163,94.205218,1354,10725,3.000726,0.444879,55.709239,1174,9551,2.998054,2.918477,0.756213,0.558524,0.995487,2528.0,75.6213,55.8524,99.5487,0.7816604610554486,0.6917519398376633,1.9880511277661332,Assembly,1.9880511277661332,1354,12.416322787712058
19,13357,2.996128,5.155776,188.006788,3811,13395,2.994861,1.877678,215.11134,3849,9546,3.0027,2.916824,0.916472,0.694969,0.996169,7660.0,91.6472,69.4969,99.6169,0.9890727609554957,1.257277339163017,1.9881709480733698,Assembly,1.9881709480733698,3811,28.53185595567867
16,7440,3.000864,0.230792,18.91419,228,7250,2.993426,0.059235,4.548127,38,7212,2.996335,1.163134,0.516456,0.376777,0.751611,266.0,51.6456,37.677699999999994,75.1611,0.5197058841730985,0.39451610887293836,1.1471889278661895,Assembly,1.1471889278661895,228,3.064516129032258
18,12312,3.002535,3.313917,159.200653,2765,12204,2.99525,0.950803,150.513796,2657,9547,2.999347,2.890625,0.854219,0.634283,0.995379,5422.0,85.4219,63.42830000000001,99.53790000000001,0.9008837301867562,0.9190200293528572,1.9784707570445061,Assembly,1.9784707570445061,2765,22.457764782326187
5,3635,2.998531,0.001526,63.378793,285,3365,3.000283,0.0,2.359113,15,3350,3.006367,0.015212,0.251748,0.17528,0.350336,300.0,25.1748,17.528,35.0336,0.251769488280565,0.17528,0.35550954959849895,Assembly,0.35550954959849895,285,7.8404401650618984
5,4590,3.001871,0.016803,59.362012,267,4338,2.98724,0.000406,0.199596,15,4323,2.997077,0.104836,0.318725,0.224976,0.450845,282.0,31.8725,22.497600000000002,45.0845,0.31896161047072935,0.225097584843461,0.48649936797976834,Assembly,0.48649936797976834,267,5.816993464052287
16,11376,3.002024,2.098321,114.50073,1858,10912,2.993417,0.626021,90.250388,1394,9518,2.998144,2.871743,0.785729,0.567098,0.992028,3252.0,78.5729,56.7098,99.2028,0.8152763855592052,0.7545725450450882,1.9686980528952254,Assembly,1.9686980528952254,1858,16.33263009845288
7,5033,2.997099,0.034101,19.555615,105,4942,3.003618,0.0058,3.013937,14,4928,2.997362,0.202075,0.348632,0.257372,0.513313,119.0,34.8632,25.737199999999998,51.3313,0.34911219125527243,0.2591089263351573,0.5820380220297579,Assembly,0.5820380220297579,105,2.086230876216968
16,11568,3.001183,2.371558,157.906001,2079,10832,3.00133,0.451977,52.439592,1343,9489,2.995084,2.789534,0.798107,0.562601,0.987743,3422.0,79.8107,56.2601,98.77430000000001,0.831501956540023,0.6979545783078265,1.9364540508611077,Assembly,1.9364540508611077,2079,17.971991701244814
3,2253,2.988489,0.0,42.229141,133,2130,2.98779,0.0,2.613669,10,2120,2.998212,0.0,0.155836,0.110214,0.220791,143.0,15.5836,11.0214,22.0791,0.155836,0.11021399999999999,0.22079100000000002,Assembly,0.22079100000000002,133,5.90324012427874
11,13357,3.000228,7.060315,211.235818,3831,13775,3.001993,1.44258,185.632331,4249,9526,3.011642,2.940341,0.92333,0.714522,0.997072,8080.0,92.333,71.4522,99.7072,1.0227494165117919,1.1465315159605562,1.997072,Assembly,1.997072,3831,28.68159017743505
15,10710,2.997073,1.866986,73.592116,1143,11430,3.00634,0.474736,128.841983,1863,9567,2.999967,2.934979,0.741234,0.59582,0.997628,3006.0,74.12339999999999,59.582,99.7628,0.7675238551630748,0.7379892173529722,1.9958044019887486,Assembly,1.9958044019887486,1143,10.672268907563025
2,8196,3.002201,0.488866,1.104163,101,8352,3.001151,0.104095,21.322189,257,8095,2.9935,1.463829,0.566308,0.435172,0.842489,358.0,56.6308,43.5172,84.2489,0.5731919382481453,0.46634533566520686,1.3403322773613673,Assembly,1.3403322773613673,101,1.2323084431429967
14,11712,3.000515,2.741347,118.818389,2198,10784,2.997008,0.509583,90.427656,1270,9514,3.000842,2.887636,0.81341,0.56033,0.992396,3468.0,81.341,56.033,99.2396,0.852012118913441,0.712934850456632,1.9744712082836648,Assembly,1.9744712082836648,2198,18.76707650273224
15,13140,3.001965,8.893256,167.825925,3573,13320,3.001779,1.042579,184.644399,3753,9567,2.99803,2.916433,0.90765,0.693592,0.997021,7326.0,90.765,69.3592,99.7021,1.032879868980349,1.0058131933762016,1.9888899702997034,Assembly,1.9888899702997034,3573,27.19178082191781
6,4410,3.005404,0.005668,7.680962,109,4320,3.007459,0.0,17.853819,19,4301,3.000178,0.067883,0.306355,0.225566,0.448979,128.0,30.6355,22.5566,44.8979,0.306434813613527,0.225566,0.47206577803016725,Assembly,0.47206577803016725,109,2.4716553287981857
6,11070,2.994681,1.815049,89.469099,1601,11070,2.990859,0.504023,104.944477,1601,9469,3.002767,2.862607,0.765736,0.574806,0.98812,3202.0,76.5736,57.4806,98.812,0.7912945073074376,0.7257457969353432,1.961682930285977,Assembly,1.961682930285977,1601,14.462511291779585
12,5960,3.007815,0.134416,24.272134,213,5768,2.998674,0.001692,0.554372,21,5747,3.00035,0.382031,0.414296,0.299772,0.599126,234.0,41.4296,29.9772,59.912600000000005,0.4161887711142986,0.30027870333777346,0.729053447190649,Assembly,0.729053447190649,213,3.573825503355705
8,14668,2.998208,27.683746,232.731698,5176,13509,2.994613,1.169137,232.837171,4017,9492,3.000344,2.863664,0.990128,0.700127,0.990579,9193.0,99.0128,70.01270000000001,99.0579,1.3799550649653243,1.0502485249494495,1.9645014124004665,Assembly,1.9645014124004665,5176,35.28770111808017
5,3925,2.992281,0.00024,107.347078,455,3480,2.999242,0.0,0.058145,10,3470,2.994545,0.025904,0.271868,0.181204,0.36119,465.0,27.186799999999998,18.1204,36.119,0.2718713795460915,0.181204,0.36999986252955014,Assembly,0.36999986252955014,455,11.59235668789809
1,740,2.999879,0.0,89.335335,77,663,2.991099,0.0,0.509406,0,663,2.987582,0.0,0.051303,0.034429,0.068777,77.0,5.1303,3.4429000000000003,6.877700000000001,0.051303,0.034429,0.068777,Assembly,0.068777,77,10.405405405405405
8,13446,2.996632,8.03588,204.355707,3899,12708,3.004014,0.983466,187.006256,3161,9547,2.996532,2.919763,0.929013,0.662799,0.994181,7060.0,92.90129999999999,66.2799,99.4181,1.0421697785231647,0.9573176198503128,1.9871824920038186,Assembly,1.9871824920038186,3899,28.997471366949277
3,14326,2.994689,39.683246,223.811999,4740,13167,3.001059,0.849534,178.30859,3581,9586,2.994769,2.924623,0.989781,0.685938,0.997596,8321.0,98.9781,68.5938,99.7596,1.5485783288180344,0.9403479960709529,1.9922503615179328,Assembly,1.9922503615179328,4740,33.08669551863744
17,11645,2.999487,2.888833,125.234877,2217,11815,2.999659,0.698126,172.237444,2387,9428,2.998779,2.852778,0.804651,0.614885,0.982813,4604.0,80.4651,61.4885,98.2813,0.8453299344753046,0.8239528335617292,1.9530331207274938,Assembly,1.9530331207274938,2217,19.038213825676255
12,7986,3.002922,0.577162,7.57648,212,7832,2.992371,0.083255,20.989177,58,7774,3.004639,1.503218,0.554997,0.406428,0.812161,270.0,55.4997,40.6428,81.2161,0.5631242732551988,0.431360379660952,1.3234003426476724,Assembly,1.3234003426476724,212,2.6546456298522414
12,3465,3.013118,0.001371,0.047124,14,3580,3.006754,0.0,89.701834,129,3451,2.996067,0.032797,0.24164,0.186621,0.359389,143.0,24.163999999999998,18.662100000000002,35.938900000000004,0.24165930565704752,0.18662100000000004,0.370543148447408,Assembly,0.370543148447408,14,0.40404040404040403
7,8283,3.000068,0.469504,55.77154,528,7810,3.001177,0.056455,1.356187,55,7755,2.998244,1.415825,0.574498,0.405802,0.807709,583.0,57.449799999999996,40.5802,80.7709,0.5811092933672155,0.42270858211229406,1.2892262797984995,Assembly,1.2892262797984995,528,6.374501992031872
8,5768,3.002101,0.065676,36.767543,395,5432,3.003545,0.004134,1.871691,59,5373,2.997953,0.282014,0.399914,0.282978,0.560433,454.0,39.9914,28.297800000000002,56.043299999999995,0.40083881278793204,0.2842160092188863,0.6563450047640732,Assembly,0.6563450047640732,395,6.848127600554784
2,1500,2.994212,0.0,42.570284,115,1394,2.982203,0.0,0.478474,9,1385,3.00196,0.0,0.103868,0.072134,0.144981,124.0,10.386800000000001,7.2134,14.498099999999999,0.10386800000000002,0.072134,0.144981,Assembly,0.144981,115,7.666666666666666
8,5960,2.998443,0.072399,14.580844,137,5832,2.996608,0.010872,4.045882,9,5823,2.99441,0.383438,0.412622,0.303414,0.605692,146.0,41.2622,30.3414,60.5692,0.41364148232281944,0.3066698384682466,0.7360979631178832,Assembly,0.7360979631178832,137,2.2986577181208054
3,2085,3.019923,0.0,19.451501,35,2067,3.005938,0.0,0.695042,17,2050,2.987426,4.3e-05,0.145533,0.107801,0.213245,52.0,14.5533,10.7801,21.3245,0.145533,0.107801,0.21325962415413724,Assembly,0.21325962415413724,35,1.6786570743405276
8,14000,2.993847,9.052547,220.179541,4429,15340,2.998627,1.841637,278.12429,5769,9571,2.995716,2.904346,0.93967,0.797731,0.996603,10198.0,93.967,79.7731,99.6603,1.067142915965587,1.3492461388103612,1.984361222600712,Assembly,1.984361222600712,4429,31.635714285714283
10,4506,2.995182,0.017389,125.030293,534,3996,2.991331,0.0,0.075971,24,3972,2.997097,0.056594,0.312115,0.207524,0.414472,558.0,31.211499999999997,20.752399999999998,41.4472,0.3123598621957694,0.207524,0.43371942742423414,Assembly,0.43371942742423414,534,11.8508655126498
13,8723,2.998169,0.710558,3.508423,21,9841,2.998604,0.245629,89.460759,1139,8702,3.004719,2.074233,0.604762,0.511856,0.9085,1160.0,60.476200000000006,51.1856,90.85,0.6147676812986086,0.5854145308238541,1.613939607174814,Assembly,1.613939607174814,21,0.24074286369368336
13,4970,3.007324,0.025397,36.831266,31,5005,3.004327,0.002943,0.385109,66,4939,2.999244,0.217555,0.345033,0.260993,0.51524,97.0,34.503299999999996,26.099299999999996,51.524,0.3453906263836882,0.2618743403800634,0.5892297175191585,Assembly,0.5892297175191585,31,0.6237424547283702
11,4122,2.987635,0.004886,0.184474,13,4158,2.993013,0.000576,25.134685,49,4109,3.002319,0.076962,0.285063,0.215879,0.428599,62.0,28.5063,21.587899999999998,42.8599,0.28513180192584564,0.21605149475328458,0.45477351513276865,Assembly,0.45477351513276865,13,0.3153808830664726
3,2139,2.997895,0.0,0.442543,5,2274,3.000552,0.0,40.056079,140,2134,3.00172,0.00223,0.14844,0.118439,0.222629,145.0,14.844,11.8439,22.2629,0.14844,0.118439,0.2233874154354886,Assembly,0.2233874154354886,5,0.23375409069658717
14,5872,2.993062,0.046758,2.406235,96,5800,2.998268,0.018295,13.485725,24,5776,2.993516,0.317896,0.406805,0.30163,0.600866,120.0,40.6805,30.163,60.086600000000004,0.4074634200672716,0.30710880470719015,0.7089813512466752,Assembly,0.7089813512466752,96,1.6348773841961852
14,9660,3.001832,1.310909,28.930299,387,9408,2.996767,0.274801,25.448185,135,9273,3.006029,2.620195,0.669306,0.488884,0.968773,522.0,66.9306,48.8884,96.8773,0.687765489113454,0.5711786713495798,1.8598924313856795,Assembly,1.8598924313856795,387,4.0062111801242235
9,3020,2.995194,0.001519,54.013299,268,2756,2.990962,0.0,0.02147,4,2752,3.001619,0.002097,0.209268,0.143109,0.287017,272.0,20.9268,14.310899999999998,28.701700000000002,0.20928938971047065,0.143109,0.28773018258664557,Assembly,0.28773018258664557,268,8.874172185430464
15,10275,3.003405,1.194976,54.132083,778,10410,2.996976,0.390063,45.097378,913,9497,3.002987,2.887459,0.711528,0.541351,0.991244,1691.0,71.1528,54.1351,99.12440000000001,0.7283549852925252,0.6581631891500801,1.973259011184077,Assembly,1.973259011184077,778,7.571776155717762
12,12053,3.000773,2.883395,137.996971,2513,11356,3.003611,0.62112,127.850627,1816,9540,3.002552,2.913045,0.83723,0.591878,0.995553,4329.0,83.723,59.1878,99.5553,0.8778323595934485,0.7778848422918803,1.9862697229923332,Assembly,1.9862697229923332,2513,20.84958101717415
8,4218,3.004987,0.003861,21.03755,174,4050,2.989302,0.000982,6.424659,6,4044,2.994057,0.117785,0.293272,0.210185,0.42091,180.0,29.327199999999998,21.0185,42.091,0.29332636844774657,0.21047907959674558,0.46096827895471987,Assembly,0.46096827895471987,174,4.125177809388336
7,5348,2.990691,0.050074,50.201793,301,5061,2.994964,0.009036,0.151878,14,5047,3.000034,0.248091,0.370236,0.263151,0.526699,315.0,37.0236,26.3151,52.669900000000005,0.3709411141291021,0.265857011442152,0.6110739075362348,Assembly,0.6110739075362348,301,5.6282722513089
15,10260,2.99758,1.198938,78.686937,778,11610,3.003549,0.473201,136.613478,2128,9482,3.00664,2.866221,0.710975,0.605042,0.990966,2906.0,71.0975,60.5042,99.0966,0.7278577759659185,0.746751530814271,1.9657580394267193,Assembly,1.9657580394267193,778,7.582846003898636
8,5768,3.009714,0.063743,6.258036,32,5984,3.003608,0.01356,23.455262,248,5736,3.008744,0.470293,0.401534,0.311647,0.600127,280.0,40.1534,31.1647,60.012699999999995,0.40243159336045364,0.31570781398357467,0.7600720539920369,Assembly,0.7600720539920369,32,0.5547850208044383
12,10365,2.999986,1.94535,72.812634,965,10680,2.996353,0.356296,91.410521,1280,9400,2.996644,2.818088,0.715307,0.555574,0.979201,2245.0,71.5307,55.5574,97.9201,0.7427003332877093,0.6622739837088288,1.9376231694014403,Assembly,1.9376231694014403,965,9.310178485287024
9,6606,3.00384,0.219119,21.651241,218,6453,2.996525,0.018795,3.077691,65,6388,2.999721,0.667596,0.459337,0.335701,0.666717,283.0,45.9337,33.570100000000004,66.6717,0.46242251150007435,0.34132953973608304,0.8937641350091707,Assembly,0.8937641350091707,218,3.3000302755071145
15,14402,3.000351,19.964629,238.404661,4821,13927,2.993058,1.484756,202.034267,4346,9581,2.993147,2.919395,0.997638,0.722161,0.996493,9167.0,99.7638,72.21610000000001,99.6493,1.2787687662695504,1.1668009651177278,1.9893693364521325,Assembly,1.9893693364521325,4821,33.47451742813498
2,5369,3.002724,0.036913,84.755937,595,4809,3.002197,0.001279,0.142022,35,4774,2.995823,0.245163,0.372727,0.250231,0.497091,630.0,37.2727,25.0231,49.7091,0.3732467882703109,0.25061402220390794,0.5804701046684722,Assembly,0.5804701046684722,595,11.082138200782268
5,5248,2.993483,0.082134,7.833292,19,5712,2.993565,0.009999,25.74471,483,5229,2.989534,0.243686,0.363155,0.296696,0.543523,502.0,36.3155,29.669600000000003,54.3523,0.3643115651611549,0.29969040110779965,0.6263997819786888,Assembly,0.6263997819786888,19,0.3620426829268293
14,10164,3.003304,1.159356,63.524847,691,10402,3.000875,0.343702,86.756777,929,9473,3.00273,2.869112,0.706123,0.541954,0.988885,1620.0,70.61229999999999,54.19540000000001,98.88850000000001,0.7224484043267821,0.6448824578010752,1.964660258719992,Assembly,1.964660258719992,691,6.798504525777253
10,9940,3.006655,0.998174,53.314036,514,9786,2.997336,0.375616,19.721613,360,9426,2.997235,2.607238,0.690499,0.508402,0.982122,874.0,69.0499,50.8402,98.21220000000001,0.7045547293346318,0.6208877452252495,1.8688347996378654,Assembly,1.8688347996378654,514,5.17102615694165
2,1358,3.009149,0.0,0.840737,12,1558,2.988776,0.0,63.638372,212,1346,2.981033,0.0,0.094307,0.080835,0.139612,224.0,9.4307,8.0835,13.961200000000002,0.094307,0.080835,0.139612,Assembly,0.139612,12,0.8836524300441826
3,6016,3.00193,0.115787,19.919582,236,5792,3.007292,0.015321,5.040557,12,5780,3.003298,0.430329,0.416737,0.302183,0.60312,248.0,41.673700000000004,30.2183,60.312,0.41836744793038994,0.3067711807553353,0.7494734331562223,Assembly,0.7494734331562223,236,3.9228723404255317
15,7546,3.002788,0.412283,7.417196,0,7898,3.004594,0.086829,20.265438,352,7546,3.004219,1.38539,0.524515,0.412005,0.787147,352.0,52.451499999999996,41.2005,78.71470000000001,0.5303205391717977,0.43800768564747816,1.2583134395388154,Assembly,1.2583134395388154,0,0.0
9,12744,3.004092,4.494677,192.443374,3217,12708,2.996348,1.100061,188.900811,3181,9527,2.99612,2.905201,0.882929,0.660466,0.992129,6398.0,88.2929,66.0466,99.2129,0.9462205336991298,0.9899013312378415,1.9801780052004172,Assembly,1.9801780052004172,3217,25.243251726302574
9,2166,3.002319,0.0,15.59654,19,2151,2.999796,0.0,0.893739,4,2147,3.021518,1.5e-05,0.150303,0.112024,0.225546,23.0,15.030299999999999,11.202399999999999,22.5546,0.150303,0.11202399999999998,0.22555110144911764,Assembly,0.22555110144911764,19,0.8771929824561403
18,12600,3.001182,7.922154,209.565268,3066,12744,3.002589,1.130572,158.497523,3210,9534,3.004324,2.911079,0.875124,0.663416,0.995538,6276.0,87.5124,66.3416,99.55380000000001,0.9866793524448354,1.0019884621709423,1.9855860930613152,Assembly,1.9855860930613152,3066,24.333333333333336
1,9594,3.004433,1.132539,14.520086,430,9269,2.992864,0.155824,19.139308,105,9164,2.997018,2.510454,0.6607,0.48053,0.954821,535.0,66.07,48.053000000000004,95.4821,0.676647782295386,0.5271946222844056,1.808617889544444,Assembly,1.808617889544444,430,4.481967896602043
10,7290,3.000515,0.2463,0.713648,46,7340,3.006951,0.046081,23.455899,96,7244,2.996079,1.023726,0.50566,0.383179,0.754748,142.0,50.566,38.3179,75.4748,0.5091282591763759,0.3969788797328248,1.102913739960093,Assembly,1.102913739960093,46,0.6310013717421125
11,8602,2.999753,0.553937,46.206493,374,8261,3.0047,0.073847,4.782966,33,8228,3.008284,1.999101,0.596992,0.430548,0.859757,407.0,59.6992,43.0548,85.9757,0.6047922317636384,0.4526629653573037,1.539644468834397,Assembly,1.539644468834397,374,4.3478260869565215
19,4970,2.995662,0.036449,2.877939,56,4942,2.996883,0.007384,16.040099,28,4914,3.005023,0.234844,0.344261,0.256494,0.513264,84.0,34.4261,25.6494,51.32640000000001,0.34477425448120064,0.2587052869066899,0.5931336477721462,Assembly,0.5931336477721462,56,1.1267605633802817
6,11815,3.001279,3.529466,136.013419,2360,11866,3.001657,0.767144,138.625913,2411,9455,2.996112,2.804799,0.820836,0.618362,0.984689,4771.0,82.0836,61.8362,98.4689,0.8705359709387199,0.8480986580099855,1.9385916255798223,Assembly,1.9385916255798223,2360,19.974608548455354
15,5512,3.009098,0.043658,22.19603,144,5384,3.006188,0.003096,5.567679,16,5368,3.001898,0.270866,0.383939,0.280638,0.560032,160.0,38.393899999999995,28.0638,56.0032,0.38455376759692333,0.28156515929890463,0.652152607779846,Assembly,0.652152607779846,144,2.6124818577648767
4,13194,3.00501,6.521311,196.561079,3648,13122,2.997342,1.022182,159.864238,3576,9546,2.999069,2.921888,0.904622,0.681452,0.995013,7224.0,90.46220000000001,68.14519999999999,99.5013,0.9964514629222536,0.9875649026075455,1.988737197295484,Assembly,1.988737197295484,3648,27.64893133242383
12,10440,2.998996,1.642657,63.012167,897,10875,3.000962,0.472089,66.090118,1332,9543,2.997982,2.908752,0.724295,0.566325,0.994611,2229.0,72.4295,56.63249999999999,99.4611,0.7474259793499314,0.7077015201100133,1.9838676882548656,Assembly,1.9838676882548656,897,8.591954022988507
6,4398,2.99459,0.01293,38.847382,185,4236,2.991164,0.0,0.079934,23,4213,2.995012,0.072364,0.304505,0.219797,0.439227,208.0,30.4505,21.979699999999998,43.9227,0.3046870730456782,0.21979699999999996,0.46383775092990914,Assembly,0.46383775092990914,185,4.206457480673033
4,3000,3.007893,0.0,23.341148,188,2820,2.993144,0.0,0.799006,8,2812,3.002384,0.004052,0.208881,0.146421,0.293484,196.0,20.8881,14.6421,29.3484,0.208881,0.146421,0.2948620714549775,Assembly,0.2948620714549775,188,6.266666666666667
9,12308,2.997484,3.851488,143.913757,2745,11577,2.999047,0.466882,132.629038,2014,9563,2.993368,2.892227,0.840645,0.601618,0.994867,4759.0,84.0645,60.1618,99.4867,0.8948795050698402,0.741435179519123,1.9785035918102696,Assembly,1.9785035918102696,2745,22.302567435814105
15,11055,2.994917,1.894504,123.399326,1502,10950,3.001088,0.427608,91.689204,1397,9553,3.001138,2.914296,0.764735,0.570159,0.996613,2899.0,76.4735,57.015899999999995,99.6613,0.7914123482853465,0.6982147924696457,1.9877551838487442,Assembly,1.9877551838487442,1502,13.586612392582541
18,13604,2.999699,7.423315,218.600496,4037,14250,2.997452,1.461511,224.521891,4683,9567,2.996468,2.92301,0.942385,0.739223,0.996277,8720.0,94.2385,73.92229999999999,99.62769999999999,1.0469159799751473,1.1769017836244982,1.9903827856894827,Assembly,1.9903827856894827,4037,29.67509556012937
11,8173,3.000562,0.390416,41.997439,822,7403,3.007268,0.095503,2.086797,52,7351,3.000992,1.306155,0.567361,0.385576,0.767183,874.0,56.7361,38.5576,76.7183,0.5728586202785383,0.4141762889287118,1.211401884816421,Assembly,1.211401884816421,822,10.057506423589869
1,669,3.012884,0.0,0.021282,1,691,2.996212,0.0,31.505337,23,668,3.021673,0.0,0.046658,0.035897,0.070096,24.0,4.6658,3.5896999999999997,7.009600000000001,0.046658,0.035897,0.070096,Assembly,0.070096,1,0.14947683109118087
3,2112,2.990777,0.0,30.957751,90,2025,2.990749,0.0,0.147936,3,2022,2.987256,5.1e-05,0.146054,0.105074,0.20973,93.0,14.6054,10.5074,20.973,0.146054,0.105074,0.20974734492699995,Assembly,0.20974734492699995,90,4.261363636363636
12,8892,3.001312,0.585537,10.162539,169,8772,2.997608,0.192416,9.799047,49,8723,3.000448,2.161554,0.617186,0.454981,0.909623,218.0,61.7186,45.4981,90.9623,0.6254312053323492,0.5126038306389015,1.6447601830682224,Assembly,1.6447601830682224,169,1.9005847953216373
4,2932,2.998487,0.000658,18.038291,13,2968,3.009271,0.0,8.533157,49,2919,2.998869,0.007726,0.203109,0.155061,0.304236,62.0,20.3109,15.5061,30.4236,0.20311826558886747,0.155061,0.3068635863921906,Assembly,0.3068635863921906,13,0.44338335607094137
2,5928,2.999163,0.091434,54.069842,360,5576,3.000583,0.011242,0.253344,8,5568,2.99795,0.431696,0.411312,0.2902,0.579604,368.0,41.1312,29.020000000000003,57.9604,0.41259952257219956,0.2935666423896273,0.726422345219143,Assembly,0.726422345219143,360,6.0728744939271255
12,8748,2.999619,0.742846,22.070997,376,8520,2.991713,0.117375,5.616699,148,8372,2.996771,1.743208,0.607423,0.441311,0.872312,524.0,60.74230000000001,44.1311,87.2312,0.6178833428994484,0.4764612980326015,1.4651711275637758,Assembly,1.4651711275637758,376,4.298125285779607
2,6651,3.004812,0.18222,0.480623,61,6723,2.990252,0.034442,43.898588,133,6590,2.997112,0.700171,0.461502,0.348835,0.686743,194.0,46.150200000000005,34.8835,68.6743,0.4640679203699522,0.35914934773025653,0.9248687820096376,Assembly,0.9248687820096376,61,0.917155314990227
10,2924,2.994889,0.0,28.585264,102,2836,2.988798,0.0,0.25557,14,2822,2.99972,0.013349,0.202678,0.146934,0.294125,116.0,20.2678,14.6934,29.4125,0.20267800000000002,0.146934,0.29866494961808854,Assembly,0.29866494961808854,102,3.488372093023256
5,12618,3.000817,7.869489,163.550077,3034,13194,3.001526,1.142238,198.586242,3610,9584,2.995168,2.923494,0.870339,0.687549,0.997492,6644.0,87.0339,68.75489999999999,99.7492,0.9811527532993874,1.0296150798650707,1.9917623924476786,Assembly,1.9917623924476786,3034,24.04501505785386
14,10612,2.997957,1.402553,54.61433,1110,10010,2.999376,0.21625,65.386139,508,9502,3.001534,2.866982,0.735924,0.520715,0.991526,1618.0,73.5924,52.0715,99.1526,0.7556739687884837,0.5854753999961668,1.9665768529452876,Assembly,1.9665768529452876,1110,10.459856765925366
8,5544,3.003574,0.059687,11.834944,44,5592,2.996141,0.005049,2.948775,92,5500,2.996382,0.345946,0.384753,0.290189,0.573231,136.0,38.475300000000004,29.0189,57.323100000000004,0.38559347903150776,0.2917010243217602,0.6908860610966552,Assembly,0.6908860610966552,44,0.7936507936507936
14,7843,2.998466,0.426927,2.645684,100,7920,2.992019,0.126014,24.102179,177,7743,3.000755,1.408444,0.54196,0.41098,0.807722,277.0,54.196,41.098,80.7722,0.5479717478091459,0.44871741986181257,1.2867290267360145,Assembly,1.2867290267360145,100,1.2750223128904756
4,2944,3.001566,0.0,63.735946,105,2840,2.991656,0.0,0.373253,1,2839,2.9875,0.002465,0.204478,0.147505,0.294589,106.0,20.4478,14.750499999999999,29.4589,0.20447800000000002,0.147505,0.29542733813833155,Assembly,0.29542733813833155,105,3.5665760869565215
19,9854,2.999181,1.205735,52.623913,741,9217,3.000486,0.142049,5.639191,104,9113,2.994295,2.29838,0.684119,0.480139,0.948595,845.0,68.4119,48.0139,94.8595,0.7010974875275177,0.5226784222384069,1.7302662415328696,Assembly,1.7302662415328696,741,7.519788918205805
7,5019,2.993276,0.040206,46.41352,8,5054,3.002426,0.002893,1.020668,43,5011,2.989406,0.168822,0.347381,0.263229,0.520239,51.0,34.7381,26.3229,52.0239,0.34794715845897434,0.26409536687717416,0.5776547895291737,Assembly,0.5776547895291737,8,0.15939430165371588
11,13608,3.001267,10.616193,221.711275,4126,12618,2.997278,0.791748,164.213988,3136,9482,3.004672,2.849673,0.935729,0.656591,0.990548,7262.0,93.5729,65.65910000000001,99.0548,1.0852203064978787,0.8936958193117461,1.9597121207601431,Assembly,1.9597121207601431,4126,30.320399764844208
14,5936,3.005072,0.102615,3.649363,31,6128,2.997046,0.011769,29.285403,223,5905,3.001728,0.48967,0.412735,0.318475,0.61626,254.0,41.2735,31.8475,61.626000000000005,0.41417996717573613,0.32199946311008043,0.7827951059621996,Assembly,0.7827951059621996,31,0.5222371967654986
10,7300,2.997887,0.261083,37.529823,213,7120,3.002023,0.076616,0.742393,33,7087,3.00578,1.017179,0.506587,0.370234,0.739966,246.0,50.6587,37.0234,73.9966,0.5102634251341687,0.39317819794731246,1.0859051274685487,Assembly,1.0859051274685487,213,2.9178082191780823
10,5720,2.994624,0.095347,66.339632,312,5432,3.005542,0.010788,0.215941,24,5408,3.002748,0.316141,0.396128,0.283242,0.564181,336.0,39.6128,28.324199999999998,56.4181,0.39747062325493265,0.28647268298339257,0.6716994816999117,Assembly,0.6716994816999117,312,5.454545454545454
7,5068,2.99881,0.038781,17.804366,126,4956,3.003217,0.000914,3.239789,14,4942,2.997936,0.182508,0.351067,0.258402,0.515098,140.0,35.106700000000004,25.840200000000003,51.50979999999999,0.3516130924040562,0.2586757156328162,0.577168351704105,Assembly,0.577168351704105,126,2.4861878453038675
9,6399,3.001017,0.119999,34.552836,81,6336,2.993349,0.02502,1.165014,18,6318,3.000267,0.701686,0.444376,0.328979,0.658609,99.0,44.437599999999996,32.8979,65.8609,0.44606575896429523,0.3364717408457993,0.8972500283705189,Assembly,0.8972500283705189,81,1.2658227848101267
16,11600,2.996321,4.128148,128.272872,2049,11984,3.003959,1.023946,105.422645,2433,9551,3.000461,2.912517,0.804455,0.624801,0.996177,4482.0,80.44550000000001,62.48010000000001,99.6177,0.8625852768267878,0.9314421677894797,1.9867141519833922,Assembly,1.9867141519833922,2049,17.663793103448274
10,7540,2.998785,0.245213,41.144804,370,7270,2.998761,0.07145,1.410706,100,7170,2.996964,1.161548,0.522342,0.378295,0.747353,470.0,52.234199999999994,37.829499999999996,74.73530000000001,0.5257949526488699,0.39969213562879125,1.1423915346461517,Assembly,1.1423915346461517,370,4.907161803713528
7,4851,2.995923,0.021183,13.2451,14,4942,3.004692,0.000271,6.63067,105,4837,3.000575,0.127352,0.336417,0.257371,0.504832,119.0,33.6417,25.7371,50.4832,0.3367152871868988,0.25745215638565994,0.5481439832019482,Assembly,0.5481439832019482,14,0.2886002886002886
15,10770,3.003694,2.00804,64.310353,1244,11055,2.997511,0.418632,98.384867,1529,9526,3.007965,2.928744,0.745261,0.575323,0.996178,2773.0,74.5261,57.532300000000006,99.6178,0.7735370988896867,0.7006907492309609,1.9922338996388516,Assembly,1.9922338996388516,1244,11.550603528319407
17,13294,2.992882,6.558538,179.172405,3720,12359,2.99912,1.227372,175.509189,2785,9574,2.997783,2.924525,0.914867,0.643518,0.997606,6505.0,91.4867,64.3518,99.7606,1.0072206727653674,1.011079163764602,1.9922270320503643,Assembly,1.9922270320503643,3720,27.982548518128482
7,5117,2.996957,0.034937,13.04891,308,4816,2.997002,0.002361,25.809102,7,4809,3.007743,0.14748,0.354392,0.250583,0.502784,315.0,35.4392,25.0583,50.2784,0.35488396334082434,0.25129004880643213,0.5529414477246006,Assembly,0.5529414477246006,308,6.019151846785226
4,1478,2.992874,0.0,42.511364,82,1398,3.003388,0.0,0.009137,2,1396,3.004971,0.0,0.102169,0.072895,0.145805,84.0,10.216899999999999,7.2895,14.580499999999999,0.102169,0.072895,0.145805,Assembly,0.145805,82,5.548037889039242
16,10992,3.006788,2.308836,82.485585,1408,11344,2.999654,0.576666,119.723921,1760,9584,2.994103,2.927523,0.763759,0.590611,0.997581,3168.0,76.3759,59.061099999999996,99.7581,0.7962707403319002,0.7633052003430729,1.9932216416806758,Assembly,1.9932216416806758,1408,12.809315866084425
1,715,2.998907,0.0,51.558247,30,686,2.998263,0.0,0.011142,1,685,2.989685,0.0,0.0495,0.035708,0.071202,31.0,4.95,3.5707999999999998,7.1202000000000005,0.0495,0.035708,0.071202,Assembly,0.071202,30,4.195804195804196
19,12112,3.002664,3.943126,148.479958,2562,12064,3.002457,0.868709,147.896087,2514,9550,3.003059,2.914851,0.839542,0.628636,0.99669,5076.0,83.9542,62.8636,99.669,0.8950669002562175,0.8887883344289944,1.9880209374660964,Assembly,1.9880209374660964,2562,21.152575957727873
12,9915,3.00116,1.29958,33.061088,398,10440,3.001088,0.354631,57.271254,923,9517,3.000832,2.869531,0.688632,0.543865,0.992616,1321.0,68.8632,54.386500000000005,99.2616,0.7069319604564944,0.6500663660626156,1.968533759198678,Assembly,1.968533759198678,398,4.014120020171457
12,9072,2.996888,0.597492,43.358479,355,8760,2.996029,0.134385,5.021588,43,8717,2.999909,2.135851,0.628304,0.454798,0.909054,398.0,62.8304,45.4798,90.9054,0.6367175489720308,0.495042283715537,1.6354496799568485,Assembly,1.6354496799568485,355,3.9131393298059964
15,1388,3.012827,0.0,0.021314,2,1458,2.99812,0.0,52.975507,72,1386,3.002803,0.0,0.096785,0.07589,0.14451,74.0,9.6785,7.5889999999999995,14.451,0.096785,0.07589,0.14451,Assembly,0.14451,2,0.1440922190201729
10,7400,3.000615,0.277988,40.492244,439,7020,3.005241,0.03204,3.016282,59,6961,2.987551,0.824873,0.512853,0.36549,0.723392,498.0,51.2853,36.549,72.3392,0.5167674719119869,0.37508502065145516,1.0039285092008037,Assembly,1.0039285092008037,439,5.9324324324324325
2,1438,3.004847,0.0,0.123946,2,1490,2.992743,0.0,21.317345,54,1436,2.995584,0.0,0.100012,0.077334,0.149363,56.0,10.0012,7.7334,14.9363,0.100012,0.077334,0.149363,Assembly,0.149363,2,0.13908205841446453
8,1468,3.007434,0.0,57.910356,60,1412,2.987332,0.0,0.283201,4,1408,2.97057,0.0,0.102197,0.073092,0.145228,64.0,10.2197,7.309200000000001,14.5228,0.102197,0.073092,0.145228,Assembly,0.145228,60,4.087193460490464
5,3575,2.999751,0.001203,63.987646,158,3445,3.00588,0.000558,0.560358,28,3417,3.008012,0.05865,0.247767,0.179448,0.357721,186.0,24.776699999999998,17.9448,35.7721,0.2477839399747835,0.17961510429224445,0.37766766604995816,Assembly,0.37766766604995816,158,4.41958041958042
2,4110,3.002922,0.004496,12.808121,0,4386,2.999426,0.0,12.752149,276,4110,2.997737,0.080895,0.285695,0.228012,0.427802,276.0,28.569499999999998,22.801199999999998,42.7802,0.28575831016344694,0.228012,0.4553141150914129,Assembly,0.4553141150914129,0,0.0
20,12336,2.993113,3.795858,165.379425,2784,11696,2.99892,0.653626,106.869036,2144,9552,2.994107,2.875403,0.853521,0.607622,0.994176,4928.0,85.3521,60.7622,99.4176,0.9069721544487204,0.8033634159902636,1.9720908064799287,Assembly,1.9720908064799287,2784,22.56809338521401
10,7010,2.996528,0.25759,8.986195,20,7150,3.006295,0.048141,10.442329,160,6990,3.005102,0.839308,0.486242,0.372453,0.730342,180.0,48.6242,37.2453,73.0342,0.4898692386570957,0.3868697880518634,1.015787803735009,Assembly,1.015787803735009,20,0.28530670470756064
2,1480,3.006001,0.0,59.836805,180,1310,2.99902,0.0,2.231551,10,1300,3.021218,0.0,0.102816,0.068136,0.136561,190.0,10.281600000000001,6.8136,13.656099999999999,0.102816,0.068136,0.136561,Assembly,0.136561,180,12.162162162162163
6,4056,2.996254,0.002763,0.336373,6,4452,2.995015,0.0,47.403208,402,4050,2.998712,0.062496,0.281315,0.231395,0.421988,408.0,28.1315,23.139499999999998,42.1988,0.28135390702437807,0.231395,0.4432426776037201,Assembly,0.4432426776037201,6,0.14792899408284024
12,8008,2.994363,0.342105,1.044758,127,8063,2.99628,0.098091,32.122688,182,7881,2.99631,1.403193,0.550741,0.419427,0.820843,309.0,55.0741,41.9427,82.0843,0.5555583317317665,0.44880231743826127,1.298064179448234,Assembly,1.298064179448234,127,1.585914085914086
8,13737,2.993988,13.034692,232.231553,4218,13528,2.998252,1.0476,204.252687,4009,9519,3.005425,2.929796,0.950541,0.698903,0.994283,8227.0,95.05409999999999,69.89030000000001,99.42830000000001,1.1340882600090678,1.0126278325363438,1.9906966812703017,Assembly,1.9906966812703017,4218,30.70539419087137
5,12294,3.003065,3.984832,149.530408,2799,12870,2.998404,1.008096,158.076709,3375,9495,2.998312,2.922091,0.849982,0.666169,0.989488,6174.0,84.9982,66.6169,98.9488,0.9060941808782635,0.9680635673735758,1.9832812369068757,Assembly,1.9832812369068757,2799,22.767203513909223
17,2166,3.001521,0.0,24.937876,114,2055,2.999181,0.0,0.098583,3,2052,3.001733,0.0,0.150335,0.106922,0.213873,117.0,15.0335,10.6922,21.3873,0.150335,0.106922,0.213873,Assembly,0.213873,114,5.263157894736842
6,2163,3.007112,0.0,4.649344,81,2085,3.003414,0.0,17.050782,3,2082,3.00774,0.000222,0.150026,0.108564,0.217435,84.0,15.0026,10.856399999999999,21.743499999999997,0.150026,0.108564,0.21751050144694098,Assembly,0.21751050144694098,81,3.744798890429958
16,2844,2.979653,0.0,2.325901,4,2992,3.007065,0.0,25.796663,152,2840,2.998328,0.004077,0.195915,0.1562,0.295668,156.0,19.5915,15.620000000000001,29.566799999999997,0.195915,0.1562,0.29705457387017353,Assembly,0.29705457387017353,4,0.14064697609001406
8,14155,2.998395,14.167068,209.676138,4591,13851,2.996349,1.92291,202.530407,4287,9564,3.001166,2.934477,0.952578,0.720316,0.997739,8878.0,95.2578,72.0316,99.7739,1.1520707470294,1.2961699688167818,1.995744673491612,Assembly,1.995744673491612,4591,32.433768986223946
17,7140,3.006402,0.281194,1.861827,19,7370,2.997504,0.05892,23.902602,249,7121,3.003505,1.144226,0.496903,0.383194,0.743464,268.0,49.6903,38.319399999999995,74.3464,0.5008626170151922,0.40083877580473587,1.132611381205105,Assembly,1.132611381205105,19,0.2661064425770308
14,10192,3.001387,1.627029,68.154771,748,9814,3.012667,0.231648,43.634869,370,9444,3.003642,2.871951,0.706503,0.512621,0.986125,1118.0,70.6503,51.2621,98.6125,0.7294139145736082,0.5819926399459516,1.9628657929896565,Assembly,1.9628657929896565,748,7.339089481946624
19,3475,3.004981,0.001308,7.942431,15,3500,3.006187,0.0,12.124539,40,3460,2.992528,0.025592,0.241148,0.182271,0.359519,55.0,24.1148,18.2271,35.951899999999995,0.24116641852619855,0.182271,0.36822275238790325,Assembly,0.36822275238790325,15,0.4316546762589928
13,6183,2.999184,0.10409,0.234214,27,6741,2.995959,0.041648,55.772083,585,6156,2.993273,0.653469,0.428905,0.350623,0.640412,612.0,42.890499999999996,35.0623,64.0412,0.43037073730275666,0.36309532896666064,0.8626545902301808,Assembly,0.8626545902301808,27,0.43668122270742354
9,9152,2.997189,0.712651,14.790977,40,9256,2.994871,0.321444,21.67102,144,9112,3.002586,2.489913,0.63496,0.481293,0.950932,184.0,63.495999999999995,48.1293,95.0932,0.6449951537568146,0.5775558532548802,1.7977429651227528,Assembly,1.7977429651227528,40,0.4370629370629371
11,4991,3.003413,0.0252,11.425967,162,4893,2.992428,0.004907,6.513447,64,4829,2.996421,0.165806,0.346438,0.253615,0.503824,226.0,34.6438,25.3615,50.382400000000004,0.34679285233960483,0.2550844995735546,0.560214058159921,Assembly,0.560214058159921,162,3.2458425165297538
12,12580,2.996048,5.786549,150.629423,3051,12597,2.999654,0.755797,171.708188,3068,9529,2.999785,2.92875,0.869557,0.655926,0.993634,6119.0,86.95570000000001,65.5926,99.3634,0.9510399544003197,0.8822645712642907,1.9896919402184985,Assembly,1.9896919402184985,3051,24.252782193958662
5,8928,2.995679,0.70445,6.509408,97,8976,3.007736,0.134668,29.483191,145,8831,2.999996,2.293275,0.618704,0.468639,0.921009,242.0,61.870400000000004,46.863899999999994,92.1009,0.6286236718505807,0.5089680337418903,1.7009440483498341,Assembly,1.7009440483498341,97,1.0864695340501793
7,11584,3.000853,4.281452,138.680943,2028,12064,2.996454,0.774929,171.611678,2508,9556,3.004164,2.938903,0.801844,0.627618,0.997597,4536.0,80.1844,62.7618,99.7597,0.8621330182184852,0.8596860324098475,1.9971079410779224,Assembly,1.9971079410779224,2028,17.506906077348066
17,11543,2.997927,2.717596,101.820823,1999,12206,2.999114,1.062501,130.305099,2662,9544,3.002278,2.906197,0.799995,0.634023,0.995968,4661.0,79.9995,63.4023,99.5968,0.8382626705833635,0.9522102358674089,1.9843557414218282,Assembly,1.9843557414218282,1999,17.317854977042362
2,5536,3.00801,0.095298,11.926536,23,5824,2.998218,0.013006,19.749081,311,5513,2.988123,0.372816,0.385273,0.302728,0.572559,334.0,38.5273,30.2728,57.255900000000004,0.38661493326427226,0.30662290757156135,0.6993524569493811,Assembly,0.6993524569493811,23,0.4154624277456647
14,9814,3.001181,1.532318,47.254632,387,10514,2.998398,0.278821,103.278779,1087,9427,3.003258,2.768117,0.680658,0.546912,0.984223,1474.0,68.0658,54.691199999999995,98.42229999999999,0.7022352471158179,0.6304105409818784,1.9256502018109463,Assembly,1.9256502018109463,387,3.943346240065213
10,7280,2.994566,0.325501,11.596926,240,7100,3.002487,0.036182,8.055763,60,7040,2.99906,1.030501,0.503958,0.369676,0.734201,300.0,50.3958,36.9676,73.4201,0.5085415234680046,0.3805114256308037,1.0846708944782255,Assembly,1.0846708944782255,240,3.296703296703297
9,6408,3.001987,0.174769,42.824631,81,6327,2.997864,0.040186,0.751016,0,6327,3.003244,0.662468,0.445295,0.329297,0.659775,81.0,44.5295,32.929700000000004,65.9775,0.4477559995452539,0.3413315037421779,0.8850781196041548,Assembly,0.8850781196041548,81,1.2640449438202246
12,9000,3.001154,0.63994,41.300996,695,8340,2.998344,0.114645,3.27166,35,8305,2.994357,1.895673,0.621919,0.434135,0.864412,730.0,62.1919,43.4135,86.4412,0.6309302780240763,0.46846774477484643,1.509123956878471,Assembly,1.509123956878471,695,7.722222222222222
13,9620,3.002256,1.056101,40.565446,626,9035,2.998458,0.239639,11.744131,41,8994,3.002173,2.545258,0.666621,0.469456,0.938575,667.0,66.6621,46.9456,93.8575,0.6814924250281353,0.5412207051777175,1.8042086118837917,Assembly,1.8042086118837917,626,6.507276507276508
1,3655,2.990418,0.002073,80.279218,260,3420,2.980623,0.0,0.526352,25,3395,2.996441,0.02181,0.253009,0.176621,0.354013,285.0,25.3009,17.6621,35.4013,0.2530381908293651,0.176621,0.3614305070170432,Assembly,0.3614305070170432,260,7.113543091655266
17,9243,2.995491,0.862643,11.882759,124,9516,3.003516,0.255778,23.275551,397,9119,3.010065,2.603318,0.639713,0.495055,0.954168,521.0,63.9713,49.505500000000005,95.4168,0.6518602574124499,0.5716528524403216,1.8395476209351225,Assembly,1.8395476209351225,124,1.341555771935519
7,4356,2.994825,0.015719,22.703875,12,4380,2.998001,0.0,6.287123,36,4344,2.997939,0.106038,0.301945,0.22746,0.452533,48.0,30.1945,22.746,45.2533,0.30216634618754956,0.22746,0.4885961641023949,Assembly,0.4885961641023949,12,0.27548209366391185
8,5824,2.994705,0.073467,0.197021,24,6072,3.006294,0.015701,46.892848,272,5800,2.992159,0.39694,0.403741,0.316719,0.603032,296.0,40.3741,31.671899999999997,60.303200000000004,0.4047755213029265,0.3214209793772939,0.7380299475169717,Assembly,0.7380299475169717,24,0.4120879120879121
14,3795,3.001664,0.000556,48.621219,315,3495,2.999377,0.0,3.734554,15,3480,2.988077,0.041424,0.263136,0.181514,0.36132,330.0,26.313599999999997,18.151400000000002,36.132,0.26314382928177854,0.18151400000000004,0.37540816188326454,Assembly,0.37540816188326454,315,8.300395256916996
11,8008,3.000241,0.524338,27.329425,292,7788,3.003563,0.07223,14.594406,72,7716,3.003467,1.522439,0.556171,0.404997,0.805838,364.0,55.61709999999999,40.4997,80.58380000000001,0.5635544351604652,0.42662772227386414,1.323614339547012,Assembly,1.323614339547012,292,3.6463536463536466
7,4837,3.001174,0.021315,0.114166,17,5068,2.99842,0.006807,39.726019,248,4820,2.992437,0.136855,0.335768,0.263462,0.501117,265.0,33.5768,26.346199999999996,50.111700000000006,0.3360681459372491,0.2655004926833475,0.547660921266275,Assembly,0.547660921266275,17,0.3514575149886293
16,11872,3.002646,2.619563,126.257473,2325,11920,2.999992,0.686417,147.774237,2373,9547,2.998225,2.910012,0.824067,0.620192,0.994903,4698.0,82.4067,62.0192,99.4903,0.8609542245750904,0.8257533386551159,1.9845882099807473,Assembly,1.9845882099807473,2325,19.583894878706197
2,3116,2.991636,0.0,71.799709,207,2924,3.001376,0.0,1.308876,15,2909,3.010191,0.008986,0.215782,0.152178,0.304516,222.0,21.5782,15.2178,30.4516,0.215782,0.152178,0.307572108118072,Assembly,0.307572108118072,207,6.643132220795891
10,698,2.997772,0.0,0.019807,4,720,2.992242,0.0,61.043034,26,694,3.021496,0.0,0.048371,0.037308,0.072872,30.0,4.8370999999999995,3.7308,7.2872,0.048371,0.037308,0.072872,Assembly,0.072872,4,0.5730659025787965
5,3765,3.002583,0.001724,43.02826,167,3625,3.007105,0.0,0.12024,27,3598,3.003226,0.053866,0.260953,0.188888,0.375598,194.0,26.095299999999998,18.8888,37.559799999999996,0.2609772764060904,0.188888,0.3939176438780399,Assembly,0.3939176438780399,167,4.435590969455512
18,12780,3.000567,6.775073,218.538475,3236,12942,2.999583,0.829151,153.228976,3398,9544,3.001101,2.876654,0.887668,0.672645,0.995698,6634.0,88.7668,67.2645,99.5698,0.9830707978191902,0.920950897883106,1.9740382673363395,Assembly,1.9740382673363395,3236,25.320813771517997
19,12325,3.003442,4.187085,147.437364,2804,12002,3.002378,0.722575,161.672099,2481,9521,3.001108,2.900085,0.853519,0.624261,0.993249,5285.0,85.3519,62.4261,99.3249,0.9124791947767594,0.8406505770045327,1.9795580709546954,Assembly,1.9795580709546954,2804,22.75050709939148
17,12393,2.998025,3.486173,195.631949,2946,11084,3.002249,0.787019,96.56336,1637,9447,3.004504,2.852627,0.857743,0.577734,0.986663,4583.0,85.7743,57.773399999999995,98.66629999999999,0.9068333430681439,0.8134226254084771,1.9568317661397097,Assembly,1.9568317661397097,2946,23.771483902202856
18,13410,2.99776,8.706294,201.203995,3856,13212,2.998312,1.10471,205.705315,3658,9554,3.004582,2.93486,0.922977,0.687738,0.99764,7514.0,92.2977,68.7738,99.764,1.0455741744122062,1.0185655675364873,1.9957759304924156,Assembly,1.9957759304924156,3856,28.754660700969424
3,2190,2.985557,0.0,77.100726,213,1992,3.007765,0.0,0.082824,15,1977,3.0084,0.000205,0.151152,0.103661,0.20658,228.0,15.115200000000002,10.3661,20.658,0.151152,0.10366099999999999,0.20664971980460772,Assembly,0.20664971980460772,213,9.726027397260275
17,6804,2.992245,0.13758,17.323572,303,6534,2.998831,0.026105,5.239576,33,6501,3.001744,0.648209,0.471027,0.340102,0.678881,336.0,47.1027,34.010200000000005,67.8881,0.47296432479693784,0.3479196658584969,0.8993346820729295,Assembly,0.8993346820729295,303,4.453262786596119
18,12474,3.002131,4.204872,171.582127,2915,12780,2.999198,1.025256,173.323355,3221,9559,2.999596,2.919789,0.865099,0.660461,0.996567,6136.0,86.5099,66.0461,99.6567,0.9243096613864639,0.967494473565179,1.9895773345156225,Assembly,1.9895773345156225,2915,23.368606701940035
11,8459,2.996134,0.479231,54.109935,462,8019,2.991435,0.131869,3.312178,22,7997,2.993534,1.725122,0.586197,0.416464,0.831594,484.0,58.619699999999995,41.6464,83.1594,0.5929452635540146,0.45595481705014806,1.4183021403143377,Assembly,1.4183021403143377,462,5.461638491547465
8,5680,3.00021,0.069645,2.326563,26,6160,3.000542,0.013582,45.502464,506,5654,3.00006,0.418069,0.394205,0.320828,0.589869,532.0,39.420500000000004,32.0828,58.9869,0.39518570203141984,0.3248954023248459,0.7320528487440743,Assembly,0.7320528487440743,26,0.45774647887323944
16,7110,2.995798,0.27282,7.275111,10,7280,3.000225,0.087077,27.709214,180,7100,2.994163,1.072277,0.493058,0.378732,0.738385,190.0,49.3058,37.873200000000004,73.8385,0.49689969901948383,0.4048089542218092,1.1030627703674505,Assembly,1.1030627703674505,10,0.14064697609001406
12,8796,3.006736,0.588432,5.785342,91,9348,3.003391,0.222904,60.234144,643,8705,2.998412,2.169258,0.611481,0.486763,0.90745,734.0,61.14810000000001,48.6763,90.745,0.6197669711070777,0.5535160737606731,1.6452072873350405,Assembly,1.6452072873350405,91,1.0345611641655297
12,8520,2.98867,0.479637,33.113242,433,8160,3.000121,0.181462,3.145598,73,8087,3.007076,1.813099,0.588195,0.424148,0.845319,506.0,58.819500000000005,42.4148,84.53190000000001,0.594948980619486,0.47849043562591637,1.4619478195824906,Assembly,1.4619478195824906,433,5.082159624413145
8,5200,3.003083,0.049118,2.654288,27,5680,2.999723,0.004729,55.213453,507,5173,2.999382,0.232527,0.361074,0.295716,0.539411,534.0,36.1074,29.571599999999997,53.9411,0.3617656522705044,0.2971321939032688,0.6184926439317753,Assembly,0.6184926439317753,27,0.5192307692307693
12,4362,3.008367,0.018967,5.338115,0,4428,2.99709,0.0,8.167731,66,4362,2.995008,0.083935,0.303761,0.230235,0.453619,66.0,30.3761,23.0235,45.3619,0.3040280827113208,0.230235,0.48216500877925383,Assembly,0.48216500877925383,0,0.0
3,3720,3.001769,0.001286,52.204926,213,3535,2.986936,0.0,1.326077,28,3507,3.008133,0.024387,0.258486,0.182764,0.366873,241.0,25.848599999999998,18.276400000000002,36.6873,0.2585041087344735,0.18276400000000004,0.3751669359754532,Assembly,0.3751669359754532,213,5.725806451612903
3,2217,3.005371,0.0,39.551136,135,2091,3.007094,0.0,0.047835,9,2082,3.008411,0.0,0.154138,0.10908,0.217611,144.0,15.4138,10.908,21.7611,0.154138,0.10908,0.217611,Assembly,0.217611,135,6.089309878213803
11,1408,2.998264,0.0,50.347435,80,1332,2.989338,0.0,0.002763,4,1328,2.985093,0.0,0.097368,0.069126,0.137807,84.0,9.736799999999999,6.9126,13.780700000000001,0.09736799999999998,0.069126,0.137807,Assembly,0.137807,80,5.681818181818182
8,5872,3.007548,0.088531,0.17738,16,6088,2.996362,0.009487,42.700997,232,5856,2.994916,0.433201,0.408696,0.316245,0.609546,248.0,40.8696,31.6245,60.954600000000006,0.4099426441459348,0.31908607243821335,0.7568761906139458,Assembly,0.7568761906139458,16,0.2724795640326975
12,9096,3.005255,0.760595,8.178319,230,8940,2.996154,0.170991,18.502411,74,8866,3.001581,2.118172,0.632344,0.464478,0.924987,304.0,63.2344,46.4478,92.4987,0.6430542744143549,0.5156846846508418,1.6453701120268023,Assembly,1.6453701120268023,230,2.52858399296394
7,2097,3.001463,0.0,0.097622,16,2367,2.999797,0.0,83.471449,286,2081,3.008892,0.0,0.145538,0.123273,0.217797,302.0,14.5538,12.3273,21.7797,0.145538,0.123273,0.217797,Assembly,0.217797,16,0.7629947544110633
20,6372,3.00471,0.14056,0.438388,35,6588,2.99334,0.036838,62.498408,251,6337,3.002959,0.660394,0.44258,0.342147,0.661775,286.0,44.257999999999996,34.2147,66.1775,0.4445592874942403,0.35317887798871117,0.8863727592394895,Assembly,0.8863727592394895,35,0.549278091650973
3,5808,3.006887,0.074431,5.710145,16,5920,2.993914,0.009105,17.064704,128,5792,2.993717,0.440521,0.403826,0.307537,0.602248,144.0,40.382600000000004,30.753700000000002,60.2248,0.40487409581306066,0.3102636748761392,0.7520676977833524,Assembly,0.7520676977833524,16,0.27548209366391185
19,11577,3.001532,2.679348,111.778325,2043,12087,3.004138,1.037311,156.149477,2553,9534,3.007531,2.920277,0.801254,0.629925,0.996792,4596.0,80.1254,62.99249999999999,99.6792,0.8389830835879188,0.9405685851117862,1.9899683016602494,Assembly,1.9899683016602494,2043,17.647058823529413
7,10052,2.998759,1.244746,52.504658,584,10150,3.001444,0.358807,41.566309,682,9468,2.995678,2.809774,0.697767,0.5289,0.985826,1266.0,69.7767,52.89,98.5826,0.7152948186632447,0.6363519530239289,1.9414206062038382,Assembly,1.9414206062038382,584,5.809789096697174
11,5888,2.996723,0.062764,23.106738,249,5688,3.000339,0.005213,1.84285,49,5639,3.004823,0.329193,0.407787,0.295064,0.588838,298.0,40.7787,29.5064,58.883799999999994,0.40867080762868885,0.2966251374112371,0.700795422625471,Assembly,0.700795422625471,249,4.228940217391304
2,3595,3.005065,0.001622,12.177517,9,3660,3.003221,0.0,10.447706,74,3586,3.006191,0.021551,0.250074,0.190182,0.375024,83.0,25.0074,19.0182,37.5024,0.25009684009900157,0.190182,0.3823534219956121,Assembly,0.3823534219956121,9,0.25034770514603616
10,7110,2.997567,0.256499,11.986234,51,7190,3.008741,0.064043,13.538356,131,7059,2.994572,1.050904,0.492381,0.37557,0.73442,182.0,49.2381,37.557,73.442,0.4959928758038215,0.39474896091077233,1.0918288855680345,Assembly,1.0918288855680345,51,0.7172995780590717
19,3720,3.005593,0.002035,52.467647,10,3820,2.994026,0.0,1.554696,110,3710,2.997798,0.04596,0.258553,0.198529,0.38628,120.0,25.855299999999996,19.8529,38.628,0.25858165573456726,0.198529,0.4019108400964378,Assembly,0.4019108400964378,10,0.2688172043010753
16,11200,2.997323,3.228144,76.747754,1657,11936,2.995429,0.501276,107.407612,2393,9543,2.997189,2.884096,0.776293,0.6202,0.994045,4050.0,77.6293,62.019999999999996,99.4045,0.8217499226579894,0.7703171526866057,1.9749162662919026,Assembly,1.9749162662919026,1657,14.794642857142856
6,10944,2.996553,2.6933,122.841823,1433,11712,3.003184,0.850568,159.782602,2201,9511,3.003548,2.928762,0.757838,0.610318,0.992739,3634.0,75.7838,61.031800000000004,99.2739,0.7957635478673698,0.8650376481107034,1.9888010213777925,Assembly,1.9888010213777925,1433,13.093932748538013
13,11792,2.999783,2.267452,105.447977,2237,11984,2.999957,0.605936,166.014972,2429,9555,3.001058,2.926386,0.818086,0.621052,0.99656,4666.0,81.8086,62.1052,99.656,0.8500149939341936,0.8025116889344617,1.991813951837559,Assembly,1.991813951837559,2237,18.970488466757125
19,7350,3.004106,0.27405,0.970014,30,7770,3.004295,0.0498,50.759153,450,7320,2.995117,1.123905,0.511115,0.405282,0.762022,480.0,51.1115,40.5282,76.2022,0.5149740191932026,0.42019560887772994,1.1442582780371393,Assembly,1.1442582780371393,30,0.40816326530612246
12,8580,3.001678,0.509897,15.182447,49,8652,2.995833,0.155343,15.109478,121,8531,3.00368,2.040751,0.595705,0.449565,0.890809,170.0,59.5705,44.9565,89.0809,0.6028850850558528,0.49608557718661056,1.584861492551034,Assembly,1.584861492551034,49,0.5710955710955711
19,713,2.978157,0.0,19.981896,2,719,2.984927,0.0,1.846698,8,711,3.009938,0.0,0.049097,0.037155,0.074308,10.0,4.9097,3.7155,7.4308,0.049097,0.037155,0.074308,Assembly,0.074308,2,0.2805049088359046
8,5624,2.996264,0.075094,2.240026,16,6072,2.989674,0.02709,31.805047,464,5608,2.989472,0.341259,0.389461,0.314888,0.582122,480.0,38.9461,31.4888,58.2122,0.3905184318091383,0.32300064386541577,0.6981830282956977,Assembly,0.6981830282956977,16,0.2844950213371266
2,1406,3.003169,0.0,0.002827,5,1464,2.997399,0.0,41.932818,63,1401,3.011465,0.0,0.097728,0.076129,0.14672,68.0,9.7728,7.6129,14.671999999999999,0.097728,0.076129,0.14672,Assembly,0.14672,5,0.35561877667140823
9,11152,3.003073,2.941385,107.128637,1672,11216,3.007336,0.680487,113.876534,1736,9480,2.997153,2.874347,0.77194,0.584055,0.987592,3408.0,77.194,58.405499999999996,98.7592,0.8133589424178012,0.7878404812124464,1.9651476644620471,Assembly,1.9651476644620471,1672,14.992826398852225
13,11951,2.990367,2.943008,145.875318,2370,12274,2.996362,0.722422,144.900462,2693,9581,2.995249,2.925193,0.827276,0.637274,0.997508,5063.0,82.7276,63.7274,99.7508,0.8687177965982446,0.8536177580856916,1.9923562165844029,Assembly,1.9923562165844029,2370,19.830976487323237
18,12888,2.996328,4.486151,201.560977,3329,13572,2.995326,1.103509,209.45878,4013,9559,3.00246,2.914796,0.893746,0.704839,0.997414,7342.0,89.3746,70.4839,99.7414,0.9569174753242302,1.0353069039970868,1.9887262321526653,Assembly,1.9887262321526653,3329,25.830229671011796
14,9632,3.001743,1.185311,20.175443,289,9744,2.992946,0.350766,83.406887,401,9343,2.995793,2.789845,0.669277,0.506307,0.972905,690.0,66.9277,50.6307,97.29050000000001,0.6859678881551331,0.6113509142892737,1.9217218209061468,Assembly,1.9217218209061468,289,3.0004152823920265
20,12614,2.995956,4.534941,181.319206,3043,12342,3.008776,0.99557,160.954942,2771,9571,2.996954,2.897556,0.873926,0.644316,0.997059,5814.0,87.3926,64.4316,99.7059,0.9377845088817428,0.9424594054297515,1.9825079666334617,Assembly,1.9825079666334617,3043,24.12398921832884
4,8580,2.993608,0.650276,16.105983,138,8616,2.997612,0.17646,20.321322,174,8442,3.000377,2.11645,0.591663,0.447848,0.880762,312.0,59.16630000000001,44.784800000000004,88.0762,0.6008198238090825,0.5006924863968721,1.6005594656680977,Assembly,1.6005594656680977,138,1.6083916083916083
4,8019,3.007675,0.396434,13.303385,62,8613,2.991302,0.095654,34.84459,656,7957,2.992954,1.384657,0.557097,0.447055,0.827771,718.0,55.7097,44.7055,82.7771,0.562679362396782,0.47570050890743737,1.298688148725267,Assembly,1.298688148725267,62,0.7731637361266991
6,4680,3.007894,0.012314,23.115837,270,4428,2.9985,0.000299,4.820477,18,4410,2.998746,0.146687,0.325825,0.230021,0.459183,288.0,32.582499999999996,23.0021,45.9183,0.32599839887737675,0.23011054154727792,0.5090707511145817,Assembly,0.5090707511145817,270,5.769230769230769
13,2154,3.004285,0.0,0.040705,6,2298,3.005291,0.0,33.089285,150,2148,3.001598,0.001033,0.149698,0.119906,0.22411,156.0,14.9698,11.9906,22.411,0.149698,0.11990600000000001,0.22446131979590123,Assembly,0.22446131979590123,6,0.2785515320334262
15,8712,3.005482,0.771756,54.767901,375,8496,3.000687,0.171739,3.611682,159,8337,2.99641,1.957546,0.605359,0.442337,0.868376,534.0,60.5359,44.2337,86.83760000000001,0.6162264373890506,0.4937676882540656,1.5341307542955052,Assembly,1.5341307542955052,375,4.304407713498622
18,12780,2.999454,4.402525,183.328405,3255,12834,2.997716,1.402015,196.572637,3309,9525,3.000605,2.894193,0.887131,0.667439,0.993515,6564.0,88.7131,66.7439,99.3515,0.9491249006515399,1.0873005130664777,1.977820221741288,Assembly,1.977820221741288,3255,25.46948356807512
15,10965,3.004115,1.709953,87.396106,1490,11685,3.002472,0.52699,133.373682,2210,9475,2.996434,2.881125,0.753444,0.608585,0.986774,3700.0,75.34440000000001,60.85850000000001,98.6774,0.777522604073981,0.7664027257525083,1.966634839270003,Assembly,1.966634839270003,1490,13.588691290469676
9,6651,2.996672,0.182824,5.719349,0,7020,3.000579,0.031428,35.723488,369,6651,3.000423,0.830669,0.461363,0.365696,0.69291,369.0,46.136300000000006,36.5696,69.291,0.46393742556094913,0.37510774497609034,0.9754177091398581,Assembly,0.9754177091398581,0,0.0
8,6255,3.002283,0.110366,16.677195,15,6705,2.994251,0.026855,19.013791,465,6240,3.006086,0.519377,0.434392,0.347556,0.651845,480.0,43.4392,34.7556,65.1845,0.4359461124330487,0.35559826840183617,0.8284833558913745,Assembly,0.8284833558913745,15,0.2398081534772182
4,2788,2.991162,0.0,5.63066,56,2740,2.999692,0.0,8.338272,8,2732,2.997312,0.004822,0.192388,0.14237,0.284328,64.0,19.2388,14.237,28.432800000000004,0.192388,0.14237,0.2859679458430162,Assembly,0.2859679458430162,56,2.008608321377331
18,13122,3.002483,7.586366,186.313087,3580,12798,3.006498,0.963821,192.345595,3256,9542,3.002845,2.915081,0.906531,0.66704,0.995937,6836.0,90.6531,66.704,99.5937,1.013357973182485,0.9556755305651119,1.9873461596859001,Assembly,1.9873461596859001,3580,27.282426459381192
17,729,2.979277,0.0,0.710419,1,759,2.999017,0.0,64.97961,31,728,2.966219,0.0,0.050275,0.039467,0.075041,32.0,5.0275,3.9467000000000003,7.504099999999999,0.050275,0.039467,0.075041,Assembly,0.075041,1,0.1371742112482853
10,6750,3.000794,0.167973,0.308718,20,7000,2.996093,0.053799,24.612808,270,6730,2.997133,0.717993,0.468381,0.363801,0.70053,290.0,46.8381,36.3801,70.053,0.470746302065097,0.3799121896388151,0.9447169837546053,Assembly,0.9447169837546053,20,0.2962962962962963
20,14600,3.000075,27.792141,236.957573,5042,13840,2.997718,1.473094,227.239323,4282,9558,3.002725,2.922184,0.981029,0.719302,0.997678,9324.0,98.1029,71.9302,99.7678,1.3723824228760968,1.1604495453038304,1.9915028658914051,Assembly,1.9915028658914051,5042,34.534246575342465
14,6000,2.99901,0.078676,110.881853,880,5144,2.999503,0.011449,0.55594,24,5120,2.994883,0.246524,0.416183,0.267062,0.532672,904.0,41.618300000000005,26.706200000000003,53.2672,0.41729087153455363,0.27049063269158896,0.6165139761517457,Assembly,0.6165139761517457,880,14.666666666666666
17,10864,2.998588,2.50211,92.386103,1293,11584,2.996994,0.553509,114.090773,2013,9571,2.990705,2.897162,0.750382,0.601958,0.995043,3306.0,75.0382,60.1958,99.5043,0.7856153169622488,0.7677173722149284,1.980357968569972,Assembly,1.980357968569972,1293,11.901693667157584
12,8412,3.002702,0.376636,6.592669,12,8724,2.99714,0.182016,13.310679,324,8400,2.999309,1.733842,0.584297,0.453416,0.874799,336.0,58.4297,45.3416,87.4799,0.5896005780071194,0.5079243420379297,1.4644727827347235,Assembly,1.4644727827347235,12,0.14265335235378032
3,745,3.004424,0.0,62.679303,34,715,3.007162,0.0,0.009189,4,711,3.013582,0.0,0.051645,0.037328,0.074578,38.0,5.1645,3.7328,7.457800000000001,0.051645,0.037328,0.074578,Assembly,0.074578,34,4.563758389261745
2,12818,2.996215,12.305624,173.790007,3312,12410,2.998452,1.075061,168.320648,2904,9506,2.995719,2.828588,0.886378,0.645614,0.989787,6216.0,88.6378,64.5614,98.9787,1.0596589312181544,0.9675625797931979,1.9517801837837856,Assembly,1.9517801837837856,3312,25.83866437821813
6,4470,3.001546,0.006977,8.623792,42,4434,3.002309,0.003644,17.160828,6,4428,3.006318,0.118819,0.310174,0.230908,0.462221,48.0,31.017400000000002,23.0908,46.2221,0.31027224622116756,0.23199926889057124,0.502630938847229,Assembly,0.502630938847229,42,0.9395973154362416
4,2824,2.989815,0.0,10.921559,112,2724,3.016615,0.0,13.970575,12,2712,3.010912,0.004808,0.195445,0.142691,0.283703,124.0,19.5445,14.269100000000002,28.370299999999997,0.19544499999999998,0.142691,0.28533818449050635,Assembly,0.28533818449050635,112,3.9660056657223794
13,9347,2.999297,0.785095,9.415949,242,9282,3.005465,0.150517,33.767557,177,9105,3.001915,2.459983,0.648945,0.483574,0.95007,419.0,64.8945,48.3574,95.00699999999999,0.6600002697445262,0.5286493346877366,1.7867018736500286,Assembly,1.7867018736500286,242,2.5890660104846477
6,14896,2.99558,48.095298,235.808858,5349,13946,3.002126,1.87255,239.955736,4399,9547,3.006747,2.937858,0.996861,0.726782,0.997678,9748.0,99.6861,72.6782,99.7678,1.6741121515592083,1.2875546567066918,1.996833540122727,Assembly,1.996833540122727,5349,35.90896885069817
18,12546,2.999076,4.323178,145.743758,3004,13284,2.996825,1.144669,220.284906,3742,9542,2.997681,2.920739,0.858803,0.691151,0.994392,6746.0,85.8803,69.1151,99.4392,0.9196795804693723,1.033945091575548,1.9877254262930728,Assembly,1.9877254262930728,3004,23.943886497688506
16,5688,2.991101,0.11465,19.597005,0,5824,3.000235,0.024155,10.57504,136,5688,2.997969,0.491508,0.393828,0.303035,0.592099,136.0,39.3828,30.3035,59.209900000000005,0.39544243733078155,0.3102686992458146,0.759259203527414,Assembly,0.759259203527414,0,0.0
1,4392,3.010076,0.006292,89.125503,288,4134,3.000691,1e-05,0.131678,30,4104,2.997867,0.057216,0.305646,0.215186,0.427563,318.0,30.5646,21.5186,42.7563,0.3057346004333648,0.21518899470057784,0.4470219675143121,Assembly,0.4470219675143121,288,6.557377049180328
14,9562,2.995826,1.129349,22.202059,23,10360,3.004242,0.366367,64.347862,821,9539,2.999672,2.86988,0.663104,0.540217,0.994838,844.0,66.3104,54.021699999999996,99.4838,0.6790068624952535,0.649932946660789,1.970874452914815,Assembly,1.970874452914815,23,0.24053545283413513
19,8931,3.005082,0.675078,15.988332,134,8996,2.994045,0.2165,6.446084,199,8797,3.005541,2.232604,0.620101,0.466619,0.919443,333.0,62.0101,46.6619,91.9443,0.6296070717347523,0.5314542675106132,1.6787440470554265,Assembly,1.6787440470554265,134,1.5003918934049938
4,2920,3.009486,0.0,34.333518,112,2812,3.003519,0.0,0.12607,4,2808,3.006843,0.007826,0.202925,0.146544,0.293167,116.0,20.2925,14.6544,29.3167,0.202925,0.146544,0.29582859605297485,Assembly,0.29582859605297485,112,3.8356164383561646
4,2796,3.002733,0.0,2.362791,0,2892,3.002604,0.0,23.079105,96,2796,2.999934,0.002681,0.194344,0.150756,0.291244,96.0,19.4344,15.0756,29.1244,0.194344,0.150756,0.29215579900562555,Assembly,0.29215579900562555,0,0.0
18,12600,2.999405,3.645188,174.565338,3039,12654,2.999431,0.953909,188.132295,3093,9561,3.001675,2.926332,0.869197,0.658255,0.997569,6132.0,86.9197,65.8255,99.7569,0.9205265035753768,0.9439221833523397,1.9928045866207356,Assembly,1.9928045866207356,3039,24.119047619047617
14,10304,2.999549,1.340156,89.240114,1063,9562,2.99184,0.249765,11.779171,321,9241,2.99927,2.65154,0.714236,0.495995,0.963666,1384.0,71.4236,49.5995,96.3666,0.7331073290490264,0.5707921389828559,1.8654457595585001,Assembly,1.8654457595585001,1063,10.31638198757764
3,6210,3.003856,0.154088,0.292874,26,6795,3.005397,0.062556,82.101267,611,6184,2.999245,0.64491,0.431804,0.353952,0.645143,637.0,43.1804,35.395199999999996,64.5143,0.4339737812422631,0.37268564893484485,0.8644747033636575,Assembly,0.8644747033636575,26,0.4186795491143317
15,11760,3.001653,2.514893,152.906755,2243,11936,3.003337,1.25192,145.120868,2419,9517,3.002427,2.884352,0.816608,0.622112,0.993386,4662.0,81.6608,62.2112,99.3386,0.852021320035946,0.9970245547431266,1.9743443310235105,Assembly,1.9743443310235105,2243,19.073129251700678
13,9360,3.006228,1.021854,12.405537,472,10439,3.008118,0.312678,134.586569,1551,8888,3.005698,2.524,0.646504,0.54519,0.928716,2023.0,64.65039999999999,54.519,92.8716,0.6608931778823239,0.6388276987283303,1.7871198381942774,Assembly,1.7871198381942774,472,5.042735042735043
14,9926,3.002885,1.460882,32.77653,545,9940,3.005724,0.362457,56.726496,559,9381,2.999114,2.794576,0.689609,0.517194,0.977899,1104.0,68.96090000000001,51.71940000000001,97.7899,0.7101803252216906,0.6257390187348468,1.9283248179578492,Assembly,1.9283248179578492,545,5.4906306669353215
3,2187,3.018568,0.0,62.383008,131,2061,2.989025,0.0,0.083804,5,2056,2.995397,0.0,0.15251,0.106949,0.214072,136.0,15.251000000000001,10.6949,21.4072,0.15251,0.106949,0.21407199999999998,Assembly,0.21407199999999998,131,5.989940557841793
13,9178,3.002134,0.780207,6.013327,158,9711,2.999408,0.210858,42.92516,691,9020,3.002389,2.307639,0.635491,0.505161,0.941208,849.0,63.5491,50.516099999999994,94.1208,0.6464774396557966,0.5683066574445861,1.7260281960248829,Assembly,1.7260281960248829,158,1.7215079538025713
8,6064,3.006742,0.122122,38.701788,352,5720,3.002784,0.025647,4.696087,8,5712,2.997371,0.620124,0.421971,0.29783,0.594479,360.0,42.1971,29.782999999999998,59.4479,0.42369065386576277,0.30551050857203094,0.8053810688416752,Assembly,0.8053810688416752,352,5.804749340369393
13,11280,3.003292,2.124858,83.696076,1868,10980,3.002042,0.387746,113.277532,1568,9412,3.005029,2.820851,0.784193,0.57213,0.982841,3436.0,78.4193,57.213,98.2841,0.814114064786828,0.6882483170261905,1.9422028563289087,Assembly,1.9422028563289087,1868,16.56028368794326
11,7997,2.998531,0.386712,9.414739,43,8316,3.006293,0.136207,10.531767,362,7954,2.997404,1.488936,0.554966,0.433162,0.828981,405.0,55.496599999999994,43.3162,82.8981,0.5604114626171931,0.47395191816082266,1.335363082894467,Assembly,1.335363082894467,43,0.537701638114293
14,9828,2.998066,1.242879,34.847198,413,10360,2.997838,0.293569,97.11719,945,9415,2.995768,2.809617,0.680126,0.537037,0.980567,1358.0,68.0126,53.7037,98.05669999999999,0.6976275286109415,0.6249521253941026,1.936108211036407,Assembly,1.936108211036407,413,4.202279202279202
17,8616,3.005386,0.731107,10.812256,80,8592,3.003653,0.109822,24.811635,56,8536,2.995953,2.236087,0.597294,0.44746,0.888942,136.0,59.7294,44.746,88.8942,0.6075890408512491,0.4803484006861458,1.6494276035405417,Assembly,1.6494276035405417,80,0.9285051067780872
2,1518,3.009736,0.0,0.045231,4,1540,2.98682,0.0,31.112813,26,1514,3.008353,0.0,0.105633,0.079787,0.158147,30.0,10.5633,7.9787,15.8147,0.105633,0.079787,0.158147,Assembly,0.158147,4,0.2635046113306983
20,11200,3.000205,1.955281,107.715501,1688,11584,3.006213,0.66617,153.342166,2072,9512,2.998844,2.887853,0.775771,0.604221,0.991628,3760.0,77.5771,60.4221,99.16279999999999,0.8033041760886863,0.803718968395128,1.9737770092475668,Assembly,1.9737770092475668,1688,15.071428571428571
16,13414,2.999534,12.93594,178.816544,3870,14231,3.001336,1.563424,208.644648,4687,9544,2.999748,2.909293,0.903394,0.74084,0.995097,8557.0,90.3394,74.084,99.5097,1.0855506894439624,1.2090386756236164,1.9845376805197081,Assembly,1.9845376805197081,3870,28.850454748769945
16,11648,3.003839,3.009888,139.081963,2088,11264,3.002386,0.606933,130.976124,1704,9560,3.00061,2.928562,0.809897,0.587089,0.997026,3792.0,80.9897,58.7089,99.70259999999999,0.8522805634424022,0.768847260582074,1.9930200020562239,Assembly,1.9930200020562239,2088,17.925824175824175
3,2118,3.000846,0.0,72.79075,159,1965,3.011987,0.0,0.11649,6,1959,2.992056,0.004072,0.147125,0.102715,0.203595,165.0,14.7125,10.2715,20.3595,0.147125,0.102715,0.20497987338713436,Assembly,0.20497987338713436,159,7.507082152974505
4,2884,2.994862,0.00057,13.68985,52,2852,2.990295,0.0,1.464671,20,2832,3.001244,0.001514,0.199898,0.148057,0.295405,72.0,19.9898,14.8057,29.540499999999998,0.19990602642196725,0.148057,0.2959199062642734,Assembly,0.2959199062642734,52,1.8030513176144243
5,3670,3.008522,0.003411,57.309682,155,3525,2.994682,0.0,0.130792,10,3515,3.000437,0.024859,0.255176,0.183288,0.366748,165.0,25.5176,18.3288,36.674800000000005,0.2552240317988251,0.183288,0.3752024615743549,Assembly,0.3752024615743549,155,4.223433242506812
6,4470,2.99469,0.00584,0.115395,29,4686,3.002777,0.00039,25.354482,245,4441,3.003592,0.077062,0.309088,0.244143,0.463759,274.0,30.908799999999996,24.4143,46.375899999999994,0.3091702356215592,0.24425979332253644,0.48996752479355277,Assembly,0.48996752479355277,29,0.6487695749440716
8,9590,2.999704,1.343731,36.441445,88,10514,2.999186,0.429164,91.000577,1012,9502,3.002077,2.879871,0.663027,0.546905,0.991636,1100.0,66.3027,54.6905,99.1636,0.6819486702043474,0.6754267678795602,1.9710703581237687,Assembly,1.9710703581237687,88,0.9176225234619395
3,2244,2.999124,0.0,27.82137,75,2181,2.998826,0.0,2.557143,12,2169,2.994135,0.0,0.155371,0.113369,0.225799,87.0,15.5371,11.3369,22.5799,0.155371,0.113369,0.22579899999999997,Assembly,0.22579899999999997,75,3.342245989304813
2,1482,2.983185,0.0,35.594574,47,1438,2.986576,0.0,0.014551,3,1435,3.003631,0.0,0.102265,0.074561,0.149895,50.0,10.2265,7.4561,14.9895,0.102265,0.074561,0.149895,Assembly,0.149895,47,3.1713900134952766
2,9854,3.000604,1.030621,38.414771,934,8970,3.004093,0.18019,8.835396,50,8920,3.004265,2.404493,0.683275,0.467666,0.931573,984.0,68.3275,46.766600000000004,93.15729999999999,0.6977876298847572,0.5216275097124129,1.7493329128808528,Assembly,1.7493329128808528,934,9.478384412421352
15,10470,2.997049,1.810444,73.109296,939,10620,2.997882,0.411469,64.210243,1089,9531,3.001147,2.895982,0.725401,0.552188,0.99434,2028.0,72.5401,55.2188,99.434,0.7508946622668075,0.6754106452070416,1.979253654572718,Assembly,1.979253654572718,939,8.968481375358166
18,12690,2.996722,6.202297,155.34661,3215,12924,3.000369,1.346129,185.883659,3449,9475,3.00397,2.895548,0.87589,0.672373,0.989373,6664.0,87.589,67.2373,98.9373,0.963227285768813,1.0754983294170635,1.9741390526449143,Assembly,1.9741390526449143,3215,25.334909377462566
4,2956,3.004041,0.0,46.45446,165,2800,2.995006,0.0,0.184302,9,2791,2.999825,0.006204,0.205374,0.145593,0.29112,174.0,20.5374,14.5593,29.112,0.20537400000000003,0.145593,0.29322995935505436,Assembly,0.29322995935505436,165,5.581867388362652
13,10245,3.006708,1.27299,52.922793,862,10905,2.997737,0.516486,132.146405,1522,9383,3.004367,2.75652,0.71126,0.567291,0.979895,2384.0,71.126,56.7291,97.98949999999999,0.7291855349124432,0.7219630922655269,1.9173781014497977,Assembly,1.9173781014497977,862,8.413860419716936
8,10640,2.997643,1.170982,108.230299,1434,9450,2.999728,0.318403,19.407287,244,9206,2.995689,2.685216,0.73527,0.488651,0.958823,1678.0,73.527,48.8651,95.8823,0.75175911517203,0.5840031648091537,1.8720558529242015,Assembly,1.8720558529242015,1434,13.477443609022558
1,728,3.004933,0.0,2.455574,5,748,2.999144,0.0,10.140492,25,723,2.974122,0.0,0.05053,0.038865,0.074747,30.0,5.053,3.8865,7.4746999999999995,0.05053,0.038865,0.074747,Assembly,0.074747,5,0.6868131868131868
15,11685,3.00074,3.542515,126.034627,2174,11310,2.999454,0.572786,103.41834,1799,9511,3.001403,2.907433,0.806266,0.58787,0.992354,3973.0,80.62660000000001,58.787,99.2354,0.856149719676002,0.7594022565188643,1.9811621008291214,Assembly,1.9811621008291214,2174,18.60504920838682
3,9347,2.998629,1.008113,30.565605,301,9204,2.997376,0.187126,8.712892,158,9046,3.002029,2.338617,0.648229,0.478922,0.943908,459.0,64.8229,47.8922,94.3908,0.6624246847871451,0.5349606340332148,1.7392637087426255,Assembly,1.7392637087426255,301,3.220284583288756
17,11917,2.99577,3.415545,150.460664,2366,12070,2.99973,0.931631,126.921991,2519,9551,3.004756,2.91816,0.826412,0.626704,0.997714,4885.0,82.6412,62.6704,99.7714,0.8745077989791912,0.905699589404989,1.990170317141447,Assembly,1.990170317141447,2366,19.85399009817907
10,7550,2.997998,0.286396,15.434898,69,7510,2.996839,0.045226,1.843487,29,7481,3.000602,1.217878,0.523956,0.390628,0.780129,98.0,52.395599999999995,39.062799999999996,78.0129,0.5279888686767249,0.40417183283341795,1.1943251765659153,Assembly,1.1943251765659153,69,0.9139072847682119
14,13604,3.006254,8.180159,219.968458,4029,13414,3.005924,0.996856,208.49409,3839,9575,2.99739,2.921656,0.946464,0.69931,0.997621,7868.0,94.6464,69.931,99.7621,1.0616524349003809,0.9978385239240639,1.9912662948824644,Assembly,1.9912662948824644,4029,29.61628932666863
2,2121,3.003275,0.0,2.269941,19,2220,2.98681,0.0,24.059724,118,2102,3.021573,0.0,0.147462,0.114849,0.221191,137.0,14.746200000000002,11.484900000000001,22.1191,0.147462,0.11484900000000002,0.221191,Assembly,0.221191,19,0.8958038661008958
19,13509,2.998961,13.762017,206.901192,3934,14212,2.997279,1.904661,216.082097,4637,9575,2.998409,2.927009,0.937838,0.735318,0.997668,8571.0,93.7838,73.5318,99.7668,1.131627044846492,1.3057069397322498,1.9931338320242449,Assembly,1.9931338320242449,3934,29.1213265230587
4,12019,3.001948,4.652096,176.687487,2552,12121,3.006013,0.691734,139.898057,2654,9467,3.003808,2.908414,0.835163,0.632568,0.988643,5206.0,83.5163,63.2568,98.8643,0.9006712202248541,0.8397216209523627,1.977784735601415,Assembly,1.977784735601415,2552,21.23304767451535
2,1388,3.011283,0.0,3.39656,12,1432,2.998544,0.0,11.015303,56,1376,2.97421,0.0,0.096278,0.074522,0.142297,68.0,9.6278,7.4522,14.229700000000001,0.096278,0.074522,0.142297,Assembly,0.142297,12,0.8645533141210375
20,1488,2.997243,0.0,40.903398,61,1436,2.99561,0.0,0.028885,9,1427,3.013131,0.0,0.103046,0.074518,0.149531,70.0,10.3046,7.4518,14.9531,0.10304600000000001,0.074518,0.149531,Assembly,0.149531,61,4.099462365591398
16,11520,3.002942,2.951266,122.902526,1946,11072,2.996398,0.449585,84.913885,1498,9574,2.997792,2.927058,0.798749,0.575174,0.997613,3444.0,79.87490000000001,57.517399999999995,99.76129999999999,0.8403070811466756,0.7098112459296029,1.993095496758029,Assembly,1.993095496758029,1946,16.89236111111111
15,11490,3.007325,2.080612,135.386288,2002,11340,2.997182,0.634717,85.088319,1852,9488,3.000069,2.840923,0.798099,0.587862,0.98948,3854.0,79.8099,58.7862,98.94800000000001,0.8273970173019805,0.777940736667593,1.955668275441522,Assembly,1.955668275441522,2002,17.42384682332463
16,2708,2.989259,0.0,0.032874,20,2856,3.001328,0.0,54.768077,168,2688,3.015391,0.003161,0.187072,0.148699,0.28223,188.0,18.7072,14.8699,28.223,0.18707200000000002,0.148699,0.2833050453773899,Assembly,0.2833050453773899,20,0.7385524372230428
3,12359,2.997426,5.271252,140.401116,2841,12019,3.006163,0.821566,125.774688,2501,9518,2.998004,2.921085,0.85667,0.626858,0.991865,5342.0,85.667,62.6858,99.1865,0.9308968295574087,0.8728924174948012,1.9853160997193862,Assembly,1.9853160997193862,2841,22.987296706853304
10,3590,3.003953,0.000366,16.604304,38,3565,3.004281,0.0,1.329113,13,3552,2.999375,0.010469,0.249364,0.185829,0.370646,51.0,24.9364,18.5829,37.0646,0.2493691538077895,0.185829,0.3742064713875023,Assembly,0.3742064713875023,38,1.0584958217270195
6,9758,3.006484,1.224945,38.038877,511,9842,2.997015,0.339281,60.552365,595,9247,2.99652,2.650808,0.679104,0.512094,0.963167,1106.0,67.91040000000001,51.2094,96.3167,0.6963529920292562,0.6136985006756045,1.8646978088415596,Assembly,1.8646978088415596,511,5.236728837876614
16,11760,3.004864,4.624643,114.328306,2225,11824,2.999342,0.88933,130.813222,2289,9535,2.99923,2.887903,0.816362,0.615698,0.993928,4514.0,81.6362,61.569799999999994,99.39280000000001,0.8814836423963156,0.8820257064905942,1.976094014077959,Assembly,1.976094014077959,2225,18.920068027210885
5,2265,2.992069,0.0,26.081331,171,2097,2.992031,0.0,1.864556,3,2094,2.98291,0.0,0.156736,0.108937,0.216913,174.0,15.673599999999999,10.8937,21.6913,0.156736,0.108937,0.216913,Assembly,0.216913,171,7.549668874172186
9,3560,2.996541,0.000915,7.320879,3,3605,2.99595,0.0,8.960629,48,3557,2.998194,0.027778,0.246937,0.186916,0.370609,51.0,24.6937,18.6916,37.060900000000004,0.24694988451947375,0.186916,0.38005620357264686,Assembly,0.38005620357264686,3,0.08426966292134831
19,13186,2.994636,10.865405,174.239827,3650,13908,3.002205,1.258359,205.942041,4372,9536,2.999433,2.916473,0.914057,0.723295,0.99428,8022.0,91.4057,72.3295,99.42800000000001,1.0670575708334977,1.100135842445209,1.986162574164017,Assembly,1.986162574164017,3650,27.68087365387532
2,8304,3.001239,0.472701,3.143967,95,8628,3.00788,0.248289,65.449679,419,8209,3.001196,1.788337,0.575109,0.448866,0.856352,514.0,57.5109,44.8866,85.6352,0.5817653117374424,0.5232211211775641,1.4645593473790965,Assembly,1.4645593473790965,95,1.1440269749518304
7,5208,2.994531,0.047113,11.232955,200,5019,3.009623,0.00831,10.977036,11,5008,2.997622,0.233814,0.360045,0.261881,0.521584,211.0,36.0045,26.1881,52.15840000000001,0.36070841897919853,0.2643695961801995,0.6011033482660685,Assembly,0.6011033482660685,200,3.840245775729647
13,9464,2.997015,0.894809,16.312021,271,9217,3.001321,0.184288,9.744772,24,9193,2.996452,2.387177,0.654898,0.479721,0.957424,295.0,65.4898,47.9721,95.7424,0.6674982010773598,0.5349097380092188,1.7692948000194535,Assembly,1.7692948000194535,271,2.863482671174979
9,6822,2.991522,0.152741,19.621627,48,6804,2.997646,0.027263,3.558698,30,6774,2.998929,0.883009,0.471565,0.353648,0.705709,78.0,47.1565,35.3648,70.57090000000001,0.4737158135398247,0.3618124521854127,1.0060173655943307,Assembly,1.0060173655943307,48,0.7036059806508356
11,7986,2.995897,0.40046,22.040479,304,7700,3.00469,0.074855,3.89775,18,7682,2.996197,1.375404,0.553825,0.401341,0.799818,322.0,55.3825,40.134100000000004,79.9818,0.5594640542824665,0.4237578311755518,1.267588234812901,Assembly,1.267588234812901,304,3.8066616579013273
16,11504,3.002003,2.595236,145.413019,1963,12928,3.008241,0.703619,157.105896,3387,9541,2.996911,2.918276,0.796182,0.673323,0.993956,5350.0,79.6182,67.3323,99.3956,0.8327266653343933,0.8840358225891463,1.986451768347957,Assembly,1.986451768347957,1963,17.06363004172462
19,14079,3.001414,10.810511,197.142886,4512,14383,2.998133,1.44279,243.808537,4816,9567,2.998677,2.913623,0.951377,0.745728,0.997063,9328.0,95.13770000000001,74.5728,99.7063,1.1036045841537252,1.1778004046726913,1.987976298831666,Assembly,1.987976298831666,4512,32.04773066268911
13,9555,3.006058,0.819604,19.26356,110,9529,2.994148,0.235943,21.485266,84,9445,2.998034,2.735676,0.664832,0.494876,0.984121,194.0,66.4832,49.4876,98.41210000000001,0.6763732062281542,0.5655338638441414,1.9145151277559305,Assembly,1.9145151277559305,110,1.1512297226582942
1,12699,2.994036,5.916547,175.567699,3176,11985,2.994512,0.685766,150.065606,2462,9523,3.004421,2.895646,0.87314,0.620467,0.994455,5638.0,87.31400000000001,62.0467,99.4455,0.9564535137036511,0.8258333836474974,1.9792543821124828,Assembly,1.9792543821124828,3176,25.00984329474762
9,9152,3.005246,1.057541,16.063035,470,8827,2.996745,0.155725,27.15316,145,8682,2.999822,2.283098,0.63665,0.457554,0.905581,615.0,63.665000000000006,45.7554,90.5581,0.6515417023046843,0.5041889747486847,1.6820548851718218,Assembly,1.6820548851718218,470,5.13548951048951
14,10332,3.002214,1.085244,49.386823,968,10122,2.999601,0.340134,68.146502,758,9364,2.997356,2.693112,0.712709,0.52655,0.975598,1726.0,71.2709,52.654999999999994,97.5598,0.7279908004937347,0.6284099486348956,1.8915162557397254,Assembly,1.8915162557397254,968,9.368950832365467
3,2025,2.992345,0.0,1.142813,7,2349,3.008952,0.0,55.746657,331,2018,3.012069,9.2e-05,0.139929,0.122585,0.211144,338.0,13.9929,12.2585,21.1144,0.139929,0.122585,0.2111752888879215,Assembly,0.2111752888879215,7,0.34567901234567905
10,7480,2.995796,0.302027,28.218982,96,7410,2.995274,0.048945,1.343564,26,7384,3.005101,1.052596,0.518152,0.385046,0.771006,122.0,51.8152,38.504599999999996,77.1006,0.5224049756973742,0.39970356197832313,1.128990329028504,Assembly,1.128990329028504,96,1.2834224598930482
8,2736,2.983527,0.0,0.073705,18,2800,3.003844,0.0,36.874315,82,2718,2.991501,0.003707,0.188967,0.145908,0.28265,100.0,18.8967,14.590800000000002,28.265,0.188967,0.145908,0.2839107381252719,Assembly,0.2839107381252719,18,0.6578947368421052
13,10075,2.999258,1.078919,52.578106,559,9646,2.996272,0.233511,32.561191,130,9516,3.005885,2.89618,0.698929,0.501284,0.994186,689.0,69.8929,50.12839999999999,99.4186,0.7141217353727825,0.5712135526636064,1.9791669937010707,Assembly,1.9791669937010707,559,5.548387096774193
14,9772,3.010006,1.326036,26.674344,268,9842,3.000851,0.27203,25.975284,338,9504,3.000126,2.828503,0.680875,0.512468,0.991111,606.0,68.0875,51.2468,99.1111,0.6995474990873113,0.5939328398194555,1.953075275572119,Assembly,1.953075275572119,268,2.7425296766270977
7,5075,3.007714,0.057308,4.694243,28,5166,3.000998,0.00296,26.101438,119,5047,2.989989,0.328744,0.352751,0.268641,0.524373,147.0,35.275099999999995,26.8641,52.4373,0.3535579792808759,0.2695274313710458,0.6361777192485497,Assembly,0.6361777192485497,28,0.5517241379310345
14,10108,2.996691,1.408071,48.029225,530,10738,3.000454,0.415422,69.144917,1160,9578,2.99615,2.905798,0.700919,0.559355,0.997478,1690.0,70.0919,55.935500000000005,99.7478,0.7207466701857035,0.6837614503454688,1.985730042875299,Assembly,1.985730042875299,530,5.243371586861892
7,10318,3.002732,1.329531,34.023406,808,10332,3.004436,0.346245,31.60965,822,9510,2.997847,2.855016,0.712329,0.537624,0.990735,1630.0,71.2329,53.7624,99.07350000000001,0.7310507137272684,0.6413140101580244,1.9617162569358453,Assembly,1.9617162569358453,808,7.8309749951541
8,4900,2.996017,0.048041,2.038892,8,5040,3.00406,0.008366,24.160102,148,4892,2.997511,0.266562,0.339838,0.262486,0.509404,156.0,33.983799999999995,26.2486,50.9404,0.3405144865574189,0.2649913665034355,0.6000608319796921,Assembly,0.6000608319796921,8,0.163265306122449
14,10402,3.001657,1.519024,55.876818,844,10080,3.000103,0.479251,33.969046,522,9558,2.994829,2.845538,0.720725,0.524408,0.995046,1366.0,72.07249999999999,52.440799999999996,99.5046,0.7421150484252342,0.6679293246638748,1.9628038212867147,Assembly,1.9628038212867147,844,8.113824264564506
17,12461,3.000639,5.787893,162.424446,3012,11475,2.999193,0.686052,132.250753,2026,9449,2.999667,2.821544,0.861424,0.596709,0.985112,5038.0,86.1424,59.6709,98.5112,0.9429258798584319,0.8021610320840241,1.9447095432781434,Assembly,1.9447095432781434,3012,24.17141481422037
6,4698,2.996794,0.014664,50.098301,378,4332,2.980804,0.0,1.49052,12,4320,3.002149,0.055455,0.325151,0.224084,0.450696,390.0,32.515100000000004,22.4084,45.0696,0.32535749026618915,0.224084,0.46955605738790157,Assembly,0.46955605738790157,378,8.045977011494253
13,10556,3.000392,1.62285,69.194082,1012,10444,2.997452,0.384902,74.328772,900,9544,3.003098,2.881992,0.72978,0.542181,0.996151,1912.0,72.978,54.2181,99.6151,0.7526320682272903,0.6574476241818479,1.9763067030290022,Assembly,1.9763067030290022,1012,9.586964759378553
6,5355,2.996675,0.031223,17.371261,168,5222,2.999773,0.00745,3.124335,35,5187,3.000893,0.175539,0.370883,0.271973,0.54126,203.0,37.088300000000004,27.197300000000002,54.126,0.3713226648650588,0.2742040519305038,0.6009602184440512,Assembly,0.6009602184440512,168,3.1372549019607843
7,4991,2.995373,0.018527,14.662001,53,4963,3.005688,0.000262,8.263019,25,4938,3.00415,0.206281,0.345845,0.258932,0.516327,78.0,34.5845,25.8932,51.6327,0.34610588687681976,0.25901046115513987,0.586482468362343,Assembly,0.586482468362343,53,1.0619114405930674
16,8664,3.000615,0.541711,57.398233,364,8376,2.999271,0.185079,3.009703,76,8300,3.000927,1.87568,0.601699,0.435304,0.865977,440.0,60.1699,43.5304,86.5977,0.6093270720531618,0.49072961882492744,1.5038894053978773,Assembly,1.5038894053978773,364,4.20129270544783
14,741,2.989887,0.0,16.863986,23,722,2.987637,0.0,1.268892,4,718,3.015153,0.0,0.051285,0.037414,0.07524,27.0,5.1285,3.7414000000000005,7.524,0.051285,0.037414,0.07524,Assembly,0.07524,23,3.1039136302294197
6,4212,2.998363,0.011794,10.919381,24,4494,2.992912,0.0,24.858252,306,4188,3.00152,0.058161,0.291761,0.233072,0.437081,330.0,29.176099999999998,23.3072,43.7081,0.2919270765275119,0.23307200000000003,0.4568613588087232,Assembly,0.4568613588087232,24,0.5698005698005698
11,7610,2.995294,0.311397,4.765873,160,7460,3.002341,0.070464,22.869279,10,7450,2.999051,1.329779,0.526901,0.388777,0.775803,170.0,52.690099999999994,38.8777,77.58030000000001,0.5312859188093622,0.4098788581518145,1.2280563270800906,Assembly,1.2280563270800906,160,2.102496714848883
10,6890,3.004644,0.191026,7.730313,10,7010,3.00078,0.053167,8.447955,130,6880,2.999286,0.901816,0.479228,0.363907,0.716722,140.0,47.922799999999995,36.390699999999995,71.6722,0.4819179215486251,0.37982892456229456,1.0234265624980232,Assembly,1.0234265624980232,10,0.14513788098693758
17,1454,2.995473,0.0,1.992985,4,1494,3.010947,0.0,16.286037,44,1450,3.012282,0.0,0.100707,0.078058,0.151801,48.0,10.0707,7.8058000000000005,15.1801,0.100707,0.078058,0.151801,Assembly,0.151801,4,0.2751031636863824
6,4206,2.996729,0.002378,0.075759,24,4566,3.003903,0.0,106.279887,384,4182,2.994647,0.063693,0.29127,0.237579,0.435375,408.0,29.127,23.757900000000003,43.5375,0.2913034856691897,0.23757900000000004,0.4570367732433075,Assembly,0.4570367732433075,24,0.5706134094151213
10,7510,2.999472,0.297802,9.757384,69,7760,3.006175,0.125458,8.222026,319,7441,2.993641,1.033458,0.518559,0.404494,0.774077,388.0,51.8559,40.449400000000004,77.4077,0.5227524816047222,0.44206491450968366,1.1255525601476155,Assembly,1.1255525601476155,69,0.918774966711052
11,7722,2.99456,0.353516,0.914208,94,8162,3.002044,0.092299,46.817242,534,7628,3.004512,1.383862,0.534827,0.425394,0.796684,628.0,53.48270000000001,42.5394,79.66839999999999,0.5398050150669741,0.45303478686356624,1.2673307719220321,Assembly,1.2673307719220321,94,1.2173012173012172
4,13104,3.000341,9.052822,162.994564,3552,12636,2.993104,1.102411,164.547182,3084,9552,3.003365,2.911072,0.908362,0.655166,0.997224,6636.0,90.8362,65.5166,99.7224,1.03583878836215,0.9853050858736379,1.9872697123850598,Assembly,1.9872697123850598,3552,27.106227106227106
17,12648,2.991925,3.896143,145.101724,3120,11458,2.997506,0.674102,130.258368,1930,9528,3.00266,2.89737,0.860502,0.595435,0.994297,5050.0,86.0502,59.5435,99.4297,0.9153653118644851,0.7973083648934846,1.979682708664403,Assembly,1.979682708664403,3120,24.667931688804554
12,8208,3.001985,0.596672,3.153193,52,8904,2.993983,0.13488,45.552785,748,8156,3.00145,1.81214,0.569245,0.462422,0.851058,800.0,56.9245,46.2422,85.1058,0.5776470021895516,0.5028145213941408,1.4673606669355697,Assembly,1.4673606669355697,52,0.6335282651072125
19,13680,2.997228,21.216887,220.835452,4142,14383,2.992411,1.62306,233.911869,4845,9538,3.006284,2.904654,0.941719,0.746636,0.996738,8987.0,94.1719,74.6636,99.6738,1.240483364725458,1.232693871989727,1.9846009723559273,Assembly,1.9846009723559273,4142,30.277777777777775
19,5832,2.994864,0.093372,0.252277,8,5992,3.004965,0.007452,52.161092,168,5824,3.000761,0.499865,0.40431,0.312277,0.606861,176.0,40.431,31.227700000000002,60.686099999999996,0.4056248124068882,0.31450865087061936,0.7768633908791531,Assembly,0.7768633908791531,8,0.1371742112482853
4,9204,3.002429,0.725455,13.253766,142,9412,3.002446,0.261136,67.860261,350,9062,3.000925,2.552808,0.639684,0.489888,0.945419,492.0,63.9684,48.9888,94.5419,0.6498994525407948,0.5680904130099376,1.813620341273002,Assembly,1.813620341273002,142,1.542807475010865
17,4928,2.997066,0.031706,25.739739,157,4802,2.996522,0.000854,1.355858,31,4771,2.999662,0.154143,0.341178,0.249405,0.49782,188.0,34.117799999999995,24.9405,49.782,0.3416244662015679,0.24966074742934902,0.5502435114226547,Assembly,0.5502435114226547,157,3.185876623376623
12,1368,2.99552,0.0,0.008568,4,1492,2.990101,0.0,43.724062,128,1364,2.99317,0.0,0.09473,0.07736,0.141771,132.0,9.472999999999999,7.736,14.177100000000001,0.09473,0.07736,0.141771,Assembly,0.141771,4,0.29239766081871343
17,12665,3.00765,4.383369,185.165389,3089,12393,3.003252,1.077664,170.845604,2817,9576,2.997422,2.931029,0.87867,0.643547,0.997645,5906.0,87.86699999999999,64.3547,99.7645,0.940394156547672,0.9662751003536142,1.9944780203877714,Assembly,1.9944780203877714,3089,24.39005132254244
6,4386,2.999425,0.005709,31.791723,173,4218,3.010923,0.002344,0.987397,5,4213,3.008412,0.105918,0.304335,0.220487,0.440529,178.0,30.433500000000002,22.0487,44.0529,0.30441539095265097,0.22118895781544975,0.47655135250945385,Assembly,0.47655135250945385,173,3.9443684450524397
18,12654,3.003366,3.956395,158.587052,3158,13554,3.004091,1.531976,200.406665,4058,9496,2.994819,2.886563,0.877857,0.7069,0.988409,7216.0,87.7857,70.69,98.8409,0.93356874691075,1.1656809412463705,1.9701192846234503,Assembly,1.9701192846234503,3158,24.956535482851272
6,4602,3.007186,0.008748,15.833328,93,4524,3.001368,0.005093,1.330346,15,4509,2.995425,0.14942,0.32019,0.23567,0.469453,108.0,32.019,23.567,46.9453,0.3203131844550342,0.23719520100430277,0.520270235143815,Assembly,0.520270235143815,93,2.0208604954367666
17,12342,2.995979,3.344327,160.003412,2817,13175,2.996872,1.068863,186.279132,3650,9525,2.999257,2.910125,0.854956,0.684736,0.993088,6467.0,85.49560000000001,68.4736,99.30879999999999,0.9020489468394303,1.0048284643750418,1.9828116408974332,Assembly,1.9828116408974332,2817,22.82450170150705
12,8592,2.994908,0.577291,3.144363,48,8796,2.994362,0.1381,37.992379,252,8544,2.998454,1.989021,0.594939,0.455869,0.890679,300.0,59.4939,45.5869,89.0679,0.603068089761223,0.49722581498021107,1.5671382950273456,Assembly,1.5671382950273456,48,0.5586592178770949
5,6408,2.999177,0.217789,1.043573,0,6651,2.998407,0.044516,24.175695,243,6408,3.009058,0.747374,0.444878,0.346076,0.669516,243.0,44.4878,34.6076,66.9516,0.44794478318215075,0.3594072090923901,0.9236953621896236,Assembly,0.9236953621896236,0,0.0
6,4302,3.009312,0.011019,23.774867,102,4212,2.998394,0.000106,2.225768,12,4200,2.996761,0.084682,0.299673,0.219063,0.437423,114.0,29.9673,21.9063,43.7423,0.29982816340992485,0.2190947438261253,0.46622306094531213,Assembly,0.46622306094531213,102,2.3709902370990235
11,4422,2.996619,0.011649,18.587766,280,4164,3.000703,3.5e-05,4.185371,22,4142,3.007356,0.074485,0.306073,0.216797,0.433512,302.0,30.6073,21.6797,43.3512,0.30623703471841496,0.21680748145202253,0.45884409583514296,Assembly,0.45884409583514296,280,6.331976481230213
18,12798,2.997019,5.091489,171.109316,3268,13140,3.002306,0.979986,218.269624,3610,9530,2.997074,2.882935,0.885547,0.684298,0.992856,6878.0,88.5547,68.4298,99.2856,0.957242507290568,0.9777744640492185,1.9733324141301978,Assembly,1.9733324141301978,3268,25.53523988123144
6,4296,2.994201,0.020141,2.57087,12,4434,3.005346,0.0,21.49234,150,4284,2.989978,0.114085,0.297757,0.230957,0.445242,162.0,29.7757,23.0957,44.5242,0.29804061432428497,0.230957,0.4840419215057029,Assembly,0.4840419215057029,12,0.27932960893854747
9,8096,2.995975,0.315227,20.092395,33,8404,3.003512,0.145463,11.962443,341,8063,3.007647,1.743493,0.560723,0.438221,0.842482,374.0,56.0723,43.822100000000006,84.2482,0.5651618507324053,0.48178281301568754,1.4354380550970107,Assembly,1.4354380550970107,33,0.4076086956521739
14,9534,3.001485,1.078293,24.221545,259,10304,3.000925,0.282583,70.689233,1029,9275,2.989728,2.698755,0.6599,0.536858,0.964028,1288.0,65.99000000000001,53.68579999999999,96.4028,0.6750839203900605,0.6214831473392683,1.88186542089778,Assembly,1.88186542089778,259,2.7165932452276063
8,5432,3.009491,0.049566,0.347562,26,5768,3.000631,0.00623,43.566517,362,5406,3.008894,0.306415,0.37783,0.299715,0.565019,388.0,37.783,29.971500000000002,56.501900000000006,0.3785279607565418,0.3015806984600052,0.6692297020920364,Assembly,0.6692297020920364,26,0.4786450662739323
17,6048,2.997057,0.075314,77.234291,631,5456,2.99719,0.008084,0.228678,39,5417,2.995428,0.357518,0.418459,0.283255,0.563925,670.0,41.8459,28.325499999999998,56.3925,0.4195195297263889,0.2856759159471399,0.6855156590426077,Assembly,0.6855156590426077,631,10.433201058201059
9,6399,2.997496,0.11603,1.689311,36,6723,3.005129,0.035745,23.571965,360,6363,3.011219,0.52044,0.443499,0.35024,0.666033,396.0,44.3499,35.024,66.6033,0.4451328697208075,0.36094455721555135,0.8430328785855111,Assembly,0.8430328785855111,36,0.5625879043600562
19,13984,2.995362,15.431717,190.228692,4406,12920,3.002373,1.232269,172.078722,3342,9578,2.996645,2.920294,0.955392,0.67283,0.997687,7748.0,95.53920000000001,67.283,99.7687,1.1726928286337226,1.041857668637579,1.990869083302583,Assembly,1.990869083302583,4406,31.507437070938217
8,5768,3.005925,0.069959,0.162359,47,5928,2.995285,0.006771,36.956579,207,5721,2.987654,0.358198,0.399257,0.307621,0.593975,254.0,39.9257,30.762099999999997,59.3975,0.4002421236042228,0.30964871176126724,0.7157969247359405,Assembly,0.7157969247359405,47,0.8148404993065187
5,3605,3.00621,0.003449,13.022076,20,3645,3.001186,0.0,6.878386,60,3585,2.995576,0.046735,0.250547,0.189691,0.372917,80.0,25.0547,18.9691,37.2917,0.25059556689362295,0.189691,0.38881141496751565,Assembly,0.38881141496751565,20,0.5547850208044383
16,10944,2.998494,2.611896,82.971796,1431,11888,3.001372,0.696022,124.454956,2375,9513,3.000242,2.835752,0.758462,0.618569,0.99219,3806.0,75.8462,61.8569,99.21900000000001,0.7952412621589098,0.827006748560148,1.9566196358823689,Assembly,1.9566196358823689,1431,13.075657894736842
17,12206,3.00191,4.189952,149.017814,2727,12512,2.996036,0.904686,158.766463,3033,9479,2.998339,2.907982,0.844142,0.650071,0.988022,5760.0,84.4142,65.0071,98.8022,0.9031425662711104,0.920997368697952,1.977016813866827,Assembly,1.977016813866827,2727,22.341471407504507
6,4464,2.991691,0.019616,3.93768,50,4452,3.006945,0.0,12.738941,38,4414,3.008599,0.108466,0.308701,0.232057,0.462161,88.0,30.8701,23.2057,46.2161,0.30897722156720986,0.232057,0.4990499186662363,Assembly,0.4990499186662363,50,1.1200716845878136
5,3795,3.00071,0.004321,26.891859,181,3640,2.991426,0.0,0.073268,26,3614,2.995465,0.024894,0.26345,0.189051,0.376975,207.0,26.345000000000002,18.9051,37.6975,0.2635108459110886,0.189051,0.3854413649556293,Assembly,0.3854413649556293,181,4.769433465085639
11,9607,3.001412,0.828066,59.733268,452,9217,2.999349,0.239842,6.27355,62,9155,3.000917,2.436291,0.667467,0.479296,0.955168,514.0,66.7467,47.9296,95.5168,0.6791273633907629,0.5511214975994481,1.7837423048170264,Assembly,1.7837423048170264,452,4.704902675132716
20,4970,3.01276,0.024136,15.249818,108,4907,3.000886,0.003864,7.096743,45,4862,2.999118,0.136201,0.345727,0.255264,0.507349,153.0,34.5727,25.5264,50.7349,0.3460668696852659,0.2564211523032841,0.553670498084746,Assembly,0.553670498084746,108,2.1730382293762576
5,3615,2.998158,0.001947,2.310265,5,3695,3.001009,0.0,13.398866,85,3610,3.007523,0.034931,0.250588,0.19249,0.376985,90.0,25.058799999999998,19.249,37.6985,0.25061541656766706,0.19249,0.3888649146085437,Assembly,0.3888649146085437,5,0.13831258644536654
5,3590,2.992515,0.002928,9.527355,26,3680,3.003453,0.0,16.067507,116,3564,2.99451,0.01209,0.248331,0.191478,0.371314,142.0,24.833099999999998,19.1478,37.1314,0.24837223046231596,0.191478,0.3754257679888149,Assembly,0.3754257679888149,26,0.724233983286908
2,4302,2.99806,0.001522,7.418653,16,4476,2.997033,5e-05,11.540843,190,4286,2.996467,0.06899,0.29831,0.232688,0.446561,206.0,29.831000000000003,23.2688,44.656099999999995,0.2983314319547968,0.23270297350288927,0.47002426497504873,Assembly,0.47002426497504873,16,0.3719200371920037
16,2940,2.995401,0.0,0.029428,12,3040,3.011663,0.0,41.500855,112,2928,3.02373,0.001025,0.203549,0.158606,0.307525,124.0,20.3549,15.8606,30.752499999999998,0.203549,0.158606,0.30787359902303846,Assembly,0.30787359902303846,12,0.40816326530612246
9,6363,3.002652,0.1805,1.018449,27,6696,2.997808,0.042606,22.666206,360,6336,2.998825,0.827354,0.441263,0.348313,0.660242,387.0,44.1263,34.8313,66.0242,0.4438047002896299,0.3610722212820193,0.9416222888848605,Assembly,0.9416222888848605,27,0.4243281471004243
6,2148,2.99377,0.0,10.774952,6,2163,3.004209,0.0,7.118465,21,2142,3.018999,0.0,0.148762,0.112516,0.224577,27.0,14.8762,11.2516,22.4577,0.148762,0.112516,0.224577,Assembly,0.224577,6,0.27932960893854747
8,5976,2.996022,0.144423,0.249824,15,6957,3.001461,0.031028,133.023677,996,5961,3.00151,0.638497,0.41445,0.362063,0.622241,1011.0,41.445,36.2063,62.22410000000001,0.416483684104871,0.371354956952976,0.839391663817564,Assembly,0.839391663817564,15,0.25100401606425704
6,4440,2.993576,0.039462,0.283062,0,4494,2.994911,0.000154,27.936335,54,4440,3.007969,0.191054,0.307673,0.233323,0.463729,54.0,30.7673,23.3323,46.3729,0.3082286818660907,0.233369118388899,0.5287058173147264,Assembly,0.5287058173147264,0,0.0
18,6525,2.99233,0.111885,1.572976,153,6408,2.999,0.031349,12.901421,36,6372,2.994935,0.540726,0.451319,0.333577,0.662872,189.0,45.1319,33.3577,66.2872,0.4528945021435194,0.34296508684152527,0.8467710783722024,Assembly,0.8467710783722024,153,2.344827586206897
15,11310,3.001131,2.75265,129.778768,1773,10710,3.003614,0.488847,70.369669,1173,9537,2.994056,2.882226,0.779447,0.557479,0.992651,2946.0,77.9447,55.747899999999994,99.26509999999999,0.8182082814529075,0.7038740393383868,1.9728862856352376,Assembly,1.9728862856352376,1773,15.676392572944298
10,719,2.984454,0.0,1.458047,2,742,2.992917,0.0,46.391596,25,717,3.00092,0.0,0.04957,0.038548,0.07471,27.0,4.957000000000001,3.8548,7.471,0.04957000000000001,0.038548,0.07471,Assembly,0.07471,2,0.27816411682892905
1,11808,2.999289,3.856838,146.647897,2245,10704,2.998077,0.404342,74.752308,1141,9563,2.996407,2.927146,0.813585,0.555699,0.99612,3386.0,81.3585,55.569900000000004,99.612,0.8678948407847961,0.6767873221052026,1.9916324252595192,Assembly,1.9916324252595192,2245,19.012533875338754
5,3640,3.001434,0.003969,31.99309,195,3460,3.008452,0.0,0.169743,15,3445,2.99434,0.017664,0.252237,0.180371,0.358374,210.0,25.223699999999997,18.0371,35.8374,0.25229288924348775,0.18037099999999998,0.3643814664809286,Assembly,0.3643814664809286,195,5.357142857142857
10,2956,2.993324,0.0,76.94336,196,2772,3.009346,0.0,0.045518,12,2760,2.998206,0.007921,0.204319,0.144421,0.287328,208.0,20.4319,14.4421,28.732799999999997,0.204319,0.144421,0.2900219052307198,Assembly,0.2900219052307198,196,6.630581867388363
11,7300,3.013875,0.208976,33.727216,320,7050,2.988673,0.039093,1.466918,70,6980,3.000398,1.104222,0.508474,0.365681,0.728322,390.0,50.8474,36.5681,72.8322,0.5114166834333834,0.37738818296901805,1.1038641565049767,Assembly,1.1038641565049767,320,4.383561643835616
6,4302,3.007729,0.006517,0.081592,18,4650,3.000699,0.000252,44.641669,366,4284,3.004997,0.070085,0.299101,0.241964,0.44709,384.0,29.9101,24.1964,44.708999999999996,0.2991927687578256,0.242039466454562,0.47092567076063624,Assembly,0.47092567076063624,18,0.41841004184100417
6,7667,2.991891,0.370218,1.881076,33,7744,2.992495,0.077186,20.403352,110,7634,2.99011,1.329831,0.530549,0.401986,0.793437,143.0,53.0549,40.1986,79.3437,0.5357622033120566,0.4251008958802503,1.245708012103698,Assembly,1.245708012103698,33,0.430416068866571
13,14174,3.003471,15.469663,211.844202,4617,13148,2.992618,1.205542,185.527668,3591,9557,2.998794,2.927092,0.972885,0.68144,0.995982,8208.0,97.2885,68.144,99.5982,1.1907201630336688,1.0424637324031394,1.9914760600426957,Assembly,1.9914760600426957,4617,32.57372654155496
9,6408,2.990199,0.136958,6.433962,86,6336,3.006497,0.012311,2.630096,14,6322,2.999492,0.402521,0.442843,0.330296,0.658968,100.0,44.2843,33.029599999999995,65.8968,0.44477156613998414,0.3339827758814002,0.7958640266853403,Assembly,0.7958640266853403,86,1.3420724094881398
5,3545,2.998609,0.0,6.103544,5,3560,3.008628,0.0,20.561001,20,3540,2.989926,0.01721,0.245817,0.185534,0.367512,25.0,24.5817,18.5534,36.7512,0.245817,0.185534,0.3733650626209681,Assembly,0.3733650626209681,5,0.14104372355430184
16,12427,3.00812,3.153438,157.791569,2847,12291,2.998127,0.64517,179.235789,2711,9580,2.995139,2.918333,0.859306,0.639397,0.997362,5558.0,85.9306,63.9397,99.7362,0.9037109544483656,0.8326060971816274,1.989877153854604,Assembly,1.989877153854604,2847,22.9097931922427
1,738,2.988723,0.0,0.016118,3,768,3.003999,0.0,49.246106,33,735,3.008383,0.0,0.051043,0.040053,0.076931,36.0,5.104299999999999,4.0053,7.6931,0.05104299999999999,0.040053,0.076931,Assembly,0.076931,3,0.40650406504065045
16,13642,3.006611,8.642775,211.559544,4126,13680,3.002259,1.798229,196.386333,4164,9516,3.000468,2.928369,0.935583,0.713054,0.992485,8290.0,93.5583,71.30539999999999,99.24849999999999,1.0572857352947713,1.2515697425419976,1.9884133634109105,Assembly,1.9884133634109105,4126,30.24483213605043
3,6804,3.000967,0.172595,76.135907,624,6201,3.000025,0.025671,0.443459,21,6180,2.994809,0.622258,0.472199,0.322854,0.643529,645.0,47.219899999999996,32.285399999999996,64.3529,0.47462938649024194,0.33054169585341775,0.8551568350028109,Assembly,0.8551568350028109,624,9.171075837742503
2,12461,3.003215,4.972567,162.501148,2954,13158,3.004637,1.107041,210.273526,3651,9507,2.996141,2.886135,0.863168,0.686385,0.990135,6605.0,86.3168,68.63850000000001,99.0135,0.9331889140393583,1.017910632241186,1.9716997232752935,Assembly,1.9716997232752935,2954,23.705962603322366
10,11536,3.005234,2.947959,129.058611,1957,11984,3.005713,0.600483,139.690334,2405,9579,2.996177,2.920647,0.801589,0.624945,0.997686,4362.0,80.1589,62.494499999999995,99.76859999999999,0.8431005138178234,0.804771678709356,1.9909881374051515,Assembly,1.9909881374051515,1957,16.964285714285715
7,9926,2.992433,1.39361,77.915919,635,9912,3.006838,0.299339,36.140528,621,9291,2.995727,2.793724,0.687567,0.516118,0.967343,1256.0,68.75670000000001,51.611799999999995,96.73429999999999,0.7071910384522502,0.6057610676275264,1.9174790556479673,Assembly,1.9174790556479673,635,6.397340318355833
19,14345,3.0012,20.492758,221.213439,4798,13756,3.000508,1.914699,194.015706,4209,9547,3.002322,2.929458,0.973599,0.713977,0.996228,9007.0,97.3599,71.3977,99.6228,1.2621665841768186,1.287372020172303,1.9925267286168509,Assembly,1.9925267286168509,4798,33.44719414430115
19,13528,3.002723,9.31098,212.129304,3982,13547,2.993625,1.16887,193.405068,4001,9546,3.004667,2.92075,0.929835,0.698477,0.997115,7983.0,92.98349999999999,69.8477,99.7115,1.0609470252783288,1.0485185664440206,1.990452167355759,Assembly,1.990452167355759,3982,29.43524541691307
14,10220,2.992828,1.258877,48.278112,821,10024,2.997984,0.260152,59.199793,625,9399,3.004715,2.779193,0.70806,0.521732,0.981766,1446.0,70.806,52.173199999999994,98.17660000000001,0.7257868035208224,0.5996397344730764,1.926960111839409,Assembly,1.926960111839409,821,8.033268101761253
15,10305,3.000291,1.552457,41.890043,801,10215,3.009019,0.356482,69.948853,711,9504,3.003643,2.913475,0.713235,0.533631,0.992109,1512.0,71.3235,53.363099999999996,99.2109,0.7350958332772187,0.640386685139577,1.9829719645337054,Assembly,1.9829719645337054,801,7.77292576419214
3,2232,3.003197,0.0,2.045002,36,2199,2.99004,0.0,23.666436,3,2196,2.990794,0.000559,0.155165,0.114151,0.228361,39.0,15.5165,11.4151,22.836100000000002,0.155165,0.114151,0.22855111400378392,Assembly,0.22855111400378392,36,1.6129032258064515
13,1412,2.989842,0.0,5.547457,6,1520,2.990978,0.0,40.939993,114,1406,2.994179,0.0,0.097583,0.078918,0.146311,120.0,9.7583,7.8918,14.6311,0.097583,0.078918,0.146311,Assembly,0.146311,6,0.424929178470255
18,7380,2.994474,0.403099,48.615158,37,7480,2.993532,0.072969,3.06459,137,7343,3.003356,1.091583,0.511477,0.388277,0.766749,174.0,51.14769999999999,38.8277,76.67490000000001,0.5171532152080306,0.4101290306465678,1.1379926754784564,Assembly,1.1379926754784564,37,0.5013550135501356
7,2832,3.005675,0.0,15.319055,180,2660,3.000376,0.0,6.597186,8,2652,2.989547,0.003808,0.196585,0.13857,0.275395,188.0,19.6585,13.857,27.5395,0.196585,0.13857,0.27669008788266397,Assembly,0.27669008788266397,180,6.3559322033898304
9,6588,3.003037,0.122126,8.146256,81,6543,3.004132,0.039479,2.347631,36,6507,2.995627,0.651435,0.4574,0.340849,0.676972,117.0,45.739999999999995,34.084900000000005,67.6972,0.45911971019153097,0.3526717784113234,0.8985228337298292,Assembly,0.8985228337298292,81,1.2295081967213115
13,11328,3.002766,2.106686,107.356239,1823,11600,3.003457,0.7557,130.754502,2095,9505,2.996532,2.888667,0.787129,0.60335,0.990038,3918.0,78.71289999999999,60.33500000000001,99.0038,0.816794176821935,0.8296595226686856,1.9724638478863505,Assembly,1.9724638478863505,1823,16.09286723163842
15,11070,3.001101,2.035965,96.719524,1519,10515,3.001279,0.421899,51.856908,964,9551,2.996692,2.899787,0.767052,0.546452,0.994557,2483.0,76.70519999999999,54.6452,99.45570000000001,0.7957213231588718,0.672798117909747,1.9807647221655582,Assembly,1.9807647221655582,1519,13.721770551038844
15,11205,3.000376,1.868778,110.23183,1680,10140,2.999787,0.435266,60.98607,615,9525,3.007927,2.922477,0.775432,0.526088,0.995767,2295.0,77.5432,52.6088,99.5767,0.8017470891072245,0.6564371341721689,1.989691514197503,Assembly,1.989691514197503,1680,14.99330655957162
18,5416,2.995602,0.077527,0.268502,8,5936,3.001359,0.006811,76.926597,528,5408,2.993305,0.413654,0.37556,0.309157,0.562469,536.0,37.556,30.9157,56.2469,0.3766516919576406,0.3111966905635787,0.70315132222045,Assembly,0.70315132222045,8,0.14771048744460857
10,10388,3.000332,1.578676,35.181145,1009,10192,3.009276,0.367654,57.404858,813,9379,3.005188,2.777768,0.71651,0.532475,0.979817,1822.0,71.651,53.2475,97.9817,0.7387400346062704,0.6425763646251593,1.9245264741732337,Assembly,1.9245264741732337,1009,9.713130535232962
4,10360,2.996997,1.157785,83.380896,943,9506,3.003109,0.204437,10.229258,89,9417,2.997853,2.774055,0.717467,0.495243,0.981169,1032.0,71.74669999999999,49.5243,98.1169,0.7337702823813249,0.5564657602035438,1.9246156954683147,Assembly,1.9246156954683147,943,9.102316602316602
13,3725,3.004758,0.00175,50.363536,270,3475,3.018274,0.0,0.181688,20,3455,2.988554,0.018869,0.258976,0.182092,0.359837,290.0,25.897599999999997,18.2092,35.9837,0.2590006425235837,0.182092,0.36625428289337864,Assembly,0.36625428289337864,270,7.248322147651007
17,12331,2.990327,4.591129,157.467524,2747,14497,2.996619,1.497685,208.507815,4913,9584,2.994288,2.930751,0.851848,0.752508,0.997673,7660.0,85.18480000000001,75.2508,99.7673,0.9164977169475252,1.2010198134948395,1.994411473530791,Assembly,1.994411473530791,2747,22.277187576027895
12,8808,3.003969,0.675579,13.657614,181,8700,2.994024,0.181862,9.479433,73,8627,2.99823,2.089,0.611952,0.451748,0.899066,254.0,61.19520000000001,45.1748,89.9066,0.6214651265372183,0.5062102236490307,1.609527813782823,Assembly,1.609527813782823,181,2.054950045413261
20,1504,2.989499,0.0,3.151856,13,1498,3.008179,0.0,9.739134,7,1491,2.989521,0.0,0.103892,0.078195,0.155145,20.0,10.3892,7.8195,15.5145,0.10389200000000001,0.078195,0.155145,Assembly,0.155145,13,0.8643617021276596
3,14220,2.999726,10.018246,221.53914,4642,13920,2.997618,1.497901,215.877575,4342,9578,2.995188,2.91942,0.973112,0.723659,0.997499,8984.0,97.3112,72.36590000000001,99.7499,1.114183350469716,1.1722354990273214,1.9903838388673285,Assembly,1.9903838388673285,4642,32.64416315049227
9,2800,3.002249,0.0,16.241741,49,2772,3.003893,0.0,0.973889,21,2751,2.999798,0.002665,0.194467,0.144194,0.286964,70.0,19.4467,14.4194,28.6964,0.194467,0.144194,0.2878703574599001,Assembly,0.2878703574599001,49,1.7500000000000002
3,2205,2.99113,0.0,13.73221,12,2262,3.004722,0.0,7.404013,69,2193,2.973301,0.001291,0.15248,0.117998,0.226885,81.0,15.248000000000001,11.799800000000001,22.6885,0.15248,0.117998,0.22732406472072458,Assembly,0.22732406472072458,12,0.5442176870748299
16,7270,3.003597,0.200502,47.645536,250,7050,3.00388,0.049286,0.562444,30,7020,2.999773,1.031128,0.505011,0.366974,0.73171,280.0,50.5011,36.6974,73.17099999999999,0.5078343572934703,0.38173368126802815,1.0823931350513427,Assembly,1.0823931350513427,250,3.43878954607978
3,4326,2.994686,0.014224,5.868459,35,4332,2.998077,0.00176,12.175127,41,4291,3.000323,0.138761,0.299604,0.224953,0.448149,76.0,29.9604,22.4953,44.8149,0.29980429443168805,0.22548006730170292,0.4953411454008226,Assembly,0.4953411454008226,35,0.8090614886731391
4,7744,2.999687,0.428757,2.395274,63,8404,3.00075,0.114674,69.974982,723,7681,3.001089,1.463046,0.537084,0.437064,0.801734,786.0,53.7084,43.7064,80.1734,0.5431215168480934,0.47140542940652225,1.2993109817174266,Assembly,1.2993109817174266,63,0.8135330578512397
6,5439,3.010361,0.048727,8.541487,217,5236,3.002729,0.003064,15.972779,14,5222,2.999684,0.24908,0.378178,0.272956,0.544832,231.0,37.8178,27.295599999999997,54.4832,0.37886414642666366,0.2738735762570555,0.6295432630813909,Assembly,0.6295432630813909,217,3.9897039897039894
2,5327,3.003466,0.044421,37.963667,520,4865,3.000852,0.001462,4.752867,58,4807,3.001038,0.179233,0.370249,0.25281,0.501883,578.0,37.0249,25.281,50.1883,0.37087451173720587,0.25324782522448275,0.5628395353134211,Assembly,0.5628395353134211,520,9.761591890369814
14,9520,2.991306,1.102458,29.786785,295,9394,3.000154,0.330345,30.906285,169,9225,3.003389,2.693567,0.658519,0.489326,0.962941,464.0,65.8519,48.9326,96.2941,0.6740431984371458,0.588254436239231,1.8790139996962938,Assembly,1.8790139996962938,295,3.0987394957983194
3,2232,3.001656,0.0,20.648006,123,2112,2.990724,0.0,2.751278,3,2109,3.000643,0.000406,0.155086,0.10966,0.219868,126.0,15.5086,10.966,21.986800000000002,0.155086,0.10966,0.22000607922278406,Assembly,0.22000607922278406,123,5.510752688172043
2,11216,2.999946,1.930298,111.558727,1676,10880,3.000953,0.552451,102.175067,1340,9540,3.002736,2.913178,0.778847,0.56639,0.995738,3016.0,77.8847,56.638999999999996,99.5738,0.8060283794220058,0.7318325328937911,1.9864999558411762,Assembly,1.9864999558411762,1676,14.942938659058488
16,10736,2.999286,2.181042,83.075846,1338,11760,2.994851,0.562916,150.013874,2362,9398,3.000076,2.833461,0.744794,0.610866,0.980067,3700.0,74.4794,61.086600000000004,98.0067,0.7755062165268422,0.7794424870485189,1.9437174745538015,Assembly,1.9437174745538015,1338,12.46274217585693
18,12294,3.001483,2.993442,156.344507,2743,12816,2.999812,1.231722,190.294969,3265,9551,2.996614,2.891005,0.84473,0.665846,0.994657,6008.0,84.473,66.58460000000001,99.4657,0.886881980046484,1.0347098585159702,1.9778779937554862,Assembly,1.9778779937554862,2743,22.31169676264845
4,2696,3.005488,6.4e-05,0.107698,8,2956,2.993253,0.0,74.7109,268,2688,2.992024,0.011022,0.187472,0.153485,0.279368,276.0,18.7472,15.348500000000001,27.9368,0.18747290121229107,0.153485,0.2831165448116392,Assembly,0.2831165448116392,8,0.2967359050445104
3,8470,3.000103,0.444723,58.116948,589,7920,2.998699,0.117016,1.476775,39,7881,2.994638,1.465916,0.587894,0.411586,0.820636,628.0,58.7894,41.1586,82.06360000000001,0.5941563411518288,0.4466287882818564,1.3191890589819344,Assembly,1.3191890589819344,589,6.9539551357733185
12,13832,2.997672,16.016333,206.483741,4245,14022,2.999628,1.692888,227.82832,4435,9587,2.994356,2.916199,0.95978,0.728091,0.997743,8680.0,95.978,72.8091,99.77430000000001,1.1853130649579455,1.2350602671847897,1.9895323876934685,Assembly,1.9895323876934685,4245,30.689705031810295
7,4998,2.996642,0.028878,0.129627,18,5411,3.005491,0.001631,75.177087,431,4980,3.006439,0.195237,0.346416,0.282141,0.520385,449.0,34.6416,28.2141,52.0385,0.3468226438834566,0.28262943566424853,0.5867844414253313,Assembly,0.5867844414253313,18,0.36014405762304924
19,3984,2.999705,0.010651,4.065384,18,4410,3.005062,0.0,24.305089,444,3966,3.006335,0.066155,0.276471,0.230075,0.414248,462.0,27.647100000000002,23.0075,41.4248,0.27662098143925123,0.230075,0.4367470910918155,Assembly,0.4367470910918155,18,0.4518072289156626
11,8338,2.999924,0.653392,80.525656,785,7579,3.005096,0.063228,1.604427,26,7553,2.994828,1.322291,0.579013,0.395345,0.786321,811.0,57.9013,39.5345,78.63210000000001,0.5882137015825034,0.41427989281367694,1.2360276836805664,Assembly,1.2360276836805664,785,9.414727752458624
13,9204,3.006498,0.999116,10.42497,178,9672,2.997871,0.225189,51.628286,646,9026,3.000859,2.4659,0.63583,0.502906,0.941603,824.0,63.583,50.2906,94.16029999999999,0.6498989940530409,0.5703433628427135,1.7802472252786326,Assembly,1.7802472252786326,178,1.933941764450239
3,2262,2.992208,0.0,53.466577,108,2163,3.000809,0.0,0.071416,9,2154,3.000041,2.5e-05,0.156428,0.112399,0.224397,117.0,15.642800000000001,11.2399,22.439700000000002,0.156428,0.112399,0.22440550241519608,Assembly,0.22440550241519608,108,4.774535809018567
7,10794,3.000833,1.993452,96.472683,1325,10304,2.997477,0.400887,49.933502,835,9469,3.00195,2.884059,0.749538,0.535545,0.988086,2160.0,74.9538,53.554500000000004,98.8086,0.7776086788130933,0.655598653055553,1.9689446827174129,Assembly,1.9689446827174129,1325,12.275338150824531
6,11040,3.003439,1.869532,75.67421,1474,11088,3.000124,0.454336,81.310354,1522,9566,2.993557,2.877047,0.76491,0.574586,0.995371,2996.0,76.491,57.458600000000004,99.5371,0.7912357065145285,0.7106460281741431,1.9738449253032218,Assembly,1.9738449253032218,1474,13.351449275362318
18,12906,3.00276,8.321438,141.447486,3414,13302,2.99516,1.100461,208.796501,3810,9492,3.004324,2.877629,0.88208,0.687479,0.991085,7224.0,88.208,68.7479,99.10849999999999,0.9992578469514537,1.0170341192609558,1.9697568615289858,Assembly,1.9697568615289858,3414,26.452812645281266
8,5776,3.000536,0.097518,19.972772,33,5832,3.001169,0.014464,2.485526,89,5743,2.988747,0.366794,0.400917,0.303622,0.597452,122.0,40.0917,30.3622,59.7452,0.4022901940656185,0.30795353491581295,0.7221973951769539,Assembly,0.7221973951769539,33,0.5713296398891967
17,10612,2.996321,1.653886,69.600881,1244,9562,3.002199,0.328569,28.233524,194,9368,2.999546,2.758053,0.735713,0.498398,0.976688,1438.0,73.5713,49.839800000000004,97.6688,0.7590020998626862,0.5967945774166037,1.9146924695496201,Assembly,1.9146924695496201,1244,11.722578213343384
13,9087,3.004619,0.963679,12.977038,139,9997,3.001351,0.254282,40.558004,1049,8948,3.000353,2.442961,0.632029,0.520233,0.933233,1188.0,63.20289999999999,52.02329999999999,93.3233,0.6455989899911926,0.5963828452338741,1.7640757491913353,Assembly,1.7640757491913353,139,1.5296577528337185
2,10206,3.0082,1.261567,81.167345,805,10010,2.998718,0.282958,32.141356,609,9401,3.000774,2.787663,0.710499,0.519267,0.980827,1414.0,71.0499,51.926700000000004,98.0827,0.728263682599931,0.6040044486109382,1.9289017301078344,Assembly,1.9289017301078344,805,7.887517146776406
20,14580,3.004005,26.435188,215.038464,5140,13380,2.997811,1.267396,223.76708,3940,9440,2.998765,2.866466,0.968489,0.696367,0.984012,9080.0,96.8489,69.63669999999999,98.4012,1.3407345678449933,1.0759141533574188,1.958887363095641,Assembly,1.958887363095641,5140,35.25377229080932
9,3330,2.999349,0.002699,0.513928,25,3550,3.001741,1e-06,79.277651,245,3305,2.996325,0.0164,0.230859,0.18494,0.344321,270.0,23.085900000000002,18.494,34.4321,0.23089700581208708,0.18494029947005777,0.34989858436861576,Assembly,0.34989858436861576,25,0.7507507507507507
13,9789,2.999534,0.786275,11.054732,404,10101,2.999394,0.224611,51.166411,716,9385,3.000686,2.812138,0.67866,0.525987,0.978667,1120.0,67.866,52.5987,97.8667,0.6897318858461428,0.5932512691493134,1.9350655945847777,Assembly,1.9350655945847777,404,4.127081417918071
10,7020,3.002247,0.256955,6.657958,10,7260,3.001973,0.063022,44.50833,250,7010,3.005,1.163058,0.487378,0.377532,0.731425,260.0,48.7378,37.7532,73.1425,0.4909962969413953,0.39640520198177304,1.1269770805239936,Assembly,1.1269770805239936,10,0.14245014245014245
6,9568,3.001067,1.149452,30.710692,324,9438,2.999958,0.287694,18.788558,194,9244,3.000307,2.719354,0.662922,0.489993,0.964104,518.0,66.29220000000001,48.9993,96.4104,0.6791079417247408,0.5761487388046114,1.8889470709227263,Assembly,1.8889470709227263,324,3.38628762541806
8,12312,2.993952,3.75784,158.76281,2760,14058,2.998956,1.443658,238.070609,4506,9552,2.998447,2.915378,0.84538,0.730525,0.995412,7266.0,84.538,73.0525,99.5412,0.8982958061849468,1.1628573446828492,1.9869221683784297,Assembly,1.9869221683784297,2760,22.417153996101362
13,8592,3.001791,0.571844,2.412499,108,9120,3.00069,0.144899,59.170166,636,8484,2.998922,2.007516,0.594521,0.474478,0.884459,744.0,59.452099999999994,47.4478,88.4459,0.6025733881463885,0.5178709119030963,1.5672083817893911,Assembly,1.5672083817893911,108,1.2569832402234637
11,7942,3.001365,0.515119,12.739967,343,7634,3.000231,0.130933,10.848235,35,7599,3.000208,1.518999,0.550044,0.397551,0.792513,378.0,55.0044,39.7551,79.2513,0.5572976183462264,0.4367615130760606,1.3091194072160337,Assembly,1.3091194072160337,343,4.318811382523294
1,729,3.000721,0.0,25.634101,13,724,3.002231,0.0,1.88209,8,716,2.996578,0.0,0.050637,0.037704,0.074807,21.0,5.0637,3.7704,7.4807,0.050637,0.037704,0.074807,Assembly,0.074807,13,1.7832647462277091
19,6750,3.00404,0.140016,79.473926,617,6165,3.009253,0.022882,0.326666,32,6133,3.010109,0.697125,0.469381,0.321698,0.642048,649.0,46.9381,32.169799999999995,64.20479999999999,0.47135262718976634,0.3285504738622533,0.8791378477421495,Assembly,0.8791378477421495,617,9.14074074074074
16,5920,2.99853,0.089308,15.053695,62,5896,3.000511,0.014813,1.767456,38,5858,3.001563,0.464087,0.410429,0.306372,0.611353,100.0,41.042899999999996,30.637199999999996,61.1353,0.41168658542640585,0.31080804996598016,0.7691874144437669,Assembly,0.7691874144437669,62,1.0472972972972974
8,5784,2.998877,0.070234,7.435158,48,5760,2.995172,0.015727,9.990441,24,5736,2.998569,0.423808,0.40085,0.29889,0.597856,72.0,40.085,29.889,59.7856,0.40183899600078593,0.30359976559879637,0.741991663176482,Assembly,0.741991663176482,48,0.8298755186721992
14,13626,3.001115,9.406845,219.176049,4066,12474,2.997453,0.919941,166.873639,2914,9560,3.000715,2.92534,0.943259,0.64898,0.997283,6980.0,94.32589999999999,64.898,99.7283,1.075720942720242,0.9244747844294736,1.9921812107857557,Assembly,1.9921812107857557,4066,29.84001174225745
18,4314,2.98908,0.004026,4.736307,97,4242,2.995741,1.7e-05,24.326371,25,4217,3.003763,0.08167,0.298505,0.220422,0.440414,122.0,29.850500000000004,22.0422,44.0414,0.2985616918856845,0.22042709099098237,0.4681896899624908,Assembly,0.4681896899624908,97,2.24849327770051
7,4963,3.004717,0.019939,0.113127,32,5376,3.002752,0.001149,44.501545,445,4931,3.010253,0.157518,0.34424,0.279982,0.515769,477.0,34.424,27.9982,51.5769,0.3445207698729913,0.28032609109639584,0.5693403374741229,Assembly,0.5693403374741229,32,0.6447713076768083
10,2229,3.005238,0.0,54.713587,194,2049,2.999232,0.0,1.054401,14,2035,2.999918,0.0,0.155019,0.106657,0.212437,208.0,15.5019,10.665700000000001,21.243699999999997,0.155019,0.10665700000000002,0.21243699999999996,Assembly,0.21243699999999996,194,8.70345446388515
6,4398,2.986596,0.012873,0.092569,12,4542,3.003433,5.5e-05,46.958551,156,4386,2.994267,0.121801,0.304061,0.236839,0.456093,168.0,30.406100000000002,23.683899999999998,45.609300000000005,0.3042422704034815,0.23685547085317818,0.49751710693181506,Assembly,0.49751710693181506,12,0.2728512960436562
7,8173,3.00102,0.433972,53.137628,187,8052,2.99679,0.10562,1.772923,66,7986,2.997264,1.498396,0.566791,0.418926,0.832399,253.0,56.679100000000005,41.8926,83.2399,0.5729019515683728,0.4505560275033301,1.3419983968046565,Assembly,1.3419983968046565,187,2.2880215343203227
7,1446,3.017576,0.0,30.111646,9,1462,2.992662,0.0,4.781611,25,1437,3.008801,0.0,0.100945,0.075907,0.150506,34.0,10.0945,7.5907,15.0506,0.10094500000000001,0.075907,0.150506,Assembly,0.150506,9,0.6224066390041494
8,5047,3.004441,0.047495,0.779767,9,5103,3.011242,0.008781,57.34183,65,5038,3.011669,0.299835,0.351005,0.266534,0.527522,74.0,35.100500000000004,26.653399999999998,52.7522,0.35167379809006083,0.2691636465774166,0.6294948664124331,Assembly,0.6294948664124331,9,0.17832375668714087
18,13302,2.996397,11.524642,194.930941,3873,12474,3.003226,0.800662,168.331488,3045,9429,3.002203,2.852045,0.921581,0.64929,0.984419,6918.0,92.1581,64.929,98.4419,1.0838645784447707,0.8890642954068481,1.9543898299139455,Assembly,1.9543898299139455,3873,29.11592241768155
2,4284,2.999967,0.00906,22.839368,28,4278,2.998554,0.000189,0.325399,22,4256,3.002309,0.075255,0.296767,0.222228,0.444508,50.0,29.6767,22.2228,44.4508,0.29689457786495316,0.2222845998409215,0.4701019702231816,Assembly,0.4701019702231816,28,0.6535947712418301
11,5608,2.999625,0.045736,5.385595,34,5848,3.008312,0.009743,25.40371,274,5574,2.991181,0.256102,0.388989,0.305145,0.579938,308.0,38.8989,30.514499999999998,57.99379999999999,0.38963302883349865,0.3080627367730065,0.6670374214616603,Assembly,0.6670374214616603,34,0.6062767475035664
5,3705,2.994287,0.000506,25.280525,122,3610,2.995065,0.0,2.97893,27,3583,2.98707,0.019223,0.256802,0.187158,0.372458,149.0,25.6802,18.715799999999998,37.2458,0.2568091252096762,0.187158,0.37899567709255494,Assembly,0.37899567709255494,122,3.292847503373819
5,3630,2.99667,0.000897,0.383491,11,3620,3.008142,0.0,16.393028,1,3619,2.992813,0.024983,0.251659,0.189053,0.376178,12.0,25.1659,18.9053,37.6178,0.2516716310535169,0.189053,0.3846746335537273,Assembly,0.3846746335537273,11,0.30303030303030304
7,5467,2.999596,0.026764,106.985426,644,4851,3.00085,0.012504,0.178637,28,4823,2.998961,0.270433,0.379079,0.252124,0.502621,672.0,37.9079,25.212400000000002,50.2621,0.37945587571496764,0.25586857360255294,0.5945943459486501,Assembly,0.5945943459486501,644,11.7797695262484
13,9425,2.997128,1.009908,45.350314,388,9347,2.997629,0.220943,14.837532,310,9037,2.998913,2.465198,0.652417,0.485769,0.942108,698.0,65.24170000000001,48.5769,94.21079999999999,0.666637960975621,0.5519348129773552,1.7805134774599272,Assembly,1.7805134774599272,388,4.116710875331565
14,8676,2.996806,0.678741,6.127591,91,8748,2.996977,0.183701,38.469643,163,8585,3.002798,2.124644,0.600864,0.455166,0.896117,254.0,60.0864,45.516600000000004,89.6117,0.6104216520569734,0.5101789490852987,1.6187012172727584,Assembly,1.6187012172727584,91,1.048870447210696
6,4434,3.011513,0.00668,13.304811,0,4572,2.99492,0.000517,3.750975,138,4434,3.007056,0.124483,0.309098,0.237262,0.462961,138.0,30.909799999999997,23.7262,46.2961,0.30919206403287935,0.2374168260198752,0.5052972460340485,Assembly,0.5052972460340485,0,0.0
3,7667,3.01186,0.298307,10.499333,44,7700,2.99856,0.094042,9.783475,77,7623,2.993617,1.219226,0.532806,0.400804,0.7929,121.0,53.2806,40.0804,79.29,0.5370065927329564,0.4289667631742868,1.2075546267932868,Assembly,1.2075546267932868,44,0.5738880918220948
15,11265,2.996632,1.867035,90.380287,1664,11265,2.999084,0.414757,91.664894,1664,9601,2.989169,2.898302,0.780644,0.586171,0.997609,3328.0,78.0644,58.6171,99.76089999999999,0.8069345451537352,0.7103783027570412,1.9833116787029124,Assembly,1.9833116787029124,1664,14.771415889924544
9,1458,2.99966,0.0,5.403581,10,1454,3.012573,0.0,11.254977,6,1448,3.006422,0.0,0.101211,0.075995,0.151307,16.0,10.1211,7.599499999999999,15.1307,0.101211,0.075995,0.151307,Assembly,0.151307,10,0.6858710562414266
13,2876,2.991106,0.0,9.907448,8,3016,2.997239,0.0,17.956285,148,2868,3.009386,0.001346,0.199003,0.156748,0.299885,156.0,19.9003,15.6748,29.988500000000002,0.199003,0.156748,0.30034277003415594,Assembly,0.30034277003415594,8,0.27816411682892905
17,12104,2.998844,4.565881,140.555892,2561,12495,2.99822,0.891132,168.933969,2952,9543,3.001008,2.884792,0.839151,0.648827,0.995338,5513.0,83.9151,64.8827,99.5338,0.903445188698702,0.9156943515347242,1.9764459735309612,Assembly,1.9764459735309612,2561,21.15829477858559
5,13851,3.000251,13.657012,206.320296,4259,13072,2.998337,1.222686,178.992221,3480,9592,2.991384,2.917998,0.944267,0.675113,0.997489,7739.0,94.4267,67.51129999999999,99.74889999999999,1.1365774230242618,1.0412708470738181,1.9898902214909766,Assembly,1.9898902214909766,4259,30.748682405602484
7,10785,2.996624,1.924374,102.499911,1253,10785,2.995115,0.439624,76.244267,1253,9532,3.00566,2.905569,0.746521,0.560818,0.995889,2506.0,74.6521,56.0818,99.5889,0.7736189609593146,0.6924722246839993,1.984063160752103,Assembly,1.984063160752103,1253,11.617987946221604
12,4608,3.004605,0.004169,23.175772,253,4374,2.998602,9e-06,1.549222,19,4355,2.994735,0.090052,0.319897,0.227706,0.453805,272.0,31.9897,22.770599999999998,45.3805,0.31995570553189734,0.22770869523052006,0.4844313797294259,Assembly,0.4844313797294259,253,5.490451388888888
12,7728,2.997894,0.468608,1.63408,45,8472,3.002494,0.149375,82.418691,789,7683,2.995529,1.585505,0.53629,0.441002,0.800227,834.0,53.629000000000005,44.1002,80.0227,0.5428886763951407,0.4857353398817453,1.339451872217202,Assembly,1.339451872217202,45,0.5822981366459627
13,9828,3.002898,1.258882,46.787188,672,9243,2.9888,0.277369,10.857985,87,9156,3.003306,2.618942,0.682956,0.478752,0.9558,759.0,68.29560000000001,47.8752,95.58,0.7006828739280327,0.5618157104579735,1.8464932903360527,Assembly,1.8464932903360527,672,6.837606837606838
9,6462,3.002792,0.150619,0.529303,36,6741,2.997137,0.018865,28.390498,315,6426,2.992737,0.710505,0.448741,0.350626,0.668931,351.0,44.8741,35.062599999999996,66.8931,0.4508619327197993,0.356275502640128,0.9105713403550814,Assembly,0.9105713403550814,36,0.5571030640668524
9,6390,2.992319,0.13546,0.277507,20,6795,2.996477,0.020882,54.36441,425,6370,3.004721,0.596128,0.442614,0.353473,0.665823,445.0,44.2614,35.3473,66.5823,0.44452147213979654,0.35972653374668184,0.8685641106398885,Assembly,0.8685641106398885,20,0.3129890453834116
10,6760,3.002598,0.214816,27.956641,20,6910,2.999108,0.046246,4.435062,170,6740,3.004815,0.862604,0.469851,0.359394,0.703948,190.0,46.9851,35.9394,70.3948,0.47287591905494264,0.3732432922923594,0.9973166943113061,Assembly,0.9973166943113061,20,0.2958579881656805
12,8532,2.99792,0.597998,11.44797,118,8700,2.999468,0.14098,9.478861,286,8414,3.002043,1.866473,0.59085,0.450845,0.87806,404.0,59.085,45.0845,87.806,0.599270674181707,0.49306428874663394,1.512841135929472,Assembly,1.512841135929472,118,1.3830285982184716
14,9996,2.997869,1.318053,33.563304,568,10164,3.00007,0.338394,40.205706,736,9428,3.00395,2.79431,0.693674,0.529103,0.984411,1304.0,69.3674,52.9103,98.4411,0.7122340869354437,0.6304418707343484,1.934746352260163,Assembly,1.934746352260163,568,5.6822729091636655
14,10178,2.998802,1.075283,41.067787,654,10192,2.999967,0.366247,55.921205,668,9524,3.000612,2.904075,0.704793,0.530349,0.993299,1322.0,70.4793,53.03489999999999,99.32990000000001,0.7199345352494966,0.6400290102538547,1.9809650564199868,Assembly,1.9809650564199868,654,6.425623894674788
15,8352,2.997521,0.508676,6.309441,56,8436,3.000544,0.146273,29.250785,140,8296,3.005053,1.824804,0.578541,0.439455,0.866834,196.0,57.854099999999995,43.945499999999996,86.6834,0.5857038916151124,0.48325938376249383,1.4874436503772863,Assembly,1.4874436503772863,56,0.6704980842911877
6,4338,3.003691,0.013575,3.870322,31,4470,2.995811,0.0,50.665135,163,4307,3.011074,0.092683,0.301335,0.232242,0.451276,194.0,30.1335,23.2242,45.1276,0.30152615557579904,0.232242,0.48279717390465937,Assembly,0.48279717390465937,31,0.7146150299677271
11,7799,2.989042,0.392854,15.270313,53,8195,3.007038,0.100051,14.901103,449,7746,3.000701,1.320877,0.538287,0.427824,0.808118,502.0,53.8287,42.782399999999996,80.8118,0.5438189508342508,0.4577862787515213,1.2573437870770772,Assembly,1.2573437870770772,53,0.6795743043979997
2,1334,3.014437,0.0,14.793998,12,1350,2.998768,0.0,2.508159,28,1322,3.001946,0.0,0.092977,0.070251,0.13829,40.0,9.2977,7.025099999999999,13.828999999999999,0.092977,0.070251,0.13829,Assembly,0.13829,12,0.8995502248875562
2,1456,2.983524,0.0,38.223189,48,1416,3.009953,0.0,0.100847,8,1408,2.993911,0.0,0.100386,0.073957,0.146521,56.0,10.0386,7.3957,14.6521,0.100386,0.073957,0.146521,Assembly,0.146521,48,3.296703296703297
13,12032,2.999119,4.311683,163.833752,2470,11856,3.002688,0.688416,125.269725,2294,9562,3.000905,2.914688,0.834979,0.616511,0.997541,4764.0,83.4979,61.6511,99.7541,0.8956937142930327,0.8226709793006297,1.9888165017190182,Assembly,1.9888165017190182,2470,20.528590425531913
13,8476,3.000486,0.983273,5.497047,239,8710,2.993717,0.15847,102.924681,473,8237,2.996297,1.902707,0.588707,0.452696,0.857885,712.0,58.8707,45.2696,85.7885,0.6025529017666774,0.5001530200573066,1.5049891964180344,Assembly,1.5049891964180344,239,2.819726285983955
11,8688,3.001026,0.628363,11.897317,182,8712,3.002205,0.169084,20.6506,206,8506,3.001596,2.080288,0.603552,0.453813,0.887583,388.0,60.355199999999996,45.3813,88.7583,0.6124002571694888,0.5044485952506444,1.5950818921352998,Assembly,1.5950818921352998,182,2.094843462246777
8,700,2.987574,0.0,0.030287,2,746,3.00978,0.0,58.947796,48,698,2.985381,0.0,0.048351,0.038931,0.072442,50.0,4.8351,3.8931,7.244200000000001,0.048351,0.038931,0.072442,Assembly,0.072442,2,0.2857142857142857
13,8628,2.994539,0.711011,33.93937,445,8304,3.000779,0.113657,5.277855,121,8183,2.998558,1.788753,0.597758,0.432612,0.853008,566.0,59.775800000000004,43.2612,85.3008,0.6077700601918563,0.4666488683577541,1.461356827567959,Assembly,1.461356827567959,445,5.157626332869727
2,12087,3.000568,3.838373,171.276896,2629,12240,2.994513,0.685289,164.926663,2782,9458,2.996101,2.880991,0.839015,0.634813,0.985095,5411.0,83.9015,63.4813,98.5095,0.8930648269573831,0.8400365364299336,1.9649102663245521,Assembly,1.9649102663245521,2629,21.75064118474394
9,6345,2.998453,0.143033,15.956936,72,6300,2.995619,0.026511,0.578693,27,6273,3.005006,0.625263,0.440095,0.32744,0.654867,99.0,44.0095,32.744,65.4867,0.4421091109004246,0.33537925070195784,0.8675168253093773,Assembly,0.8675168253093773,72,1.1347517730496455
20,14260,2.998346,22.756286,225.671662,4707,15320,3.000837,2.441438,270.476479,5767,9553,3.005174,2.936778,0.979037,0.797239,0.997771,10474.0,97.9037,79.7239,99.77709999999999,1.2994783225324167,1.5283765789403074,1.9965592357862572,Assembly,1.9965592357862572,4707,33.008415147265076
4,2636,3.00246,0.0,0.025141,15,2936,3.001359,0.0,92.968032,315,2621,3.009436,0.004744,0.183029,0.152792,0.274319,330.0,18.3029,15.279200000000001,27.4319,0.183029,0.152792,0.27593241830760445,Assembly,0.27593241830760445,15,0.5690440060698027
7,13566,2.99832,11.205176,211.912596,4000,13547,2.998244,1.568627,178.202923,3981,9566,3.000321,2.923169,0.935392,0.705173,0.997624,7981.0,93.5392,70.5173,99.7624,1.0931770364795246,1.1749298183342758,1.9917838610501297,Assembly,1.9917838610501297,4000,29.48547840188707
2,4392,3.006229,0.013661,10.160434,48,4350,2.996439,1e-06,5.263425,6,4344,2.996436,0.103441,0.305633,0.226175,0.451962,54.0,30.563299999999998,22.6175,45.1962,0.3058253665798151,0.22617529947005777,0.48714193321182814,Assembly,0.48714193321182814,48,1.092896174863388
4,4886,3.005027,0.072192,0.300926,11,5411,3.008976,0.015971,112.970348,536,4875,2.992999,0.345439,0.339874,0.282666,0.50742,547.0,33.9874,28.266599999999997,50.742,0.3408905674643156,0.2874488362928961,0.624902632116479,Assembly,0.624902632116479,11,0.2251330331559558
15,4188,2.989955,0.010808,5.495499,31,4446,3.004726,0.000547,27.318133,289,4157,3.000856,0.13706,0.289605,0.231716,0.433729,320.0,28.9605,23.1716,43.372899999999994,0.28975719222565277,0.2318798101216088,0.48034264107088254,Assembly,0.48034264107088254,31,0.7402101241642789
10,9217,2.99852,0.811717,44.179518,406,9009,2.998238,0.163444,4.150241,198,8811,2.997247,2.212741,0.639754,0.468442,0.91822,604.0,63.97540000000001,46.8442,91.822,0.6511841458947232,0.5173885841247329,1.6707657081338525,Assembly,1.6707657081338525,406,4.4049039817728115
1,700,2.989859,0.0,15.277466,14,688,3.023025,0.0,2.390565,2,686,3.008098,0.0,0.048284,0.036097,0.071661,16.0,4.8284,3.6096999999999997,7.1661,0.048284,0.036097,0.071661,Assembly,0.071661,14,2.0
6,4350,2.989323,0.00755,0.639541,6,4626,2.994716,0.005747,53.316985,282,4344,3.007851,0.084768,0.301021,0.240326,0.453769,288.0,30.1021,24.032600000000002,45.3769,0.301127314887461,0.24204705442209468,0.48259830925358654,Assembly,0.48259830925358654,6,0.13793103448275862
1,746,2.988475,0.0,22.455599,49,700,3.008775,0.0,7.672156,3,697,3.002816,0.0,0.051587,0.036504,0.072764,52.0,5.1587000000000005,3.6504000000000003,7.2764,0.05158700000000001,0.036504,0.072764,Assembly,0.072764,49,6.568364611260054
13,4254,2.997694,0.014094,3.342723,13,4254,3.000234,0.000298,21.866381,13,4241,3.006687,0.080401,0.294948,0.22158,0.442858,26.0,29.494799999999998,22.158,44.285799999999995,0.29514646384422183,0.22166924207722016,0.4702021073671387,Assembly,0.4702021073671387,13,0.305594734367654
15,10575,3.007796,2.030689,75.319736,1122,10290,3.001166,0.454063,57.344768,837,9453,3.00184,2.866161,0.736283,0.535369,0.986514,1959.0,73.6283,53.536899999999996,98.6514,0.7648780294706276,0.6713472728483675,1.9612856336302489,Assembly,1.9612856336302489,1122,10.609929078014185
7,5560,3.00604,0.100634,0.212726,8,5608,3.004022,0.010588,35.138609,56,5552,2.998502,0.435878,0.386888,0.292132,0.578423,64.0,38.6888,29.2132,57.8423,0.38830507183903945,0.29530278897183543,0.72666362923314,Assembly,0.72666362923314,8,0.14388489208633093
16,11168,2.996936,2.474231,125.789391,1609,10208,2.999794,0.332336,46.131492,649,9559,3.001483,2.928299,0.772609,0.531505,0.997625,2258.0,77.26089999999999,53.1505,99.7625,0.8074497404393978,0.6310296811242825,1.9935295566483615,Assembly,1.9935295566483615,1609,14.407234957020057
17,12206,2.998692,3.598016,150.360441,2663,13362,3.003994,1.034987,196.929291,3819,9543,3.004163,2.907382,0.842198,0.696864,0.996531,6482.0,84.2198,69.6864,99.6531,0.8928632537910974,1.006811616697492,1.9853217559021217,Assembly,1.9853217559021217,2663,21.817139111912173
6,4242,3.005964,0.009305,1.543335,24,4584,3.002132,0.003202,84.588144,366,4218,3.004516,0.092453,0.294426,0.23892,0.440561,390.0,29.442600000000002,23.892,44.0561,0.2945570278182549,0.23987890312502994,0.4720039516848556,Assembly,0.4720039516848556,24,0.5657708628005658
18,8606,3.003236,0.610085,6.248471,48,9022,2.996467,0.205746,26.846162,464,8558,3.005766,2.187801,0.597552,0.468244,0.894334,512.0,59.755199999999995,46.8244,89.43339999999999,0.6061428765717388,0.5298587665091854,1.6383976987342623,Assembly,1.6383976987342623,48,0.5577504066930049
11,12528,3.002457,3.763232,177.664886,3086,11312,2.997227,0.552012,102.755659,1870,9442,3.002594,2.80595,0.869755,0.586662,0.985629,4956.0,86.9755,58.6662,98.5629,0.9227467333204684,0.7519730655384232,1.939923076775449,Assembly,1.939923076775449,3086,24.632822477650063
3,2088,3.004967,0.0,0.299391,3,2265,3.007276,0.0,97.72454,180,2085,2.982878,0.0,0.14524,0.118255,0.216214,183.0,14.524000000000001,11.8255,21.621399999999998,0.14524,0.118255,0.216214,Assembly,0.216214,3,0.14367816091954022
4,14326,3.00268,13.188086,226.279774,4864,13167,2.998082,1.137653,200.500036,3705,9462,2.999462,2.878714,0.976975,0.685343,0.986631,8569.0,97.6975,68.5343,98.6631,1.1626822687305498,1.0260360096501233,1.9656718663484951,Assembly,1.9656718663484951,4864,33.95225464190981
3,2112,2.997803,0.0,32.549548,6,2115,2.992443,0.0,9.358568,9,2106,2.998504,6e-05,0.146559,0.10987,0.219616,15.0,14.655899999999999,10.987,21.9616,0.146559,0.10987,0.21963640579647056,Assembly,0.21963640579647056,6,0.2840909090909091
11,8063,2.999692,0.471584,1.813345,11,8294,3.002095,0.082528,20.803441,242,8052,2.997277,1.704833,0.559205,0.432281,0.837989,253.0,55.9205,43.228100000000005,83.7989,0.565845582766675,0.4569956649289418,1.4177969202378229,Assembly,1.4177969202378229,11,0.1364256480218281
17,12954,3.001855,7.744593,149.912309,3398,11985,2.998128,1.132351,142.783318,2429,9556,2.995133,2.894523,0.895169,0.623196,0.994878,5827.0,89.51689999999999,62.319599999999994,99.48780000000001,1.004224037513384,0.9623012194037431,1.9792954536218759,Assembly,1.9792954536218759,3398,26.231279913540217
8,5848,2.994364,0.062849,38.460265,146,5752,3.006112,0.005549,0.247484,50,5702,3.006751,0.333853,0.405267,0.299459,0.596334,196.0,40.5267,29.945899999999998,59.6334,0.4061520045512629,0.3011207593506531,0.7098762728180167,Assembly,0.7098762728180167,146,2.496580027359781
2,1530,2.987005,0.0,42.99424,151,1384,3.008221,0.0,2.021225,5,1379,3.009811,0.0,0.105792,0.072238,0.144328,156.0,10.5792,7.2238,14.4328,0.105792,0.072238,0.144328,Assembly,0.144328,151,9.869281045751634
14,10234,2.994022,1.069863,58.781907,810,10262,2.998971,0.416015,43.512143,838,9424,2.999295,2.776771,0.709066,0.533398,0.982785,1648.0,70.9066,53.339800000000004,98.27850000000001,0.7241312138335974,0.6579820360897357,1.927155397855215,Assembly,1.927155397855215,810,7.914793824506547
8,6096,2.998479,0.099959,40.814064,224,5880,2.99537,0.009027,0.298604,8,5872,2.995156,0.508324,0.422688,0.305754,0.610701,232.0,42.2688,30.575400000000002,61.070100000000004,0.4240955668656572,0.3084573162116319,0.7835802680848922,Assembly,0.7835802680848922,224,3.674540682414698
16,11808,3.001598,3.073596,129.143593,2239,11600,2.99581,0.503293,137.721759,2031,9569,2.997886,2.891498,0.816106,0.603084,0.99691,4270.0,81.6106,60.30839999999999,99.691,0.8593866639523842,0.7538051837931596,1.9802986613831526,Assembly,1.9802986613831526,2239,18.961720867208673
12,8160,2.997227,0.402774,7.272435,34,8580,3.004553,0.101275,20.860903,454,8126,2.993491,1.649232,0.566171,0.44677,0.845716,488.0,56.6171,44.677,84.5716,0.571842638739365,0.47709883010225107,1.406614208745176,Assembly,1.406614208745176,34,0.4166666666666667
4,2948,2.996736,0.0,0.203109,12,2956,3.003157,0.0,47.928998,20,2936,2.997352,0.001052,0.204316,0.154059,0.305926,32.0,20.4316,15.4059,30.592599999999997,0.204316,0.154059,0.3062837816314502,Assembly,0.3062837816314502,12,0.40705563093622793
16,11904,2.993419,3.191761,145.859961,2510,11984,2.997709,0.754261,145.923826,2590,9394,2.991192,2.833643,0.822562,0.622618,0.976623,5100.0,82.2562,62.2618,97.6623,0.8675065975519638,0.8484965852555318,1.940335372136429,Assembly,1.940335372136429,2510,21.085349462365592
6,6336,2.997466,0.158922,0.579379,13,6885,3.000592,0.018068,80.500572,562,6323,3.001678,0.741936,0.439628,0.358675,0.66009,575.0,43.9628,35.8675,66.009,0.44186585093312225,0.3640858250040728,0.9124199168361764,Assembly,0.9124199168361764,13,0.2051767676767677
15,7560,3.000034,0.311919,55.39771,500,7060,3.00598,0.061987,1.55294,0,7060,2.999546,1.031271,0.52502,0.368441,0.735305,500.0,52.502,36.844100000000005,73.5305,0.5294122693221113,0.38700425047196485,1.0860367688662642,Assembly,1.0860367688662642,500,6.613756613756613
16,11328,3.000747,3.484033,104.280738,1761,11168,2.999753,0.554402,80.819399,1601,9567,2.997634,2.873047,0.785062,0.579657,0.99701,3362.0,78.5062,57.9657,99.701,0.8341222087821617,0.745683798976531,1.9741235388718519,Assembly,1.9741235388718519,1761,15.545550847457626
8,12256,2.996205,3.226721,149.382024,2688,12528,2.997316,0.687359,149.887933,2960,9568,2.999284,2.93429,0.849555,0.648949,0.997579,5648.0,84.9555,64.8949,99.7579,0.8949918847659554,0.8547924394495502,1.9955210754259456,Assembly,1.9955210754259456,2688,21.93211488250653
14,5920,2.992553,0.057603,71.982403,446,5488,3.002296,0.006346,0.209105,14,5474,2.994798,0.295783,0.409689,0.286046,0.569721,460.0,40.968900000000005,28.6046,56.972100000000005,0.4105001333062801,0.28794643698670835,0.6703157949574556,Assembly,0.6703157949574556,446,7.533783783783783
18,12240,3.004719,3.496248,169.178498,2677,12546,3.001166,0.913073,174.59053,2983,9563,3.001816,2.93427,0.848283,0.65291,0.997663,5660.0,84.8283,65.291,99.7663,0.8975152135967757,0.9263480240726012,1.9955982734937887,Assembly,1.9955982734937887,2677,21.87091503267974
18,11718,2.994175,3.532807,114.771773,2153,12636,2.996163,0.919669,185.16062,3071,9565,2.999843,2.922919,0.811106,0.656296,0.997525,5224.0,81.1106,65.6296,99.7525,0.8608530170366018,0.9317093285737559,1.9915998368981693,Assembly,1.9915998368981693,2153,18.373442566990956
15,11085,2.998402,1.825855,78.35782,1581,10410,2.989099,0.383025,54.562822,906,9504,3.000686,2.87894,0.767164,0.539725,0.991293,2487.0,76.7164,53.972500000000004,99.1293,0.7928746713702062,0.654429518883384,1.9704107281818675,Assembly,1.9704107281818675,1581,14.262516914749662
15,8952,3.000013,0.640413,29.385445,432,8688,3.007023,0.144175,4.661503,168,8520,3.003951,2.071706,0.619671,0.452966,0.889762,600.0,61.967099999999995,45.2966,88.9762,0.6286889385461649,0.4961420955812594,1.594342183046796,Assembly,1.594342183046796,432,4.825737265415549
13,9750,3.006427,1.046314,53.19039,773,9074,3.00223,0.204342,8.080765,97,8977,2.994369,2.28673,0.674076,0.472969,0.934553,870.0,67.4076,47.296899999999994,93.4553,0.6888096099548136,0.5341633105480541,1.7122621160515055,Assembly,1.7122621160515055,773,7.928205128205128
19,12882,3.00672,5.898429,181.365081,3395,13908,2.998478,1.347363,221.815506,4421,9487,3.003583,2.897029,0.89604,0.721498,0.990759,7816.0,89.604,72.1498,99.07589999999999,0.9790983861366287,1.1249928754683711,1.9760287357211288,Assembly,1.9760287357211288,3395,26.354603322465454
10,13428,2.993246,7.447472,170.470715,3866,12942,2.993669,1.194751,159.160631,3380,9562,3.00133,2.928639,0.923576,0.670188,0.997583,7246.0,92.35759999999999,67.0188,99.7583,1.0284471453706963,1.0279801510095734,1.993603189495028,Assembly,1.993603189495028,3866,28.790586833482273
5,3515,3.003469,0.0,28.650652,18,3505,3.006609,0.0,2.689779,8,3497,3.006437,0.023925,0.244388,0.182715,0.365298,26.0,24.4388,18.2715,36.5298,0.244388,0.182715,0.37343481134263,Assembly,0.37343481134263,18,0.5120910384068279
8,9120,2.99222,0.854376,94.115195,1252,8064,2.998215,0.121235,3.007393,196,7868,3.013513,1.601991,0.631517,0.419233,0.824217,1448.0,63.1517,41.923300000000005,82.4217,0.6435478461310407,0.4555392524556545,1.3690487048940922,Assembly,1.3690487048940922,1252,13.728070175438598
2,1460,2.980499,0.0,38.108806,90,1372,3.00833,0.0,0.146348,2,1370,3.012789,0.0,0.100497,0.0716,0.143317,92.0,10.0497,7.16,14.3317,0.100497,0.0716,0.143317,Assembly,0.143317,90,6.164383561643835
16,11648,3.001669,3.260284,118.665059,2083,11536,3.002518,0.375578,123.573626,1971,9565,2.994054,2.898588,0.809351,0.600805,0.995404,4054.0,80.9351,60.0805,99.54039999999999,0.855260500205406,0.7132793653630536,1.9812039463327553,Assembly,1.9812039463327553,2083,17.88289835164835
11,2307,3.004786,0.0,60.697469,147,2166,3.001961,0.0,2.374164,6,2160,3.001803,0.0,0.160303,0.112774,0.225378,153.0,16.0303,11.2774,22.5378,0.160303,0.112774,0.225378,Assembly,0.225378,147,6.371911573472041
14,10080,2.994683,1.595331,38.107816,629,10402,2.999996,0.405485,85.244347,951,9451,3.000661,2.848705,0.697412,0.541062,0.985737,1580.0,69.7412,54.1062,98.5737,0.7198765610235767,0.6624926163812518,1.9545719072437515,Assembly,1.9545719072437515,629,6.240079365079366
2,1334,3.021167,0.0,7.628658,4,1376,2.994831,0.0,11.378846,46,1330,3.008663,0.0,0.093203,0.071549,0.139055,50.0,9.3203,7.1549000000000005,13.905500000000002,0.093203,0.071549,0.139055,Assembly,0.139055,4,0.29985007496251875
12,5672,2.994787,0.070942,7.382425,69,5960,2.998332,0.011087,28.226604,357,5603,2.995746,0.384868,0.390968,0.310244,0.583832,426.0,39.0968,31.024400000000004,58.3832,0.3919669656617559,0.31356422453067057,0.714724301267098,Assembly,0.714724301267098,69,1.2165021156558533
15,726,2.988794,0.0,27.819561,23,708,2.979488,0.0,2.159763,5,703,2.978758,0.0,0.050095,0.036521,0.072743,28.0,5.0095,3.6521,7.2743,0.050095,0.036521,0.072743,Assembly,0.072743,23,3.1680440771349865
5,13158,3.00001,13.821818,171.707771,3590,13230,3.002939,1.24321,210.521334,3662,9568,2.996466,2.920607,0.909337,0.689738,0.996307,7252.0,90.9337,68.9738,99.6307,1.1039681291623933,1.0620421705398126,1.9895955335408377,Assembly,1.9895955335408377,3590,27.28378172974616
12,14180,3.000141,25.561002,229.6158,4621,14080,3.005236,1.326661,228.428099,4521,9559,3.002476,2.905774,0.9732,0.729054,0.997562,9142.0,97.32,72.9054,99.75619999999999,1.3331357683469853,1.1263492463320908,1.985805880556711,Assembly,1.985805880556711,4621,32.58815232722144
4,2864,3.005573,1.7e-05,8.618213,28,2848,3.003709,0.0,7.771329,12,2836,2.995201,0.002289,0.199047,0.148467,0.295187,40.0,19.904700000000002,14.846699999999998,29.5187,0.19904723938451485,0.148467,0.29596548113535126,Assembly,0.29596548113535126,28,0.9776536312849162
15,10095,3.001062,1.702941,52.821249,670,10260,2.999476,0.384777,71.904758,835,9425,2.994836,2.772367,0.701201,0.531726,0.980906,1505.0,70.1201,53.1726,98.0906,0.7251808650023416,0.6469551904246246,1.9237786123942766,Assembly,1.9237786123942766,670,6.636948984645865
11,3650,3.002568,0.001637,16.46045,50,3620,2.998034,0.0,5.27943,20,3600,3.00059,0.047056,0.253367,0.188121,0.375373,70.0,25.3367,18.8121,37.5373,0.25339005132063225,0.188121,0.3913765859786331,Assembly,0.3913765859786331,50,1.36986301369863
18,1290,2.989109,0.0,0.009733,4,1456,3.0012,0.0,74.50333,170,1286,2.989266,0.0,0.089147,0.075842,0.133498,174.0,8.9147,7.584200000000001,13.3498,0.089147,0.075842,0.133498,Assembly,0.133498,4,0.31007751937984496
6,12699,3.007052,6.442268,191.147103,3136,12427,2.996468,0.659502,156.62111,2864,9563,3.001026,2.934024,0.883869,0.645635,0.997522,6000.0,88.3869,64.56349999999999,99.7522,0.9745854234984683,0.8431361020498126,1.9953736097282593,Assembly,1.9953736097282593,3136,24.694857862823845
5,8748,2.999273,0.59116,16.104603,72,8748,3.001555,0.132887,4.712518,72,8676,3.002055,2.052496,0.606922,0.455442,0.905473,144.0,60.6922,45.544200000000004,90.54729999999999,0.615246385280984,0.49523767756897397,1.6035199272101432,Assembly,1.6035199272101432,72,0.823045267489712
10,7180,3.010158,0.192301,14.429612,323,6870,3.008288,0.032023,1.399587,13,6857,2.995377,0.753685,0.500299,0.358469,0.713462,336.0,50.029900000000005,35.8469,71.34620000000001,0.5030068753872362,0.3680589296604728,0.9697877118817173,Assembly,0.9697877118817173,323,4.4986072423398324
10,7380,3.00078,0.243701,86.245262,520,6970,2.990817,0.03664,1.042346,110,6860,2.994975,0.825183,0.512571,0.361309,0.714237,630.0,51.2571,36.1309,71.4237,0.5160026615084936,0.3722815829172696,0.9948789391492348,Assembly,0.9948789391492348,520,7.046070460704606
11,7843,2.995012,0.440009,2.693116,86,7975,3.002581,0.085869,29.359055,218,7757,3.004389,1.603945,0.543457,0.414876,0.810167,304.0,54.345699999999994,41.4876,81.0167,0.5496529612340153,0.44059119439200395,1.3556632536658162,Assembly,1.3556632536658162,86,1.096519189085809
18,8340,2.991888,0.496756,17.811992,273,8088,2.992086,0.095566,10.608519,21,8067,3.001584,1.546659,0.577601,0.420139,0.842006,294.0,57.7601,42.0139,84.20060000000001,0.5845960408259026,0.4487581555423522,1.3680194793889553,Assembly,1.3680194793889553,273,3.2733812949640293
13,12053,3.001865,5.962883,125.242978,2502,12206,2.997966,0.779324,185.701698,2655,9551,2.997954,2.923646,0.835893,0.63465,0.995286,5157.0,83.5893,63.465,99.5286,0.9198589914023784,0.868034203313816,1.989608087132071,Assembly,1.989608087132071,2502,20.758317431344896
19,13224,3.001318,8.325215,203.574373,3652,13984,2.997058,1.483739,242.938104,4412,9572,2.998168,2.92854,0.913657,0.724863,0.997421,8064.0,91.3657,72.4863,99.7421,1.0308880325580683,1.1691984040689596,1.9934075199308514,Assembly,1.9934075199308514,3652,27.616454930429523
11,7920,2.999557,0.391396,74.535976,690,7320,3.000533,0.050134,1.606048,90,7230,2.999097,1.038862,0.547862,0.379907,0.753852,780.0,54.786199999999994,37.9907,75.3852,0.5533734200917451,0.3949206318770304,1.107165442216396,Assembly,1.107165442216396,690,8.712121212121213
20,14420,3.003829,36.832764,222.501767,4842,13840,2.997239,2.192735,246.352117,4262,9578,2.996958,2.915274,0.989377,0.719754,0.99777,9104.0,98.93769999999999,71.97540000000001,99.777,1.5080354317267055,1.3764124771588198,1.989244798331214,Assembly,1.989244798331214,4842,33.57836338418863
14,9912,2.999178,1.20226,36.688332,617,9800,2.998974,0.323593,30.272851,505,9295,3.001391,2.75194,0.684011,0.510192,0.96969,1122.0,68.4011,51.0192,96.96900000000001,0.7009405545164015,0.6070984144090616,1.9056154589858796,Assembly,1.9056154589858796,617,6.224778046811945
20,14440,2.996991,19.080321,206.065966,4875,14900,3.001454,1.723907,268.960454,5335,9565,2.999983,2.927038,0.962438,0.776129,0.997462,10210.0,96.24380000000001,77.6129,99.7462,1.2311164344151346,1.2923875289072457,1.9929376948258724,Assembly,1.9929376948258724,4875,33.76038781163435
18,12672,2.997042,6.404539,147.487177,3155,13194,2.999708,1.132279,183.941929,3677,9517,2.995862,2.857494,0.866907,0.686432,0.991166,6832.0,86.69069999999999,68.64320000000001,99.1166,0.9570921447714463,1.0255156575595827,1.9629900163300786,Assembly,1.9629900163300786,3155,24.897411616161616
4,3590,3.005314,0.000173,5.580634,10,3665,3.002102,0.0,19.803021,85,3580,2.991418,0.018881,0.249401,0.190788,0.37185,95.0,24.9401,19.0788,37.185,0.2494034360894743,0.190788,0.3782713640526728,Assembly,0.3782713640526728,10,0.2785515320334262
16,7400,3.006231,0.317137,1.405523,34,7490,3.006649,0.045308,17.376793,124,7366,2.997461,1.24607,0.514768,0.390537,0.768017,158.0,51.4768,39.0537,76.8017,0.5192337462867167,0.4041053893781564,1.1918011801342088,Assembly,1.1918011801342088,34,0.45945945945945943
20,1384,2.981715,0.0,2.720866,6,1490,3.003057,0.0,31.849313,112,1378,3.007829,0.0,0.095349,0.077625,0.143916,118.0,9.5349,7.7625,14.391599999999999,0.095349,0.077625,0.143916,Assembly,0.143916,6,0.4335260115606936
17,12291,2.998699,3.726179,160.409521,2728,13413,3.005582,1.150721,195.68641,3850,9563,3.000824,2.932296,0.850527,0.698639,0.997525,6578.0,85.0527,69.8639,99.7525,0.902996973648271,1.0432454843652672,1.9947889227899078,Assembly,1.9947889227899078,2728,22.195102107232934
10,7480,2.998151,0.307919,16.103221,308,7200,2.989938,0.050049,11.453143,28,7172,3.01143,1.211155,0.518815,0.373118,0.750617,336.0,51.8815,37.3118,75.0617,0.52315094355392,0.38810617692211863,1.1625267070713907,Assembly,1.1625267070713907,308,4.117647058823529
7,13585,2.994994,7.827569,199.030693,4031,13946,2.999355,1.713341,239.154411,4392,9554,2.994033,2.890631,0.936984,0.724057,0.994431,8423.0,93.6984,72.4057,99.4431,1.0472074592487433,1.2371513282766815,1.9775247976241532,Assembly,1.9775247976241532,4031,29.672432830327566
19,10500,3.001761,1.258268,57.935082,998,10290,2.999649,0.286138,59.917583,788,9502,2.999487,2.839238,0.728116,0.535057,0.990859,1786.0,72.8116,53.5057,99.08590000000001,0.7458342279226152,0.6207467633946968,1.9564742126573074,Assembly,1.9564742126573074,998,9.504761904761905
6,4362,2.99937,0.008797,12.352134,21,4428,2.99752,0.000161,3.48113,87,4341,2.997961,0.084023,0.302549,0.230219,0.453041,108.0,30.254900000000003,23.021900000000002,45.304100000000005,0.30267287444569463,0.23026721467930353,0.481616937280744,Assembly,0.481616937280744,21,0.48143053645116923
14,10164,3.002457,1.142682,47.304962,726,10374,3.003034,0.33641,60.088507,936,9438,2.999643,2.790803,0.70553,0.539889,0.984202,1662.0,70.553,53.988899999999994,98.42020000000001,0.7216206103620769,0.6406337221397015,1.9333446334564597,Assembly,1.9333446334564597,726,7.142857142857142
8,2208,3.00471,0.0,55.249266,207,2010,2.994083,0.0,0.011539,9,2001,2.995314,0.0,0.153428,0.1045,0.208598,216.0,15.3428,10.45,20.8598,0.153428,0.1045,0.208598,Assembly,0.208598,207,9.375
14,13585,3.000093,11.721075,216.989545,4015,13832,3.000803,1.846085,224.834534,4262,9570,2.998812,2.923493,0.940472,0.717818,0.997469,8277.0,94.0472,71.78179999999999,99.74690000000001,1.1055216383505484,1.270665181627392,1.991739052351071,Assembly,1.991739052351071,4015,29.554655870445345
14,10136,2.997729,1.116776,78.494544,704,9996,2.995514,0.330719,25.986263,564,9432,2.99419,2.70041,0.701849,0.519386,0.981728,1268.0,70.1849,51.9386,98.17280000000001,0.7175748165243863,0.618426438040843,1.9001282807837594,Assembly,1.9001282807837594,704,6.945540647198106
16,11616,2.996238,2.647095,145.703201,2104,11584,3.004972,0.659187,140.376709,2072,9512,2.995168,2.9024,0.805311,0.602129,0.990458,4176.0,80.5311,60.212900000000005,99.0458,0.8425859148375507,0.7995357689816102,1.9775543946018506,Assembly,1.9775543946018506,2104,18.112947658402202
10,11504,3.002871,2.167391,130.194079,2075,11024,2.996509,0.505307,120.284429,1595,9429,3.002534,2.800689,0.799332,0.572436,0.984232,3670.0,79.9332,57.243599999999994,98.4232,0.8298519907614476,0.7237603164895401,1.9367368285215898,Assembly,1.9367368285215898,2075,18.037204450625868
17,11670,3.00408,2.680724,115.536115,2105,11265,3.007911,0.559694,96.779459,1700,9565,2.99553,2.901254,0.802663,0.587529,0.9958,3805.0,80.2663,58.7529,99.58,0.8404114596521766,0.7551405945223333,1.9825066438892631,Assembly,1.9825066438892631,2105,18.03770351328192
11,5912,3.007083,0.104581,35.312955,215,5736,3.005827,0.005776,3.626985,39,5697,2.997602,0.432421,0.41108,0.298608,0.594026,254.0,41.108,29.860799999999998,59.40260000000001,0.4125526512908021,0.3003377390537704,0.7410909152598287,Assembly,0.7410909152598287,215,3.6366711772665767
20,7270,2.99698,0.268194,1.772151,20,7370,2.999132,0.044355,51.044102,120,7250,3.006594,1.253134,0.504353,0.383494,0.75787,140.0,50.435300000000005,38.3494,75.787,0.5081295582685708,0.3967769944130866,1.1840566225720077,Assembly,1.1840566225720077,20,0.2751031636863824
11,3520,2.983237,0.0,9.213383,45,3485,2.995038,0.0,4.194265,10,3475,3.012141,0.015189,0.242921,0.180971,0.3637,55.0,24.2921,18.097099999999998,36.370000000000005,0.24292100000000003,0.18097099999999997,0.36886572737651857,Assembly,0.36886572737651857,45,1.278409090909091
7,12240,3.000842,3.873372,144.039561,2703,12393,2.996525,1.065941,175.389166,2856,9537,3.000832,2.888328,0.845636,0.643776,0.994573,5559.0,84.56360000000001,64.3776,99.4573,0.9001786633476145,0.962993412866192,1.976883555136292,Assembly,1.976883555136292,2703,22.083333333333332
16,11392,2.996889,3.080298,127.003313,1842,11136,3.004608,0.589082,84.662684,1586,9550,2.994668,2.848775,0.789931,0.580006,0.993999,3428.0,78.9931,58.000600000000006,99.3999,0.8333060377769886,0.7564184205805407,1.9628577140063006,Assembly,1.9628577140063006,1842,16.16924157303371
11,4907,2.994675,0.039271,9.180816,41,5124,2.99591,0.000703,29.226614,258,4866,2.991727,0.224086,0.339253,0.2665,0.506303,299.0,33.9253,26.650000000000002,50.63029999999999,0.3398059923106596,0.2667105274506234,0.5825138884649773,Assembly,0.5825138884649773,41,0.8355410637864276
3,2238,3.005486,0.0,9.535957,147,2094,2.98637,0.0,13.364265,3,2091,3.014707,6.4e-05,0.15564,0.108532,0.21888,150.0,15.564,10.853200000000001,21.887999999999998,0.15564,0.10853200000000002,0.2189017661829019,Assembly,0.2189017661829019,147,6.568364611260054
9,9776,2.99977,0.979038,66.324421,710,9204,2.991114,0.203181,18.947045,138,9066,2.999699,2.557237,0.678208,0.47728,0.945343,848.0,67.8208,47.728,94.5343,0.691994266859605,0.5381266258109649,1.8150506291491362,Assembly,1.8150506291491362,710,7.2626841243862525
11,7799,3.000359,0.424977,1.396369,80,8162,2.993167,0.119641,72.046696,443,7719,3.003584,1.488837,0.540541,0.424023,0.806036,523.0,54.054100000000005,42.4023,80.6036,0.5465252889971527,0.45985189718354397,1.3123844133302907,Assembly,1.3123844133302907,80,1.025772534940377
14,9268,3.001282,0.966067,19.587818,119,10010,3.003338,0.400066,65.600721,861,9149,2.99691,2.616361,0.642298,0.520551,0.953044,980.0,64.2298,52.055099999999996,95.3044,0.6559016164748027,0.6403587881381108,1.8428595009912114,Assembly,1.8428595009912114,119,1.283987915407855
10,12597,2.996475,3.903618,161.364269,3085,12053,2.99889,0.875298,159.881273,2541,9512,2.99809,2.913703,0.873603,0.627549,0.991376,5626.0,87.3603,62.7549,99.1376,0.9285715706437925,0.8896745426397448,1.9823165065602935,Assembly,1.9823165065602935,3085,24.489957926490437
16,5992,2.995499,0.051467,0.37153,11,6064,3.004762,0.001855,37.364915,83,5981,2.997998,0.308113,0.415487,0.316355,0.623389,94.0,41.5487,31.6355,62.338899999999995,0.4162117295778746,0.3169105169571925,0.7281771861321527,Assembly,0.7281771861321527,11,0.18357810413885178
20,14500,3.000499,31.648893,189.693007,4961,14980,3.002904,1.629207,214.063863,5441,9539,3.004737,2.894593,0.956773,0.776215,0.99623,10402.0,95.6773,77.6215,99.62299999999999,1.4024350526568765,1.264113714434936,1.9806712603844248,Assembly,1.9806712603844248,4961,34.213793103448275
12,8400,3.007278,0.526879,1.692565,48,8652,2.996022,0.138996,24.500392,300,8352,2.998819,1.676871,0.58338,0.448407,0.870392,348.0,58.338,44.8407,87.03920000000001,0.5907992161047088,0.49003214015198704,1.440690138889333,Assembly,1.440690138889333,48,0.5714285714285714
15,9096,3.000895,0.872683,45.963064,670,8496,3.001301,0.152941,4.456347,70,8426,3.007055,2.022411,0.631161,0.442154,0.880909,740.0,63.116099999999996,44.2154,88.0909,0.6434496350906099,0.48795525010780927,1.5687241207632039,Assembly,1.5687241207632039,670,7.365875109938434
11,3585,3.007155,0.000449,23.834383,15,3680,2.989789,0.0,1.768532,110,3570,2.994703,0.018385,0.249234,0.190868,0.371329,125.0,24.9234,19.0868,37.1329,0.24924032256747947,0.190868,0.37758167613518295,Assembly,0.37758167613518295,15,0.41841004184100417
7,5320,2.994463,0.056503,27.053787,224,5110,3.002601,0.002297,1.279867,14,5096,3.00619,0.168925,0.367318,0.266177,0.532381,238.0,36.7318,26.6177,53.2381,0.3681136437200275,0.26686488272273384,0.5898318194797814,Assembly,0.5898318194797814,224,4.2105263157894735
4,13794,3.000598,16.183905,199.754523,4224,13129,2.9998,1.596968,209.392734,3559,9570,2.999381,2.923752,0.91963,0.683332,0.99774,7783.0,91.963,68.3332,99.774,1.1475227203647813,1.1615760992419815,1.992098137372502,Assembly,1.992098137372502,4224,30.62200956937799
6,4362,3.009464,0.006434,33.289677,97,4290,3.008207,0.0,0.091361,25,4265,2.995765,0.074825,0.303872,0.223603,0.444264,122.0,30.387199999999996,22.3603,44.4264,0.3039625999981356,0.223603,0.4697117286818093,Assembly,0.4697117286818093,97,2.223750573131591
13,9659,2.998633,1.07159,147.262928,989,9022,3.004712,0.236038,12.091476,352,8670,2.989934,2.217928,0.669382,0.470646,0.901158,1341.0,66.93820000000001,47.0646,90.11580000000001,0.6844715324840142,0.5413323134996311,1.6554677892387313,Assembly,1.6554677892387313,989,10.239155192048868
16,10500,2.996286,1.548242,93.004997,964,11175,3.001604,0.522066,73.591254,1639,9536,2.99744,2.83311,0.727771,0.582352,0.993835,2603.0,72.77709999999999,58.2352,99.3835,0.7495724799989872,0.7386951351879714,1.9573661006444492,Assembly,1.9573661006444492,964,9.180952380952382
9,6381,3.003511,0.140374,4.558866,21,6444,2.998927,0.015937,11.267035,84,6360,2.995931,0.656265,0.443276,0.334672,0.662268,105.0,44.327600000000004,33.467200000000005,66.2268,0.4452526683460195,0.33944465431093146,0.8854615003457081,Assembly,0.8854615003457081,21,0.32910202162670427
4,2836,2.997433,0.0,1.796129,9,3108,2.995274,0.0,25.844395,281,2827,2.996694,0.000616,0.196515,0.161239,0.294647,290.0,19.6515,16.1239,29.4647,0.196515,0.161239,0.2948564995104309,Assembly,0.2948564995104309,9,0.31734837799717913
13,9542,2.999589,0.794577,60.245867,522,9139,2.993048,0.21326,12.360221,119,9020,3.006716,2.533228,0.659059,0.474615,0.942611,641.0,65.90589999999999,47.4615,94.2611,0.6702477899780235,0.5384799845233874,1.8041532496914472,Assembly,1.8041532496914472,522,5.470551247118005
13,9178,2.991494,0.749579,24.418208,213,9009,3.004972,0.20464,11.85295,44,8965,3.007123,2.46685,0.635607,0.469606,0.93702,257.0,63.560700000000004,46.9606,93.702,0.6461621532487563,0.5308895526252743,1.775987317056083,Assembly,1.775987317056083,213,2.3207670516452388
7,5033,3.004333,0.063959,11.914661,50,5278,3.00116,0.005353,18.456685,295,4983,2.996158,0.213296,0.349575,0.275002,0.519571,345.0,34.9575,27.500200000000003,51.9571,0.35047563495193595,0.2766050632193271,0.5921122460663576,Assembly,0.5921122460663576,50,0.9934432743890325
4,2776,2.998772,0.0,2.008385,4,2856,2.998731,0.0,27.903827,84,2772,2.992228,0.005533,0.192699,0.148608,0.288098,88.0,19.2699,14.8608,28.809800000000003,0.192699,0.148608,0.2899797545311921,Assembly,0.2899797545311921,4,0.1440922190201729
2,1368,2.999741,0.0,0.011074,8,1560,3.012874,0.0,107.275241,200,1360,2.983286,0.0,0.094958,0.081511,0.141153,208.0,9.495800000000001,8.1511,14.1153,0.09495800000000001,0.081511,0.141153,Assembly,0.141153,8,0.5847953216374269
19,13433,3.000429,5.152963,211.455193,3870,13680,2.997267,1.501668,217.736096,4117,9563,3.001319,2.932521,0.931431,0.709675,0.997534,7987.0,93.1431,70.9675,99.7534,1.0039921498590152,1.159379602735,1.9948744445266722,Assembly,1.9948744445266722,3870,28.80964788208144
14,9940,2.998758,1.286844,45.422321,548,10332,2.998279,0.28961,75.640826,940,9392,2.998821,2.826139,0.688883,0.535903,0.979116,1488.0,68.8883,53.5903,97.91159999999999,0.7070036192105735,0.6226325234353288,1.9402762871911794,Assembly,1.9402762871911794,548,5.51307847082495
18,13547,3.00541,11.313466,204.135599,3958,13680,3.003527,1.376098,206.689327,4091,9589,2.99314,2.916392,0.930735,0.711152,0.997685,8049.0,93.0735,71.1152,99.7685,1.090044915838882,1.1232521475788446,1.9895400263387817,Assembly,1.9895400263387817,3958,29.21680076769764
12,8544,3.001003,0.550608,2.903506,64,8664,2.997574,0.137483,30.663466,184,8480,3.003912,1.947391,0.592601,0.450052,0.885744,248.0,59.2601,45.0052,88.5744,0.6003543546430613,0.4912240419545572,1.5480450732428652,Assembly,1.5480450732428652,64,0.7490636704119851
19,15105,2.995693,48.988324,239.412569,5575,13243,3.000631,1.225804,218.148087,3713,9530,3.009335,2.914972,0.998216,0.688971,0.996734,9288.0,99.8216,68.8971,99.6734,1.6880422454253972,1.056062594713994,1.9881060891556457,Assembly,1.9881060891556457,5575,36.90830850711685
7,2952,2.98542,0.0,36.551053,158,2808,2.988838,0.0,1.355765,14,2794,2.997523,0.003944,0.203759,0.145432,0.291157,172.0,20.375899999999998,14.5432,29.1157,0.20375899999999997,0.145432,0.29249834102133054,Assembly,0.29249834102133054,158,5.35230352303523
7,10038,2.99615,1.123958,47.291796,527,10108,2.999643,0.288072,38.853799,597,9511,3.00217,2.804033,0.696189,0.52628,0.992319,1124.0,69.6189,52.628,99.2319,0.7120159494411737,0.6125489384864543,1.9459611115782147,Assembly,1.9459611115782147,527,5.2500498107192675
2,4326,3.003689,0.011743,4.491814,0,4596,3.007575,0.0,25.654567,270,4326,3.001796,0.073617,0.300786,0.239734,0.450895,270.0,30.0786,23.9734,45.0895,0.30095135837396747,0.239734,0.47593189197953567,Assembly,0.47593189197953567,0,0.0
2,8688,3.000885,0.579963,3.50875,131,8736,2.99975,0.161647,22.513823,179,8557,2.996538,1.926914,0.603162,0.454786,0.891501,310.0,60.316199999999995,45.4786,89.1501,0.6113287153743747,0.5031944364308919,1.546837915004076,Assembly,1.546837915004076,131,1.5078268876611418
16,11616,2.999291,2.408064,122.907416,2038,11728,3.007083,0.722341,120.923844,2150,9578,2.989558,2.882056,0.804182,0.611479,0.995374,4188.0,80.4182,61.1479,99.53739999999999,0.8380910136634203,0.8277985010110109,1.9755514692119043,Assembly,1.9755514692119043,2038,17.544765840220386
13,9243,2.997548,0.826906,15.172032,146,10075,2.996846,0.293668,61.369466,978,9097,3.001576,2.595605,0.639105,0.523512,0.949379,1124.0,63.910500000000006,52.3512,94.9379,0.6507490289179874,0.6114567729298234,1.8321354557988343,Assembly,1.8321354557988343,146,1.5795737314724656
10,7700,2.998088,0.364844,45.464156,483,7230,2.996677,0.052283,0.676354,13,7217,3.00178,0.93197,0.533026,0.376145,0.752743,496.0,53.3026,37.6145,75.27430000000001,0.5381635296424916,0.391802193031212,1.0697028356109037,Assembly,1.0697028356109037,483,6.2727272727272725
15,11712,2.992652,3.732215,124.178011,2288,11488,2.997037,0.543903,118.439026,2064,9424,2.999226,2.816096,0.807827,0.59482,0.982574,4352.0,80.78269999999999,59.482,98.25739999999999,0.8603819692324716,0.7577026628398387,1.940318696958618,Assembly,1.940318696958618,2288,19.53551912568306
2,11655,2.999741,2.415626,151.392316,2252,10845,2.997981,0.493972,106.188382,1442,9403,3.001395,2.80443,0.808953,0.564323,0.980954,3694.0,80.8953,56.432300000000005,98.0954,0.8429684975281859,0.7122528233845388,1.9347311299315284,Assembly,1.9347311299315284,2252,19.322179322179323
16,3925,2.997943,0.002274,95.251126,435,3525,2.994022,0.0,0.102109,35,3490,3.008286,0.031167,0.272321,0.182527,0.364546,470.0,27.2321,18.2527,36.4546,0.2723530211992167,0.182527,0.3751457909766248,Assembly,0.3751457909766248,435,11.0828025477707
4,2876,2.999495,0.0,6.673245,92,2792,3.007057,0.0,19.830991,8,2784,2.995018,0.001104,0.199585,0.145759,0.289821,100.0,19.9585,14.5759,28.9821,0.199585,0.145759,0.29019646665505805,Assembly,0.29019646665505805,92,3.1988873435326846
13,687,2.997232,0.0,0.851436,5,721,3.018727,0.0,42.780374,39,682,2.99315,0.0,0.047576,0.037787,0.070994,44.0,4.7576,3.7787,7.0994,0.047576,0.037787,0.070994,Assembly,0.070994,5,0.727802037845706
2,714,3.028059,0.0,18.324502,25,692,3.008593,0.0,12.116324,3,689,3.020259,0.0,0.050034,0.036092,0.072335,28.0,5.0034,3.6092,7.233499999999999,0.050034,0.036092,0.072335,Assembly,0.072335,25,3.5014005602240896
11,7722,2.998128,0.403046,3.138922,53,8206,2.996953,0.099507,31.601449,537,7669,3.004212,1.318271,0.535226,0.426706,0.801085,590.0,53.5226,42.6706,80.1085,0.5409014688916021,0.4565053670400859,1.2494244953170397,Assembly,1.2494244953170397,53,0.6863506863506863
13,5222,3.006187,0.073963,0.756224,22,5278,2.991059,0.002744,19.723352,78,5200,2.99713,0.323324,0.362723,0.274081,0.541788,100.0,36.2723,27.4081,54.1788,0.36376450569818225,0.2749027458385641,0.6517493956340439,Assembly,0.6517493956340439,22,0.42129452317119875
19,13566,2.994515,10.560224,175.885464,4023,13699,2.999714,1.259196,223.718746,4156,9543,3.00205,2.900137,0.918272,0.711782,0.995935,8179.0,91.8272,71.1782,99.5935,1.0669751822679048,1.0888734988835758,1.9822617559783031,Assembly,1.9822617559783031,4023,29.655019902697923
18,13824,2.997758,12.29876,185.078879,4287,12870,2.998616,1.321795,159.642724,3333,9537,3.007733,2.922824,0.944779,0.668574,0.996848,7620.0,94.4779,66.8574,99.6848,1.117963276199938,1.0644120250309053,1.990890527720424,Assembly,1.990890527720424,4287,31.01128472222222
19,6453,2.99996,0.221073,52.998509,513,5949,3.000082,0.01425,0.790809,9,5940,2.990702,0.376778,0.448138,0.309605,0.616832,522.0,44.8138,30.960500000000003,61.68320000000001,0.45125102663783573,0.31387244832344685,0.7449729197096527,Assembly,0.7449729197096527,513,7.949790794979079
6,7670,2.994009,0.380331,30.428607,469,7230,2.995161,0.063547,1.62632,29,7201,3.003522,1.171673,0.531587,0.375728,0.751944,498.0,53.1587,37.5728,75.1944,0.5369426089354861,0.39475842376211057,1.1504260128005561,Assembly,1.1504260128005561,469,6.1147327249022165
11,8628,3.002632,0.536851,21.963945,303,8388,3.005434,0.189635,2.853765,63,8325,2.992974,1.842155,0.59857,0.436917,0.866155,366.0,59.857000000000006,43.6917,86.6155,0.6061296362448095,0.49370700440819926,1.49266566661996,Assembly,1.49266566661996,303,3.5118219749652297
9,12155,3.001593,4.289768,157.683389,2627,11985,3.003058,0.670464,119.790876,2457,9528,3.010834,2.933488,0.841163,0.624064,0.997075,5084.0,84.1163,62.4064,99.70750000000001,0.9015691194905548,0.8248478928232599,1.9947443179464561,Assembly,1.9947443179464561,2627,21.61250514191691
13,9802,2.99906,1.283805,58.362664,479,9490,2.997673,0.304658,23.177367,167,9323,3.004629,2.718318,0.680317,0.493121,0.973699,646.0,68.0317,49.3121,97.3699,0.6983948257081902,0.5843569488648888,1.8981897308370015,Assembly,1.8981897308370015,479,4.8867578045296876
9,6624,2.996556,0.213109,16.423092,171,6480,3.001862,0.03276,4.473217,27,6453,3.012407,0.836574,0.459472,0.337709,0.675833,198.0,45.9472,33.7709,67.58330000000001,0.46247288203336706,0.3475196390930609,0.960348979609168,Assembly,0.960348979609168,171,2.5815217391304346
10,7733,2.999831,0.424072,1.090596,161,8492,3.008138,0.108986,85.135913,920,7572,2.998311,1.363838,0.534002,0.442428,0.789489,1081.0,53.4002,44.242799999999995,78.9489,0.5399735452920994,0.47506604371783684,1.2533256774465955,Assembly,1.2533256774465955,161,2.081986292512608
7,5306,2.989021,0.049045,56.061397,457,4872,3.00418,0.001653,1.048496,23,4849,2.992577,0.168808,0.366749,0.254003,0.504313,480.0,36.6749,25.400299999999998,50.4313,0.3674396243252349,0.2544980240055198,0.5617240281766639,Assembly,0.5617240281766639,457,8.612891066716925
13,12176,2.997481,4.45479,169.96012,2627,11200,2.998542,0.557917,100.702717,1651,9549,2.996983,2.899181,0.83936,0.581561,0.994711,4278.0,83.93599999999999,58.1561,99.4711,0.9020898672201686,0.748640436229648,1.9807126236212058,Assembly,1.9807126236212058,2627,21.575229960578188
6,2856,2.988559,0.0,25.150754,76,2800,2.995837,0.0,0.461675,20,2780,2.99208,0.003718,0.196953,0.144918,0.289225,96.0,19.6953,14.4918,28.9225,0.196953,0.144918,0.29048947918795814,Assembly,0.29048947918795814,76,2.661064425770308
15,7320,2.996688,0.452904,9.585647,52,7680,3.001945,0.047346,21.720868,412,7268,2.991663,1.438424,0.50653,0.399843,0.756144,464.0,50.653000000000006,39.9843,75.6144,0.5129075414292219,0.4140217093559237,1.2453471230391304,Assembly,1.2453471230391304,52,0.7103825136612022
19,13737,2.998393,17.171339,183.101171,4239,13737,3.005681,1.346658,210.421075,4239,9498,3.000034,2.8668,0.941583,0.71606,0.990354,8478.0,94.1583,71.60600000000001,99.0354,1.1833802150118198,1.1193437490776323,1.9653429553626602,Assembly,1.9653429553626602,4239,30.858265996942563
1,731,2.966817,0.0,75.28192,50,684,2.996217,0.0,0.00016,3,681,3.013712,0.0,0.050101,0.03557,0.071371,53.0,5.0100999999999996,3.557,7.1371,0.05010099999999999,0.03557,0.071371,Assembly,0.071371,50,6.839945280437757
9,6444,3.001511,0.132124,12.012745,25,6615,2.997727,0.032833,22.367347,196,6419,2.999344,0.719846,0.447725,0.344236,0.669507,221.0,44.7725,34.4236,66.9507,0.449585496449125,0.3540685004072793,0.9143241827689372,Assembly,0.9143241827689372,25,0.38795779019242704
4,9061,2.998296,0.882185,6.449483,72,9776,2.996479,0.286379,69.41644,787,8989,3.004477,2.356924,0.628735,0.507274,0.938864,859.0,62.87350000000001,50.7274,93.88640000000001,0.6411574369529484,0.5930359356786231,1.7404458573423969,Assembly,1.7404458573423969,72,0.7946142809844388
13,9412,3.006169,0.835041,68.079366,554,8970,2.997807,0.149026,5.676735,112,8858,2.997558,2.313677,0.654099,0.46633,0.922941,666.0,65.4099,46.633,92.2941,0.6658575814490463,0.5109588248315781,1.7098146993430354,Assembly,1.7098146993430354,554,5.886102847428814
9,6642,3.001004,0.154021,44.431018,268,6381,3.00242,0.035998,0.63558,7,6374,2.994613,0.700135,0.459858,0.332612,0.663345,275.0,45.9858,33.2612,66.33449999999999,0.4620268377856459,0.34339232314017115,0.9014585385317553,Assembly,0.9014585385317553,268,4.034929238181271
4,10976,3.00312,2.296966,96.270371,1460,12336,3.002126,0.668836,153.188191,2820,9516,2.996314,2.863154,0.762522,0.641745,0.991066,4280.0,76.2522,64.1745,99.1066,0.7948665936147926,0.8420413555691847,1.964814963130467,Assembly,1.964814963130467,1460,13.301749271137025
7,7100,3.004127,0.300173,51.8113,345,6780,3.001644,0.061652,0.715033,25,6755,3.004171,0.966185,0.493112,0.352833,0.705184,370.0,49.3112,35.283300000000004,70.5184,0.4973388687038176,0.37129592800260663,1.0337802410482322,Assembly,1.0337802410482322,345,4.859154929577465
5,8272,3.003211,0.420063,91.369753,692,7623,3.003423,0.051277,1.207665,43,7580,2.995703,1.255075,0.575059,0.397063,0.789431,735.0,57.5059,39.7063,78.9431,0.5809740927909297,0.4124189261530795,1.21627775008783,Assembly,1.21627775008783,692,8.365570599613152
14,10248,2.992684,1.209476,33.165923,859,9898,3.008144,0.456862,41.969565,509,9389,2.999275,2.837896,0.706939,0.516275,0.97909,1368.0,70.6939,51.627500000000005,97.909,0.7239701662022184,0.6530914895401099,1.9442488030095828,Assembly,1.9442488030095828,859,8.382123341139733
13,10905,3.00186,1.915515,113.834416,1516,10395,3.009792,0.439474,57.142142,1006,9389,2.99939,2.800978,0.757725,0.54276,0.978685,2522.0,75.7725,54.276,97.8685,0.784698213464213,0.6743693041753314,1.9312881164412565,Assembly,1.9312881164412565,1516,13.901879871618524
9,6408,2.997958,0.125327,23.062157,112,6318,3.002527,0.031312,5.825246,22,6296,3.007815,0.603922,0.443889,0.329164,0.658205,134.0,44.3889,32.9164,65.82050000000001,0.445653784887526,0.33854100644938717,0.8635968236014123,Assembly,0.8635968236014123,112,1.7478152309612984
15,9870,2.998498,1.714886,31.51643,342,11250,3.006914,0.438734,95.289314,1722,9528,2.993249,2.846641,0.680631,0.585063,0.991018,2064.0,68.06309999999999,58.5063,99.1018,0.7047790678276026,0.7164506963325699,1.9591509478451647,Assembly,1.9591509478451647,342,3.4650455927051675
4,2928,2.992928,0.0,63.947344,256,2688,3.002507,0.0,0.020634,16,2672,2.993182,0.00181,0.202629,0.139873,0.2783,272.0,20.262900000000002,13.9873,27.83,0.20262900000000003,0.139873,0.2789155748601948,Assembly,0.2789155748601948,256,8.743169398907105
20,14280,2.995062,15.802597,219.342038,4737,15260,3.000398,2.719924,279.757394,5717,9543,3.004577,2.926493,0.982373,0.794219,0.996709,10454.0,98.2373,79.4219,99.67089999999999,1.2048963538604147,1.6087547974528273,1.9919993421745978,Assembly,1.9919993421745978,4737,33.17226890756302
3,9841,3.004832,1.261142,37.481449,946,8918,3.003945,0.203809,26.636915,23,8895,3.001974,2.465689,0.684504,0.46509,0.928155,969.0,68.4504,46.509,92.8155,0.7022626979870606,0.5261246930072544,1.7667274648943776,Assembly,1.7667274648943776,946,9.612844223148054
18,13266,2.992955,7.315642,193.705344,3720,12024,2.997194,0.690061,137.855855,2478,9546,3.00153,2.902547,0.916546,0.625415,0.996084,6198.0,91.6546,62.541500000000006,99.6084,1.0195607888655334,0.8320676075456872,1.9832303888032037,Assembly,1.9832303888032037,3720,28.04161013116237
4,3036,3.001964,0.0,44.753061,204,2840,3.021622,0.0,0.680381,8,2832,2.997158,0.00265,0.210764,0.14897,0.29491,212.0,21.0764,14.896999999999998,29.491,0.210764,0.14897,0.29581125601078245,Assembly,0.29581125601078245,204,6.719367588932807
4,2844,2.999184,0.0,2.654668,36,2824,3.006154,0.0,10.655848,16,2808,2.988528,0.012212,0.197446,0.146943,0.291386,52.0,19.744600000000002,14.694299999999998,29.138599999999997,0.197446,0.146943,0.29553925977497164,Assembly,0.29553925977497164,36,1.2658227848101267
11,10262,3.00347,1.923524,109.413052,1104,9394,2.994133,0.170643,16.987605,236,9158,2.994988,2.527228,0.712974,0.487194,0.953618,1340.0,71.2974,48.7194,95.3618,0.740059991733574,0.5382964690707325,1.8131196700443928,Assembly,1.8131196700443928,1104,10.758136815435588
12,1434,2.992466,0.0,6.57733,1,1488,3.009183,0.0,14.482189,55,1433,3.009111,0.0,0.099333,0.077686,0.149825,56.0,9.933300000000001,7.7686,14.982500000000002,0.099333,0.077686,0.149825,Assembly,0.149825,1,0.0697350069735007
11,7920,3.001522,0.57623,0.994714,34,8393,2.998316,0.106254,76.010015,507,7886,2.996417,1.444763,0.549855,0.43644,0.8207,541.0,54.9855,43.644,82.07,0.5579691493512102,0.4682598915199663,1.3120589954362436,Assembly,1.3120589954362436,34,0.4292929292929293
16,12128,2.998848,4.483994,124.518036,2573,11600,2.999223,0.669962,124.223169,2045,9555,2.998188,2.911621,0.840015,0.599951,0.995752,4618.0,84.0015,59.9951,99.5752,0.903156101653733,0.8005845588542515,1.9859844254227654,Assembly,1.9859844254227654,2573,21.21536939313984
19,14740,2.997515,33.053102,237.245475,5236,14580,3.0018,1.988597,273.210208,5076,9504,3.009455,2.928327,0.988589,0.758875,0.994027,10312.0,98.8589,75.8875,99.4027,1.4540243403133917,1.354400258502554,1.9899410793533812,Assembly,1.9899410793533812,5236,35.52238805970149
14,3600,2.990506,0.007308,0.187048,24,3765,3.010298,0.0,38.38941,189,3576,2.999917,0.06155,0.248798,0.196047,0.373478,213.0,24.8798,19.6047,37.3478,0.2489009071784854,0.196047,0.3944109462127012,Assembly,0.3944109462127012,24,0.6666666666666667
9,13248,3.002423,8.942088,205.236983,3718,13086,2.997259,0.861241,222.728068,3556,9530,3.000155,2.919021,0.915251,0.680989,0.994181,7274.0,91.52510000000001,68.0989,99.4181,1.0411684939584278,0.9389048920374505,1.9869301403207995,Assembly,1.9869301403207995,3718,28.06461352657005
2,1470,2.986509,0.0,48.336458,38,1436,2.995421,0.0,0.003635,4,1432,3.001914,0.0,0.101512,0.074576,0.149443,42.0,10.151200000000001,7.4576,14.944299999999998,0.101512,0.074576,0.149443,Assembly,0.149443,38,2.585034013605442
9,6417,3.004535,0.122994,2.528563,38,6642,2.998187,0.028654,25.481474,263,6379,2.996242,0.534539,0.446306,0.345361,0.664767,301.0,44.6306,34.5361,66.4767,0.4480379328832285,0.35394201503579265,0.8465619006594812,Assembly,0.8465619006594812,38,0.5921770297646876
8,5944,2.998981,0.08994,20.114819,379,5592,2.99521,0.002209,12.214717,27,5565,3.003731,0.444679,0.412224,0.290731,0.581504,406.0,41.2224,29.0731,58.150400000000005,0.4134904848977801,0.2913925293576487,0.7327378194787612,Assembly,0.7327378194787612,379,6.376177658142665
20,14340,2.995858,30.390691,208.842738,4756,14340,2.998234,1.805197,247.512271,4756,9584,2.99437,2.91857,0.979897,0.746435,0.997695,9512.0,97.9897,74.64349999999999,99.7695,1.4078417541094366,1.2870374499046484,1.9902907567506625,Assembly,1.9902907567506625,4756,33.165969316596936
11,8151,2.997255,0.460069,7.144788,114,8525,2.993484,0.11408,17.271514,488,8037,3.00815,1.680608,0.563632,0.443069,0.840451,602.0,56.3632,44.3069,84.04509999999999,0.5701104349614945,0.47723254419219746,1.41202007991284,Assembly,1.41202007991284,114,1.3986013986013985
5,3620,3.007878,0.000899,29.757704,240,3395,2.993978,0.0,5.730648,15,3380,2.988895,0.028504,0.252049,0.176285,0.35106,255.0,25.204900000000002,17.6285,35.106,0.252061659216401,0.176285,0.3607541137099405,Assembly,0.3607541137099405,240,6.629834254143646
3,2226,2.992414,0.0,58.377816,184,2049,2.998057,0.0,0.44598,7,2042,3.002399,0.0,0.153935,0.106564,0.213236,191.0,15.3935,10.656400000000001,21.323600000000003,0.153935,0.10656400000000002,0.21323600000000004,Assembly,0.21323600000000004,184,8.265947888589398
15,10545,3.000419,1.842878,72.456096,1071,11610,3.005131,0.565678,112.810767,2136,9474,3.002502,2.870265,0.730052,0.605208,0.988693,3207.0,73.0052,60.520799999999994,98.86930000000001,0.7560023797581862,0.7746116233481232,1.9648603901088344,Assembly,1.9648603901088344,1071,10.15647226173542
19,5075,3.005779,0.039296,0.196395,16,5383,2.998793,0.002468,74.840931,324,5059,2.9974,0.238278,0.352801,0.279696,0.527351,340.0,35.2801,27.9696,52.7351,0.35335434434671076,0.2804350921026152,0.608388539523477,Assembly,0.608388539523477,16,0.31527093596059114
20,6224,2.999734,0.107831,47.308658,401,5832,3.000292,0.000901,1.303151,9,5823,2.989982,0.288026,0.431777,0.303728,0.604655,410.0,43.1777,30.372799999999998,60.465500000000006,0.4332954159774575,0.303997822522065,0.702611665570422,Assembly,0.702611665570422,401,6.44280205655527
12,2193,2.986753,0.0,59.177625,78,2118,2.997491,0.0,0.252186,3,2115,3.005544,0.0,0.151619,0.110138,0.22072,81.0,15.161900000000001,11.0138,22.072,0.151619,0.110138,0.22072,Assembly,0.22072,78,3.556771545827633
1,2448,3.004804,0.0,144.830316,331,2130,3.001742,0.0,0.010518,13,2117,3.009086,0.0,0.169996,0.111002,0.221881,344.0,16.9996,11.100200000000001,22.1881,0.169996,0.111002,0.221881,Assembly,0.221881,331,13.521241830065359
6,4837,2.996216,0.025545,0.194164,7,5348,3.001312,0.010315,50.324294,518,4830,2.996769,0.24515,0.334998,0.278601,0.502583,525.0,33.4998,27.8601,50.2583,0.3353577104371114,0.28169003364605993,0.5859576834125702,Assembly,0.5859576834125702,7,0.1447178002894356
5,3695,3.01762,0.001314,7.249309,100,3605,2.992939,0.0,18.519114,10,3595,2.995654,0.026559,0.257422,0.187222,0.374061,110.0,25.742199999999997,18.7222,37.406099999999995,0.25744050301485083,0.187222,0.3830936258076869,Assembly,0.3830936258076869,100,2.706359945872801
15,681,3.016265,0.0,0.132252,5,683,2.976922,0.0,24.092173,7,676,2.975988,0.0,0.047548,0.0352,0.070126,12.0,4.7548,3.52,7.012599999999999,0.04754800000000001,0.0352,0.070126,Assembly,0.070126,5,0.7342143906020557
5,3650,2.987708,0.002355,0.118052,20,3785,3.004008,0.0,50.061053,155,3630,2.99658,0.032874,0.252291,0.197101,0.378275,175.0,25.2291,19.7101,37.8275,0.2523241617960226,0.197101,0.38945533588621184,Assembly,0.38945533588621184,20,0.547945205479452
5,3740,2.988344,0.000439,12.306907,45,3705,2.993345,0.0,4.169025,10,3695,2.997719,0.042901,0.258484,0.192553,0.384654,55.0,25.848399999999998,19.255300000000002,38.4654,0.258490181753059,0.19255300000000003,0.3992444845730479,Assembly,0.3992444845730479,45,1.2032085561497325
8,11600,2.995439,2.835137,117.726757,2045,11456,3.000534,0.621038,95.238218,1901,9555,2.996773,2.920117,0.802649,0.596783,0.99541,3946.0,80.2649,59.67829999999999,99.541,0.8425718173631052,0.7827652857471418,1.9885318862029946,Assembly,1.9885318862029946,2045,17.629310344827587
4,3020,2.997996,0.000949,36.572387,54,2980,2.999113,0.0,0.085946,14,2966,3.001623,0.005457,0.209199,0.155058,0.309674,68.0,20.9199,15.5058,30.9674,0.20921236328850337,0.155058,0.3115299071889961,Assembly,0.3115299071889961,54,1.7880794701986755
1,1318,3.000031,0.0,0.130191,2,1458,3.001067,0.0,64.425362,142,1316,3.006017,0.0,0.091505,0.075962,0.137358,144.0,9.150500000000001,7.5962000000000005,13.735800000000001,0.091505,0.075962,0.137358,Assembly,0.137358,2,0.15174506828528073
19,13661,3.002943,10.619891,183.911071,4124,14649,2.995416,1.60584,237.268296,5112,9537,2.996362,2.88381,0.918773,0.759393,0.993192,9236.0,91.87729999999999,75.9393,99.3192,1.0683163796705715,1.2402939975946565,1.97396599866206,Assembly,1.97396599866206,4124,30.18812678427641
6,4068,3.00464,0.013565,18.772596,42,4032,2.998491,0.000187,8.43492,6,4026,2.997948,0.12341,0.282794,0.209894,0.419591,48.0,28.2794,20.9894,41.9591,0.28298501476137855,0.20995000090080593,0.4615623223738335,Assembly,0.4615623223738335,42,1.0324483775811208
9,6651,2.989782,0.113725,30.296205,216,6471,3.010365,0.020219,0.461724,36,6435,2.992923,0.690786,0.460324,0.337388,0.669234,252.0,46.0324,33.738800000000005,66.9234,0.46192541199688736,0.34344298509836996,0.9041679753450365,Assembly,0.9041679753450365,216,3.247631935047361
2,11712,3.007532,3.12037,127.056607,2181,12112,2.999271,0.782263,168.586251,2581,9531,3.000512,2.890664,0.814473,0.63068,0.994188,4762.0,81.4473,63.068000000000005,99.41879999999999,0.8584123093227285,0.8649443458136482,1.977293020812212,Assembly,1.977293020812212,2181,18.621926229508194
7,5005,2.994441,0.035187,6.197778,242,4809,3.004763,0.004198,13.951687,46,4763,3.004497,0.108428,0.346813,0.250305,0.49805,288.0,34.6813,25.0305,49.805,0.3473084837013363,0.25156217530258457,0.5349259949951383,Assembly,0.5349259949951383,242,4.835164835164836
4,9230,3.003215,1.140483,32.573514,155,9269,3.003327,0.240241,9.781627,194,9075,3.003776,2.461402,0.640434,0.482764,0.947329,349.0,64.04339999999999,48.2764,94.7329,0.6564936452710137,0.5547089861525045,1.7844434707365573,Assembly,1.7844434707365573,155,1.6793066088840736
9,5616,3.003079,0.071195,0.522356,38,5888,3.012847,0.015289,50.458381,310,5578,2.996856,0.363966,0.390107,0.307708,0.581261,348.0,39.0107,30.770799999999998,58.1261,0.3911095282665939,0.3122865977134862,0.7050446019699756,Assembly,0.7050446019699756,38,0.6766381766381766
7,13032,2.999533,6.487288,201.475321,3532,12222,2.997125,1.138966,171.747476,2722,9500,2.992448,2.841435,0.898589,0.634065,0.988046,6254.0,89.85889999999999,63.4065,98.8046,0.9899393700194608,0.9751512138359958,1.9544084049047372,Assembly,1.9544084049047372,3532,27.102516881522405
14,8008,2.994618,0.334601,4.823887,43,8448,2.995639,0.123729,45.924113,483,7965,2.997452,1.614662,0.554467,0.438741,0.830152,526.0,55.44670000000001,43.8741,83.0152,0.5591786645906397,0.4757941307797721,1.3792930690120635,Assembly,1.3792930690120635,43,0.536963036963037
11,8140,2.994404,0.438291,12.803501,181,8008,3.001383,0.05395,5.743029,49,7959,2.998448,1.383943,0.562919,0.417087,0.829869,230.0,56.2919,41.7087,82.98689999999999,0.5690907693165772,0.43324340961754076,1.3005433197472673,Assembly,1.3005433197472673,181,2.2235872235872236
8,5880,3.003731,0.072774,44.434522,254,5640,2.999106,0.012297,0.335723,14,5626,2.99938,0.483003,0.408502,0.293495,0.586319,268.0,40.8502,29.3495,58.6319,0.40952676286358747,0.2971775833005913,0.7505866818777143,Assembly,0.7505866818777143,254,4.319727891156463
9,8496,3.000194,0.500372,2.28767,1,8772,2.998677,0.125836,41.31025,277,8495,3.002955,1.901567,0.590038,0.456425,0.885888,278.0,59.0038,45.642500000000005,88.5888,0.5970839593203473,0.49410911419152675,1.532604486285094,Assembly,1.532604486285094,1,0.011770244821092278
12,8676,2.998002,0.689182,17.352944,331,8412,3.009396,0.190776,5.489346,67,8345,3.00485,1.970441,0.601981,0.438966,0.871727,398.0,60.1981,43.8966,87.1727,0.6116856763933946,0.49609769974413276,1.5418673000536334,Assembly,1.5418673000536334,331,3.815122176118027
7,4991,2.999327,0.032466,0.149522,7,5236,3.000236,0.001265,35.472719,252,4984,2.990585,0.22115,0.346398,0.27273,0.51754,259.0,34.6398,27.272999999999996,51.754,0.3468551680975242,0.27310882962309896,0.592752364824352,Assembly,0.592752364824352,7,0.1402524544179523
11,8239,2.991454,0.447371,29.613125,139,8228,2.996786,0.121955,4.276397,128,8100,2.997453,1.721498,0.566234,0.427106,0.844112,267.0,56.623400000000004,42.7106,84.4112,0.5725336288103714,0.4636278708972602,1.4295876302075166,Assembly,1.4295876302075166,139,1.6870979487801918
20,14620,3.001912,23.5023,230.357037,5059,15180,2.999399,2.182564,247.532218,5619,9561,3.001855,2.935995,0.995356,0.779942,0.997599,10678.0,99.5356,77.9942,99.7599,1.3263022754402725,1.4335545672010812,1.9961209401423168,Assembly,1.9961209401423168,5059,34.60328317373461
2,1402,2.988156,0.0,1.378337,4,1478,3.000719,0.0,35.814729,80,1398,3.005022,0.0,0.096858,0.076874,0.146007,84.0,9.6858,7.6874,14.6007,0.096858,0.076874,0.146007,Assembly,0.146007,4,0.28530670470756064
13,8316,3.002875,0.559356,5.23447,38,8580,3.010123,0.151506,29.780041,302,8278,3.006265,1.978849,0.577805,0.447973,0.86501,340.0,57.7805,44.7973,86.50099999999999,0.5856815390980955,0.4933445105748867,1.5380098323323723,Assembly,1.5380098323323723,38,0.45695045695045694
18,1500,3.014947,0.0,9.022757,7,1508,2.988621,0.0,6.065057,15,1493,3.017698,0.0,0.104426,0.077981,0.156521,22.0,10.4426,7.7981,15.652099999999999,0.104426,0.077981,0.156521,Assembly,0.156521,7,0.46666666666666673
10,7190,2.999551,0.314159,0.573168,52,7180,2.994934,0.052713,36.603673,42,7138,3.007897,1.219842,0.498491,0.372962,0.746529,94.0,49.8491,37.2962,74.6529,0.5029148117522984,0.38874796515605986,1.1613931263037178,Assembly,1.1613931263037178,52,0.7232267037552156
17,13022,2.996006,7.335662,168.442357,3439,12087,3.006078,0.824731,125.510171,2504,9583,2.994572,2.91719,0.903102,0.630633,0.997455,5943.0,90.3102,63.0633,99.74549999999999,1.0063986993353304,0.8776152402276931,1.98958142343184,Assembly,1.98958142343184,3439,26.409153739824916
9,3545,2.99922,0.006126,18.750651,87,3475,2.988701,0.0,1.420185,17,3458,2.999725,0.044541,0.246018,0.180207,0.360929,104.0,24.601799999999997,18.0207,36.0929,0.24610426291398485,0.180207,0.3760772430099094,Assembly,0.3760772430099094,87,2.454160789844852
12,8364,3.000401,0.594206,9.218164,79,8388,3.00294,0.116859,6.403513,103,8285,2.998071,1.746289,0.580831,0.436627,0.863664,182.0,58.0831,43.6627,86.3664,0.5891982773534616,0.47162277148278403,1.4575709652125384,Assembly,1.4575709652125384,79,0.9445241511238642
11,7986,3.003122,0.404382,31.074036,213,7898,3.003241,0.089098,1.749715,125,7773,2.998555,1.573283,0.55463,0.411598,0.810093,338.0,55.462999999999994,41.159800000000004,81.0093,0.5603242816981779,0.4382801832085941,1.3451612114761518,Assembly,1.3451612114761518,213,2.667167543200601
8,5944,3.006806,0.103702,34.19963,53,5912,2.997724,0.01323,2.356328,21,5891,2.986519,0.535153,0.413161,0.307582,0.611398,74.0,41.3161,30.758200000000002,61.1398,0.4146212737032421,0.3115439888645054,0.7934017199766965,Assembly,0.7934017199766965,53,0.8916554508748318
11,7953,3.003525,0.438331,53.248491,429,7546,2.987651,0.08183,2.104604,22,7524,2.991865,1.272256,0.551841,0.391421,0.781992,451.0,55.1841,39.1421,78.1992,0.5580133325742591,0.4159266348286073,1.2146819499071706,Assembly,1.2146819499071706,429,5.394190871369295
14,10136,3.000443,1.507699,46.226315,701,10108,3.001761,0.352079,53.607223,673,9435,2.995226,2.851709,0.702959,0.526767,0.982521,1374.0,70.2959,52.6767,98.2521,0.7241895760940429,0.6322041184751463,1.95237755745371,Assembly,1.95237755745371,701,6.91594317284925
12,8628,2.998114,0.685488,28.259969,21,8820,3.001014,0.15862,5.661545,213,8607,2.999528,2.110022,0.598728,0.458626,0.897024,234.0,59.872800000000005,45.8626,89.70240000000001,0.60838065954647,0.5061279405659744,1.6146353246728866,Assembly,1.6146353246728866,21,0.24339360222531292
19,13927,2.992244,20.265368,183.858235,4348,14022,2.995851,1.448043,224.693335,4443,9579,2.996543,2.913007,0.949115,0.727514,0.997624,8791.0,94.9115,72.7514,99.7624,1.234480605069567,1.1611595208862397,1.988327799321235,Assembly,1.988327799321235,4348,31.219932505205716
18,13626,3.004224,19.892105,208.315879,4078,12924,3.0028,1.062399,196.828147,3376,9548,3.004046,2.914855,0.944938,0.670632,0.996949,7454.0,94.4938,67.0632,99.6949,1.2250475237664746,0.9887886899215148,1.9882812978525282,Assembly,1.9882812978525282,4078,29.928078673124908
3,2073,3.01644,0.0,2.551676,6,2121,3.007744,0.0,14.662993,54,2067,3.004849,0.0,0.144745,0.110557,0.215784,60.0,14.4745,11.0557,21.578400000000002,0.144745,0.110557,0.21578400000000003,Assembly,0.21578400000000003,6,0.2894356005788712
11,10784,3.005859,1.893688,67.622201,1230,11568,3.005457,0.640128,145.46221,2014,9554,3.001591,2.919996,0.75024,0.602825,0.996874,3244.0,75.024,60.282500000000006,99.6874,0.7769058578286354,0.7945241691502718,1.9899547345134456,Assembly,1.9899547345134456,1230,11.405786350148368
3,728,3.019645,0.0,3.337845,3,740,3.010761,0.0,11.150822,15,725,2.996836,0.0,0.050797,0.038663,0.075445,18.0,5.0797,3.8663000000000003,7.5445,0.050797,0.038663,0.075445,Assembly,0.075445,3,0.4120879120879121
9,8280,3.000864,0.590125,3.579916,99,9048,2.996178,0.133049,98.205562,867,8181,2.996714,1.775064,0.572602,0.47029,0.852202,966.0,57.260200000000005,47.028999999999996,85.2202,0.5809118109884647,0.5101341917183352,1.455895245103204,Assembly,1.455895245103204,99,1.1956521739130435
12,8352,3.000745,0.812106,10.163042,136,8520,3.004588,0.126602,11.179523,304,8216,3.000103,1.714759,0.579132,0.443854,0.857094,440.0,57.913199999999996,44.385400000000004,85.7094,0.5905676235756797,0.48176750825579057,1.4402777191672667,Assembly,1.4402777191672667,136,1.628352490421456
4,2804,2.996923,0.0,4.706318,78,2744,3.003463,0.0,32.628089,18,2726,2.992517,0.005007,0.194402,0.142944,0.284052,96.0,19.4402,14.2944,28.405200000000004,0.19440200000000002,0.142944,0.28575486371546704,Assembly,0.28575486371546704,78,2.7817403708987163
7,5180,2.989048,0.035288,20.54042,184,5019,2.994813,0.006982,2.208375,23,4996,3.001141,0.257889,0.35843,0.260732,0.521445,207.0,35.843,26.073200000000003,52.14450000000001,0.3589269059269832,0.2628228999434601,0.6091521740998749,Assembly,0.6091521740998749,184,3.5521235521235517
4,2960,2.993736,0.0,66.832222,212,2760,3.001297,0.0,0.813422,12,2748,2.989442,0.007608,0.20504,0.143754,0.285579,224.0,20.504,14.375399999999999,28.557900000000004,0.20504,0.143754,0.2881664549924652,Assembly,0.2881664549924652,212,7.162162162162162
8,5712,2.999635,0.096368,2.308419,28,5856,3.000194,0.021168,8.559867,172,5684,3.000814,0.344053,0.396137,0.304897,0.592643,200.0,39.6137,30.4897,59.264300000000006,0.39749400040726346,0.3112361821832086,0.7096542582180094,Assembly,0.7096542582180094,28,0.49019607843137253
1,764,2.988645,0.0,53.848442,65,704,3.017302,0.0,0.768318,5,699,2.979132,0.0,0.052789,0.036871,0.072497,70.0,5.2789,3.6871,7.249700000000001,0.052789,0.036871,0.072497,Assembly,0.072497,65,8.507853403141361
9,13248,3.000038,6.431907,188.380145,3682,12276,3.001649,0.736748,161.137614,2710,9566,2.996011,2.908248,0.917776,0.638515,0.996275,6392.0,91.7776,63.85150000000001,99.6275,1.0083465256774111,0.8591489661335301,1.985360279564513,Assembly,1.985360279564513,3682,27.792874396135264
18,13374,3.000914,7.646596,204.028622,3820,14094,2.993673,1.388633,244.415354,4540,9554,3.004452,2.931457,0.924779,0.731642,0.997794,8360.0,92.4779,73.16420000000001,99.7794,1.0324540984370247,1.1474960047531888,1.9947725817359279,Assembly,1.9947725817359279,3820,28.562883206221024
9,12274,3.000293,4.127884,148.614122,2807,12291,3.004508,1.021069,173.898497,2824,9467,3.006408,2.899885,0.8446,0.639852,0.989224,5631.0,84.46000000000001,63.9852,98.9224,0.9027265593260871,0.9456315924332301,1.975465051633127,Assembly,1.975465051633127,2807,22.86948020205312
15,6723,3.007668,0.188919,36.25201,642,6102,3.003155,0.025604,0.867358,21,6081,2.998669,0.520708,0.465199,0.318147,0.634404,663.0,46.5199,31.814700000000002,63.4404,0.4678592519502304,0.32581463135954614,0.8114950244764128,Assembly,0.8114950244764128,642,9.549308344489067
8,4302,3.001139,0.014296,12.143409,142,4176,2.991674,0.000247,3.861968,16,4160,2.997667,0.06995,0.298307,0.216841,0.433692,158.0,29.8307,21.6841,43.3692,0.2985083082955155,0.21691496910427308,0.4574817577185775,Assembly,0.4574817577185775,142,3.3007903300790327
2,6112,2.992342,0.115346,57.355039,493,5632,3.000806,0.01695,1.208419,13,5619,2.990742,0.536396,0.423124,0.293133,0.583954,506.0,42.3124,29.313299999999998,58.395399999999995,0.4247482380144468,0.2982090174794683,0.7663804600602446,Assembly,0.7663804600602446,493,8.06609947643979
6,4272,2.998959,0.014781,10.218842,29,4320,3.006378,0.000595,13.660128,77,4243,2.997377,0.112285,0.296207,0.225262,0.442379,106.0,29.6207,22.5262,44.2379,0.2964151377949087,0.2254401846843825,0.4805667476115866,Assembly,0.4805667476115866,29,0.6788389513108615
5,3640,2.998928,0.001873,6.447407,45,3615,2.993789,0.0,8.369814,20,3595,3.000021,0.032232,0.252687,0.187677,0.375109,65.0,25.2687,18.7677,37.5109,0.25271337454095555,0.187677,0.386070993863977,Assembly,0.386070993863977,45,1.2362637362637363
4,8775,2.995646,0.793283,4.17339,200,9347,2.997934,0.18323,47.653038,772,8575,2.997037,2.020613,0.608172,0.486083,0.893717,972.0,60.81720000000001,48.6083,89.3717,0.6193425685920139,0.5409548986880816,1.5809206270623033,Assembly,1.5809206270623033,200,2.2792022792022792
4,8074,2.99295,0.342177,37.062856,308,7832,2.995283,0.117543,4.463436,66,7766,2.996737,1.700144,0.55864,0.405933,0.808802,374.0,55.864000000000004,40.5933,80.8802,0.5634583455955939,0.4411336090023095,1.3870152072436497,Assembly,1.3870152072436497,308,3.8147138964577656
1,727,3.003364,0.0,13.341835,3,750,2.998339,0.0,22.638708,26,724,3.024269,0.0,0.050461,0.039045,0.076126,29.0,5.0461,3.9045000000000005,7.6126,0.050461,0.039045,0.076126,Assembly,0.076126,3,0.41265474552957354
2,13428,2.997515,9.392871,217.495316,3841,14022,3.001509,1.517829,215.228375,4435,9587,2.993156,2.918426,0.929387,0.730697,0.997569,8276.0,92.9387,73.0697,99.7569,1.061652168649066,1.1852413383388756,1.9901157828391334,Assembly,1.9901157828391334,3841,28.60440869824248
9,6561,3.005562,0.147384,20.979727,339,6237,2.996062,0.031144,11.453506,15,6222,3.001968,0.646269,0.454433,0.324417,0.649547,354.0,45.4433,32.441700000000004,64.9547,0.4565083792547746,0.33374369547967925,0.8693408946537153,Assembly,0.8693408946537153,339,5.16689529035208
18,12564,2.99818,3.632802,162.519513,3055,12834,3.003129,1.922885,201.484705,3325,9509,3.001988,2.887223,0.869655,0.659786,0.992509,6380.0,86.96549999999999,65.9786,99.2509,0.9208100908341724,1.2356324820653373,1.9744437483846262,Assembly,1.9744437483846262,3055,24.315504616364215
13,7480,3.010656,0.252177,74.497328,918,6620,3.00157,0.025403,0.499699,58,6562,2.997585,0.748167,0.520689,0.344175,0.683848,976.0,52.0689,34.417500000000004,68.3848,0.5242400158112909,0.3517824378779313,0.9382970587996426,Assembly,0.9382970587996426,918,12.272727272727273
7,11424,2.99774,2.436465,129.830708,1949,11408,2.997589,0.664012,88.489488,1933,9475,3.005489,2.899601,0.788891,0.592924,0.99006,3882.0,78.8891,59.2924,99.006,0.8231999406990202,0.7917757120104264,1.9762044641964998,Assembly,1.9762044641964998,1949,17.060574229691877
14,2058,2.997351,0.0,0.016242,15,2202,2.999842,0.0,36.946329,159,2043,2.996682,0.001592,0.142644,0.114428,0.213082,174.0,14.264399999999998,11.4428,21.3082,0.142644,0.114428,0.21362343379968513,Assembly,0.21362343379968513,15,0.7288629737609329
2,6354,2.99812,0.097528,1.823815,41,6480,2.991716,0.020536,24.471792,167,6313,3.005649,0.705287,0.440152,0.336162,0.659821,208.0,44.0152,33.6162,65.9821,0.4415253348800389,0.342311917106688,0.8996867162553595,Assembly,0.8996867162553595,41,0.6452628265659427
18,12636,2.996947,4.542627,180.007756,3096,12834,2.999391,1.171251,197.800426,3294,9540,2.999781,2.909025,0.871111,0.667858,0.994716,6390.0,87.1111,66.7858,99.47160000000001,0.9350777388453223,1.0186126046516084,1.9840655346288067,Assembly,1.9840655346288067,3096,24.501424501424502
17,13107,3.00675,7.42724,196.695708,3575,12869,2.996154,1.135519,175.826895,3337,9532,2.999343,2.91325,0.910132,0.669401,0.993864,6912.0,91.01320000000001,66.9401,99.3864,1.0147182496351852,1.0094549405468083,1.984650442796941,Assembly,1.984650442796941,3575,27.275501640344853
13,11472,2.994413,2.530724,134.090366,1969,11072,3.000063,0.541089,91.349147,1569,9503,3.004814,2.922907,0.79517,0.575991,0.992762,3538.0,79.51700000000001,57.5991,99.2762,0.8308062433450051,0.7380309540972296,1.9868327557388752,Assembly,1.9868327557388752,1969,17.163528591352858
12,9192,3.00662,0.653929,54.395353,810,8436,3.003083,0.081598,5.90605,54,8382,2.996239,2.141363,0.637559,0.439681,0.873302,864.0,63.7559,43.9681,87.3302,0.6467672633168831,0.464117157775201,1.601572292459276,Assembly,1.601572292459276,810,8.81201044386423
11,13167,2.996209,10.833411,214.876441,3633,13015,2.996612,1.326639,179.963462,3481,9534,2.998462,2.885938,0.908722,0.676721,0.993743,7114.0,90.8722,67.6721,99.3743,1.06127204917662,1.0740096579908194,1.9752407242435486,Assembly,1.9752407242435486,3633,27.591706539074963
10,6970,3.002557,0.190201,0.599652,32,7470,2.995879,0.061715,55.516554,532,6938,3.000914,0.861776,0.483967,0.387691,0.723847,564.0,48.396699999999996,38.7691,72.3847,0.4866453043589357,0.4061727946162471,1.0169340943200125,Assembly,1.0169340943200125,32,0.45911047345767575
15,10410,3.005085,1.901546,66.966248,876,10575,3.002123,0.361039,93.84105,1041,9534,2.99586,2.903939,0.720143,0.550288,0.992836,1917.0,72.01429999999999,55.0288,99.2836,0.746919509800247,0.6584083701929067,1.9804558032813202,Assembly,1.9804558032813202,876,8.414985590778098
16,11984,2.999392,3.524627,152.818884,2445,11392,2.994835,0.603975,100.212311,1853,9539,2.995919,2.908561,0.831195,0.592312,0.993471,4298.0,83.1195,59.231199999999994,99.3471,0.8808268308406506,0.7731844281511437,1.982662729802768,Assembly,1.982662729802768,2445,20.402202937249665
19,13984,2.999968,11.09495,215.035457,4435,14250,3.003539,1.302462,230.605224,4701,9549,2.99937,2.909177,0.949457,0.73781,0.995684,9136.0,94.9457,73.78099999999999,99.5684,1.1056898954483625,1.1278583704037335,1.9850852293131989,Assembly,1.9850852293131989,4435,31.714816933638446
2,9632,3.000019,1.00478,11.681073,319,10374,3.007782,0.370134,46.28392,1061,9313,2.994655,2.717836,0.667542,0.541727,0.969652,1380.0,66.7542,54.1727,96.9652,0.6816907513407997,0.652571050368468,1.8939788042720216,Assembly,1.8939788042720216,319,3.31187707641196
5,5404,3.007023,0.049348,54.044003,315,5096,3.010744,0.009735,1.498852,7,5089,3.007098,0.281705,0.376156,0.266132,0.531358,322.0,37.6156,26.6132,53.1358,0.3768508910021754,0.2690473410125442,0.62716491491225,Assembly,0.62716491491225,315,5.829015544041451
11,2792,3.001443,0.0,54.276972,51,2748,3.016854,0.0,0.034242,7,2741,2.990116,0.007183,0.193807,0.143744,0.284892,58.0,19.3807,14.374400000000001,28.489199999999997,0.193807,0.143744,0.28733491393413213,Assembly,0.28733491393413213,51,1.8266475644699143
20,14800,3.004727,43.307297,204.384134,5234,14260,3.001134,1.461751,236.756243,4694,9566,3.000775,2.934806,0.974285,0.742247,0.997645,9928.0,97.4285,74.2247,99.7645,1.5841141929528466,1.1799976564383667,1.9957625652755921,Assembly,1.9957625652755921,5234,35.36486486486486
5,7450,3.003409,0.271287,6.525288,323,7160,3.002539,0.054233,27.272216,33,7127,2.998214,1.26445,0.516355,0.372889,0.742515,356.0,51.6355,37.288900000000005,74.25150000000001,0.5201751121688245,0.3891301596438942,1.1725501557863527,Assembly,1.1725501557863527,323,4.335570469798658
5,9036,3.002217,0.508373,53.678436,299,8796,2.999008,0.109823,4.008001,59,8737,2.985455,2.069597,0.626134,0.457938,0.906566,358.0,62.6134,45.793800000000005,90.6566,0.6332926249381718,0.49082670015620367,1.6104289193008565,Assembly,1.6104289193008565,299,3.308986277113767
3,2888,2.991155,7e-05,5.235541,48,2852,2.997678,0.0,8.33354,12,2840,3.00269,0.006942,0.199667,0.148233,0.296385,60.0,19.9667,14.8233,29.6385,0.19966798570094332,0.148233,0.2987459506516421,Assembly,0.2987459506516421,48,1.662049861495845
1,2220,2.988056,0.0,1.091585,12,2310,3.007612,0.0,38.988147,102,2208,2.97732,9e-05,0.153477,0.120482,0.228351,114.0,15.3477,12.048200000000001,22.8351,0.153477,0.12048200000000002,0.2283816086947058,Assembly,0.2283816086947058,12,0.5405405405405406
17,8957,2.995917,0.743318,21.887468,147,8879,3.005919,0.248143,18.503142,69,8810,2.999175,2.33017,0.621012,0.46336,0.918493,216.0,62.1012,46.336,91.8493,0.6314789893400949,0.5376713985491275,1.7109759126961803,Assembly,1.7109759126961803,147,1.6411745003907556
5,12924,3.000944,5.514622,168.126733,3372,12816,2.99994,1.11703,173.945456,3264,9552,3.002107,2.890215,0.89687,0.666811,0.996795,6636.0,89.687,66.6811,99.6795,0.9745238301085845,1.0013280386484078,1.9797473174352906,Assembly,1.9797473174352906,3372,26.090993500464254
2,11526,2.995961,2.54379,123.250064,1962,12308,2.99471,0.725621,153.495561,2744,9564,2.997532,2.881576,0.798487,0.639574,0.996398,4706.0,79.8487,63.9574,99.6398,0.8343072314668015,0.8568757628005481,1.97641222284014,Assembly,1.97641222284014,1962,17.022384174908904
17,8756,2.994856,0.545262,90.487658,1243,7513,2.999317,0.111035,2.460562,0,7513,2.997741,1.461943,0.605985,0.391213,0.782015,1243.0,60.5985,39.1213,78.2015,0.6136630752538736,0.4244646578662399,1.2792168551589764,Assembly,1.2792168551589764,1243,14.195979899497488
4,2952,2.994252,0.000122,25.252151,55,2908,2.990802,0.0,0.094592,11,2897,3.001198,0.000256,0.20438,0.150691,0.302239,66.0,20.438000000000002,15.069099999999999,30.223899999999997,0.20438171793592988,0.150691,0.3023260647316076,Assembly,0.3023260647316076,55,1.8631436314363143
9,10980,3.000654,1.817186,86.25777,1551,10410,2.99464,0.36914,57.980968,981,9429,3.000335,2.829466,0.756425,0.540541,0.983428,2532.0,75.6425,54.054100000000005,98.3428,0.7820135993490938,0.651087377131029,1.9457197886054711,Assembly,1.9457197886054711,1551,14.12568306010929
15,8360,2.993203,0.444917,12.394383,156,8349,3.001765,0.093309,9.831262,145,8204,2.994362,1.713814,0.577622,0.434524,0.854161,301.0,57.7622,43.452400000000004,85.4161,0.5838870729515859,0.46246725162192986,1.4370233278728555,Assembly,1.4370233278728555,156,1.8660287081339715
14,10374,3.004585,1.292904,56.495879,904,10206,2.997586,0.332491,31.973666,736,9470,3.004323,2.821648,0.721434,0.531135,0.988925,1640.0,72.1434,53.1135,98.89250000000001,0.7396399527493833,0.6307060989832393,1.9485579133253594,Assembly,1.9485579133253594,904,8.71409292461924
20,2154,2.986865,0.0,56.608554,76,2079,3.014149,0.0,0.01657,1,2078,3.002695,0.0,0.148928,0.108792,0.216746,77.0,14.892800000000001,10.8792,21.674599999999998,0.148928,0.10879200000000001,0.216746,Assembly,0.216746,76,3.5283194057567315
5,3600,3.002688,0.000472,2.240592,20,3590,3.006434,0.0,25.755052,10,3580,3.002201,0.026771,0.249705,0.187221,0.373385,30.0,24.9705,18.7221,37.3385,0.24971164644064658,0.187221,0.38248972628854955,Assembly,0.38248972628854955,20,0.5555555555555556
8,6822,3.000775,0.158778,2.113712,38,6867,2.997515,0.026486,18.836115,83,6784,3.001628,0.917434,0.473135,0.357195,0.708194,121.0,47.3135,35.7195,70.8194,0.4753708232054673,0.36512676395051313,1.0202101913193062,Assembly,1.0202101913193062,38,0.5570214013485781
14,3620,3.019245,0.001526,37.405913,66,3565,3.015151,0.0,0.160164,11,3554,3.00772,0.020601,0.25243,0.186609,0.3718,77.0,25.243,18.660899999999998,37.18,0.25245148828056496,0.18660899999999997,0.3788063302181618,Assembly,0.3788063302181618,66,1.8232044198895028
12,2984,2.993946,0.000261,19.629016,128,2868,2.996798,0.0,4.300906,12,2856,2.989156,0.00572,0.206798,0.149051,0.29681,140.0,20.6798,14.9051,29.681,0.2068016752563745,0.149051,0.2987553525968587,Assembly,0.2987553525968587,128,4.289544235924933
3,8928,3.001896,0.685341,2.569148,21,9024,3.000191,0.166917,28.322199,117,8907,3.000168,1.998857,0.620403,0.47003,0.928836,138.0,62.0403,47.003,92.8836,0.630053589574489,0.5200166436354228,1.6086404852620837,Assembly,1.6086404852620837,21,0.23521505376344087
14,10486,2.998241,1.879794,68.109849,1017,10206,2.990545,0.368134,59.687952,737,9469,3.002933,2.829349,0.721907,0.529679,0.988334,1754.0,72.19069999999999,52.9679,98.83340000000001,0.7483772102728231,0.6399241102528965,1.9505859973023538,Assembly,1.9505859973023538,1017,9.698645813465573
14,10150,2.998478,1.58282,36.548601,812,9996,3.002745,0.264556,54.180327,658,9338,2.998524,2.766163,0.699647,0.521108,0.973453,1470.0,69.96470000000001,52.110800000000005,97.3453,0.7219353881021167,0.6003346006075648,1.9142156530392223,Assembly,1.9142156530392223,812,8.0
18,5896,3.008947,0.061204,53.859441,192,5720,3.008609,0.010157,0.255063,16,5704,3.00147,0.399041,0.40995,0.298772,0.595428,208.0,40.995,29.8772,59.54279999999999,0.4108118405790942,0.30181371737692975,0.7311404904900486,Assembly,0.7311404904900486,192,3.2564450474898234
3,2292,3.000036,0.0,19.110292,144,2160,2.99836,0.0,25.332668,12,2148,3.001675,0.0,0.159169,0.112371,0.224304,156.0,15.9169,11.2371,22.4304,0.159169,0.112371,0.22430399999999998,Assembly,0.22430399999999998,144,6.282722513089005
3,1388,3.021853,0.0,9.322262,12,1388,2.992568,0.0,14.326516,12,1376,2.992272,0.0,0.097091,0.071998,0.143354,24.0,9.7091,7.199800000000001,14.335400000000002,0.097091,0.071998,0.143354,Assembly,0.143354,12,0.8645533141210375
7,4753,3.007098,0.025842,0.191197,24,5061,2.991759,0.006659,58.8387,332,4729,2.991383,0.140932,0.33085,0.262867,0.492413,356.0,33.085,26.286700000000003,49.241299999999995,0.3312138926253996,0.2648611711147953,0.5403434951364484,Assembly,0.5403434951364484,24,0.5049442457395329
7,6300,3.003014,0.143597,0.443149,18,6444,2.999536,0.022467,27.659396,162,6282,3.000144,0.46934,0.437638,0.335573,0.654889,180.0,43.7638,33.5573,65.4889,0.43966005283373955,0.34230119378827223,0.8145099419247632,Assembly,0.8145099419247632,18,0.2857142857142857
2,1508,3.004261,0.0,28.509437,74,1440,2.998124,0.0,4.45077,6,1434,2.983811,0.0,0.104871,0.074946,0.148726,80.0,10.4871,7.4946,14.8726,0.10487099999999999,0.074946,0.148726,Assembly,0.148726,74,4.907161803713528
6,2103,3.00116,0.0,0.79776,8,2136,3.01606,0.0,23.16087,41,2095,2.995416,0.001093,0.146041,0.111544,0.218352,49.0,14.6041,11.1544,21.8352,0.146041,0.111544,0.21872372559237177,Assembly,0.21872372559237177,8,0.3804089396100808
5,3520,2.995086,0.00123,0.054069,5,3730,2.997936,0.000368,59.715325,215,3515,2.997273,0.028304,0.244033,0.194137,0.365817,220.0,24.4033,19.4137,36.5817,0.24405032017371883,0.19424720498126513,0.375443094388372,Assembly,0.375443094388372,5,0.14204545454545456
13,2780,3.01524,0.0,0.259364,12,2904,2.999735,0.0,58.572235,136,2768,3.014881,0.005356,0.193713,0.15114,0.289782,148.0,19.371299999999998,15.113999999999999,28.978199999999998,0.19371299999999997,0.15114,0.291603557431604,Assembly,0.291603557431604,12,0.4316546762589928
5,3800,2.989925,0.011989,58.258456,275,3545,3.006512,1e-05,0.064884,20,3525,3.001094,0.057708,0.263003,0.184746,0.36784,295.0,26.3003,18.4746,36.784,0.2631718224087112,0.18474899470057785,0.3874662950453706,Assembly,0.3874662950453706,275,7.236842105263158
6,4452,2.997268,0.012224,2.695849,42,4428,3.003581,0.002911,35.423407,18,4410,3.002751,0.092352,0.308629,0.230611,0.460276,60.0,30.8629,23.0611,46.0276,0.3088011315475924,0.2314827573382143,0.49168460192746355,Assembly,0.49168460192746355,42,0.9433962264150944
5,3960,3.005297,0.006483,70.405556,299,3685,3.000044,0.0,0.180392,24,3661,3.001283,0.023193,0.275233,0.191671,0.382055,323.0,27.5233,19.1671,38.2055,0.275324289988796,0.191671,0.3899428606256894,Assembly,0.3899428606256894,299,7.55050505050505
10,6710,3.005285,0.183306,2.048366,10,7520,2.998584,0.096306,80.532617,820,6700,3.004483,0.895096,0.466809,0.390451,0.699134,830.0,46.680899999999994,39.0451,69.91340000000001,0.469390212816016,0.4192917633851137,1.0035531132933222,Assembly,1.0035531132933222,10,0.14903129657228018
11,7898,2.995613,0.414443,2.677912,70,7865,2.998144,0.113243,48.392754,37,7828,2.997871,1.583643,0.547026,0.408977,0.815901,107.0,54.702600000000004,40.8977,81.59009999999999,0.5528619550866211,0.4428898877538308,1.3544926123333991,Assembly,1.3544926123333991,70,0.8863003291972652
19,8880,3.003848,0.68392,4.996615,33,9012,3.006808,0.21616,25.638021,165,8847,3.005678,2.198507,0.617479,0.469707,0.924373,198.0,61.7479,46.9707,92.4373,0.627109579845339,0.5344404476909661,1.6720777730178233,Assembly,1.6720777730178233,33,0.37162162162162166
16,2187,2.999143,0.0,0.672783,6,2424,3.005186,0.0,87.519633,243,2181,3.016281,0.0,0.151677,0.126348,0.228702,249.0,15.1677,12.634799999999998,22.8702,0.151677,0.126348,0.22870200000000002,Assembly,0.22870200000000002,6,0.2743484224965706
20,14960,3.003952,33.218084,229.162032,5411,14600,3.007994,1.610481,243.662305,5051,9549,3.006124,2.937315,0.992866,0.761687,0.997739,10462.0,99.2866,76.1687,99.7739,1.4606245247853233,1.2439778381328401,1.9967098676646686,Assembly,1.9967098676646686,5411,36.169786096256686
1,6327,3.00133,0.150133,0.521749,24,6615,3.007615,0.019371,33.786458,312,6303,2.998145,0.660644,0.439589,0.345033,0.657138,336.0,43.9589,34.503299999999996,65.7138,0.44170308913896406,0.3508340344893676,0.8818207833914503,Assembly,0.8818207833914503,24,0.3793266951161688
5,3750,3.003817,0.003236,51.413034,274,3490,3.003236,4.4e-05,4.899967,14,3476,3.005097,0.072816,0.260705,0.181968,0.363158,288.0,26.070500000000003,18.1968,36.315799999999996,0.26075056754646675,0.18198117668254257,0.3879224745966539,Assembly,0.3879224745966539,274,7.306666666666667
9,6705,3.005602,0.144651,59.556286,657,6066,2.98928,0.008798,0.705162,18,6048,2.999143,0.561286,0.466531,0.314835,0.630296,675.0,46.653099999999995,31.4835,63.029599999999995,0.4685678946736579,0.3174697375683989,0.8211874646294426,Assembly,0.8211874646294426,657,9.798657718120806
5,3695,3.001037,0.001298,58.60012,170,3535,3.008329,0.0,0.239546,10,3525,3.001912,0.036028,0.256624,0.184617,0.367466,180.0,25.6624,18.4617,36.7466,0.25664227771177806,0.184617,0.37971900058734687,Assembly,0.37971900058734687,170,4.600811907983761
9,8952,2.998475,0.439515,2.899782,57,9300,2.999691,0.274925,48.543095,405,8895,3.006187,2.281489,0.620336,0.483843,0.92972,462.0,62.0336,48.3843,92.972,0.6265250050016438,0.5661748056367453,1.7056466697298034,Assembly,1.7056466697298034,57,0.6367292225201072
18,6669,2.999453,0.160418,0.633854,49,6651,3.005892,0.01947,25.052659,31,6620,2.998832,0.863187,0.461636,0.346753,0.689842,80.0,46.1636,34.6753,68.9842,0.4638949167704258,0.3525836820250884,0.9834089706336783,Assembly,0.9834089706336783,49,0.7347428400059979
15,4795,2.995616,0.052684,0.303046,53,5411,2.997866,0.002438,117.485376,669,4742,3.008241,0.209464,0.331606,0.281622,0.496554,722.0,33.1606,28.1622,49.6554,0.3323478666928469,0.2823521080008816,0.5677919958651054,Assembly,0.5677919958651054,53,1.105318039624609
18,13392,3.003082,9.618199,205.811117,3845,13824,2.997204,1.512017,208.109379,4277,9547,3.003254,2.914867,0.925218,0.714838,0.996651,8122.0,92.5218,71.4838,99.6651,1.0606561118228153,1.1676418183630248,1.987987379011822,Assembly,1.987987379011822,3845,28.71117084826762
10,6760,2.996305,0.225285,3.290738,44,7000,2.99584,0.023188,18.181808,284,6716,3.004844,0.824493,0.468045,0.363904,0.701794,328.0,46.8045,36.3904,70.1794,0.4712173376717411,0.3708481116999358,0.9822012724898235,Assembly,0.9822012724898235,44,0.650887573964497
11,9360,3.004413,1.142111,107.676799,1100,8593,3.003142,0.189717,4.060697,333,8260,2.996326,1.786257,0.650601,0.44695,0.860496,1433.0,65.0601,44.695,86.0496,0.6666835698586677,0.5037645609529376,1.467995946434784,Assembly,1.467995946434784,1100,11.752136752136751
14,2265,3.008686,0.0,49.560442,186,2091,3.004367,0.0,0.75171,12,2079,3.013155,0.0,0.157536,0.108727,0.217758,198.0,15.7536,10.8727,21.7758,0.157536,0.108727,0.217758,Assembly,0.217758,186,8.211920529801324
2,13300,2.998168,16.247015,229.93087,3746,13699,2.997355,1.591674,243.707383,4145,9554,3.001077,2.913705,0.920755,0.71077,0.996675,7891.0,92.0755,71.077,99.6675,1.1495364001724189,1.1874287047560637,1.9876161867535094,Assembly,1.9876161867535094,3746,28.165413533834588
5,12019,2.995723,3.360498,108.06531,2522,12002,3.003742,0.727113,170.118549,2505,9497,2.995722,2.87747,0.825682,0.625768,0.988923,5027.0,82.5682,62.5768,98.8923,0.8730026578387854,0.8435165721267645,1.9675407861683392,Assembly,1.9675407861683392,2522,20.983442882103336
8,7860,2.99715,0.441109,0.800797,36,8652,2.996908,0.132718,75.252071,828,7824,2.99457,1.4237,0.544578,0.449336,0.814557,864.0,54.4578,44.9336,81.4557,0.550789450820268,0.4890810671292081,1.2987525405852587,Assembly,1.2987525405852587,36,0.45801526717557256
19,13471,3.003368,11.620652,184.151774,3957,13851,2.995092,1.524863,196.285364,4337,9514,3.005692,2.905685,0.935736,0.718481,0.994084,8294.0,93.5736,71.8481,99.4084,1.0993715376957809,1.1751318107253406,1.9822976119586129,Assembly,1.9822976119586129,3957,29.37421126865118
8,10486,3.000803,1.265942,65.860704,944,10458,3.00122,0.49467,41.855516,916,9542,2.999053,2.909198,0.725448,0.542288,0.994389,1860.0,72.5448,54.2288,99.43889999999999,0.7432742889088901,0.6904268534848732,1.9837973713419632,Assembly,1.9837973713419632,944,9.002479496471485
1,743,2.988631,0.0,12.893582,22,724,3.009059,0.0,7.35644,3,721,3.015131,0.0,0.051388,0.03779,0.075548,25.0,5.138800000000001,3.779,7.5548,0.05138800000000001,0.03779,0.075548,Assembly,0.075548,22,2.9609690444145356
14,10010,2.999512,1.37954,53.236731,618,9800,3.001844,0.279265,14.943026,408,9392,2.996668,2.778982,0.694118,0.510026,0.978617,1026.0,69.4118,51.0026,97.8617,0.7135439125626374,0.5936575056875353,1.9237393514551542,Assembly,1.9237393514551542,618,6.173826173826174
16,10928,2.995392,1.880844,72.485473,1353,11808,2.994427,0.617505,169.118395,2233,9575,2.998301,2.914129,0.753391,0.613858,0.997557,3586.0,75.3391,61.3858,99.7557,0.7798759957869734,0.7987822580329849,1.9886423877152344,Assembly,1.9886423877152344,1353,12.38103953147877
6,2884,2.994038,0.000633,66.144211,203,2692,2.999564,0.0,0.022408,11,2681,3.002766,0.002708,0.199494,0.139989,0.279936,214.0,19.9494,13.9989,27.9936,0.19950291355281627,0.139989,0.2808569816140373,Assembly,0.2808569816140373,203,7.038834951456311
8,726,3.020645,0.0,17.092846,19,711,3.00333,0.0,4.540906,4,707,3.004032,0.0,0.050682,0.036992,0.073813,23.0,5.0682,3.6992,7.3813,0.050682,0.036992,0.073813,Assembly,0.073813,19,2.6170798898071626
7,5152,2.99754,0.038317,3.26784,98,5075,3.001552,0.001896,11.108881,21,5054,3.00461,0.185458,0.357484,0.264036,0.527393,119.0,35.748400000000004,26.4036,52.7393,0.358023558614946,0.26460379522956173,0.5904666366972402,Assembly,0.5904666366972402,98,1.9021739130434785
19,9555,2.99763,0.893064,26.037736,561,9035,3.001321,0.210549,10.517752,41,8994,2.995875,2.409206,0.662321,0.470026,0.936316,602.0,66.2321,47.0026,93.6316,0.6748966289609865,0.5330791211967303,1.7556787881936144,Assembly,1.7556787881936144,561,5.8712715855573
13,14420,2.995927,37.648903,232.462956,4916,14460,3.00294,1.897603,235.66246,4956,9504,2.996912,2.865429,0.989883,0.749191,0.989988,9872.0,98.9883,74.9191,98.9988,1.5200338457581641,1.317466280064398,1.9645106829133083,Assembly,1.9645106829133083,4916,34.09153952843273
15,10695,3.004347,2.124398,72.778767,1349,10605,3.001874,0.439666,66.225114,1259,9346,3.002514,2.670258,0.741132,0.552103,0.975531,2608.0,74.1132,55.210300000000004,97.5531,0.771046587323486,0.6837698024264263,1.8836766878640947,Assembly,1.8836766878640947,1349,12.613370733987844
13,9360,2.998672,0.802587,28.335115,168,9308,3.003176,0.182789,13.174813,116,9192,3.008184,2.576428,0.648092,0.485305,0.961186,284.0,64.8092,48.530499999999996,96.1186,0.6593935823288266,0.540044832392598,1.83742042315024,Assembly,1.83742042315024,168,1.7948717948717947
14,9870,3.003523,1.239184,43.22283,574,9604,2.998329,0.289186,25.308654,308,9296,3.000364,2.719739,0.685498,0.49993,0.969411,882.0,68.5498,49.992999999999995,96.9411,0.7029474976825749,0.5865325481308277,1.8943850081167457,Assembly,1.8943850081167457,574,5.815602836879433
2,1488,3.004307,0.0,35.093572,36,1456,2.998243,0.0,1.021864,4,1452,3.021651,0.0,0.103478,0.075776,0.152388,40.0,10.3478,7.5775999999999994,15.2388,0.103478,0.075776,0.152388,Assembly,0.152388,36,2.4193548387096775
14,8220,2.996668,0.617766,2.933401,56,9000,2.994967,0.124927,53.469158,836,8164,2.99377,1.700177,0.568479,0.467871,0.849773,892.0,56.847899999999996,46.787099999999995,84.9773,0.577178036128108,0.5052828959089993,1.4279974304317085,Assembly,1.4279974304317085,56,0.6812652068126521
10,8996,2.999854,0.728523,16.003889,84,9243,3.006163,0.242167,12.773784,331,8912,2.994715,2.254406,0.622196,0.482228,0.927836,415.0,62.2196,48.2228,92.78359999999999,0.6324546544049975,0.5547497654837998,1.6945518332996068,Assembly,1.6945518332996068,84,0.9337483325922632
2,10206,2.999394,1.191927,44.929036,681,10752,3.001245,0.3322,84.599959,1227,9525,2.993441,2.841125,0.708456,0.558704,0.990649,1908.0,70.84559999999999,55.8704,99.0649,0.7252400509757213,0.6581879531964236,1.9569059749563058,Assembly,1.9569059749563058,681,6.67254556143445
15,10230,2.997267,1.475491,27.28293,764,10590,3.001608,0.399346,66.809545,1124,9466,2.999717,2.739442,0.704029,0.550807,0.986916,1888.0,70.4029,55.08070000000001,98.69160000000001,0.7248060410085669,0.6703991696965051,1.918590931581065,Assembly,1.918590931581065,764,7.468230694037145
12,8796,2.996217,0.608945,12.427709,207,8676,2.988899,0.238769,23.592711,87,8589,3.00065,2.157437,0.608053,0.449179,0.895955,294.0,60.805299999999995,44.9179,89.5955,0.6166278237278043,0.5206831662274439,1.6296920053337351,Assembly,1.6296920053337351,207,2.3533424283765347
7,5054,2.999906,0.064977,58.727838,135,4956,2.997739,0.00752,2.775715,37,4919,3.003799,0.297738,0.350132,0.25793,0.514003,172.0,35.0132,25.793,51.4003,0.3510469698599406,0.2601820148345488,0.6152626838257875,Assembly,0.6152626838257875,135,2.6711515631183222
7,11050,3.001792,2.860849,100.824422,1521,12019,2.999194,0.77035,108.618907,2490,9529,3.00066,2.898554,0.76785,0.623819,0.994008,4011.0,76.785,62.3819,99.4008,0.8081348794010385,0.8545157590152466,1.9797963830480887,Assembly,1.9797963830480887,1521,13.76470588235294
13,8983,2.99892,1.089224,14.519952,152,9620,2.999092,0.252437,80.698397,789,8831,2.992535,2.504987,0.618998,0.500393,0.918795,941.0,61.899800000000006,50.0393,91.87950000000001,0.6343358446330851,0.5759903229772594,1.7707325813893693,Assembly,1.7707325813893693,152,1.6920850495380162
10,7070,3.006518,0.260716,23.191289,55,7550,3.003673,0.070817,19.094727,535,7015,2.997323,1.08924,0.491793,0.393585,0.731327,590.0,49.1793,39.3585,73.1327,0.4954642572449371,0.41479257108221296,1.1017738291262815,Assembly,1.1017738291262815,55,0.7779349363507779
2,8151,3.004947,0.440172,57.975255,551,7645,2.996804,0.049711,1.527853,45,7600,2.994857,1.465794,0.566975,0.397387,0.791428,596.0,56.6975,39.7387,79.14280000000001,0.5731732565090691,0.41227395604258704,1.2899395671957778,Assembly,1.2899395671957778,551,6.75990675990676
6,2824,2.993703,0.0,11.349597,10,2860,2.979364,0.0,2.067247,46,2814,3.001921,0.00069,0.19555,0.147935,0.293791,56.0,19.555,14.793500000000002,29.3791,0.19555,0.147935,0.2940256666594113,Assembly,0.2940256666594113,10,0.3541076487252125
6,4122,3.004978,0.009226,3.113375,24,4338,2.999846,0.0,36.367018,240,4098,3.001247,0.047842,0.286101,0.225926,0.427167,264.0,28.6101,22.592599999999997,42.7167,0.2862309153843331,0.22592599999999996,0.44343790191239724,Assembly,0.44343790191239724,24,0.5822416302765648
3,2262,2.999838,0.0,34.682687,105,2169,3.001572,0.0,6.413966,12,2157,2.993655,0.001029,0.156768,0.112952,0.224338,117.0,15.676799999999998,11.2952,22.4338,0.156768,0.112952,0.22468795940946987,Assembly,0.22468795940946987,105,4.641909814323608
14,10360,3.000463,2.382695,84.937592,1006,10262,2.993491,0.289075,53.45034,908,9354,3.007141,2.794838,0.718643,0.53332,0.977983,1914.0,71.8643,53.332,97.79830000000001,0.7521947815601094,0.6198893069544135,1.928497923269104,Assembly,1.928497923269104,1006,9.71042471042471
8,5888,2.997926,0.098625,11.453085,26,5896,2.985613,0.009765,6.995047,34,5862,2.99483,0.399583,0.40828,0.305336,0.610115,60.0,40.827999999999996,30.5336,61.0115,0.40966878222196534,0.30826032511427776,0.7460118228514991,Assembly,0.7460118228514991,26,0.44157608695652173
2,7190,2.998858,0.221991,2.925712,56,7320,3.000739,0.053332,19.509879,186,7134,2.994298,0.902728,0.498141,0.380614,0.742884,242.0,49.8141,38.0614,74.2884,0.5012669534016357,0.3965853371218292,1.0498987306043754,Assembly,1.0498987306043754,56,0.7788595271210014
8,5464,2.997787,0.049014,1.484207,31,5616,3.004393,0.018329,19.25487,183,5433,3.012849,0.383215,0.378583,0.292934,0.569168,214.0,37.8583,29.293400000000002,56.9168,0.37927318780053143,0.2984229866891549,0.6994981215743343,Assembly,0.6994981215743343,31,0.5673499267935579
5,3700,2.982609,0.0,41.827347,190,3515,3.001733,0.0,0.067726,5,3510,3.002024,0.026966,0.255355,0.183179,0.366166,195.0,25.5355,18.3179,36.6166,0.255355,0.183179,0.37533704512707877,Assembly,0.37533704512707877,190,5.135135135135135
13,9633,3.003764,1.009087,22.359356,445,9633,3.003002,0.276539,57.198912,445,9188,3.001435,2.639242,0.668034,0.501321,0.958647,890.0,66.8034,50.1321,95.8647,0.6822434001116996,0.5841361503100114,1.856244251475254,Assembly,1.856244251475254,445,4.619537008200976
14,10010,3.003408,1.29564,45.671,629,9954,3.002483,0.320584,29.607247,573,9381,2.999844,2.78285,0.695964,0.518107,0.978262,1202.0,69.5964,51.8107,97.8262,0.7142084795748261,0.6141123090051844,1.9246998451342887,Assembly,1.9246998451342887,629,6.283716283716284
10,5840,2.994906,0.069791,38.838215,232,5624,2.996235,0.003556,0.340958,16,5608,3.010805,0.456177,0.404749,0.292471,0.586669,248.0,40.474900000000005,29.2471,58.6669,0.4057317579219588,0.2935359155254861,0.7418132502757333,Assembly,0.7418132502757333,232,3.9726027397260277
8,5992,2.995271,0.102967,2.312336,63,6272,3.008984,0.01857,32.576169,343,5929,2.99448,0.627918,0.413924,0.327155,0.617452,406.0,41.3924,32.7155,61.7452,0.415373923843337,0.3327161589730812,0.831004781803199,Assembly,0.831004781803199,63,1.0514018691588785
14,9296,2.995101,1.104774,10.971927,74,9632,2.995407,0.232045,24.907006,410,9222,3.004145,2.674248,0.643582,0.499138,0.963145,484.0,64.3582,49.9138,96.31450000000001,0.6591388110569285,0.5686285295588926,1.8726476733293862,Assembly,1.8726476733293862,74,0.7960413080895009
14,9702,2.997679,1.17967,29.533312,426,10374,3.003029,0.29191,76.190158,1098,9276,2.991247,2.594195,0.671366,0.540355,0.964392,1524.0,67.1366,54.035500000000006,96.4392,0.6879774547405414,0.6277733045682361,1.8466689195817763,Assembly,1.8466689195817763,426,4.390847247990106
13,9386,3.000929,0.983444,65.481058,905,8528,3.003877,0.170718,3.014163,47,8481,2.996882,1.862667,0.651721,0.444741,0.88355,952.0,65.1721,44.4741,88.35499999999999,0.6655693096932676,0.49586592932506635,1.517036728240024,Assembly,1.517036728240024,905,9.642020029831665
11,8162,2.993532,0.407854,2.849419,74,8217,3.002666,0.130271,45.002124,129,8088,3.00083,1.666566,0.564625,0.428349,0.843869,203.0,56.462500000000006,42.8349,84.3869,0.5703681724649681,0.4673612638978064,1.4106624433455166,Assembly,1.4106624433455166,74,0.9066405292820388
16,11568,2.999586,2.634477,123.705958,2127,11424,3.000905,0.691265,112.753842,1983,9441,3.003406,2.883857,0.799092,0.594444,0.985444,4110.0,79.9092,59.444399999999995,98.5444,0.8361892352017914,0.8014571694952611,1.9662339832026285,Assembly,1.9662339832026285,2127,18.386929460580916
14,10640,2.992695,1.350632,96.555894,1138,9898,3.006768,0.374776,35.562464,396,9502,2.998583,2.90973,0.734337,0.516561,0.990502,1534.0,73.4337,51.6561,99.0502,0.7533558462359193,0.6287951903767094,1.9800913027373355,Assembly,1.9800913027373355,1138,10.69548872180451
16,688,2.992897,0.0,6.613752,0,693,3.003345,0.0,9.9285,5,688,3.00031,0.0,0.047665,0.036096,0.071674,5.0,4.7665,3.6096000000000004,7.1674,0.047665,0.036096,0.071674,Assembly,0.071674,0,0.0
15,10740,3.001613,2.165509,59.095497,1248,10905,3.001921,0.445359,68.550284,1413,9492,2.994177,2.83377,0.740112,0.568354,0.987892,2661.0,74.0112,56.8354,98.7892,0.7706054894875135,0.7017256854654005,1.951647564405625,Assembly,1.951647564405625,1248,11.620111731843576
2,12359,2.998557,5.845515,154.467926,2832,12631,2.997123,0.811762,181.10515,3104,9527,3.003033,2.902819,0.855593,0.6564,0.994453,5936.0,85.55930000000001,65.64,99.4453,0.9379062807121109,0.8994984130482697,1.9816918950805364,Assembly,1.9816918950805364,2832,22.914475281171615
5,5992,3.000594,0.091932,15.38148,331,5696,3.009738,0.002218,4.137049,35,5661,3.001297,0.302156,0.415184,0.297129,0.590498,366.0,41.5184,29.712899999999998,59.0498,0.4164785351303394,0.29779322458816876,0.6932602306392354,Assembly,0.6932602306392354,331,5.524032042723632
1,9646,2.99725,1.226426,36.72342,567,9165,2.997452,0.221365,6.545132,86,9079,3.000399,2.376521,0.669197,0.476738,0.947113,653.0,66.9197,47.6738,94.7113,0.6864668466449289,0.5430301893417409,1.7553597305662847,Assembly,1.7553597305662847,567,5.878084179970973
14,699,3.005025,0.0,22.60891,1,707,2.99967,0.0,3.794778,9,698,3.006146,0.0,0.048623,0.036723,0.072888,10.0,4.8623,3.6723,7.288799999999999,0.048623,0.036723,0.072888,Assembly,0.072888,1,0.14306151645207438
7,5180,2.997402,0.022205,1.849995,85,5110,2.993445,0.000351,26.248223,15,5095,2.993068,0.126199,0.358813,0.265393,0.530088,100.0,35.881299999999996,26.539299999999997,53.0088,0.35912567842067156,0.2654981139902828,0.573007851813106,Assembly,0.573007851813106,85,1.6409266409266408
12,5696,2.995444,0.097573,6.590998,16,5888,2.999532,0.00465,10.447005,208,5680,3.01108,0.356935,0.394955,0.306229,0.594556,224.0,39.4955,30.622899999999998,59.4556,0.3963289685449311,0.30762153576870366,0.7159483827202355,Assembly,0.7159483827202355,16,0.2808988764044944
12,7425,2.997546,0.426174,7.633845,24,7579,2.999081,0.071437,13.735016,178,7401,2.99499,1.221403,0.514694,0.394619,0.770496,202.0,51.4694,39.4619,77.0496,0.5206951444832839,0.4160122425180401,1.1858910171085597,Assembly,1.1858910171085597,24,0.3232323232323232
18,11594,3.000022,2.681311,127.511755,2060,11475,2.996795,0.699668,115.073615,1941,9534,3.000776,2.876114,0.804648,0.597018,0.994628,4001.0,80.4648,59.701800000000006,99.4628,0.8424047254586585,0.8065476163908348,1.9727846151681048,Assembly,1.9727846151681048,2060,17.76781093669139
14,11088,2.99603,1.773717,111.836434,1565,12048,2.993218,0.608241,156.653511,2525,9523,2.998622,2.895803,0.762739,0.625267,0.992582,4090.0,76.2739,62.526700000000005,99.2582,0.7877154931447174,0.8074169674176577,1.9774347772799141,Assembly,1.9774347772799141,1565,14.114357864357865
5,11552,3.00026,2.590369,102.861143,2026,11376,3.004472,0.509219,112.280523,1850,9526,2.998565,2.885712,0.798531,0.592081,0.992988,3876.0,79.8531,59.208099999999995,99.2988,0.8350071309559466,0.7445768433555979,1.974408862410176,Assembly,1.974408862410176,2026,17.53808864265928
5,6561,3.001044,0.120295,18.879282,29,6561,2.995657,0.035213,2.373728,29,6532,3.004982,0.746553,0.45534,0.340538,0.681916,58.0,45.534,34.0538,68.1916,0.45703392707114143,0.3510832391448094,0.9358161428745849,Assembly,0.9358161428745849,29,0.44200579180003047
19,13870,3.004147,15.076154,219.266268,4328,14307,2.995919,1.747087,211.988177,4765,9542,3.007929,2.933599,0.964566,0.743442,0.997583,9093.0,96.45660000000001,74.3442,99.7583,1.1768599888548765,1.2666422448467194,1.9952900686699264,Assembly,1.9952900686699264,4328,31.204037490987744
13,1422,2.99746,0.0,0.115499,10,1458,3.001694,0.0,28.313216,46,1412,2.995178,0.0,0.098535,0.075851,0.147228,56.0,9.8535,7.585100000000001,14.7228,0.098535,0.075851,0.147228,Assembly,0.147228,10,0.7032348804500703
16,11520,2.99569,3.294196,118.025762,2016,11360,3.004359,0.622461,108.996657,1856,9504,3.006434,2.927662,0.797817,0.591886,0.993128,3872.0,79.7817,59.1886,99.3128,0.8442040300681314,0.778294431639371,1.988815915109166,Assembly,1.988815915109166,2016,17.5
19,8162,3.005302,0.449534,14.65798,177,8074,3.002593,0.092716,5.908569,89,7985,2.991322,1.460289,0.567364,0.419751,0.830439,266.0,56.736399999999996,41.9751,83.04390000000001,0.5736940869695207,0.44751666587766287,1.3270783353696052,Assembly,1.3270783353696052,177,2.1685861308502816
10,7320,2.997474,0.218381,3.812636,23,7330,2.99873,0.07617,10.698623,33,7297,2.99699,1.02846,0.507905,0.381243,0.759826,56.0,50.79050000000001,38.1243,75.9826,0.5109801193958431,0.40405363430154,1.109601757301619,Assembly,1.109601757301619,23,0.31420765027322406
14,10962,3.000775,1.608012,126.873674,1639,10374,2.997917,0.249404,38.997319,1051,9323,2.996578,2.765383,0.756584,0.536824,0.97105,2690.0,75.6584,53.682399999999994,97.10499999999999,0.779227127790185,0.6115130302919952,1.911547377685105,Assembly,1.911547377685105,1639,14.95165115854771
18,12996,2.997321,11.502722,209.36387,3454,13644,3.001335,1.251047,234.067148,4102,9542,2.99932,2.922052,0.890587,0.709713,0.994884,7556.0,89.0587,70.9713,99.4884,1.0525619132350825,1.0843641173826797,1.98866397313917,Assembly,1.98866397313917,3454,26.577408433364113
5,3810,3.004205,0.003535,20.797401,131,3680,3.00007,0.000267,9.954013,1,3679,3.002163,0.054022,0.264018,0.191671,0.383594,132.0,26.401799999999998,19.1671,38.3594,0.26406777789763897,0.1917509585054288,0.4019666989488634,Assembly,0.4019666989488634,131,3.438320209973753
14,10318,3.001058,1.108036,51.203167,770,10010,3.00174,0.285465,47.506849,462,9548,2.99848,2.916759,0.714688,0.521008,0.995243,1232.0,71.4688,52.1008,99.5243,0.7302907447208885,0.6064962200458069,1.98722284179386,Assembly,1.98722284179386,770,7.462686567164178
16,2816,3.002301,0.0,10.382611,16,2892,2.992329,0.0,18.737158,92,2800,3.00288,0.00631,0.19546,0.150245,0.292415,108.0,19.546,15.0245,29.2415,0.19546,0.150245,0.2945610095954857,Assembly,0.2945610095954857,16,0.5681818181818182
14,9968,2.992546,1.246109,26.740488,532,9814,2.995672,0.333891,26.862062,378,9436,2.993609,2.821669,0.68999,0.508352,0.981709,910.0,68.999,50.8352,98.1709,0.7075370116687559,0.6083423570641393,1.941349055354124,Assembly,1.941349055354124,532,5.337078651685393
3,2088,2.995711,0.0,3.006089,12,2223,3.011391,0.0,23.24114,147,2076,3.010814,0.0,0.144497,0.116216,0.217047,159.0,14.449699999999998,11.6216,21.7047,0.144497,0.11621600000000001,0.217047,Assembly,0.217047,12,0.5747126436781609
19,13129,2.996484,7.328923,200.545688,3567,13927,2.998583,1.688176,241.168698,4365,9562,3.001793,2.926637,0.909755,0.724226,0.997643,7932.0,90.9755,72.4226,99.76429999999999,1.0129568044973705,1.2297841642725034,1.9929823160861273,Assembly,1.9929823160861273,3567,27.168862822758776
15,10575,2.995748,1.390288,47.308449,1129,11070,3.000867,0.373862,117.842285,1624,9446,3.004008,2.878311,0.731297,0.576729,0.986167,2753.0,73.1297,57.672900000000006,98.61670000000001,0.7508742599017673,0.6886894747438933,1.9650708074155345,Assembly,1.9650708074155345,1129,10.67612293144208
8,5392,2.998633,0.050986,0.641924,27,5984,3.003221,0.01398,67.096126,619,5365,2.991823,0.26996,0.374044,0.311732,0.557685,646.0,37.404399999999995,31.1732,55.768499999999996,0.37476195640424964,0.3159185914078447,0.6494974802531407,Assembly,0.6494974802531407,27,0.5007418397626113
3,2932,3.004144,0.0,21.173228,17,3052,3.002659,0.0,4.821359,137,2915,3.005618,0.003626,0.203693,0.158966,0.304581,154.0,20.369300000000003,15.8966,30.458099999999998,0.203693,0.158966,0.3058141903000366,Assembly,0.3058141903000366,17,0.5798090040927694
16,11504,2.994444,3.154023,141.919869,2073,11088,3.005912,0.850719,84.284924,1657,9431,3.002236,2.798179,0.794225,0.577881,0.984167,3730.0,79.4225,57.7881,98.4167,0.8386381920919634,0.8326458680894289,1.9358181860359054,Assembly,1.9358181860359054,2073,18.01981919332406
20,15060,2.993413,34.175487,214.484434,5495,13880,2.997987,1.749361,220.414018,4315,9565,3.001265,2.933634,0.976793,0.722007,0.997709,9810.0,97.6793,72.2007,99.7709,1.458033139646224,1.245888239758124,1.9954279720512007,Assembly,1.9954279720512007,5495,36.48738379814077
7,4872,3.004669,0.028639,22.062593,134,4760,3.001751,0.013947,2.610981,22,4738,3.00257,0.234476,0.338592,0.247878,0.49473,156.0,33.8592,24.787799999999997,49.473,0.3389952784188073,0.25205470889593773,0.5744744922204601,Assembly,0.5744744922204601,134,2.750410509031199
7,1400,3.00881,0.0,9.364581,1,1434,2.999272,0.0,10.726898,35,1399,2.988613,0.0,0.097508,0.074523,0.145287,36.0,9.7508,7.452300000000001,14.5287,0.097508,0.074523,0.145287,Assembly,0.145287,1,0.07142857142857142
11,8283,2.989593,0.420312,47.391554,635,7700,2.998469,0.061648,1.128272,52,7648,2.993611,1.298811,0.573226,0.400364,0.796387,687.0,57.3226,40.0364,79.6387,0.5791445990699996,0.41882573012237545,1.2381082153284262,Assembly,1.2381082153284262,635,7.666304479053483
6,4176,2.994435,0.00388,8.225651,88,4122,2.999949,0.001534,22.666299,34,4088,3.006862,0.069148,0.289462,0.214381,0.42764,122.0,28.9462,21.4381,42.764,0.2895166359951455,0.2148403870686433,0.45115700023908795,Assembly,0.45115700023908795,88,2.10727969348659
1,725,3.000809,0.0,45.27919,22,705,2.991627,0.0,0.008493,2,703,2.993217,0.0,0.050257,0.036604,0.07309,24.0,5.0257000000000005,3.6603999999999997,7.309,0.050257,0.036604,0.07309,Assembly,0.07309,22,3.0344827586206895
15,4350,3.001385,0.009885,31.046383,397,3972,3.006472,0.004494,1.030114,19,3953,3.004761,0.086169,0.302002,0.206879,0.412585,416.0,30.2002,20.6879,41.2585,0.3021411950546426,0.2082248184396891,0.4418907846011738,Assembly,0.4418907846011738,397,9.126436781609195
11,14040,2.998422,25.689783,209.14493,4477,13900,3.002514,1.927118,213.302659,4337,9563,2.996362,2.891733,0.952794,0.724179,0.996023,8814.0,95.27940000000001,72.4179,99.6023,1.3145431905353446,1.3012931388199442,1.9794915840859955,Assembly,1.9794915840859955,4477,31.887464387464387
16,6363,2.999438,0.117506,0.230089,36,6678,3.003956,0.029567,46.219283,351,6327,2.995707,0.545621,0.441386,0.348116,0.658955,387.0,44.1386,34.8116,65.8955,0.44304065392927006,0.35697043119855104,0.844518851267591,Assembly,0.844518851267591,36,0.5657708628005658
15,2800,3.005954,0.0,0.057306,5,3072,3.011341,0.0,72.349977,277,2795,2.996133,0.007701,0.19483,0.160408,0.291093,282.0,19.483,16.0408,29.109299999999998,0.19483,0.160408,0.2937120839769945,Assembly,0.2937120839769945,5,0.17857142857142858
2,1406,2.997389,0.0,21.259464,27,1384,3.017114,0.0,5.427281,5,1379,2.98425,0.0,0.097283,0.072367,0.142994,32.0,9.728299999999999,7.2367,14.2994,0.097283,0.072367,0.142994,Assembly,0.142994,27,1.9203413940256047
2,1420,3.001143,0.0,0.007846,8,1512,3.013547,0.0,76.9902,100,1412,3.002048,0.0,0.098528,0.07903,0.147249,108.0,9.8528,7.9030000000000005,14.7249,0.098528,0.07903,0.147249,Assembly,0.147249,8,0.5633802816901409
10,750,2.995933,0.0,16.776373,35,716,2.993549,0.0,5.607512,1,715,2.985075,0.0,0.051957,0.03721,0.074109,36.0,5.1957,3.721,7.4109,0.051957,0.03721,0.074109,Assembly,0.074109,35,4.666666666666667
4,11040,3.002137,3.151252,84.63898,1579,11010,3.002618,0.61954,106.328907,1549,9461,2.999668,2.851122,0.767226,0.573596,0.986428,3128.0,76.7226,57.3596,98.6428,0.811600172416049,0.7591296796005789,1.9560849207449067,Assembly,1.9560849207449067,1579,14.302536231884059
3,6777,3.006658,0.107428,84.693149,581,6237,3.000427,0.021454,0.386632,41,6196,2.998746,0.586788,0.471694,0.324348,0.646165,622.0,47.1694,32.4348,64.6165,0.47320674115631234,0.33077283061973534,0.8457296083226401,Assembly,0.8457296083226401,581,8.57311494761694
4,10905,3.006718,1.586926,84.759847,1498,10485,2.995971,0.489394,65.569357,1078,9407,2.995606,2.752054,0.757461,0.544687,0.979068,2576.0,75.7461,54.468700000000005,97.9068,0.7798072065031647,0.6912458494599956,1.9150322299991736,Assembly,1.9150322299991736,1498,13.736817973406696
14,4991,3.004471,0.020251,1.900054,68,4935,2.991807,0.011786,11.959565,12,4923,2.997973,0.13577,0.346971,0.256106,0.512925,80.0,34.6971,25.6106,51.2925,0.3472561632829102,0.25963555410106276,0.5590999164467658,Assembly,0.5590999164467658,68,1.3624524143458225
16,12640,2.999873,4.076964,167.110318,3112,11216,2.997233,0.683203,119.966452,1688,9528,3.000425,2.899631,0.875186,0.583628,0.993694,4800.0,87.5186,58.36280000000001,99.3694,0.9325955322970124,0.7882268418893925,1.9798486670947348,Assembly,1.9798486670947348,3112,24.620253164556964
10,7230,2.99684,0.298333,1.090384,150,7110,3.000341,0.047951,25.605799,30,7080,2.995869,0.981904,0.501153,0.369877,0.737815,180.0,50.1153,36.987700000000004,73.7815,0.5053539588504496,0.38423688874088413,1.0717572196269072,Assembly,1.0717572196269072,150,2.0746887966804977
17,6056,3.011974,0.098328,4.610503,123,5944,2.987409,0.016703,23.985254,11,5933,3.007238,0.532546,0.42096,0.30794,0.61981,134.0,42.096000000000004,30.794,61.980999999999995,0.42234460003367724,0.31294204837519524,0.8009270881200513,Assembly,0.8009270881200513,123,2.031043593130779
19,4320,3.008695,0.014944,7.198711,10,4452,3.004032,0.0,7.288728,142,4310,3.007981,0.067939,0.30087,0.232037,0.450947,152.0,30.087000000000003,23.203699999999998,45.094699999999996,0.3010804330699625,0.23203699999999997,0.4740528234402064,Assembly,0.4740528234402064,10,0.23148148148148145
10,7270,2.998077,0.271464,27.046606,30,7470,3.001428,0.043373,2.072657,230,7240,2.999946,0.969191,0.504174,0.388213,0.754372,260.0,50.4174,38.8213,75.4372,0.507996604584067,0.40120191481634104,1.0839905714514066,Assembly,1.0839905714514066,30,0.41265474552957354
4,2788,2.984349,0.0,0.040567,8,2892,2.985119,0.0,58.947858,112,2780,3.005146,0.004184,0.192601,0.149878,0.290547,120.0,19.260099999999998,14.987800000000002,29.0547,0.19260099999999997,0.149878,0.2919699642072127,Assembly,0.2919699642072127,8,0.2869440459110474
2,4266,3.005298,0.003017,7.241319,18,4380,2.998618,0.000365,7.108746,132,4248,3.000328,0.090573,0.296577,0.227687,0.44306,150.0,29.6577,22.7687,44.306,0.2966194837106582,0.2277963065710918,0.47386357006211177,Assembly,0.47386357006211177,18,0.42194092827004215
11,7678,2.996188,0.314399,18.129434,22,8492,2.993253,0.123438,22.498901,836,7656,2.995726,1.36839,0.532517,0.440422,0.79729,858.0,53.2517,44.0422,79.729,0.5369441912983898,0.4773879849929565,1.2626747972054941,Assembly,1.2626747972054941,22,0.28653295128939826
6,8868,3.001301,0.74057,30.903586,569,8364,3.000815,0.114013,7.709391,65,8299,3.00387,1.983368,0.613647,0.434467,0.866564,634.0,61.364700000000006,43.4467,86.6564,0.6240752935373476,0.4686104796983258,1.5411007289032121,Assembly,1.5411007289032121,569,6.4163283716734325
12,9048,3.009819,0.699771,17.931168,162,9084,3.001707,0.129566,9.997086,198,8886,2.996928,2.348401,0.63039,0.472913,0.925739,360.0,63.039,47.2913,92.5739,0.6402437847832388,0.5117141375070675,1.7244222139537557,Assembly,1.7244222139537557,162,1.790450928381963
7,714,2.958094,0.0,25.141194,11,705,2.998398,0.0,0.836138,2,703,3.015064,0.0,0.048891,0.036704,0.073604,13.0,4.8891,3.6704,7.3604,0.048891,0.036704,0.073604,Assembly,0.073604,11,1.5406162464985995
7,13158,3.001621,8.715932,162.940784,3598,12648,3.002778,0.955091,185.716566,3088,9560,2.996584,2.907996,0.912621,0.658759,0.996014,6686.0,91.2621,65.8759,99.6014,1.035353891350663,0.9447801569606424,1.9850135752193365,Assembly,1.9850135752193365,3598,27.344581243350053
2,13756,3.004015,12.911702,212.841028,4197,13661,2.995909,1.346961,203.958892,4102,9559,3.001995,2.918987,0.949188,0.708599,0.997477,8299.0,94.9188,70.8599,99.7477,1.1310033834516076,1.1119734885051413,1.9902145770361328,Assembly,1.9902145770361328,4197,30.510322768246585
18,12978,3.001414,5.112722,203.001621,3440,12330,2.999913,0.822169,138.802137,2792,9538,2.99968,2.924656,0.899744,0.637563,0.99448,6232.0,89.9744,63.756299999999996,99.44800000000001,0.9717384985495692,0.8837779979396461,1.9891455847059918,Assembly,1.9891455847059918,3440,26.50639543843427
19,14155,3.004439,24.130059,215.183566,4623,12806,2.998994,1.006467,196.228604,3274,9532,3.010176,2.920796,0.975772,0.664891,0.997189,7897.0,97.57719999999999,66.48910000000001,99.7189,1.3155580274187642,0.9662977306494429,1.99054181179972,Assembly,1.99054181179972,4623,32.6598375132462
20,696,3.01156,0.0,91.160158,59,639,2.978838,0.0,0.001382,2,637,3.033838,0.0,0.04852,0.033046,0.067185,61.0,4.852,3.3045999999999998,6.7185,0.04852,0.033046,0.067185,Assembly,0.067185,59,8.477011494252872
13,7821,3.004678,0.394399,1.752495,26,8206,2.996807,0.101387,32.42325,411,7795,3.000944,1.510321,0.543941,0.425798,0.813065,437.0,54.3941,42.5798,81.3065,0.5494947066622147,0.45616037074872307,1.3267200488531774,Assembly,1.3267200488531774,26,0.33243830712185146
16,5648,2.992793,0.103754,14.120407,8,5752,3.002823,0.015882,4.020126,112,5640,2.99767,0.493546,0.39129,0.299684,0.587129,120.0,39.129000000000005,29.9684,58.712900000000005,0.39275100593822865,0.30444018345775314,0.7549823204141969,Assembly,0.7549823204141969,8,0.141643059490085
6,721,2.973495,0.0,11.987948,14,713,3.012589,0.0,7.837247,6,707,3.003711,0.0,0.049568,0.037227,0.073737,20.0,4.9568,3.7227,7.3736999999999995,0.049568,0.037227,0.073737,Assembly,0.073737,14,1.9417475728155338
14,6016,3.001143,0.092567,59.589048,611,5416,2.991252,0.008945,3.291673,11,5405,3.003753,0.302944,0.417646,0.281261,0.564395,622.0,41.7646,28.126099999999997,56.439499999999995,0.4189494768460398,0.28393975966689344,0.6674252267662152,Assembly,0.6674252267662152,611,10.15625
10,5616,2.987189,0.036774,3.634922,40,5696,3.001103,0.003272,25.094824,120,5576,3.009224,0.222095,0.387169,0.296272,0.583015,160.0,38.716899999999995,29.6272,58.3015,0.3876868309498661,0.29725186602907494,0.6585487561187631,Assembly,0.6585487561187631,40,0.7122507122507122
7,13604,3.001521,11.974065,196.150059,4025,12920,3.004265,1.129046,168.604041,3341,9579,2.99668,2.919089,0.931404,0.670063,0.997627,7366.0,93.1404,67.0063,99.76270000000001,1.100016102374224,1.0081784708627612,1.9903992668901327,Assembly,1.9903992668901327,4025,29.58688620993825
13,8788,2.997885,0.557578,3.599896,45,9178,2.995066,0.179541,39.557348,435,8743,3.005031,2.294136,0.609516,0.476074,0.913467,480.0,60.95159999999999,47.6074,91.3467,0.6173675022941344,0.5298411536449099,1.6936948715291864,Assembly,1.6936948715291864,45,0.512061902594447
17,6900,2.994431,0.321921,1.290933,20,7420,2.99966,0.081491,33.495159,540,6880,3.001878,0.886453,0.47819,0.386248,0.717169,560.0,47.819,38.6248,71.7169,0.4827231119054734,0.4106521144790179,1.01864865831174,Assembly,1.01864865831174,20,0.2898550724637681
17,11118,3.000392,4.028138,71.678451,1591,11917,2.995503,0.713878,140.123459,2390,9527,2.997373,2.871985,0.769564,0.619433,0.992548,3981.0,76.9564,61.9433,99.2548,0.826285991807586,0.8332180859119702,1.9693003562743232,Assembly,1.9693003562743232,1591,14.310127720813096
4,2856,2.990444,0.0,1.747387,8,3024,2.990992,0.0,46.986723,176,2848,2.996007,0.004115,0.197701,0.156952,0.296596,184.0,19.7701,15.695200000000002,29.6596,0.197701,0.156952,0.2979954975412716,Assembly,0.2979954975412716,8,0.2801120448179272
18,12834,3.002242,4.831458,183.266317,3308,13482,3.00575,1.153198,213.852677,3956,9526,2.999609,2.910567,0.886188,0.701343,0.993456,7264.0,88.6188,70.13430000000001,99.3456,0.9542218958334336,1.0466912716984025,1.9833299635980997,Assembly,1.9833299635980997,3308,25.77528440081035
6,5026,3.009614,0.047005,14.853376,16,5243,2.992932,0.002652,18.503086,233,5010,3.011306,0.23224,0.350173,0.272187,0.524682,249.0,35.0173,27.218700000000002,52.468199999999996,0.35083489818345737,0.2729811945932478,0.6036660362053244,Assembly,0.6036660362053244,16,0.31834460803820136
11,10108,3.001033,1.302085,43.224495,627,10528,2.995721,0.396964,54.851007,1047,9481,3.000036,2.81942,0.702186,0.547432,0.988577,1674.0,70.2186,54.7432,98.85770000000001,0.7205212344688242,0.6663108320188594,1.9474521780830862,Assembly,1.9474521780830862,627,6.203007518796992
16,4212,2.994394,0.009688,5.720886,9,4398,3.0042,0.000428,16.729534,195,4203,3.000657,0.052318,0.291953,0.229383,0.438327,204.0,29.195300000000003,22.9383,43.8327,0.29208942101055924,0.2295111731847323,0.45612017432909996,Assembly,0.45612017432909996,9,0.2136752136752137
4,4386,3.001255,0.005792,60.141038,48,4356,3.003317,0.0,0.086617,18,4338,3.005822,0.107225,0.304263,0.226768,0.452784,66.0,30.4263,22.6768,45.278400000000005,0.3043445597123409,0.226768,0.48925085877590396,Assembly,0.48925085877590396,48,1.094391244870041
3,6363,2.998608,0.100172,79.975353,412,6012,3.002112,0.012709,0.287407,61,5951,3.009694,0.476418,0.44167,0.312533,0.623064,473.0,44.167,31.2533,62.3064,0.44308056621281333,0.316338964964399,0.7850921457150718,Assembly,0.7850921457150718,412,6.474933207606474
8,5760,2.998565,0.116689,0.624888,9,5872,3.00436,0.015118,17.45428,121,5751,3.002538,0.404735,0.399809,0.306179,0.600215,130.0,39.980900000000005,30.6179,60.0215,0.4014521493911171,0.3107063883336048,0.7378640005751034,Assembly,0.7378640005751034,9,0.15625
2,1380,2.985981,0.0,0.022586,6,1452,2.999729,0.0,52.647518,78,1374,3.0047,0.0,0.095378,0.075618,0.143597,84.0,9.5378,7.561800000000001,14.3597,0.095378,0.075618,0.143597,Assembly,0.143597,6,0.43478260869565216
15,11445,3.006579,2.942754,93.133067,1917,11775,2.999127,0.652131,149.037309,2247,9528,3.000486,2.885089,0.793225,0.612707,0.993765,4164.0,79.32249999999999,61.2707,99.37650000000001,0.8346632199119645,0.8080007082538739,1.9749739822234904,Assembly,1.9749739822234904,1917,16.749672346002622
8,5768,3.000669,0.062229,2.071138,28,5976,3.004125,0.014811,19.6133,236,5740,2.991686,0.288116,0.40067,0.311014,0.597407,264.0,40.067,31.1014,59.740700000000004,0.4015462740571933,0.31544945102586464,0.6953942742651278,Assembly,0.6953942742651278,28,0.48543689320388345
13,10598,2.99523,2.418546,96.965467,1241,10640,2.992309,0.360089,58.349367,1283,9357,2.999242,2.6979,0.734802,0.552436,0.9755,2524.0,73.4802,55.2436,97.55,0.7688586153389655,0.6602718736380102,1.8930466382980748,Assembly,1.8930466382980748,1241,11.709756557841102
15,10710,2.996421,1.708081,64.551337,1173,10890,2.99246,0.458005,84.183908,1353,9537,3.005389,2.923781,0.73978,0.564547,0.996329,2526.0,73.978,56.4547,99.6329,0.7638322436144673,0.7017057838161589,1.9906970001741295,Assembly,1.9906970001741295,1173,10.952380952380953
17,6970,2.989873,0.270095,2.494977,30,7700,3.004024,0.091544,32.51878,760,6940,2.994712,0.989321,0.481585,0.401089,0.722204,790.0,48.1585,40.1089,72.2204,0.48538832708990354,0.42850368696993796,1.0586687161672743,Assembly,1.0586687161672743,30,0.430416068866571
13,9516,2.996047,0.846205,17.16653,444,9425,3.000083,0.17177,36.606909,353,9072,3.000201,2.507145,0.655188,0.490899,0.946567,797.0,65.5188,49.0899,94.6567,0.667103786668068,0.5423389718258569,1.7992385098690935,Assembly,1.7992385098690935,444,4.665825977301387
19,14079,2.995232,8.957295,222.505325,4520,13889,3.001297,1.658309,205.622694,4330,9559,3.002042,2.934615,0.97043,0.722998,0.997729,8850.0,97.043,72.2998,99.77289999999999,1.0965616304476486,1.2196118920566166,1.9957816068234941,Assembly,1.9957816068234941,4520,32.10455288017615
20,2832,2.991467,0.0,0.089132,5,2996,2.98129,0.0,36.81662,169,2827,3.013134,0.004358,0.195999,0.155068,0.295873,174.0,19.5999,15.506800000000002,29.5873,0.195999,0.155068,0.2973551410169773,Assembly,0.2973551410169773,5,0.1765536723163842
19,13794,2.998341,8.415675,206.441906,4249,14820,3.000882,1.93556,231.236182,5275,9545,3.007126,2.927219,0.950201,0.771353,0.997674,9524.0,95.0201,77.1353,99.7674,1.0687058398057132,1.3509952650477715,1.9932112523118917,Assembly,1.9932112523118917,4249,30.803247788893724
18,8664,3.006311,0.811707,2.547338,239,8676,3.001872,0.284577,36.435294,251,8425,2.995716,1.866377,0.599224,0.452099,0.877459,490.0,59.922399999999996,45.2099,87.7459,0.6106540050803027,0.5373212906344932,1.5122074866551194,Assembly,1.5122074866551194,239,2.7585410895660205
1,739,2.985248,0.0,40.98355,26,716,2.995501,0.0,0.025848,3,713,3.017309,0.0,0.051067,0.037216,0.074741,29.0,5.1067,3.7216,7.4741,0.051067,0.037216,0.074741,Assembly,0.074741,26,3.5182679296346415
12,8076,3.004655,0.390972,1.357757,77,8736,2.998134,0.094802,73.939982,737,7999,3.003897,1.520934,0.560201,0.454717,0.835349,814.0,56.02009999999999,45.4717,83.53490000000001,0.5657064495603168,0.4831073604182039,1.352613494152209,Assembly,1.352613494152209,77,0.9534422981674097
17,12240,3.001817,3.827623,172.768387,2739,11849,3.003159,0.737994,123.390875,2348,9501,3.006957,2.870174,0.847322,0.617317,0.993118,5087.0,84.7322,61.731700000000004,99.31179999999999,0.9012204514553691,0.8383241058255312,1.9692544413175206,Assembly,1.9692544413175206,2739,22.377450980392158
16,11248,2.997519,1.514219,116.21332,1730,11872,3.002267,0.734219,130.933755,2354,9518,2.997628,2.917476,0.775896,0.613004,0.991812,4084.0,77.5896,61.300399999999996,99.1812,0.7972183870961946,0.8328806063573899,1.984035691061683,Assembly,1.984035691061683,1730,15.380512091038407
19,8832,2.997425,0.715729,8.234528,190,8940,2.999673,0.152286,41.008888,298,8642,2.989989,2.144617,0.608502,0.465357,0.898056,488.0,60.8502,46.535700000000006,89.8056,0.6185804964354378,0.5109620972199597,1.6274329668211953,Assembly,1.6274329668211953,190,2.151268115942029
10,6980,2.998147,0.213113,0.832491,22,7510,3.000472,0.063841,27.781822,552,6958,2.996168,0.898172,0.484227,0.39111,0.724156,574.0,48.4227,39.111000000000004,72.4156,0.48722793835913514,0.4102284679590996,1.0296212504590454,Assembly,1.0296212504590454,22,0.3151862464183381
7,3585,3.00197,0.002236,19.022116,83,3515,3.008051,0.0,6.650145,13,3502,3.006136,0.022795,0.249122,0.183367,0.365798,96.0,24.912200000000002,18.3367,36.5798,0.24915348610441893,0.183367,0.3735505021757681,Assembly,0.3735505021757681,83,2.315202231520223
5,3515,2.995008,3.6e-05,0.043526,22,3930,3.013788,7.2e-05,80.97423,437,3493,2.999284,0.015785,0.243714,0.205618,0.364596,459.0,24.371399999999998,20.561799999999998,36.459599999999995,0.2437145069319137,0.20563956184416055,0.3699644249547926,Assembly,0.3699644249547926,22,0.6258890469416786
13,10205,2.999656,1.291004,60.937444,874,9516,2.997635,0.213758,12.924603,185,9331,3.000578,2.624368,0.703779,0.494583,0.972969,1059.0,70.37790000000001,49.4583,97.2969,0.7219581980094926,0.5585971206121647,1.8655076545302058,Assembly,1.8655076545302058,874,8.564429201371876
13,8970,2.997273,0.788236,10.191204,114,9490,3.002653,0.219517,58.533649,634,8856,2.995655,2.470303,0.619641,0.494255,0.921832,748.0,61.9641,49.4255,92.1832,0.6307404995539985,0.5599937686749528,1.7619736706429627,Assembly,1.7619736706429627,114,1.2709030100334449
13,13500,3.001184,10.195818,196.89323,3920,12618,3.000356,0.809581,181.831096,3038,9580,2.996573,2.928713,0.92824,0.654773,0.99769,6958.0,92.824,65.4773,99.76899999999999,1.07181182029703,0.8972182688522391,1.9937353566440081,Assembly,1.9937353566440081,3920,29.037037037037038
12,12834,2.994448,5.357691,140.693554,3417,12276,2.997029,0.952747,194.314955,2859,9417,3.006129,2.912647,0.863091,0.636821,0.984164,6276.0,86.3091,63.6821,98.41640000000001,0.9385350153265796,0.9221401991451926,1.9747453645424122,Assembly,1.9747453645424122,3417,26.62459093034128
2,2139,3.001229,0.0,22.506461,12,2205,3.011701,0.0,8.004923,78,2127,3.002063,0.0,0.148288,0.115225,0.221715,90.0,14.828800000000001,11.522499999999999,22.171499999999998,0.148288,0.115225,0.221715,Assembly,0.221715,12,0.5610098176718092
7,13073,3.005612,6.294999,193.423298,3514,12427,2.997301,0.910427,166.709353,2868,9559,3.000753,2.922491,0.908792,0.646657,0.997012,6382.0,90.8792,64.6657,99.7012,0.9974346636095291,0.9193026262997002,1.9909412755500127,Assembly,1.9909412755500127,3514,26.8798286544787
9,10290,2.99747,1.862129,49.49577,735,10682,2.999922,0.39938,90.318205,1127,9555,3.001484,2.92009,0.713454,0.55634,0.997048,1862.0,71.3454,55.63399999999999,99.7048,0.7396754615990486,0.6759423516784697,1.990160703594583,Assembly,1.990160703594583,735,7.142857142857142
14,13642,2.99844,10.148904,200.790028,4078,13414,3.002346,1.668424,184.354823,3850,9564,3.000552,2.936409,0.945201,0.69734,0.997512,7928.0,94.5201,69.734,99.7512,1.088112203524799,1.1969830316911194,1.9961747401379635,Assembly,1.9961747401379635,4078,29.892977569271366
14,8261,2.995146,0.432308,3.189728,67,8426,3.002937,0.079286,35.089818,232,8194,3.006055,1.844908,0.570928,0.438061,0.856408,299.0,57.0928,43.8061,85.6408,0.5770155200488052,0.4618047830016004,1.4838549525813503,Assembly,1.4838549525813503,67,0.8110398256869628
9,6615,3.002982,0.160983,18.264565,9,6642,3.003625,0.063949,1.343235,36,6606,3.001373,0.751815,0.459675,0.346357,0.68844,45.0,45.9675,34.6357,68.84400000000001,0.4619418727851828,0.36550781072534044,0.9441297312250518,Assembly,0.9441297312250518,9,0.13605442176870747
4,2892,3.011374,0.0,0.03314,8,2960,3.010623,0.0,47.151011,76,2884,2.996245,0.001011,0.201356,0.154446,0.300199,84.0,20.1356,15.4446,30.0199,0.201356,0.154446,0.3005428376705287,Assembly,0.3005428376705287,8,0.2766251728907331
4,2788,2.995029,0.000151,19.273208,24,2780,2.986746,0.0,1.317403,16,2764,3.006863,0.003382,0.193031,0.143978,0.288718,40.0,19.3031,14.3978,28.871799999999997,0.19303312629774924,0.143978,0.28986820672772307,Assembly,0.28986820672772307,24,0.860832137733142
14,9716,2.999274,1.231455,52.416049,380,9366,2.999546,0.537755,18.670951,30,9336,3.004417,2.670672,0.673406,0.48724,0.974654,410.0,67.3406,48.724000000000004,97.4654,0.6907466622169872,0.6482815209245719,1.8829404878597416,Assembly,1.8829404878597416,380,3.9110745162618357
2,1406,2.988414,0.0,0.488766,6,1510,2.996149,0.0,54.117131,110,1400,2.978444,0.0,0.097243,0.078285,0.145107,116.0,9.7243,7.828499999999999,14.510700000000002,0.097243,0.078285,0.145107,Assembly,0.145107,6,0.42674253200568996
1,2828,2.994872,5e-06,0.058792,16,3088,3.00464,0.0,80.157586,276,2812,3.02319,0.005404,0.195767,0.160908,0.295591,292.0,19.5767,16.090799999999998,29.5591,0.19576707040721023,0.16090799999999997,0.29742888206878043,Assembly,0.29742888206878043,16,0.5657708628005658
6,4164,3.003296,0.004857,1.338747,13,4338,3.000618,2.5e-05,51.061306,187,4151,3.003327,0.064538,0.28897,0.225869,0.432985,200.0,28.897000000000002,22.5869,43.298500000000004,0.2890383935640262,0.22587648675144462,0.4549341548769344,Assembly,0.4549341548769344,13,0.31219980787704127
11,4476,3.00793,0.011267,57.757019,126,4374,2.998612,4.2e-05,0.305915,24,4350,3.00077,0.119078,0.31148,0.227395,0.45368,150.0,31.147999999999996,22.7395,45.368,0.31163865560755266,0.22740757774242698,0.49417802386866017,Assembly,0.49417802386866017,126,2.8150134048257374
9,6741,2.995116,0.241389,1.409206,74,6714,3.004963,0.022652,11.399198,47,6667,3.00471,0.834581,0.467331,0.350002,0.696303,121.0,46.7331,35.0002,69.6303,0.4707301052144791,0.3567855957489626,0.9801411670697378,Assembly,0.9801411670697378,74,1.0977599762646493
13,8385,2.993698,0.864301,2.768012,151,9399,3.003883,0.163219,109.181861,1165,8234,2.996738,1.830887,0.579999,0.490173,0.857723,1316.0,57.999900000000004,49.017300000000006,85.7723,0.5921696044433653,0.5390522033617312,1.4804014580427916,Assembly,1.4804014580427916,151,1.8008348240906382
10,7480,3.000307,0.266057,23.9087,517,6980,3.013069,0.048505,0.946352,17,6963,2.989892,1.024369,0.518483,0.365125,0.723878,534.0,51.8483,36.512499999999996,72.3878,0.5222294662269146,0.3796507951528974,1.0722624220789359,Assembly,1.0722624220789359,517,6.911764705882353
19,7160,3.001538,0.183908,2.788799,40,7640,2.998694,0.043429,33.481705,520,7120,3.006004,0.963485,0.497477,0.397219,0.744271,560.0,49.7477,39.7219,74.4271,0.5000666898441288,0.410224685139577,1.0719489802070576,Assembly,1.0719489802070576,40,0.5586592178770949
13,9139,3.000663,1.018758,73.103017,516,8814,2.998289,0.181071,9.432064,191,8623,3.003183,2.274108,0.633501,0.458801,0.900113,707.0,63.3501,45.8801,90.0113,0.647846581737744,0.5130263428333222,1.6735294166673187,Assembly,1.6735294166673187,516,5.646131961921435
16,9061,2.998417,0.770551,7.091144,81,9438,2.997661,0.258006,43.35217,458,8980,3.003581,2.49883,0.628385,0.490744,0.937549,539.0,62.838499999999996,49.074400000000004,93.75489999999999,0.6392354692513829,0.5680090717290683,1.7873926065748835,Assembly,1.7873926065748835,81,0.8939410661074936
9,6291,3.002867,0.173856,71.678885,22,6444,3.003348,0.054174,1.172521,175,6269,2.982197,0.706701,0.436807,0.335327,0.649524,197.0,43.6807,33.5327,64.9524,0.43925514318866427,0.3515504909104848,0.8898706128588487,Assembly,0.8898706128588487,22,0.3497059291050707
10,12546,2.997545,5.38615,182.456103,2990,12240,2.999385,0.759588,156.200578,2684,9556,3.000908,2.91587,0.870537,0.636282,0.996747,5674.0,87.0537,63.6282,99.6747,0.9463817590858182,0.8637558622533565,1.9884244959094879,Assembly,1.9884244959094879,2990,23.832297146500878
11,4428,3.003674,0.003304,81.343997,375,4080,3.00913,6e-05,0.679154,27,4053,3.01181,0.081794,0.30755,0.212939,0.42496,402.0,30.755,21.2939,42.496,0.30759652508452595,0.21295696820346716,0.4527778619418632,Assembly,0.4527778619418632,375,8.468834688346885
13,5054,3.006485,0.056516,62.03197,37,5033,3.007625,0.0,0.132653,16,5017,3.000523,0.197981,0.351736,0.262734,0.523181,53.0,35.1736,26.273400000000002,52.3181,0.3525318267787741,0.262734,0.5905136665172509,Assembly,0.5905136665172509,37,0.7320933913731698
4,10140,2.994481,1.783516,50.531875,636,10455,3.003862,0.455713,61.845219,951,9504,2.98949,2.853062,0.700265,0.545232,0.987606,1587.0,70.0265,54.5232,98.7606,0.725379477195344,0.6817043984437141,1.957922708164121,Assembly,1.957922708164121,636,6.272189349112427
8,5776,3.004335,0.058379,41.369556,5,5808,3.001604,0.003823,1.674728,37,5771,2.994148,0.319134,0.401691,0.302682,0.600477,42.0,40.1691,30.2682,60.047700000000006,0.40251306050530916,0.3038268740309149,0.7090133908471841,Assembly,0.7090133908471841,5,0.08656509695290858
16,5824,3.00666,0.129654,38.124206,16,5824,2.997728,0.013967,0.271561,16,5808,3.005389,0.393103,0.405041,0.302767,0.60609,32.0,40.5041,30.2767,60.609,0.40686671528726687,0.30694969829709345,0.7397829968326803,Assembly,0.7397829968326803,16,0.27472527472527475
13,2088,2.989824,0.0,0.047971,17,2127,2.984021,0.0,69.336344,56,2071,3.000215,0.00204,0.143837,0.110191,0.215928,73.0,14.3837,11.0191,21.5928,0.143837,0.110191,0.21662179707999854,Assembly,0.21662179707999854,17,0.814176245210728
17,12274,2.993128,4.622678,143.360242,2739,11288,2.998119,0.566758,131.789269,1753,9535,3.003299,2.876083,0.849547,0.587383,0.995352,4492.0,84.9547,58.738299999999995,99.5352,0.9146409723626917,0.7571100510105317,1.9734980721732613,Assembly,1.9734980721732613,2739,22.315463581554507
7,4956,3.002061,0.049249,0.133227,14,5369,3.000605,0.005979,83.034506,427,4942,3.001742,0.189391,0.344276,0.27922,0.515349,441.0,34.427600000000005,27.922000000000004,51.53489999999999,0.3449694969394127,0.281010531475501,0.5797602366558844,Assembly,0.5797602366558844,14,0.2824858757062147
7,5096,2.997464,0.019663,0.111458,49,5208,3.001848,0.006423,29.521223,161,5047,3.004544,0.169112,0.35262,0.271324,0.527422,210.0,35.262,27.1324,52.7422,0.3528968833949861,0.27324749618115785,0.5849364175454479,Assembly,0.5849364175454479,49,0.9615384615384616
17,4086,3.013258,0.007039,3.464855,24,4608,2.999145,0.000701,78.843111,546,4062,2.996286,0.071954,0.285018,0.239728,0.423646,570.0,28.5018,23.9728,42.3646,0.28511711927057454,0.2399379285105078,0.44811731132069377,Assembly,0.44811731132069377,24,0.5873715124816447
15,6990,3.010135,0.213207,0.915867,24,7430,3.0047,0.051395,46.397451,464,6966,3.000665,1.054047,0.486434,0.387574,0.726809,488.0,48.6434,38.7574,72.68090000000001,0.48943626201468765,0.4029652636198982,1.0852868092064831,Assembly,1.0852868092064831,24,0.34334763948497854
3,12708,3.000496,5.993584,192.229567,3121,12276,2.99522,1.030444,170.161983,2689,9587,2.994536,2.916342,0.882646,0.637461,0.997632,5810.0,88.2646,63.746100000000006,99.7632,0.9670443057546882,0.9460481242249715,1.9894700215083896,Assembly,1.9894700215083896,3121,24.559332703808625
8,2840,2.994738,1.8e-05,0.232239,20,2824,3.004542,0.0,35.195395,4,2820,2.986945,0.012758,0.196361,0.147101,0.292472,24.0,19.6361,14.7101,29.2472,0.19636125346595684,0.147101,0.29681095252285367,Assembly,0.29681095252285367,20,0.7042253521126761
7,15060,2.998315,34.859793,215.326604,5505,14360,3.010286,1.976171,225.030339,4805,9555,3.0005,2.92177,0.977501,0.747614,0.996618,10310.0,97.75009999999999,74.7614,99.6618,1.4683771549281934,1.3394180435645082,1.9903020658957584,Assembly,1.9903020658957584,5505,36.55378486055777
4,2580,3.002933,0.0,0.024984,12,2824,3.01136,0.0,112.117668,256,2568,3.007712,0.003021,0.179102,0.14764,0.268541,268.0,17.9102,14.764,26.8541,0.17910199999999998,0.14764,0.26956843185229196,Assembly,0.26956843185229196,12,0.46511627906976744
7,4386,3.001498,0.013984,62.336661,287,4146,2.983966,3.5e-05,0.109359,47,4099,2.996924,0.103139,0.30426,0.214604,0.427584,334.0,30.426,21.4604,42.7584,0.30445691488559656,0.2146144814520225,0.46266122403625976,Assembly,0.46266122403625976,287,6.543547651618788
10,12852,3.002263,6.123184,196.72276,3371,12474,2.998637,1.14266,131.299232,2993,9481,3.006374,2.923703,0.892773,0.647368,0.990552,6364.0,89.2773,64.7368,99.0552,0.9789962606440845,0.9895604562294564,1.9848934726387177,Assembly,1.9848934726387177,3371,26.229380641145344
11,10860,3.001831,2.202997,99.759295,1466,10785,2.992121,0.295482,98.002116,1391,9394,3.005182,2.823286,0.75128,0.559295,0.981081,2857.0,75.128,55.9295,98.1081,0.7823013745870018,0.6477830116146467,1.941270991569005,Assembly,1.941270991569005,1466,13.499079189686924
16,10605,3.001523,1.901977,78.434539,1294,10980,3.000684,0.482899,145.049459,1669,9311,3.00196,2.770337,0.736589,0.571868,0.971377,2963.0,73.6589,57.186800000000005,97.13770000000001,0.7633715789017698,0.7164817914346773,1.9135592162803565,Assembly,1.9135592162803565,1294,12.2017916077322
2,1444,2.994084,0.0,38.589778,12,1446,2.996441,0.0,2.122453,14,1432,2.994794,0.0,0.099932,0.075195,0.149163,26.0,9.9932,7.5195,14.9163,0.09993199999999999,0.075195,0.149163,Assembly,0.149163,12,0.8310249307479225
5,7100,2.995207,0.218581,0.774451,32,7240,2.99641,0.044252,49.916933,172,7068,2.998136,1.098434,0.491283,0.375277,0.736299,204.0,49.1283,37.5277,73.6299,0.49436093568425266,0.3885291489971347,1.1098726773387848,Assembly,1.1098726773387848,32,0.4507042253521127
6,2199,3.004752,0.0,28.104138,69,2139,2.994582,0.0,0.036784,9,2130,2.993793,0.0,0.152874,0.111042,0.221467,78.0,15.287400000000002,11.1042,22.1467,0.152874,0.111042,0.221467,Assembly,0.221467,69,3.1377899045020468
9,11900,2.99803,2.814156,141.247641,2398,12750,2.999978,0.990103,193.428428,3248,9502,3.004464,2.910947,0.823139,0.661881,0.992217,5646.0,82.31389999999999,66.1881,99.2217,0.8627663746274999,0.9583872026238369,1.9822202003090799,Assembly,1.9822202003090799,2398,20.15126050420168
8,5784,2.997689,0.064262,63.140836,97,5728,2.997732,0.003828,0.220429,41,5687,2.995033,0.402372,0.400279,0.298108,0.592348,138.0,40.0279,29.810799999999997,59.2348,0.4011839016288765,0.2992543713812038,0.7291933522907716,Assembly,0.7291933522907716,97,1.6770401106500692
1,689,3.002341,0.0,5.442097,4,712,2.988173,0.0,16.17213,27,685,2.990037,0.0,0.047766,0.036889,0.07123,31.0,4.7766,3.6889,7.123,0.047766,0.036889,0.07123,Assembly,0.07123,4,0.5805515239477503
2,8688,3.005193,0.612006,43.341175,388,8364,3.004445,0.120174,4.125563,64,8300,2.998124,1.793049,0.603166,0.43627,0.865029,452.0,60.3166,43.627,86.50290000000001,0.6117839270219128,0.4722585147243438,1.47483888259525,Assembly,1.47483888259525,388,4.465930018416206
17,14520,2.996908,30.145918,218.032317,4946,14320,3.00117,1.844482,253.821629,4746,9574,2.997692,2.923688,0.971153,0.746124,0.997651,9692.0,97.1153,74.61240000000001,99.76509999999999,1.3956509972950677,1.2984911311247618,1.9919873711896,Assembly,1.9919873711896,4946,34.0633608815427
14,10416,3.01245,1.49797,67.61603,969,10836,3.002198,0.454794,86.293688,1389,9447,3.003723,2.843333,0.725491,0.56433,0.986364,2358.0,72.5491,56.433,98.63640000000001,0.7465845777443597,0.7005271854606089,1.9533719082664223,Assembly,1.9533719082664223,969,9.30299539170507
2,3605,3.013184,0.00035,7.572746,20,3675,3.007637,0.003546,14.060739,90,3585,3.001223,0.035462,0.251347,0.191894,0.374345,110.0,25.1347,19.1894,37.4345,0.2513519285047167,0.19295592082490823,0.386405505907308,Assembly,0.386405505907308,20,0.5547850208044383
12,8808,2.999213,0.702096,15.51958,45,8904,3.00063,0.146546,20.391373,141,8763,3.001967,2.328623,0.610825,0.463304,0.914426,186.0,61.082499999999996,46.3304,91.4426,0.620711524136,0.5071901390882694,1.706382783243848,Assembly,1.706382783243848,45,0.510899182561308
7,5082,3.015333,0.019825,24.628796,294,4795,3.003046,0.002844,12.609093,7,4788,2.99792,0.287417,0.354427,0.249656,0.498404,301.0,35.4427,24.9656,49.8404,0.3547061645885979,0.25050769284434266,0.5961535467362459,Assembly,0.5961535467362459,294,5.785123966942149
17,10346,3.001578,1.559394,59.71723,843,10262,2.994622,0.306456,48.967524,759,9503,3.005269,2.845883,0.718219,0.532925,0.992667,1602.0,71.8219,53.2925,99.2667,0.7401775162407044,0.6246993960287874,1.9605421546164203,Assembly,1.9605421546164203,843,8.148076551324184
18,3395,2.996506,3.4e-05,0.110725,5,3680,2.998348,0.0,55.679428,290,3390,3.003702,0.015903,0.235434,0.191512,0.353562,295.0,23.543400000000002,19.1512,35.3562,0.23543447876902965,0.191512,0.3589705563545181,Assembly,0.3589705563545181,5,0.14727540500736377
6,8041,2.994407,0.411598,10.598515,80,8184,2.99889,0.098999,12.95293,223,7961,3.001506,1.471348,0.556999,0.426018,0.830756,303.0,55.6999,42.6018,83.07560000000001,0.562794893383995,0.45566523625073063,1.3311564637557345,Assembly,1.3311564637557345,80,0.9949011317000372
5,3450,2.996674,0.000229,9.337815,21,3560,2.993435,0.0,12.432041,131,3429,3.010796,0.033511,0.238818,0.185011,0.358789,152.0,23.881800000000002,18.5011,35.8789,0.23882122465022898,0.185011,0.3701859774254075,Assembly,0.3701859774254075,21,0.6086956521739131
15,12016,2.996081,3.107636,170.635482,2503,12208,2.996584,0.550114,176.915589,2695,9513,2.998519,2.903317,0.831376,0.634317,0.991299,5198.0,83.1376,63.4317,99.1299,0.8751359962396918,0.7990596713687459,1.9787072631912421,Assembly,1.9787072631912421,2503,20.830559254327564
8,5568,3.012247,0.039435,10.621191,22,5616,3.000074,0.015526,1.668469,70,5546,3.006158,0.318932,0.388066,0.292507,0.579362,92.0,38.8066,29.250700000000002,57.93620000000001,0.38862130166715547,0.29715657211718144,0.6878296913323999,Assembly,0.6878296913323999,22,0.3951149425287357
19,8745,2.998824,0.626633,90.738224,1275,7535,3.00553,0.089047,4.389401,65,7470,2.994317,1.494198,0.606158,0.392705,0.777841,1340.0,60.6158,39.270500000000006,77.7841,0.614981896274746,0.41937191023564707,1.2860126712449338,Assembly,1.2860126712449338,1275,14.57975986277873
12,12325,3.001155,4.542911,172.66845,2807,12461,3.003641,0.922335,134.201056,2943,9518,3.007679,2.91983,0.851394,0.649808,0.995096,5750.0,85.1394,64.9808,99.50959999999999,0.9153647379748638,0.9260197157478127,1.988120278476544,Assembly,1.988120278476544,2807,22.774847870182555
3,2169,3.001032,0.0,2.115473,66,2121,2.998138,0.0,16.081364,18,2103,2.994247,0.0,0.150677,0.110204,0.218978,84.0,15.0677,11.0204,21.8978,0.150677,0.11020400000000001,0.218978,Assembly,0.218978,66,3.0428769017980635
12,8880,2.996039,0.615692,38.751127,544,8364,2.994127,0.14626,3.930226,28,8336,3.010155,2.09925,0.615713,0.43476,0.872233,572.0,61.571299999999994,43.476,87.22330000000001,0.6243828312173009,0.47856049065174266,1.5861808040132082,Assembly,1.5861808040132082,544,6.126126126126126
17,5968,2.993921,0.091023,19.852772,192,5808,2.987568,0.017134,2.143222,32,5776,2.996775,0.473412,0.412158,0.30084,0.601282,224.0,41.2158,30.084,60.1282,0.4134397350995179,0.3059711199701009,0.7622878153118975,Assembly,0.7622878153118975,192,3.2171581769436997
19,13091,3.001629,8.480848,163.198088,3526,14079,2.998467,1.326722,237.741823,4514,9565,3.00089,2.922558,0.901393,0.73247,0.997598,8040.0,90.1393,73.247,99.7598,1.0208155696282954,1.1297835140056156,1.9915500620227382,Assembly,1.9915500620227382,3526,26.93453517683905
5,1468,2.9948,0.0,34.703206,55,1430,3.000986,0.0,0.114387,17,1413,2.994571,0.0,0.101643,0.074211,0.147419,72.0,10.164299999999999,7.4211,14.7419,0.10164299999999998,0.074211,0.147419,Assembly,0.147419,55,3.746594005449591
17,1440,3.019725,0.0,17.899465,32,1410,2.987405,0.0,1.606544,2,1408,2.992126,0.0,0.100658,0.073134,0.146282,34.0,10.0658,7.313400000000001,14.6282,0.100658,0.073134,0.146282,Assembly,0.146282,32,2.2222222222222223
12,9156,3.000065,0.844475,26.56956,374,9072,3.001559,0.190777,52.888787,290,8782,3.002929,2.386729,0.635202,0.472552,0.916645,664.0,63.5202,47.2552,91.6645,0.6470934257733254,0.5296839992141906,1.72836343673914,Assembly,1.72836343673914,374,4.084753167321974
15,10695,3.00287,1.328809,87.579569,1180,10275,3.004912,0.355445,74.360845,760,9515,3.002825,2.870445,0.741767,0.533103,0.993118,1940.0,74.1767,53.3103,99.31179999999999,0.7604785469261098,0.6395481346896532,1.9693466074982457,Assembly,1.9693466074982457,1180,11.033193080878915
20,13300,2.999932,8.731281,202.356911,3743,13813,2.996761,1.582597,181.766914,4256,9557,2.993392,2.904515,0.922975,0.71715,0.994618,7999.0,92.2975,71.71499999999999,99.4618,1.0459240274046548,1.1910904150415424,1.9824336989274371,Assembly,1.9824336989274371,3743,28.142857142857142
12,8256,3.001748,0.484913,1.85781,62,8712,3.000377,0.195812,44.650318,518,8194,3.001955,1.748056,0.572694,0.452952,0.85545,580.0,57.269400000000005,45.2952,85.545,0.5795222743077303,0.5115918309551418,1.449957915918596,Assembly,1.449957915918596,62,0.750968992248062
14,10010,3.006205,1.266734,71.878609,533,9674,3.005471,0.261473,39.188649,197,9477,2.995796,2.875362,0.696081,0.502985,0.987058,730.0,69.6081,50.298500000000004,98.7058,0.713918441410992,0.5812883344194114,1.964958862519007,Assembly,1.964958862519007,533,5.324675324675324
5,3660,3.013153,0.006835,46.626233,195,3485,3.000842,0.0,0.478174,20,3465,2.992061,0.019245,0.25512,0.181305,0.360149,215.0,25.512,18.130499999999998,36.0149,0.2552162466563968,0.18130499999999997,0.3666941592179274,Assembly,0.3666941592179274,195,5.327868852459016
19,13908,2.99412,10.318866,199.509123,4339,13395,3.000067,1.621066,193.036165,3826,9569,2.997152,2.904048,0.94332,0.695018,0.996811,8165.0,94.33200000000001,69.5018,99.6811,1.0886245135781292,1.1804787286945022,1.9844678738115749,Assembly,1.9844678738115749,4339,31.197871728501582
7,5152,3.011086,0.038536,53.626613,160,4998,3.007733,0.005789,0.209931,6,4992,3.010536,0.27939,0.358749,0.260984,0.522197,166.0,35.8749,26.098399999999998,52.2197,0.35929164245075446,0.26271763216452165,0.6172165912650948,Assembly,0.6172165912650948,160,3.1055900621118013
8,14136,3.006656,14.603377,229.199633,4582,13414,2.994705,1.322488,198.190792,3860,9554,3.004049,2.939893,0.976683,0.697413,0.99755,8442.0,97.6683,69.7413,99.75500000000001,1.1823196069278386,1.0934585577809508,1.9973976367196866,Assembly,1.9973976367196866,4582,32.41369552914544
19,2193,3.005847,0.0,26.349667,111,2091,3.009485,0.0,0.968009,9,2082,3.001901,5.3e-05,0.152588,0.109176,0.217595,120.0,15.2588,10.9176,21.759500000000003,0.152588,0.109176,0.2176130251202157,Assembly,0.2176130251202157,111,5.06155950752394
11,8250,2.996117,0.612153,45.141389,279,8019,3.002418,0.136227,3.814914,48,7971,3.006934,1.728698,0.572175,0.417454,0.833317,327.0,57.2175,41.7454,83.3317,0.5807949969938937,0.4582499075619783,1.4212413257839822,Assembly,1.4212413257839822,279,3.381818181818182
8,5856,3.003491,0.04635,34.819248,224,5648,2.991666,0.007123,1.65977,16,5632,3.006562,0.399853,0.40714,0.293094,0.58795,240.0,40.714,29.309400000000004,58.794999999999995,0.40779267483891607,0.2952271252216079,0.7239386489356167,Assembly,0.7239386489356167,224,3.825136612021858
19,1376,3.002577,0.0,4.060977,6,1400,3.007991,0.0,14.644342,30,1370,2.997554,0.0,0.095563,0.073113,0.142592,36.0,9.5563,7.3113,14.2592,0.09556300000000001,0.073113,0.142592,Assembly,0.142592,6,0.436046511627907
12,8424,3.000957,0.550972,4.048705,37,8760,2.995177,0.223707,35.738992,373,8387,3.000901,1.926441,0.584944,0.45468,0.874732,410.0,58.4944,45.467999999999996,87.47319999999999,0.5927024802879667,0.521673548217075,1.5299080493085664,Assembly,1.5299080493085664,37,0.43922127255460586
19,10500,3.00523,2.209924,84.793254,1048,10455,2.997393,0.293846,71.387666,1003,9452,2.995064,2.86146,0.728466,0.543578,0.98407,2051.0,72.8466,54.3578,98.407,0.759584916736067,0.6315760786001092,1.9572428394767818,Assembly,1.9572428394767818,1048,9.980952380952381
16,7380,3.004428,0.213514,36.90944,251,7150,3.004626,0.033518,1.014031,21,7129,2.989498,0.981946,0.51215,0.372644,0.74011,272.0,51.214999999999996,37.264399999999995,74.01100000000001,0.5151565850173964,0.3826816373968625,1.0740665036844366,Assembly,1.0740665036844366,251,3.401084010840109
18,5250,2.996686,0.036125,17.436237,168,5117,3.008534,0.00382,1.946627,35,5082,2.995981,0.240691,0.363745,0.266917,0.529697,203.0,36.3745,26.6917,52.969699999999996,0.3642536920939772,0.26806097562074155,0.6115551926382008,Assembly,0.6115551926382008,168,3.2
4,2852,3.009831,0.0,3.527722,60,2796,3.009611,0.0,41.501582,4,2792,3.023313,0.00347,0.198414,0.146092,0.293291,64.0,19.8414,14.6092,29.329100000000004,0.198414,0.146092,0.29447113522921325,Assembly,0.29447113522921325,60,2.1037868162692845
8,5944,3.001903,0.11013,34.307309,278,5720,3.000085,0.001995,0.217677,54,5666,3.00368,0.480246,0.41304,0.297224,0.591639,332.0,41.304,29.7224,59.163900000000005,0.41459078921272546,0.29782144276528255,0.7549690355298926,Assembly,0.7549690355298926,278,4.676985195154778
5,3815,3.006698,0.001206,38.800006,205,3640,3.008123,0.0,0.219634,30,3610,3.006217,0.056302,0.264802,0.189814,0.377327,235.0,26.480199999999996,18.9814,37.7327,0.26481898221910966,0.189814,0.39647511921474415,Assembly,0.39647511921474415,205,5.373525557011796
18,12834,3.002268,5.163099,153.440304,3298,12726,3.005454,1.37894,187.466922,3190,9536,2.998103,2.902593,0.884508,0.663921,0.993975,6488.0,88.4508,66.3921,99.39750000000001,0.9572118793556118,1.0768722414830716,1.981137033247164,Assembly,1.981137033247164,3298,25.697366370578152
2,4991,2.992625,0.023247,49.188896,194,4830,2.997262,0.004931,0.351571,33,4797,3.00537,0.215916,0.345275,0.250471,0.500978,227.0,34.5275,25.0471,50.09780000000001,0.34560235128328554,0.2519476868549415,0.5744102991789048,Assembly,0.5744102991789048,194,3.886996593868964
16,12474,2.997824,6.388291,157.659899,2953,12330,2.999731,0.960922,173.330215,2809,9521,3.000353,2.865681,0.865539,0.64213,0.992816,5762.0,86.5539,64.213,99.2816,0.9554953495010536,0.9298973668675912,1.9674243872584847,Assembly,1.9674243872584847,2953,23.673240339907007
8,10164,3.002315,1.203038,42.444849,714,10178,2.996674,0.261186,59.185242,728,9450,3.001181,2.761443,0.706378,0.529516,0.985731,1442.0,70.6378,52.9516,98.5731,0.7233185098783146,0.6077333865128269,1.9248883970502058,Assembly,1.9248883970502058,714,7.024793388429752
2,1348,3.006668,0.0,7.883529,12,1372,3.004969,0.0,6.904094,36,1336,2.985749,0.0,0.093608,0.071391,0.138538,48.0,9.3608,7.1391,13.8538,0.093608,0.071391,0.138538,Assembly,0.138538,12,0.8902077151335311
4,3056,3.009109,0.0,93.125354,208,2848,3.006069,0.0,0.212298,0,2848,2.995204,0.00368,0.21264,0.148633,0.296192,208.0,21.264,14.863299999999999,29.6192,0.21264,0.148633,0.29744355551686014,Assembly,0.29744355551686014,208,6.806282722513089
16,12016,3.003394,4.542699,157.723234,2474,12800,2.997178,0.97769,176.937018,3258,9542,2.999766,2.890994,0.832879,0.665956,0.994936,5732.0,83.28790000000001,66.5956,99.4936,0.8968467527091498,0.9587448807965424,1.9781532526927998,Assembly,1.9781532526927998,2474,20.589214380825567
7,4893,2.994332,0.026179,23.711217,6,4949,3.000495,0.002604,0.472683,62,4887,3.013326,0.247065,0.33915,0.25695,0.511845,68.0,33.915,25.695,51.1845,0.33951863807136967,0.25772982003047407,0.5958709684165884,Assembly,0.5958709684165884,6,0.1226241569589209
4,2752,2.998027,0.000135,0.294702,4,2792,3.008416,0.0,41.507006,44,2748,3.003484,0.006051,0.190868,0.145623,0.286582,48.0,19.0868,14.5623,28.6582,0.19086990099467646,0.145623,0.2886399245740545,Assembly,0.2886399245740545,4,0.14534883720930233
1,12348,2.998283,4.409619,145.874847,2788,12690,3.001489,1.146462,166.579211,3130,9560,3.002183,2.920136,0.854274,0.661266,0.99752,5918.0,85.42739999999999,66.1266,99.752,0.9163677944014269,1.0045970413891576,1.9906483480385437,Assembly,1.9906483480385437,2788,22.578555231616456
1,7300,3.004738,0.185182,14.97345,269,7050,3.00516,0.027513,6.263399,19,7031,2.99717,0.929545,0.505701,0.367829,0.732471,288.0,50.5701,36.782900000000005,73.2471,0.5083086296012977,0.3760683196998592,1.0486061013368857,Assembly,1.0486061013368857,269,3.684931506849315
8,12070,2.996195,2.965501,126.090346,2538,11883,3.001824,0.644183,161.432749,2351,9532,3.000693,2.917125,0.832238,0.619283,0.994195,4889.0,83.2238,61.9283,99.4195,0.873996530474226,0.8121965202345929,1.9862993171523302,Assembly,1.9862993171523302,2538,21.027340513670257
7,4816,2.989112,0.026958,0.137964,18,5418,3.001147,0.008631,68.688227,620,4798,3.005741,0.146815,0.333231,0.281724,0.501894,638.0,33.3231,28.172399999999996,50.18939999999999,0.3336106075147248,0.28430872606874874,0.5518252834803854,Assembly,0.5518252834803854,18,0.37375415282392027
9,14100,2.998363,10.294403,209.488762,4537,14120,3.00177,1.300856,232.295011,4557,9563,3.001435,2.92648,0.953353,0.728039,0.997676,9094.0,95.3353,72.8039,99.7676,1.0983130392613134,1.1176064214909296,1.9929619209186962,Assembly,1.9929619209186962,4537,32.177304964539005
9,8173,3.002662,0.346691,2.612205,39,8602,3.003957,0.107788,53.967501,468,8134,2.996886,1.67843,0.568009,0.448064,0.847495,507.0,56.8009,44.806400000000004,84.7495,0.5728909092249976,0.4803432785886096,1.4183233495009593,Assembly,1.4183233495009593,39,0.477180961703169
15,10380,2.999975,1.35593,35.679564,891,10365,2.996478,0.335559,48.67044,876,9489,3.005811,2.867626,0.719128,0.537635,0.991499,1767.0,71.9128,53.7635,99.1499,0.7382214497158885,0.6381248731205259,1.9667688751607382,Assembly,1.9667688751607382,891,8.583815028901734
10,4302,3.000787,0.016642,18.692361,78,4242,3.001109,0.0,2.475467,18,4224,2.996442,0.050277,0.298427,0.220724,0.439848,96.0,29.8427,22.072400000000002,43.9848,0.29866134335855965,0.22072400000000003,0.4569470371524936,Assembly,0.4569470371524936,78,1.813110181311018
10,7290,2.996724,0.2592,16.81818,29,7470,3.001385,0.047339,5.393915,209,7261,2.999179,0.981104,0.505697,0.388847,0.757093,238.0,50.5697,38.8847,75.7093,0.5093469097787926,0.40302361306551926,1.0907631423406332,Assembly,1.0907631423406332,29,0.39780521262002744
8,2232,3.008513,0.0,21.963453,111,2130,3.009025,0.0,7.357624,9,2121,2.99435,0.0,0.15506,0.110914,0.220521,120.0,15.506,11.0914,22.0521,0.15506,0.110914,0.220521,Assembly,0.220521,111,4.973118279569892
17,13889,3.0005,12.446593,219.63516,4360,14155,2.999802,1.664657,194.764538,4626,9529,3.007087,2.928977,0.964583,0.736099,0.996065,8986.0,96.4583,73.6099,99.6065,1.139848978022192,1.2346139279834405,1.9922001421484787,Assembly,1.9922001421484787,4360,31.391748866009074
18,13832,2.99739,12.745823,233.344209,4270,14041,3.000691,2.181957,252.442167,4479,9562,3.00192,2.933717,0.953042,0.731446,0.997644,8749.0,95.3042,73.1446,99.7644,1.1325215679261587,1.384876788876005,1.9953912000696516,Assembly,1.9953912000696516,4270,30.870445344129553
17,13039,2.99412,10.170742,173.571721,3506,12614,3.00346,1.221649,188.841719,3081,9533,3.004636,2.930766,0.901438,0.656461,0.995208,6587.0,90.1438,65.64609999999999,99.5208,1.044656714056239,1.022308296623894,1.9919515749799088,Assembly,1.9919515749799088,3506,26.888565074008742
10,6008,3.002483,0.073227,85.317721,546,5488,2.996137,0.004415,0.211078,26,5462,3.0031,0.321156,0.417018,0.285465,0.570708,572.0,41.7018,28.5465,57.0708,0.41804914175683505,0.2867871603051241,0.6799320661882414,Assembly,0.6799320661882414,546,9.087882822902795
15,11010,2.998477,2.375569,110.077183,1473,9840,3.00037,0.38425,37.08001,303,9537,2.994806,2.879459,0.762811,0.511911,0.992694,1776.0,76.2811,51.1911,99.26939999999999,0.7962624372040766,0.6269823697041715,1.9719882383213374,Assembly,1.9719882383213374,1473,13.37874659400545
13,7550,2.997551,0.233273,20.821079,379,7200,2.995383,0.049063,2.298124,29,7171,3.00112,0.997012,0.523071,0.37368,0.747936,408.0,52.3071,37.368,74.7936,0.5263558202308191,0.38837289944514186,1.0870163991781905,Assembly,1.0870163991781905,379,5.0198675496688745
17,12240,3.004728,6.116391,146.719664,2682,12189,2.994904,0.696012,171.084881,2631,9558,3.003013,2.936166,0.841933,0.633234,0.997639,5313.0,84.19330000000001,63.3234,99.7639,0.9280606054082539,0.8416687538595701,1.996219096662258,Assembly,1.996219096662258,2682,21.91176470588235
7,13248,2.998907,15.978774,202.316619,3710,13482,3.007786,1.065968,198.833216,3944,9538,3.000198,2.918625,0.919121,0.699304,0.994729,7654.0,91.9121,69.9304,99.4729,1.144125180076072,1.0185294985577522,1.9873434620640937,Assembly,1.9873434620640937,3710,28.004227053140095
18,6273,2.998094,0.134032,8.352092,27,6732,3.001618,0.056467,21.326727,486,6246,2.996795,0.59314,0.435338,0.35034,0.650792,513.0,43.5338,35.034,65.0792,0.4372253638405522,0.3672501757529875,0.8525169019756552,Assembly,0.8525169019756552,27,0.430416068866571
7,4942,3.000446,0.042095,6.593283,7,4970,3.003066,0.002759,11.721513,35,4935,3.004671,0.181003,0.343033,0.259124,0.514863,42.0,34.3033,25.9124,51.48629999999999,0.34362575830300257,0.2599502378894309,0.5764215063093022,Assembly,0.5764215063093022,7,0.141643059490085
1,734,2.990113,0.0,45.41655,50,687,2.98877,0.0,0.392164,3,684,2.977386,0.0,0.050779,0.0356,0.070875,53.0,5.0779,3.56,7.0874999999999995,0.050779,0.0356,0.070875,Assembly,0.070875,50,6.811989100817439
19,6032,2.993202,0.082801,33.794361,96,5960,3.006721,0.010929,0.793097,24,5936,3.001917,0.450417,0.41715,0.310824,0.6193,120.0,41.715,31.0824,61.92999999999999,0.4183159574830008,0.31409690826154035,0.772485293814561,Assembly,0.772485293814561,96,1.5915119363395225
8,11295,2.991591,1.912455,123.305359,1773,10860,2.99541,0.488948,91.671286,1338,9522,3.001696,2.907879,0.782195,0.561731,0.993547,3111.0,78.2195,56.1731,99.3547,0.8091251242515467,0.7081562858142232,1.9825067839162192,Assembly,1.9825067839162192,1773,15.697211155378485
8,4206,3.008101,0.004961,0.086057,8,4584,3.002748,0.000346,77.390538,386,4198,3.006196,0.104651,0.292872,0.238497,0.438826,394.0,29.287200000000002,23.8497,43.8826,0.2929418580339992,0.23860061663999385,0.4744174501073174,Assembly,0.4744174501073174,8,0.1902044698050404
9,6813,3.004292,0.162584,34.419545,221,6615,3.001272,0.014322,0.600618,23,6592,3.000293,0.759792,0.473575,0.344669,0.687584,244.0,47.3575,34.4669,68.7584,0.4758644171739014,0.3489580101676074,0.9459866818658107,Assembly,0.9459866818658107,221,3.2437986202847497
5,3665,2.988445,0.004538,30.102689,15,3765,2.997799,0.0,6.552481,115,3650,3.003046,0.037092,0.253534,0.195928,0.381609,130.0,25.353399999999997,19.5928,38.1609,0.25359790158401296,0.195928,0.3942238633780912,Assembly,0.3942238633780912,15,0.4092769440654843
11,5504,2.992411,0.088855,2.752977,29,5856,3.005334,0.025627,40.417161,381,5475,3.005086,0.356246,0.380611,0.305122,0.572049,410.0,38.061099999999996,30.5122,57.2049,0.3818622065331582,0.3127965191708752,0.6932070561574322,Assembly,0.6932070561574322,29,0.5268895348837209
10,6950,3.008803,0.228689,0.385106,20,7800,3.000955,0.059014,85.830248,870,6930,3.000437,0.990791,0.483472,0.406379,0.722169,890.0,48.3472,40.6379,72.2169,0.4866922709004719,0.42405192599016783,1.0591336581808029,Assembly,1.0591336581808029,20,0.28776978417266186
8,11550,3.004519,1.995631,124.606487,2003,10785,3.002041,0.450092,71.103603,1238,9547,2.998445,2.890147,0.800648,0.56182,0.994756,3241.0,80.0648,56.182,99.4756,0.8287493622753155,0.6966090772489003,1.9776851908659574,Assembly,1.9776851908659574,2003,17.341991341991342
13,9412,3.000812,0.920666,54.992364,835,8632,2.995437,0.149372,12.2803,55,8577,3.000673,2.275527,0.650792,0.448907,0.895025,890.0,65.0792,44.8907,89.5025,0.6637563049243902,0.4936394414715719,1.6689240137538468,Assembly,1.6689240137538468,835,8.871653208669784
8,9276,2.99652,0.80026,122.965802,1035,8328,2.996704,0.126808,1.749898,87,8241,2.995031,1.707691,0.643267,0.433071,0.858116,1122.0,64.3267,43.3071,85.8116,0.6545358148131813,0.4710461990876944,1.4388959163430364,Assembly,1.4388959163430364,1035,11.157826649417853
10,12852,3.002924,5.421591,196.345071,3322,13068,3.000318,1.127088,197.692893,3538,9530,2.998708,2.912102,0.891827,0.680166,0.993204,6860.0,89.1827,68.01660000000001,99.32039999999999,0.9681708194734345,1.017695108489617,1.9836000118911379,Assembly,1.9836000118911379,3322,25.848117024587612
15,11115,2.997402,1.852487,95.922906,1655,10275,2.994478,0.358298,53.607803,815,9460,3.006826,2.864071,0.768483,0.532628,0.988711,2470.0,76.84830000000001,53.2628,98.8711,0.7945686883348237,0.6399275227645159,1.9627718317198584,Assembly,1.9627718317198584,1655,14.8897885739991
9,6309,2.998894,0.141143,2.195965,39,6336,2.998389,0.02294,25.485844,66,6270,3.001769,0.670617,0.437377,0.329823,0.654458,105.0,43.737700000000004,32.982299999999995,65.44579999999999,0.4393644969749542,0.3366928431256049,0.8825325668614625,Assembly,0.8825325668614625,39,0.6181645268663813
5,9724,3.004914,0.845331,27.954269,474,9633,3.009096,0.216264,20.693402,383,9250,3.007843,2.681409,0.669817,0.50324,0.967437,857.0,66.9817,50.324000000000005,96.7437,0.6817204794877183,0.5680045925769758,1.8793751051381453,Assembly,1.8793751051381453,474,4.874537227478404
8,5840,3.007577,0.091377,27.950146,288,5576,3.007011,0.01538,5.077948,24,5552,3.000809,0.459947,0.405142,0.290865,0.578936,312.0,40.5142,29.086499999999997,57.8936,0.40642871993000285,0.2954708494887447,0.7353624144872992,Assembly,0.7353624144872992,288,4.931506849315069
10,7420,3.006175,0.410245,9.51573,51,7400,3.002354,0.061251,9.197518,31,7369,3.004063,1.074198,0.515412,0.384839,0.768885,82.0,51.541199999999996,38.4839,76.88850000000001,0.5211888411929043,0.4031818405094345,1.1342160959511158,Assembly,1.1342160959511158,51,0.6873315363881402
2,1480,2.990691,0.0,41.675886,54,1436,2.98124,0.0,0.020855,10,1426,3.000191,0.0,0.1023,0.074211,0.149035,64.0,10.23,7.4211,14.9035,0.1023,0.074211,0.149035,Assembly,0.149035,54,3.6486486486486487
5,3545,2.998851,0.00054,14.869374,16,3660,3.002724,0.0,10.884101,131,3529,2.994274,0.061652,0.245676,0.190561,0.367342,147.0,24.5676,19.0561,36.7342,0.24568360397870578,0.190561,0.3883096360667011,Assembly,0.3883096360667011,16,0.45133991537376583
8,5800,2.998833,0.07762,0.643117,8,5848,3.002568,0.018694,37.296682,56,5792,3.001602,0.392682,0.402107,0.304727,0.603656,64.0,40.2107,30.472700000000003,60.3656,0.4032000015317512,0.3103252932602467,0.7372058161607786,Assembly,0.7372058161607786,8,0.13793103448275862
7,5110,3.014302,0.033526,2.124975,14,5236,3.005493,0.00176,30.139364,140,5096,3.006769,0.218953,0.355899,0.272877,0.532031,154.0,35.5899,27.287699999999997,53.203100000000006,0.35637109442609494,0.2734040673017029,0.6064961725769222,Assembly,0.6064961725769222,14,0.273972602739726
6,2768,2.999057,0.0,4.859671,19,2980,2.990909,0.0,48.640957,231,2749,3.013174,0.006437,0.191743,0.15463,0.288289,250.0,19.1743,15.463,28.8289,0.191743,0.15463,0.2904782018646817,Assembly,0.2904782018646817,19,0.6864161849710982
4,2788,3.015447,0.0,0.030681,11,2920,3.00838,0.0,37.01059,143,2777,3.002766,0.002479,0.194544,0.152411,0.289859,154.0,19.4544,15.2411,28.985899999999997,0.194544,0.152411,0.29070209949084136,Assembly,0.29070209949084136,11,0.3945480631276901
3,8019,2.993185,0.382288,2.247112,80,8228,3.004922,0.097832,28.756944,289,7939,2.999566,1.437857,0.553302,0.429015,0.827723,369.0,55.3302,42.9015,82.7723,0.5586851663175736,0.45831275469329474,1.3167332882624838,Assembly,1.3167332882624838,80,0.997630627260257
7,5145,3.008674,0.025846,4.626699,44,5313,2.995648,0.009121,11.459862,212,5101,2.994274,0.248894,0.357931,0.276078,0.531426,256.0,35.7931,27.607799999999997,53.142599999999995,0.3582949489511677,0.2788094663970637,0.6160740051123321,Assembly,0.6160740051123321,44,0.8551992225461612
14,3400,3.002738,0.006968,4.281262,10,3780,2.986516,0.0,42.824353,390,3390,3.010519,0.03632,0.236308,0.195698,0.354677,400.0,23.6308,19.5698,35.4677,0.23640611948818915,0.195698,0.3670293087968369,Assembly,0.3670293087968369,10,0.29411764705882354
6,4200,2.998596,0.006047,2.888668,5,4518,2.998533,0.003362,25.854804,323,4195,3.001559,0.115514,0.29153,0.234587,0.43771,328.0,29.153000000000002,23.4587,43.771,0.29161515048006315,0.23559381833427565,0.4769959195583097,Assembly,0.4769959195583097,5,0.11904761904761905
11,7722,2.999515,0.50907,28.778412,116,7656,3.007861,0.092471,4.312615,50,7606,3.001197,1.237753,0.534826,0.399778,0.793623,166.0,53.482600000000005,39.9778,79.36229999999999,0.5419944397032792,0.4274702957135054,1.2145785966467835,Assembly,1.2145785966467835,116,1.502201502201502
8,12002,2.994861,2.894063,122.826119,2413,12444,2.997589,0.739294,172.65296,2855,9589,2.99435,2.925264,0.831781,0.647604,0.997785,5268.0,83.1781,64.76039999999999,99.77850000000001,0.8725335804172145,0.8690004169006524,1.9926573634435596,Assembly,1.9926573634435596,2413,20.10498250291618
15,10425,3.007643,1.426296,69.50827,934,10845,2.995919,0.454563,96.821388,1354,9491,2.997825,2.814018,0.724864,0.564075,0.989201,2288.0,72.48639999999999,56.4075,98.9201,0.7449483044670248,0.7002030078772604,1.9462389762075214,Assembly,1.9462389762075214,934,8.959232613908872
17,11900,3.002073,2.974433,133.793546,2358,12240,2.998692,0.632003,158.687474,2698,9542,3.00003,2.925142,0.821081,0.635493,0.995095,5056.0,82.1081,63.549299999999995,99.50949999999999,0.8629653059145971,0.8247589749307624,1.9899258716574029,Assembly,1.9899258716574029,2358,19.81512605042017
7,5040,3.006112,0.032844,32.69939,217,4858,2.991915,0.000942,0.993791,35,4823,2.991362,0.244032,0.350713,0.25167,0.501929,252.0,35.0713,25.167,50.192899999999995,0.3511754908826183,0.2519521007944342,0.5849234554050023,Assembly,0.5849234554050023,217,4.305555555555555
5,6741,3.004873,0.164473,104.593644,729,6039,3.001351,0.019455,0.36459,27,6012,2.998815,0.615951,0.468125,0.314597,0.626547,756.0,46.8125,31.4597,62.6547,0.4704410170179297,0.32042318997422164,0.8360298456971487,Assembly,0.8360298456971487,729,10.814419225634179
11,12330,3.001021,3.932606,150.459839,2777,12654,3.000414,1.158484,164.312389,3101,9553,3.004844,2.938444,0.854633,0.658226,0.99773,5878.0,85.4633,65.8226,99.773,0.9100097634858746,1.005157270423858,1.9970848367349228,Assembly,1.9970848367349228,2777,22.522303325223035
13,5528,3.009884,0.066544,2.558004,30,5784,3.008606,0.006651,35.667766,286,5498,2.988109,0.401582,0.384577,0.302104,0.571187,316.0,38.4577,30.2104,57.1187,0.38551403547962954,0.30409577535433296,0.7077636759705762,Assembly,0.7077636759705762,30,0.5426917510853835
2,1392,2.977743,0.0,21.759962,5,1478,3.003321,0.0,16.944189,91,1387,3.002695,0.0,0.095837,0.07689,0.144767,96.0,9.5837,7.689,14.476700000000001,0.095837,0.07689,0.144767,Assembly,0.144767,5,0.35919540229885055
14,10234,2.993602,1.299003,76.446281,787,10248,2.99011,0.372384,47.183111,801,9447,2.992066,2.87301,0.707705,0.529767,0.982945,1588.0,70.7705,52.9767,98.2945,0.7259968354644328,0.6412848579984859,1.9600459552973617,Assembly,1.9600459552973617,787,7.690052765292163
5,3720,2.999258,0.005488,6.169773,137,3600,3.000572,0.0,7.284819,17,3583,2.99731,0.016764,0.258245,0.187286,0.373709,154.0,25.8245,18.7286,37.3709,0.2583222789539584,0.187286,0.3794103795338704,Assembly,0.3794103795338704,137,3.682795698924731
7,726,2.982799,0.0,0.000789,5,729,3.008908,0.0,76.452589,8,721,3.009047,0.0,0.050053,0.038081,0.075472,13.0,5.0053,3.8080999999999996,7.5472,0.050053,0.038081,0.075472,Assembly,0.075472,5,0.6887052341597797
15,8232,2.991279,0.583165,2.614978,92,8988,3.006748,0.173463,70.58819,848,8140,3.001809,1.765665,0.568691,0.468872,0.8493,940.0,56.869099999999996,46.8872,84.93,0.5769028041518117,0.5208189746336882,1.449796677086093,Assembly,1.449796677086093,92,1.1175898931000972
18,12870,2.998596,5.963258,162.486275,3323,12744,3.003268,0.870765,170.265576,3197,9547,3.006584,2.93658,0.890057,0.661696,0.997603,6520.0,89.0057,66.16959999999999,99.7603,0.9740282719431465,0.9224640448678018,1.9963238966579047,Assembly,1.9963238966579047,3323,25.81973581973582
20,4272,3.008107,0.003795,4.506425,42,4242,2.995199,0.002289,9.124021,12,4230,2.997253,0.073818,0.297261,0.220584,0.440657,54.0,29.7261,22.0584,44.0657,0.29731443907257143,0.22126948696227156,0.46576225139771205,Assembly,0.46576225139771205,42,0.9831460674157303
5,7480,3.003099,0.282624,79.677833,598,6930,2.991158,0.027739,0.53114,48,6882,2.994625,0.871037,0.519981,0.359276,0.716728,646.0,51.9981,35.9276,71.67280000000001,0.5239607534773206,0.3675829999329187,1.0129647290052413,Assembly,1.0129647290052413,598,7.994652406417112
9,9360,2.995327,1.059288,60.987832,737,8905,3.005503,0.194693,10.985041,282,8623,2.998497,2.345279,0.6472,0.464592,0.899001,1019.0,64.72,46.4592,89.90010000000001,0.6621163025839418,0.5228967239604796,1.6966224323440717,Assembly,1.6966224323440717,737,7.8739316239316235
18,13626,2.997771,6.385494,216.395942,4101,12762,3.002256,0.836179,181.790533,3237,9525,2.998369,2.88038,0.929936,0.663342,0.992605,7338.0,92.9936,66.3342,99.2605,1.0198529637076459,0.9137525734492242,1.9722124672971604,Assembly,1.9722124672971604,4101,30.096873623954206
17,10598,2.998989,1.635266,92.852199,1548,9240,2.996754,0.220999,7.435166,190,9050,2.990386,2.399932,0.734829,0.480564,0.940802,1738.0,73.4829,48.0564,94.0802,0.7578559034117559,0.5467465833005912,1.7570107322524837,Assembly,1.7570107322524837,1548,14.606529533874316
1,702,3.011294,0.0,0.369293,2,729,3.021439,0.0,24.887578,29,700,3.018485,0.0,0.048879,0.038194,0.073436,31.0,4.8879,3.8194,7.3436,0.048879,0.038194,0.073436,Assembly,0.073436,2,0.2849002849002849
9,6462,2.993932,0.115437,35.102875,342,6156,2.995384,0.021281,1.331259,36,6120,2.996454,0.488971,0.447778,0.319328,0.637387,378.0,44.7778,31.9328,63.7387,0.4494035194256732,0.3257010222997384,0.8036843784333179,Assembly,0.8036843784333179,342,5.2924791086350975
17,1476,2.999856,0.0,15.348744,80,1402,2.999338,0.0,1.942639,6,1396,3.012954,0.0,0.102495,0.072858,0.146171,86.0,10.249500000000001,7.285800000000001,14.617099999999999,0.10249500000000002,0.072858,0.146171,Assembly,0.146171,80,5.420054200542006
9,6462,3.006037,0.146744,27.486939,25,6543,3.000293,0.025361,2.372732,106,6437,2.988136,0.692868,0.449526,0.340451,0.668612,131.0,44.9526,34.0451,66.8612,0.45159236713186396,0.3480458601355042,0.9042540564825644,Assembly,0.9042540564825644,25,0.386877127824203
7,5047,2.998798,0.012784,12.055645,7,5264,3.008645,0.002684,12.114032,224,5040,2.998376,0.149613,0.350318,0.274819,0.524755,231.0,35.031800000000004,27.4819,52.4755,0.35049801715513923,0.2756227776350969,0.5756378737891286,Assembly,0.5756378737891286,7,0.13869625520110956
6,4410,2.991237,0.010633,42.54755,0,4500,2.999945,0.001378,1.690184,90,4410,2.998396,0.110838,0.305355,0.234132,0.459129,90.0,30.5355,23.4132,45.9129,0.30550472797329437,0.23454466973962876,0.49682462782003856,Assembly,0.49682462782003856,0,0.0
15,11775,3.000967,3.484566,118.811097,2213,11205,2.999732,0.489562,97.236171,1643,9562,3.000776,2.916258,0.815621,0.582724,0.997358,3856.0,81.5621,58.272400000000005,99.7358,0.8646887141907732,0.7293331604297036,1.989167453393331,Assembly,1.989167453393331,2213,18.794055201698516
20,7887,2.998594,0.383737,2.380602,75,8052,2.997544,0.067399,24.297843,240,7812,2.995386,1.458977,0.545726,0.419032,0.813711,315.0,54.5726,41.9032,81.3711,0.551129570327101,0.4392159824247012,1.3099041286201158,Assembly,1.3099041286201158,75,0.9509319132750095
18,12906,2.994964,4.510976,143.110216,3329,13698,2.999596,1.603278,217.90706,4121,9577,2.996507,2.911528,0.88077,0.711098,0.997435,7450.0,88.077,71.1098,99.7435,0.944291047123067,1.1912317553066094,1.9876357964382363,Assembly,1.9876357964382363,3329,25.794204246087094
2,1458,3.013943,0.0,71.254667,63,1400,2.997646,0.0,0.040875,5,1395,2.99898,0.0,0.101685,0.072812,0.145379,68.0,10.1685,7.2812,14.5379,0.101685,0.072812,0.145379,Assembly,0.145379,63,4.320987654320987
2,1370,3.003198,0.0,0.003406,4,1594,2.985425,0.0,82.688485,228,1366,2.992494,0.0,0.095185,0.082519,0.142,232.0,9.518500000000001,8.2519,14.2,0.09518500000000002,0.082519,0.142,Assembly,0.142,4,0.291970802919708
2,3340,3.007488,0.000264,0.240441,11,3750,3.000573,0.0,96.635157,421,3329,2.993335,0.024717,0.232192,0.195257,0.346543,432.0,23.2192,19.525699999999997,34.6543,0.23219571750070064,0.19525699999999996,0.3549491678560412,Assembly,0.3549491678560412,11,0.32934131736526945
4,2892,3.005731,0.001582,0.16853,9,3008,3.00385,0.0,63.843533,125,2883,3.005117,0.013065,0.201002,0.156868,0.301216,134.0,20.100199999999997,15.686800000000002,30.121599999999997,0.20102427684131963,0.156868,0.3056593621814612,Assembly,0.3056593621814612,9,0.3112033195020747
13,9828,2.999269,1.070109,39.525925,364,9542,3.002662,0.291432,15.975388,78,9464,3.008788,2.833955,0.680539,0.496957,0.989881,442.0,68.0539,49.695699999999995,98.9881,0.6956076778683412,0.5842321578806144,1.953699482278076,Assembly,1.953699482278076,364,3.7037037037037033
8,12410,3.0044,4.248992,175.623055,2846,12580,3.002388,0.813682,174.770568,3016,9564,3.000767,2.925597,0.860751,0.655289,0.997434,5862.0,86.0751,65.52890000000001,99.74340000000001,0.9205829346096133,0.8989623955592185,1.9924196156139713,Assembly,1.9924196156139713,2846,22.933118452860597
6,4422,2.991124,0.01329,32.953906,336,4116,2.993677,0.002816,0.291674,30,4086,2.99183,0.131037,0.305527,0.213711,0.425321,366.0,30.552699999999998,21.371100000000002,42.5321,0.3057141423648154,0.21455430768272465,0.4698862392018477,Assembly,0.4698862392018477,336,7.598371777476255
18,13554,3.004479,9.792417,194.628708,3990,13014,2.995597,0.821572,186.543068,3450,9564,3.000449,2.927693,0.926611,0.676818,0.997488,7440.0,92.66109999999999,67.68180000000001,99.7488,1.0645023524935007,0.922854214315148,1.993186458104009,Assembly,1.993186458104009,3990,29.437804338202746
9,8256,3.0044,0.555561,48.166751,329,7968,2.996819,0.114966,11.020344,41,7927,3.004855,1.816248,0.574196,0.413879,0.827583,370.0,57.4196,41.3879,82.75829999999999,0.582019100025524,0.44830787466339567,1.4452827838005864,Assembly,1.4452827838005864,329,3.984980620155039
18,13623,3.000403,8.85093,207.45057,4076,14782,2.998009,1.998253,270.032332,5235,9547,3.00494,2.933674,0.941155,0.768923,0.997417,9311.0,94.1155,76.8923,99.7417,1.0657888578642334,1.367339941380533,1.9951495759155145,Assembly,1.9951495759155145,4076,29.91998825515672
15,10140,2.997209,1.34524,37.652557,581,10410,3.000872,0.456765,92.465915,851,9559,3.002674,2.926295,0.703503,0.540884,0.997572,1432.0,70.3503,54.0884,99.7572,0.7224459191003975,0.6776714409445046,1.9927950030462454,Assembly,1.9927950030462454,581,5.729783037475345
19,1410,3.009548,0.0,0.137113,6,1508,3.002355,0.0,45.537013,104,1404,2.988042,0.0,0.097988,0.078487,0.145792,110.0,9.7988,7.8487,14.5792,0.097988,0.078487,0.145792,Assembly,0.145792,6,0.425531914893617
14,10262,2.995238,1.676803,45.313091,720,10136,3.004953,0.335562,48.342523,594,9542,2.996228,2.838886,0.706876,0.527687,0.993587,1314.0,70.68759999999999,52.7687,99.3587,0.7304878042700957,0.6281777715306993,1.9590824986513469,Assembly,1.9590824986513469,720,7.016176183979731
17,1458,2.997137,0.0,17.185146,39,1430,2.998349,0.0,1.314355,11,1419,2.987607,0.0,0.101079,0.074352,0.147655,50.0,10.1079,7.4352,14.765500000000001,0.101079,0.074352,0.147655,Assembly,0.147655,39,2.674897119341564
3,8261,2.998911,0.826274,6.011513,341,7953,2.992174,0.089412,26.19883,33,7920,3.002355,1.833872,0.572662,0.412157,0.825692,374.0,57.2662,41.2157,82.5692,0.5842971294466132,0.4389332168067388,1.4493856464172012,Assembly,1.4493856464172012,341,4.1278295605858855
10,11696,2.998877,2.729068,139.800628,2200,11536,3.004437,0.574618,109.383558,2040,9496,3.000936,2.90265,0.809849,0.599124,0.990481,4240.0,80.98490000000001,59.9124,99.04809999999999,0.848278212886536,0.7712048856647277,1.9776624187538112,Assembly,1.9776624187538112,2200,18.80984952120383
13,13946,2.998568,8.894114,206.591972,4423,13547,3.006187,1.152599,196.63208,4024,9523,3.00354,2.921606,0.950377,0.707028,0.994071,8447.0,95.0377,70.7028,99.4071,1.075618950857626,1.0521968891337887,1.9876992900520722,Assembly,1.9876992900520722,4423,31.7151871504374
2,1444,3.001938,0.0,81.578578,110,1344,2.983457,0.0,0.004218,10,1334,3.00362,0.0,0.100275,0.069593,0.139509,120.0,10.0275,6.9593,13.950899999999999,0.100275,0.069593,0.139509,Assembly,0.139509,110,7.617728531855955
18,11988,3.001415,3.105989,136.16541,2432,12618,2.994818,0.987299,176.017096,3062,9556,3.002745,2.927677,0.824524,0.655315,0.997488,5494.0,82.4524,65.5315,99.7488,0.8682608041046389,0.9509814885818056,1.9931810165582835,Assembly,1.9931810165582835,2432,20.286953620286955
7,5264,2.997294,0.038365,0.141255,37,5453,3.000503,0.007028,46.96196,226,5227,3.001363,0.24827,0.364849,0.283845,0.545594,263.0,36.484899999999996,28.384500000000003,54.559400000000004,0.3653892345241643,0.2859496755661182,0.6300297848290386,Assembly,0.6300297848290386,37,0.702887537993921
2,1304,2.993758,0.0,0.022172,2,1566,2.992081,0.0,142.86823,264,1302,3.002924,0.0,0.090278,0.081249,0.135757,266.0,9.0278,8.1249,13.5757,0.090278,0.081249,0.135757,Assembly,0.135757,2,0.15337423312883436
2,9191,3.000996,0.651852,11.979886,137,9737,2.995199,0.233283,34.844098,683,9054,2.995135,2.496104,0.637617,0.506274,0.942587,820.0,63.7617,50.6274,94.25869999999999,0.6467960161617498,0.5761352734904314,1.791503503221905,Assembly,1.791503503221905,137,1.4905886193014906
3,2061,3.001099,0.0,23.862224,6,2127,2.999147,0.0,3.833256,72,2055,2.993605,0.000199,0.14306,0.110595,0.213606,78.0,14.306,11.0595,21.360599999999998,0.14306,0.110595,0.21367367922496064,Assembly,0.21367367922496064,6,0.2911208151382824
12,8904,2.998148,0.681698,63.563222,373,8544,2.99937,0.146547,3.449491,13,8531,2.999748,1.978929,0.617747,0.444907,0.889521,386.0,61.7747,44.4907,88.9521,0.6273462908811088,0.48879343855832713,1.5625480400609997,Assembly,1.5625480400609997,373,4.189128481581312
13,1366,2.9776,0.0,0.054496,6,1460,3.001345,0.0,68.411288,100,1360,2.993714,0.0,0.093969,0.075952,0.14137,106.0,9.3969,7.5952,14.137,0.09396900000000001,0.075952,0.14137,Assembly,0.14137,6,0.43923865300146414
7,5117,3.009568,0.034364,59.371523,308,4844,2.998501,0.001022,0.122128,35,4809,3.006086,0.199586,0.356312,0.251778,0.502095,343.0,35.6312,25.1778,50.2095,0.356795894674531,0.252084058399057,0.569973521572838,Assembly,0.569973521572838,308,6.019151846785226
5,5440,3.002489,0.045529,0.371844,8,5944,2.999963,0.019642,38.74888,512,5432,2.998049,0.343846,0.378062,0.309599,0.565483,520.0,37.806200000000004,30.9599,56.5483,0.37870311397499484,0.3154811908750276,0.682423858220186,Assembly,0.682423858220186,8,0.14705882352941177
17,12682,3.00009,5.787086,134.50726,3141,12206,2.998512,0.806395,149.123512,2665,9541,2.998551,2.908606,0.866941,0.635425,0.994355,5806.0,86.69409999999999,63.542500000000004,99.4355,0.9484315161346993,0.8769161572481337,1.9835620341501206,Assembly,1.9835620341501206,3141,24.767386847500394
11,8547,3.001162,0.569679,62.2143,477,8107,3.006216,0.110913,2.196346,37,8070,2.992292,1.697173,0.592,0.422597,0.839371,514.0,59.199999999999996,42.2597,83.9371,0.600021901824355,0.45581212251919,1.4165737802217497,Assembly,1.4165737802217497,477,5.580905580905581
13,5159,2.990196,0.044988,8.773207,154,5026,3.000542,0.002757,15.077071,21,5005,3.003924,0.225262,0.356613,0.261339,0.522352,175.0,35.661300000000004,26.133899999999997,52.235200000000006,0.357246495914847,0.2621646389493153,0.5989628420758001,Assembly,0.5989628420758001,154,2.9850746268656714
15,11115,3.003817,2.154126,88.922826,1597,11100,3.007831,0.655588,134.32415,1582,9518,2.99771,2.902467,0.771959,0.579634,0.991814,3179.0,77.1959,57.9634,99.1814,0.8022922004326832,0.7759629762436392,1.978933181074576,Assembly,1.978933181074576,1597,14.367971210076474
4,1468,3.00015,0.0,33.374721,82,1388,2.995183,0.0,1.103473,2,1386,2.987438,0.0,0.10195,0.072176,0.143796,84.0,10.195,7.2176,14.3796,0.10195,0.072176,0.143796,Assembly,0.143796,82,5.5858310626703
9,12258,3.00002,4.803451,152.97228,2736,12978,3.001292,1.073322,198.089641,3456,9522,2.997262,2.904807,0.849272,0.676229,0.992026,6192.0,84.9272,67.6229,99.20259999999999,0.9169115168860006,0.9976568013627085,1.9799410071369272,Assembly,1.9799410071369272,2736,22.3201174743025
3,3475,3.001877,0.00372,8.246019,40,3440,3.003491,0.0,8.01989,5,3435,3.00904,0.030431,0.241221,0.179375,0.358966,45.0,24.1221,17.9375,35.8966,0.24127338296441786,0.179375,0.3693154798732528,Assembly,0.3693154798732528,40,1.1510791366906474
12,13300,2.995646,9.549844,205.608205,3742,13319,2.998079,1.026436,179.822442,3761,9558,3.000979,2.929247,0.9208,0.688131,0.996876,7503.0,92.08,68.8131,99.6876,1.0552755748516371,0.9955178482333662,1.9931029682325963,Assembly,1.9931029682325963,3742,28.135338345864664
5,3725,3.009631,0.000138,22.162151,40,3700,2.99997,0.0,7.733899,15,3685,3.009144,0.036632,0.259404,0.192538,0.385073,55.0,25.940400000000004,19.2538,38.5073,0.2594059432390026,0.192538,0.39753141893848365,Assembly,0.39753141893848365,40,1.0738255033557047
13,2175,3.004465,0.0,0.805658,12,2208,2.99884,0.0,23.661796,45,2163,2.997418,0.0,0.151132,0.114691,0.22554,57.0,15.113199999999999,11.469100000000001,22.554,0.151132,0.11469100000000002,0.22554,Assembly,0.22554,12,0.5517241379310345
3,2181,2.977055,0.0,1.810189,5,2220,3.004601,0.0,17.098559,44,2176,2.990089,0.0,0.1503,0.115802,0.226191,49.0,15.03,11.5802,22.6191,0.1503,0.115802,0.226191,Assembly,0.226191,5,0.22925263640531865
17,12563,2.997955,5.963528,151.731093,3002,11866,3.005519,0.917699,172.405327,2305,9561,2.999028,2.879014,0.86596,0.616458,0.996417,5307.0,86.59599999999999,61.645799999999994,99.6417,0.9499350739324991,0.891281372559918,1.9755598953308477,Assembly,1.9755598953308477,3002,23.895566345618086
11,8206,3.000249,0.474903,16.177559,286,7931,2.999759,0.091905,5.939596,11,7920,2.996037,1.543761,0.568785,0.412754,0.82391,297.0,56.878499999999995,41.2754,82.391,0.5754723190728317,0.4402767956607986,1.3489378794194278,Assembly,1.3489378794194278,286,3.485254691689008
11,14700,3.005835,32.605681,216.700481,5118,13940,2.999766,1.617769,213.609228,4358,9582,2.994448,2.926595,0.980923,0.724683,0.997629,9476.0,98.0923,72.4683,99.7629,1.4400580074309177,1.2091563759139825,1.992954032028598,Assembly,1.992954032028598,5118,34.816326530612244
19,14117,3.00278,9.836589,228.073722,4611,15295,3.002583,2.746265,268.318108,5789,9506,3.00434,2.923567,0.973074,0.796565,0.992737,10400.0,97.3074,79.6565,99.27369999999999,1.1115873579516369,1.6189891382449617,1.987032219500051,Assembly,1.987032219500051,4611,32.66274704257279
9,10992,3.007821,2.786224,83.29609,1430,12096,2.9913,0.838976,150.51334,2534,9562,3.000677,2.91575,0.760645,0.627058,0.997495,3964.0,76.0645,62.7058,99.7495,0.7998790517882205,0.878306191200851,1.989131684316547,Assembly,1.989131684316547,1430,13.009461426491994
6,5327,3.002884,0.084248,4.143162,284,5075,3.004969,8.1e-05,21.636367,32,5043,2.993178,0.257511,0.369938,0.264662,0.525117,316.0,36.9938,26.4662,52.5117,0.371124333329644,0.26468625707468063,0.6126956175821103,Assembly,0.6126956175821103,284,5.331330955509668
7,4872,2.992151,0.02792,5.380893,4,4928,3.002436,0.00159,26.615152,60,4868,3.001956,0.204343,0.337448,0.256817,0.507803,64.0,33.744800000000005,25.681700000000003,50.7803,0.33784115386197494,0.25729315739187936,0.5772993611363444,Assembly,0.5772993611363444,4,0.08210180623973727
13,9971,2.999226,2.063169,89.605957,1035,9139,3.000419,0.206248,5.660354,203,8936,2.999943,2.42989,0.691795,0.475954,0.931712,1238.0,69.1795,47.5954,93.1712,0.7208473947083406,0.5377191004781938,1.7581093464302269,Assembly,1.7581093464302269,1035,10.380102296660315
15,10785,2.999431,2.080708,67.570195,1266,10605,2.998227,0.595816,88.625489,1086,9519,2.997515,2.865937,0.748816,0.551156,0.991849,2352.0,74.8816,55.1156,99.1849,0.7781153691204171,0.7295850519496698,1.9665444519900923,Assembly,1.9665444519900923,1266,11.738525730180807
13,12080,2.996776,5.813163,134.311455,2587,11200,2.999517,0.590029,112.831488,1707,9493,3.004701,2.858676,0.832449,0.582372,0.991382,4294.0,83.2449,58.2372,99.1382,0.9143067178989801,0.7590680187252637,1.9636080105205485,Assembly,1.9636080105205485,2587,21.415562913907284
16,11184,2.993524,2.067209,85.241175,1660,11648,3.002435,0.617243,136.409463,2124,9524,3.000127,2.901694,0.774184,0.607032,0.993056,3784.0,77.41839999999999,60.7032,99.3056,0.8032932837342136,0.791877796877845,1.9799122863967138,Assembly,1.9799122863967138,1660,14.842632331902719
12,8724,2.996844,0.496769,41.241434,203,8592,2.999757,0.118253,6.578919,71,8521,2.999236,2.166545,0.603783,0.446512,0.888338,274.0,60.378299999999996,44.6512,88.8338,0.6107782238846491,0.48192523274333743,1.6251726052379638,Assembly,1.6251726052379638,203,2.3269142595139845
6,3650,2.994587,0.002139,107.170506,231,3435,3.001716,0.0,0.048024,16,3419,3.000728,0.024072,0.252746,0.178789,0.356776,247.0,25.274600000000003,17.8789,35.6776,0.25277612020454027,0.178789,0.3649628055439828,Assembly,0.3649628055439828,231,6.328767123287671
5,3620,3.003973,0.003284,46.839089,73,3575,2.989166,0.0,0.953786,28,3547,2.997298,0.03955,0.251281,0.185314,0.370267,101.0,25.128099999999996,18.5314,37.0267,0.25132724345568497,0.185314,0.3837178208401678,Assembly,0.3837178208401678,73,2.016574585635359
20,12336,3.002022,5.816182,168.334065,2903,10672,2.996912,0.545613,84.621062,1239,9433,3.00772,2.877546,0.856526,0.555269,0.986038,4142.0,85.6526,55.5269,98.60379999999999,0.9384262297725225,0.7186637566386522,1.964681633510535,Assembly,1.964681633510535,2903,23.532749675745784
18,6156,2.994686,0.138464,0.355466,9,6327,3.012636,0.027579,35.009584,180,6147,3.011155,0.642351,0.426751,0.330919,0.64275,189.0,42.6751,33.0919,64.275,0.4287007727917081,0.339178084723673,0.8612113961441887,Assembly,0.8612113961441887,9,0.14619883040935672
6,4770,2.999267,0.016299,59.958185,196,4602,2.99874,0.0004,0.251782,28,4574,3.004475,0.126154,0.330675,0.239303,0.478111,224.0,33.0675,23.9303,47.8111,0.33090451342393734,0.23942278802311429,0.5210155474657532,Assembly,0.5210155474657532,196,4.109014675052411
19,11390,2.99514,3.745684,127.695948,1893,12801,3.000245,0.802898,170.949164,3304,9497,3.006861,2.910428,0.787937,0.664522,0.992694,5197.0,78.7937,66.45219999999999,99.26939999999999,0.8406816321754136,0.9049659104560569,1.9825206901696095,Assembly,1.9825206901696095,1893,16.619841966637402
2,1426,2.983869,0.0,4.971941,14,1420,2.985099,0.0,18.615794,8,1412,3.004796,0.0,0.09824,0.073316,0.147318,22.0,9.824,7.331600000000001,14.7318,0.09824,0.073316,0.147318,Assembly,0.147318,14,0.9817671809256662
8,13756,3.001701,12.059761,206.579381,4206,13718,3.002896,1.671956,235.386076,4168,9550,3.001438,2.919742,0.953292,0.71426,0.99641,8374.0,95.3292,71.426,99.641,1.1231108256319533,1.2149607599352188,1.9894043499750538,Assembly,1.9894043499750538,4206,30.575748764175632
7,8328,2.995416,0.537037,2.16195,116,8760,2.999801,0.191686,46.153832,548,8212,2.999024,1.879643,0.57734,0.455856,0.856059,664.0,57.733999999999995,45.5856,85.6059,0.5849022553930303,0.5132602174967178,1.4953192082547568,Assembly,1.4953192082547568,116,1.392891450528338
6,4458,2.992387,0.013957,25.624378,210,4248,3.010852,0.0,13.508373,0,4248,3.000388,0.078047,0.308401,0.22205,0.442557,210.0,30.8401,22.205,44.2557,0.3085975346866613,0.22204999999999997,0.46910051995227764,Assembly,0.46910051995227764,210,4.710632570659488
13,9334,2.999105,0.759233,8.691825,267,9178,2.999045,0.189587,34.997827,111,9067,3.001467,2.410665,0.646722,0.47749,0.946106,378.0,64.6722,47.749,94.6106,0.6574130954902858,0.5342656298454256,1.7659649891444564,Assembly,1.7659649891444564,267,2.8605099635740303
17,12206,3.005877,5.193018,111.139639,2692,12699,2.997634,0.911297,171.366287,3185,9514,2.998649,2.882809,0.846386,0.659955,0.991793,5877.0,84.6386,65.99549999999999,99.1793,0.9195111820202402,0.9328611652499736,1.9722265619576096,Assembly,1.9722265619576096,2692,22.054727183352448
2,1352,3.012903,0.0,1.598547,6,1472,2.97726,0.0,38.720343,126,1346,3.018661,0.0,0.094293,0.076008,0.141469,132.0,9.4293,7.6008000000000004,14.1469,0.094293,0.076008,0.141469,Assembly,0.141469,6,0.4437869822485207
7,1480,2.998174,0.0,14.393897,5,1482,2.999782,0.0,10.214312,7,1475,3.013144,0.0,0.102607,0.077086,0.154543,12.0,10.2607,7.708600000000001,15.454300000000002,0.102607,0.077086,0.154543,Assembly,0.154543,5,0.33783783783783783
17,12138,3.000053,3.247346,129.514982,2607,12138,2.992414,0.742085,134.143117,2607,9531,3.001524,2.924345,0.842189,0.629686,0.994306,5214.0,84.21889999999999,62.968599999999995,99.4306,0.8879163145081913,0.8519182378319325,1.9888658146609526,Assembly,1.9888658146609526,2607,21.47800296589224
7,4760,3.001139,0.047938,0.24079,7,5348,2.995319,0.002878,99.974882,595,4753,3.005498,0.261989,0.330669,0.277561,0.496036,602.0,33.0669,27.7561,49.6036,0.33134403616888797,0.27842287482630734,0.5851375701920287,Assembly,0.5851375701920287,7,0.14705882352941177
17,12427,3.001886,5.799263,175.460151,3037,12070,3.006662,0.907321,162.017829,2680,9390,2.999426,2.866844,0.856631,0.629705,0.978857,5717.0,85.6631,62.970499999999994,97.8857,0.9382929858545156,0.9014204723002175,1.9538609196134054,Assembly,1.9538609196134054,3037,24.438722137281726
7,10164,2.993212,1.114064,44.279359,650,10570,3.006937,0.338899,66.537236,1056,9514,2.991803,2.869492,0.701743,0.550979,0.989312,1706.0,70.1743,55.0979,98.93119999999999,0.7174306276535527,0.6524691031135303,1.965216495430972,Assembly,1.965216495430972,650,6.3951200314836685
8,14364,2.999402,21.674223,222.335718,4764,14535,3.000877,1.772403,255.210758,4935,9600,2.987587,2.915876,0.988246,0.756515,0.996815,9699.0,98.82459999999999,75.6515,99.6815,1.2934503151058359,1.287296628829623,1.988494536489135,Assembly,1.988494536489135,4764,33.16624895572264
5,1516,3.003218,0.0,41.527928,140,1378,3.006534,0.0,0.571898,2,1376,2.998071,0.0,0.105391,0.071853,0.143241,142.0,10.5391,7.1853,14.324100000000001,0.105391,0.071853,0.143241,Assembly,0.143241,140,9.234828496042216
16,10576,3.001454,1.883425,81.946278,1029,11872,3.007364,0.650807,156.089811,2325,9547,3.002659,2.901474,0.733749,0.615682,0.996348,3354.0,73.3749,61.5682,99.6348,0.7602703399888987,0.8105792098973656,1.9831294651429885,Assembly,1.9831294651429885,1029,9.729576399394857
16,11504,3.004072,3.102183,121.747504,2070,11648,3.001146,0.605839,107.583035,2214,9434,2.99671,2.845292,0.798034,0.605947,0.982624,4284.0,79.8034,60.5947,98.2624,0.8417172101362049,0.7873776403388564,1.9502981575211855,Assembly,1.9502981575211855,2070,17.99374130737135
17,12733,3.004494,6.933558,169.677554,3151,11866,2.992373,0.662479,145.920379,2284,9582,2.993175,2.914319,0.882553,0.61645,0.996708,5435.0,88.2553,61.645,99.6708,0.9801874951621375,0.8148426244118409,1.9878580060707245,Assembly,1.9878580060707245,3151,24.746721118353886
15,4248,2.995391,0.008731,0.586013,18,4236,3.005853,0.0,29.368899,6,4230,3.006164,0.079645,0.294547,0.22106,0.441554,24.0,29.4547,22.106,44.1554,0.29466994507051947,0.22106,0.46864099433160983,Assembly,0.46864099433160983,18,0.423728813559322
3,9373,2.998769,0.947398,92.299005,1120,8346,3.010349,0.159179,4.439125,93,8253,2.996277,2.02196,0.650636,0.435833,0.859841,1213.0,65.0636,43.5833,85.9841,0.6639767300332122,0.4835023443282767,1.547502737193067,Assembly,1.547502737193067,1120,11.949215832710978
5,11849,3.003537,3.860465,161.61636,2328,11832,2.999044,0.632573,139.367173,2311,9521,3.000826,2.86822,0.823486,0.616054,0.993201,4639.0,82.3486,61.605399999999996,99.3201,0.8778469141751034,0.8054906728637004,1.9686728925457966,Assembly,1.9686728925457966,2328,19.64722761414465
3,2115,3.004456,0.0,0.400028,5,2307,3.014696,0.0,36.275177,197,2110,2.986101,0.0,0.147027,0.120745,0.218971,202.0,14.702699999999998,12.0745,21.8971,0.147027,0.120745,0.21897099999999997,Assembly,0.21897099999999997,5,0.2364066193853428
8,10808,3.002927,1.535296,48.750697,1383,10052,3.000874,0.267533,58.335965,627,9425,3.001032,2.803133,0.749657,0.523694,0.983518,2010.0,74.9657,52.3694,98.3518,0.7712761816502363,0.603812122969593,1.9368540246311565,Assembly,1.9368540246311565,1383,12.796076980014803
2,1450,2.995277,0.0,0.600578,0,1540,2.992543,0.0,44.156262,90,1450,3.000561,0.0,0.100536,0.080009,0.15107,90.0,10.0536,8.0009,15.107000000000001,0.100536,0.080009,0.15107,Assembly,0.15107,0,0.0
20,13520,3.00322,13.691387,196.605023,4010,14080,2.998891,2.185474,224.409938,4570,9510,3.00492,2.928133,0.937081,0.72678,0.993184,8580.0,93.7081,72.678,99.3184,1.1298754725946554,1.3812640250692376,1.9890321006114595,Assembly,1.9890321006114595,4010,29.659763313609467
14,4494,3.003841,0.009667,9.042871,114,4392,2.992152,0.000173,4.908349,12,4380,3.004735,0.100813,0.311831,0.227893,0.457166,126.0,31.183100000000003,22.7893,45.7166,0.3119671253002762,0.22794480831999694,0.4914521593264183,Assembly,0.4914521593264183,114,2.53671562082777
16,11664,3.001758,2.289979,142.243026,2127,11552,3.003981,0.541778,125.726079,2015,9537,3.00702,2.907014,0.808664,0.602465,0.99695,4142.0,80.8664,60.246500000000005,99.695,0.8409102065792046,0.764711288967044,1.9856156003504355,Assembly,1.9856156003504355,2127,18.235596707818928
7,4984,3.006404,0.022069,37.865246,266,4725,2.993578,0.002756,1.606258,7,4718,3.000279,0.197801,0.34685,0.245466,0.491504,273.0,34.685,24.546599999999998,49.1504,0.3471607633445532,0.2462913394792575,0.5587754491278393,Assembly,0.5587754491278393,266,5.337078651685393
4,2103,3.005344,0.0,3.086605,63,2049,3.01275,0.0,18.76784,9,2040,2.97548,0.000192,0.146291,0.107056,0.210785,72.0,14.629100000000001,10.7056,21.0785,0.146291,0.107056,0.2108502985487057,Assembly,0.2108502985487057,63,2.9957203994293864
4,2920,3.00324,0.0,13.054547,4,2932,2.99366,0.0,4.348496,16,2916,3.014315,0.003247,0.202765,0.152386,0.305199,20.0,20.2765,15.2386,30.5199,0.20276499999999997,0.152386,0.30630329368566434,Assembly,0.30630329368566434,4,0.136986301369863
17,2106,2.992942,0.0,9.254091,24,2088,3.011075,0.0,8.567226,6,2082,3.004129,0.0,0.145906,0.108965,0.217174,30.0,14.5906,10.896500000000001,21.7174,0.145906,0.10896500000000002,0.217174,Assembly,0.217174,24,1.1396011396011396
1,756,3.008365,0.0,7.715537,0,800,2.989975,0.0,22.762628,44,756,3.020485,0.0,0.052646,0.041527,0.079288,44.0,5.2646,4.1527,7.9288,0.052646,0.041527,0.079288,Assembly,0.079288,0,0.0
15,10935,3.003693,2.169856,72.136382,1367,10725,2.994355,0.406307,58.469769,1157,9568,2.99799,2.867265,0.76031,0.557543,0.996836,2524.0,76.031,55.7543,99.68360000000001,0.7908647015160954,0.6792197807687517,1.9719831002853072,Assembly,1.9719831002853072,1367,12.501143118427068
19,8450,3.002754,0.883052,8.340366,50,9373,3.006873,0.255654,35.510513,973,8400,2.996837,2.018807,0.587218,0.489306,0.875222,1023.0,58.7218,48.9306,87.52220000000001,0.5996526455632037,0.5658667181531561,1.5618114125885398,Assembly,1.5618114125885398,50,0.591715976331361
20,14540,3.000049,23.024256,236.038523,4975,14620,3.002485,1.813064,244.589362,5055,9565,2.995304,2.915046,0.994267,0.761702,0.995758,10030.0,99.4267,76.1702,99.5758,1.3184817265579687,1.3046603808492492,1.987155256304626,Assembly,1.987155256304626,4975,34.215955983493814
15,10680,2.994482,1.588188,75.062353,1306,11010,3.000496,0.507752,63.536967,1636,9374,3.002303,2.834779,0.737396,0.571446,0.978275,2942.0,73.73960000000001,57.144600000000004,97.8275,0.7597599772830291,0.7235025207808262,1.9423737218829382,Assembly,1.9423737218829382,1306,12.228464419475655
10,7590,2.996592,0.321406,71.004191,660,6970,2.997833,0.050398,1.281839,40,6930,3.003161,0.948957,0.525806,0.362532,0.723281,700.0,52.5806,36.2532,72.32809999999999,0.5303318599628188,0.3776246919722859,1.0460180566883228,Assembly,1.0460180566883228,660,8.695652173913043
2,2163,3.011256,0.0,6.055759,14,2217,2.999705,0.0,17.054829,68,2149,3.00212,0.000102,0.150352,0.115344,0.224411,82.0,15.035200000000001,11.5344,22.4411,0.150352,0.115344,0.22444568985399993,Assembly,0.22444568985399993,14,0.6472491909385114
19,12977,2.999601,6.064607,173.692829,3408,13680,2.999152,2.261101,187.208297,4111,9569,2.99929,2.932404,0.895677,0.708092,0.997643,7519.0,89.56769999999999,70.8092,99.76429999999999,0.9810754120132498,1.3852240471294,1.9949436532235545,Assembly,1.9949436532235545,3408,26.26184788471912
11,2900,2.994047,0.0,74.104431,156,2756,2.998846,0.0,0.029257,12,2744,2.9967,0.001772,0.20092,0.143486,0.285869,168.0,20.092,14.348600000000001,28.5869,0.20092,0.143486,0.28647165118909673,Assembly,0.28647165118909673,156,5.379310344827586
11,14155,3.001668,13.106658,225.983595,4645,13566,3.002671,1.120323,212.310791,4056,9510,2.998381,2.893789,0.978491,0.704975,0.991201,8701.0,97.84909999999999,70.4975,99.1201,1.1630516450674806,1.0404781935486962,1.9753688227117192,Assembly,1.9753688227117192,4645,32.815259625574
15,3016,2.997836,0.000798,24.497248,156,2868,2.997768,0.0,6.427089,8,2860,3.000123,0.002786,0.209293,0.149185,0.298138,164.0,20.9293,14.918500000000002,29.8138,0.20930423699075415,0.149185,0.299085509149449,Assembly,0.299085509149449,156,5.172413793103448
12,8628,2.998113,0.684,80.917488,546,8160,3.008267,0.094202,1.790085,78,8082,2.997039,1.723095,0.59815,0.425596,0.842226,624.0,59.815,42.559599999999996,84.2226,0.6077817063607028,0.4538066783835325,1.4282447644902412,Assembly,1.4282447644902412,546,6.328233657858136
11,8162,3.000936,0.445841,19.980124,22,8404,3.004369,0.109991,9.490494,264,8140,2.999295,1.759423,0.566834,0.438346,0.847846,286.0,56.68339999999999,43.8346,84.7846,0.5731120842040381,0.4712850111259116,1.4462197940599406,Assembly,1.4462197940599406,22,0.2695417789757413
6,4098,3.002295,0.009219,0.132627,0,4416,2.996649,0.001253,38.568452,318,4098,2.999177,0.099752,0.284801,0.229743,0.426758,318.0,28.480100000000004,22.9743,42.6758,0.2849308168142388,0.23011823598240555,0.46068331682549746,Assembly,0.46068331682549746,0,0.0
9,6516,2.99759,0.109476,12.887421,191,6417,2.997003,0.0458,6.798474,92,6325,3.010797,0.551328,0.452136,0.333196,0.662327,283.0,45.2136,33.3196,66.2327,0.45367757994962615,0.346911728646587,0.8498317826085477,Assembly,0.8498317826085477,191,2.9312461632903624
7,5222,3.002335,0.021159,0.135429,14,5425,2.992732,0.005927,32.006035,217,5208,2.994463,0.218325,0.362354,0.281868,0.541499,231.0,36.2354,28.1868,54.149899999999995,0.36265194923228966,0.2836429590324961,0.615750591907197,Assembly,0.615750591907197,14,0.2680965147453083
5,3490,3.002996,0.000665,3.082259,9,3570,2.985779,0.0,9.834102,89,3481,3.010785,0.029138,0.242498,0.185052,0.364187,98.0,24.2498,18.5052,36.4187,0.2425073641589618,0.185052,0.37409673495931256,Assembly,0.37409673495931256,9,0.25787965616045844
11,7986,2.9961,0.444548,23.74506,78,8008,2.993793,0.07941,5.930461,100,7908,2.999172,1.44892,0.553536,0.41565,0.824582,178.0,55.3536,41.565000000000005,82.4582,0.5597958768994704,0.4394309172887659,1.3173547770350447,Assembly,1.3173547770350447,78,0.9767092411720512
12,8592,3.00053,0.579936,10.437681,279,8424,3.004844,0.127974,11.582309,111,8313,3.005624,1.781849,0.59555,0.438954,0.868534,390.0,59.555,43.8954,86.85340000000001,0.6037163351754394,0.4772783811750726,1.4745348005874148,Assembly,1.4745348005874148,279,3.247206703910614
2,1434,3.007456,0.0,13.308563,0,1436,2.99108,0.0,1.514096,2,1434,2.99859,0.0,0.099831,0.074569,0.149305,2.0,9.9831,7.456899999999999,14.930499999999999,0.099831,0.074569,0.149305,Assembly,0.149305,0,0.0
11,4254,3.00266,0.013789,0.562821,12,4254,2.995361,0.003782,30.092981,12,4242,3.002755,0.115809,0.295516,0.22122,0.442301,24.0,29.5516,22.122,44.2301,0.2957101690043973,0.22235259575854568,0.48168724805762325,Assembly,0.48168724805762325,12,0.2820874471086037
12,8652,2.996621,0.856394,11.378315,92,8664,3.002012,0.209639,51.628237,104,8560,2.996215,2.233194,0.599727,0.450976,0.891654,196.0,59.9727,45.0976,89.16539999999999,0.6117862624810932,0.5137566034441452,1.6511557040540534,Assembly,1.6511557040540534,92,1.06333795654184
13,12155,2.997916,3.527125,156.854781,2607,12019,2.999725,0.817018,113.29643,2471,9548,3.002185,2.897735,0.843151,0.625453,0.996257,5078.0,84.3151,62.545300000000005,99.6257,0.892818006282886,0.8701254276719916,1.9817668439262657,Assembly,1.9817668439262657,2607,21.447963800904976
4,2752,3.000807,0.0,3.874186,52,2724,3.005074,0.0,21.546726,24,2700,2.996262,0.007641,0.191033,0.142031,0.281891,76.0,19.1033,14.2031,28.1891,0.191033,0.142031,0.28448967818052395,Assembly,0.28448967818052395,52,1.88953488372093
4,2816,3.005572,0.000495,2.839851,11,2900,2.987975,0.0,19.904954,95,2805,2.999698,0.006805,0.195916,0.15024,0.29238,106.0,19.5916,15.024000000000001,29.237999999999996,0.19592297031381367,0.15024,0.2946943574163677,Assembly,0.2946943574163677,11,0.390625
12,8868,2.998148,0.767721,23.586176,405,8520,2.998601,0.114631,6.241344,57,8463,3.005457,1.945453,0.615392,0.443559,0.884134,462.0,61.53920000000001,44.3559,88.4134,0.6262026187703877,0.4778875521940374,1.5457759660168668,Assembly,1.5457759660168668,405,4.566982408660352
6,2888,3.009393,0.0,16.480026,72,2820,3.003481,0.0,1.79853,4,2816,3.011617,0.006121,0.201003,0.146838,0.294469,76.0,20.100299999999997,14.6838,29.4469,0.20100299999999996,0.146838,0.2965507313366035,Assembly,0.2965507313366035,72,2.4930747922437675
17,8724,3.00323,0.583851,38.153796,347,8580,3.001581,0.207708,5.108619,203,8377,3.01046,2.026417,0.605181,0.446475,0.87685,550.0,60.5181,44.6475,87.685,0.6134024640210566,0.5086773267625609,1.5660275477742207,Assembly,1.5660275477742207,347,3.9775332416322784
16,12064,3.002325,3.96636,142.038453,2492,11808,3.003382,0.628064,138.219843,2236,9572,2.99779,2.923664,0.837534,0.613759,0.997645,4728.0,83.7534,61.37590000000001,99.7645,0.8933860684807563,0.8018453623731445,1.9919732088710118,Assembly,1.9919732088710118,2492,20.656498673740053
17,2908,2.995991,4.5e-05,22.39414,44,2880,2.990926,0.0,0.375495,16,2864,2.975752,0.003398,0.201456,0.149297,0.296378,60.0,20.145599999999998,14.9297,29.6378,0.2014566336648921,0.149297,0.2975336482734485,Assembly,0.2975336482734485,44,1.5130674002751032
5,3620,3.013365,0.000914,10.60126,135,3505,2.984651,0.0,5.177288,20,3485,2.999579,0.028158,0.252509,0.181413,0.363436,155.0,25.250899999999998,18.141299999999998,36.343599999999995,0.2525218704380317,0.18141299999999996,0.3730124402836269,Assembly,0.3730124402836269,135,3.7292817679558015
12,8208,2.995569,0.829338,5.330169,44,8460,3.000416,0.11494,17.867492,296,8164,3.004724,1.754608,0.568674,0.440043,0.852908,340.0,56.8674,44.0043,85.2908,0.5803522749850476,0.47446408844189325,1.4496442288931792,Assembly,1.4496442288931792,44,0.5360623781676412
11,8074,3.002611,0.456602,43.722704,451,7667,3.002483,0.08569,1.675248,44,7623,2.998129,1.398272,0.560546,0.399046,0.793623,495.0,56.0546,39.9046,79.36229999999999,0.5669756146019147,0.4247075892516603,1.2691705640410413,Assembly,1.2691705640410413,451,5.5858310626703
5,3635,2.99306,0.004442,1.276815,20,3705,2.993102,0.0,28.074934,90,3615,2.997048,0.052984,0.251847,0.192519,0.377067,110.0,25.1847,19.2519,37.7067,0.2519095497655764,0.192519,0.395086678669923,Assembly,0.395086678669923,20,0.5502063273727648
3,4416,2.992347,0.012524,49.33252,48,4380,2.993288,0.000301,0.662749,12,4368,3.005691,0.076406,0.305773,0.227567,0.455882,60.0,30.5773,22.7567,45.5882,0.3059493559802068,0.2276571404873935,0.48186742141880823,Assembly,0.48186742141880823,48,1.0869565217391304
15,11310,3.002686,2.388473,90.74002,1786,10935,2.997216,0.478439,80.815711,1411,9524,3.00625,2.923614,0.785645,0.56881,0.995252,3197.0,78.56450000000001,56.881,99.5252,0.8192781441322619,0.7120881549769529,1.98956320404062,Assembly,1.98956320404062,1786,15.791335101679929
18,13068,3.004272,5.203605,179.502716,3493,12996,2.994633,1.122747,221.442451,3421,9575,2.997286,2.925051,0.90843,0.675001,0.997614,6914.0,90.84299999999999,67.5001,99.7614,0.9817042622472003,1.011230108968769,1.9924139228660893,Assembly,1.9924139228660893,3493,26.729415365779
9,2253,2.986533,0.0,50.507538,138,2121,2.998535,0.0,0.17284,6,2115,3.003546,0.0,0.155765,0.110264,0.220624,144.0,15.5765,11.0264,22.0624,0.155765,0.110264,0.22062400000000001,Assembly,0.22062400000000001,138,6.125166444740346
14,11396,3.002648,2.404437,93.142206,1873,10458,2.993987,0.317465,73.614903,935,9523,2.994664,2.892867,0.790855,0.543494,0.991211,2808.0,79.0855,54.3494,99.1211,0.8247129402731129,0.6385652618949508,1.9750652536392885,Assembly,1.9750652536392885,1873,16.435591435591434
10,10010,3.004031,1.181094,78.655943,774,9478,3.004628,0.23486,33.336408,242,9236,3.005086,2.714278,0.694509,0.494113,0.964741,1016.0,69.4509,49.411300000000004,96.47409999999999,0.7111405067140175,0.5644465377715595,1.8878577405413182,Assembly,1.8878577405413182,774,7.732267732267732
2,1590,2.991943,0.0,44.8004,176,1414,3.022155,0.0,11.119057,0,1414,2.98343,0.0,0.110044,0.07419,0.146478,176.0,11.0044,7.4190000000000005,14.6478,0.110044,0.07419,0.146478,Assembly,0.146478,176,11.069182389937108
5,696,2.99209,0.0,4.817171,3,714,2.99435,0.0,21.001442,21,693,2.993207,0.0,0.048188,0.037084,0.072143,24.0,4.8188,3.7083999999999997,7.2143,0.048188,0.037084,0.072143,Assembly,0.072143,3,0.43103448275862066
3,2241,3.000282,0.0,43.032777,113,2139,3.006372,0.0,0.011514,11,2128,2.987146,0.0,0.155666,0.111353,0.220986,124.0,15.5666,11.135299999999999,22.098599999999998,0.155666,0.111353,0.220986,Assembly,0.220986,113,5.0423917893797405
8,5272,2.997765,0.045772,0.192692,52,5880,3.000213,0.012739,82.569192,660,5220,3.007822,0.336287,0.365059,0.30616,0.546206,712.0,36.505900000000004,30.616,54.620599999999996,0.3657035357654124,0.30997494906613254,0.6605760679615051,Assembly,0.6605760679615051,52,0.9863429438543246
16,9191,2.999271,0.90444,9.521473,49,10088,2.992638,0.359778,71.742582,946,9142,3.005669,2.547193,0.637748,0.523087,0.955038,995.0,63.7748,52.308699999999995,95.50380000000001,0.6504838194457223,0.6308297384500388,1.821329698819967,Assembly,1.821329698819967,49,0.5331302361005331
2,1424,3.007062,0.0,6.222841,48,1382,2.993017,0.0,22.494168,6,1376,3.011045,0.0,0.098901,0.071724,0.143887,54.0,9.8901,7.1724,14.388699999999998,0.098901,0.071724,0.143887,Assembly,0.143887,48,3.3707865168539324
5,11968,2.997633,3.005801,159.341369,2448,10864,2.990431,0.908128,105.204134,1344,9520,3.004085,2.895899,0.829277,0.563294,0.994018,3792.0,82.9277,56.32939999999999,99.4018,0.871603012588753,0.8352511446368507,1.9789034265542669,Assembly,1.9789034265542669,2448,20.454545454545457
2,2028,3.012317,0.0,57.846791,45,1992,2.993037,0.0,0.013195,9,1983,3.003838,0.0,0.141265,0.103517,0.207067,54.0,14.1265,10.3517,20.7067,0.141265,0.103517,0.207067,Assembly,0.207067,45,2.2189349112426036
12,8628,2.998746,0.744452,4.330989,69,8904,3.004499,0.173185,48.21464,345,8559,3.002501,2.001062,0.598228,0.464,0.893404,414.0,59.8228,46.400000000000006,89.3404,0.6087109576953771,0.5158637219576239,1.5739583982823762,Assembly,1.5739583982823762,69,0.7997218358831711
2,7900,3.003518,0.374287,109.432379,935,7020,2.999626,0.033676,0.573447,55,6965,3.007113,0.940006,0.548744,0.365357,0.728312,990.0,54.8744,36.5357,72.8312,0.5540145006997491,0.37544195366599264,1.0480048519515253,Assembly,1.0480048519515253,935,11.835443037974684
7,4998,3.012376,0.024217,22.190787,83,4935,3.002671,0.001531,3.990715,20,4915,2.998689,0.174445,0.348406,0.257104,0.512271,103.0,34.8406,25.7104,51.2271,0.34874701028207183,0.25756248865847,0.5715991527550717,Assembly,0.5715991527550717,83,1.6606642657062824
15,10185,2.996351,1.307185,49.697871,692,10410,3.007037,0.435989,79.948003,917,9493,3.005784,2.884107,0.705214,0.542468,0.991714,1609.0,70.5214,54.24679999999999,99.1714,0.723621049823268,0.673033651023948,1.9725890073545893,Assembly,1.9725890073545893,692,6.794305351006382
5,3590,3.009848,0.00256,0.422991,8,3625,3.006024,0.0,52.175555,43,3582,2.994891,0.05785,0.249931,0.188974,0.372795,51.0,24.9931,18.8974,37.2795,0.2499670484916424,0.188974,0.3924695887636842,Assembly,0.3924695887636842,8,0.22284122562674097
4,2808,3.008139,0.0,0.039164,8,2848,3.000256,0.0,39.461419,48,2800,2.99348,0.003391,0.195315,0.148269,0.291298,56.0,19.531499999999998,14.826900000000002,29.1298,0.195315,0.148269,0.29245126759719364,Assembly,0.29245126759719364,8,0.2849002849002849
15,10890,2.999798,1.976804,99.202312,1339,10950,3.007338,0.458049,102.452323,1399,9551,2.997925,2.908556,0.755616,0.570847,0.995351,2738.0,75.5616,57.0847,99.5351,0.7834522509658812,0.7080189604987015,1.9845410293197285,Assembly,1.9845410293197285,1339,12.295684113865931
10,8328,2.997102,0.898305,15.403318,6,8592,3.002487,0.117384,10.416813,270,8322,2.996297,1.946292,0.577775,0.447285,0.866357,276.0,57.7775,44.7285,86.6357,0.5904244297987591,0.4824379932631216,1.5282843070708465,Assembly,1.5282843070708465,6,0.07204610951008646
13,9295,3.006787,1.013198,19.519672,318,9321,3.003031,0.172671,48.569829,344,8977,2.99895,2.559274,0.646107,0.484266,0.935724,662.0,64.6107,48.4266,93.5724,0.6603742889199582,0.535975794347922,1.8061244059393111,Assembly,1.8061244059393111,318,3.4211941904249596
18,12888,3.000849,7.175306,177.716324,3321,12456,2.993867,0.976477,180.41934,2889,9567,2.999532,2.918845,0.891339,0.646232,0.997554,6210.0,89.1339,64.6232,99.75540000000001,0.9923776556143118,0.9386576236164483,1.9902432833178194,Assembly,1.9902432833178194,3321,25.768156424581008
2,9464,2.997625,1.074822,9.669246,95,9971,2.997609,0.276559,24.149876,602,9369,2.992951,2.701115,0.655438,0.5185,0.974799,697.0,65.54379999999999,51.849999999999994,97.4799,0.6705730437047124,0.6013211397111671,1.8934390488922883,Assembly,1.8934390488922883,95,1.003803888419273
16,1430,3.006321,0.0,2.362097,4,1466,3.003934,0.0,13.694854,40,1426,2.9938,0.0,0.099373,0.076454,0.148235,44.0,9.9373,7.6453999999999995,14.823500000000001,0.099373,0.076454,0.148235,Assembly,0.148235,4,0.27972027972027974
6,12104,2.996145,4.730059,130.0978,2595,11815,2.997164,0.954232,137.927604,2306,9509,2.999857,2.895979,0.839036,0.613736,0.992004,4901.0,83.9036,61.373599999999996,99.2004,0.9056420516912277,0.8994999121810044,1.9769166342828943,Assembly,1.9769166342828943,2595,21.439193654990085
20,3575,3.00182,0.003305,11.307342,55,3545,2.989731,0.0,6.438523,25,3520,3.004549,0.032901,0.248414,0.183655,0.367577,80.0,24.8414,18.3655,36.7577,0.24846053916596803,0.183655,0.37876651849462356,Assembly,0.37876651849462356,55,1.5384615384615385
17,12580,3.001318,6.077423,177.658862,3004,12631,2.993418,0.902326,175.783284,3055,9576,2.99303,2.908091,0.869399,0.655448,0.996208,6059.0,86.93990000000001,65.54480000000001,99.6208,0.9549778797745347,0.9256676193615778,1.9852398843970818,Assembly,1.9852398843970818,3004,23.879173290937995
4,3080,3.004458,0.0003,37.881992,168,2932,3.004947,0.0,0.389401,20,2912,3.000312,0.00719,0.214207,0.152443,0.30397,188.0,21.4207,15.244299999999999,30.397000000000002,0.21421122443261434,0.152443,0.306415294610387,Assembly,0.306415294610387,168,5.454545454545454
14,10234,2.999678,1.510131,47.691913,826,10122,2.992441,0.310582,67.719692,714,9408,2.995016,2.743935,0.709885,0.524959,0.979487,1540.0,70.9885,52.49589999999999,97.9487,0.7311498221611031,0.6179690094872115,1.912689985640101,Assembly,1.912689985640101,826,8.071135430916552
5,8256,3.003816,0.685752,6.796297,38,8340,3.008079,0.141403,3.990459,122,8218,3.010221,1.661841,0.573401,0.434643,0.859886,160.0,57.34010000000001,43.4643,85.9886,0.5830573770471706,0.4769889645810773,1.4250724868734612,Assembly,1.4250724868734612,38,0.4602713178294574
6,4404,3.011199,0.017202,53.110882,354,4068,2.996665,0.000208,1.462348,18,4050,2.992447,0.077402,0.306967,0.211639,0.421973,372.0,30.6967,21.163899999999998,42.1973,0.3072092289661064,0.21170128977201944,0.44829715764021927,Assembly,0.44829715764021927,354,8.038147138964577
2,1488,2.997647,0.0,11.201965,38,1450,2.993756,0.0,1.831866,0,1450,2.998839,0.0,0.103119,0.075364,0.150983,38.0,10.3119,7.5364,15.0983,0.103119,0.075364,0.150983,Assembly,0.150983,38,2.553763440860215
14,10612,3.000461,1.818023,79.182033,1129,9660,2.997739,0.295918,46.125445,177,9483,3.007241,2.903581,0.735719,0.50112,0.991281,1306.0,73.5719,50.112,99.1281,0.7613193855160878,0.5897385805598413,1.9787790486957126,Assembly,1.9787790486957126,1129,10.638899359215982
15,1440,2.990342,0.0,13.841457,12,1434,3.006259,0.0,2.262018,6,1428,3.018137,0.0,0.099551,0.074843,0.150026,18.0,9.9551,7.484300000000001,15.0026,0.099551,0.074843,0.150026,Assembly,0.150026,12,0.8333333333333334
10,12597,3.001814,3.642952,176.318127,3067,11985,3.005081,0.813075,168.784684,2455,9530,2.993586,2.900472,0.869948,0.625276,0.991619,5522.0,86.99480000000001,62.52760000000001,99.1619,0.921246017470958,0.8687676172341425,1.9780596883419306,Assembly,1.9780596883419306,3067,24.347066761927444
13,3755,3.005585,0.001772,29.581022,70,3715,3.000096,0.0,2.961561,30,3685,3.011485,0.031853,0.260554,0.19319,0.385816,100.0,26.055400000000002,19.319,38.5816,0.26057895231530875,0.19319,0.39664909724960473,Assembly,0.39664909724960473,70,1.8641810918774968
5,12924,3.00128,5.304793,205.28428,3356,11862,3.002776,0.770351,138.654616,2294,9568,3.000006,2.929092,0.895806,0.618384,0.997641,5650.0,89.5806,61.83840000000001,99.7641,0.9705051352051344,0.8490810584853045,1.9938152532583806,Assembly,1.9938152532583806,3356,25.96719281956051
13,11520,2.990324,3.273193,123.653297,1959,11376,3.003215,0.73322,96.797398,1815,9561,3.002224,2.901347,0.793387,0.593032,0.997557,3774.0,79.33869999999999,59.303200000000004,99.7557,0.8394782775408011,0.812609435769662,1.9842952728737924,Assembly,1.9842952728737924,1959,17.005208333333332
20,13068,3.005457,7.506314,183.70438,3544,13104,3.003688,1.953558,184.445978,3580,9524,3.001814,2.905017,0.90635,0.682633,0.993692,7124.0,90.635,68.2633,99.3692,1.0120497255836738,1.2676651271477992,1.9816784274245742,Assembly,1.9816784274245742,3544,27.11968166513621
20,4781,3.002908,0.011154,0.099852,14,5047,3.000377,0.005153,52.18745,280,4767,2.995887,0.115208,0.332243,0.262844,0.495888,294.0,33.2243,26.2844,49.5888,0.3324000644046013,0.26438716920776995,0.5350698499963099,Assembly,0.5350698499963099,14,0.29282576866764276
7,10575,2.999242,1.699516,66.330327,1029,10920,3.000273,0.410283,83.339249,1374,9546,2.998208,2.868152,0.732142,0.567049,0.995075,2403.0,73.21419999999999,56.7049,99.50750000000001,0.7560736360633278,0.6899164737185077,1.9705237659764632,Assembly,1.9705237659764632,1029,9.73049645390071
14,2103,3.004883,0.0,13.103024,6,2151,3.000103,0.0,5.958771,54,2097,2.998203,0.00348,0.146155,0.111933,0.218311,60.0,14.6155,11.1933,21.8311,0.146155,0.111933,0.21949453619529163,Assembly,0.21949453619529163,6,0.28530670470756064
6,4302,3.001158,0.005259,3.176193,28,4380,3.002485,0.000273,8.852874,106,4274,2.99089,0.084854,0.29863,0.227919,0.444898,134.0,29.863,22.791900000000002,44.4898,0.2987040543037294,0.22800075532577552,0.473756557561861,Assembly,0.473756557561861,28,0.6508600650860066
7,5236,3.006913,0.038218,93.215242,526,4732,3.001116,0.005524,1.412929,22,4710,3.003843,0.192691,0.363896,0.246223,0.492059,548.0,36.3896,24.6223,49.2059,0.36443416455218325,0.24787727259920844,0.5575925554617644,Assembly,0.5575925554617644,526,10.045836516424751
15,10815,3.006128,1.837166,73.415056,1380,10815,3.000572,0.512711,72.923681,1380,9435,3.001307,2.870245,0.746012,0.562823,0.984071,2760.0,74.6012,56.2823,98.4071,0.771881946561209,0.7163645927973857,1.9602315881766774,Assembly,1.9602315881766774,1380,12.76005547850208
15,11145,3.005497,2.406124,112.323257,1620,10695,3.00169,0.389548,84.247296,1170,9525,2.99662,2.8614,0.775377,0.556721,0.992295,2790.0,77.5377,55.6721,99.2295,0.8092586956658476,0.6733789620703203,1.9654474336803114,Assembly,1.9654474336803114,1620,14.535666218034994
17,5068,3.000598,0.031017,8.511656,57,5026,2.985199,0.002662,3.945836,15,5011,3.003326,0.171574,0.351622,0.260121,0.523216,72.0,35.1622,26.0121,52.321600000000004,0.35205876408799697,0.26091818929382565,0.581567735393956,Assembly,0.581567735393956,57,1.1247040252565115
8,5888,3.00594,0.055793,1.241405,23,6048,3.003029,0.015747,17.898381,183,5865,3.006278,0.320662,0.409184,0.315038,0.61288,206.0,40.9184,31.5038,61.288,0.4099696458961735,0.31975375499995207,0.7219360584639672,Assembly,0.7219360584639672,23,0.390625
16,11056,2.999121,2.239287,91.700131,1526,11632,3.000543,0.656583,110.718524,2102,9530,2.998239,2.894974,0.764307,0.604381,0.993186,3628.0,76.4307,60.43809999999999,99.3186,0.795839390118917,0.801007948951136,1.9777568371920127,Assembly,1.9777568371920127,1526,13.802460202604921
2,1512,3.002244,0.0,65.551361,174,1342,2.991388,0.0,0.004264,4,1338,2.999972,0.0,0.105057,0.069695,0.139725,178.0,10.5057,6.969499999999999,13.972499999999998,0.105057,0.069695,0.139725,Assembly,0.139725,174,11.507936507936508
19,12744,2.994654,5.830625,202.761633,3188,12510,2.999153,0.763217,140.488092,2954,9556,2.998514,2.903925,0.878709,0.644701,0.995906,6142.0,87.87089999999999,64.4701,99.5906,0.960812608040019,0.8732616390930609,1.9835210419288103,Assembly,1.9835210419288103,3188,25.015693659761457
11,13794,3.006541,18.990158,232.369927,4300,14117,2.99622,1.467677,236.293037,4623,9494,3.004447,2.912119,0.956242,0.731946,0.991252,8923.0,95.6242,73.1946,99.1252,1.2236508093557776,1.171471316000805,1.981653793533471,Assembly,1.981653793533471,4300,31.17297375670581
10,6056,2.997926,0.085191,49.744817,368,5712,3.011831,0.00576,1.237327,24,5688,2.996304,0.319581,0.420257,0.298065,0.59177,392.0,42.0257,29.806500000000003,59.177,0.4214566121294951,0.2997899475328459,0.7004584140308896,Assembly,0.7004584140308896,368,6.07661822985469
1,3735,2.990308,4e-06,53.418132,366,3380,3.003064,0.0,0.22386,11,3369,2.990454,0.022485,0.258399,0.176233,0.350431,377.0,25.8399,17.6233,35.0431,0.2583990563257682,0.176233,0.35807807222733695,Assembly,0.35807807222733695,366,9.799196787148594
9,5600,3.002037,0.096991,3.606557,8,5768,3.006579,0.010142,17.643817,176,5592,2.998888,0.389065,0.389184,0.300711,0.582442,184.0,38.9184,30.0711,58.2442,0.39054977314565925,0.303748225326063,0.7147616867302126,Assembly,0.7147616867302126,8,0.14285714285714285
9,6462,2.996143,0.200817,3.884568,15,6534,3.003735,0.053281,17.870813,87,6447,3.000877,0.699862,0.448173,0.340223,0.672526,102.0,44.817299999999996,34.0223,67.2526,0.4510007929477152,0.3561790641488821,0.9105466921578143,Assembly,0.9105466921578143,15,0.2321262766945218
15,10275,2.99827,1.754903,46.981939,710,11100,2.998705,0.522086,71.938462,1535,9565,2.995354,2.898423,0.709285,0.576762,0.995583,2245.0,70.9285,57.6762,99.5583,0.7339965648940299,0.7331111245891271,1.9813268303924612,Assembly,1.9813268303924612,710,6.909975669099756
8,5808,3.002082,0.063392,9.561121,58,5760,3.005554,0.002126,3.863102,10,5750,3.000485,0.384114,0.403235,0.300485,0.599299,68.0,40.3235,30.0485,59.9299,0.40412765077429486,0.3011216733428525,0.7299348684247848,Assembly,0.7299348684247848,58,0.9986225895316805
15,10695,2.992023,2.202686,94.146656,1363,10695,2.993119,0.421792,143.32619,1363,9332,3.003912,2.794708,0.740143,0.555776,0.974235,2726.0,74.0143,55.577600000000004,97.42349999999999,0.7711599952585251,0.6820900746135639,1.924705710710084,Assembly,1.924705710710084,1363,12.744273024777932
1,7390,3.000164,0.248297,16.935655,251,7170,3.007473,0.046731,3.51353,31,7139,3.00198,0.880964,0.512287,0.374064,0.744688,282.0,51.2287,37.4064,74.4688,0.5157833798161454,0.3880585352703855,1.0443008680312929,Assembly,1.0443008680312929,251,3.3964817320703653
10,7130,3.000606,0.183508,14.879805,203,6990,3.00089,0.029341,10.965226,63,6927,2.995911,0.966187,0.494176,0.363588,0.721958,266.0,49.4176,36.3588,72.1958,0.49676005726730976,0.3723747509654915,1.050554921241448,Assembly,1.050554921241448,203,2.847124824684432
19,14440,2.99447,31.593002,239.074892,4932,13129,2.996675,1.900001,172.983181,3621,9508,3.003525,2.870786,0.99575,0.682324,0.992679,8553.0,99.575,68.2324,99.2679,1.4406250267793823,1.2513174092629682,1.9690235804415201,Assembly,1.9690235804415201,4932,34.15512465373961
8,6462,3.00058,0.164966,13.705624,163,6372,2.99296,0.018364,2.034235,73,6299,3.006301,0.532634,0.447692,0.330086,0.658671,236.0,44.7692,33.0086,65.8671,0.4500149591688592,0.33558546814117735,0.8398180166215414,Assembly,0.8398180166215414,163,2.5224388734138037
2,1424,3.023533,0.0,0.0839,6,1492,2.999856,0.0,30.140174,74,1418,2.995471,0.0,0.099671,0.077678,0.147652,80.0,9.9671,7.767799999999999,14.7652,0.09967100000000001,0.077678,0.147652,Assembly,0.147652,6,0.42134831460674155
2,1338,3.007307,0.0,0.014857,1,1454,2.987098,0.0,76.571197,117,1337,3.015393,0.0,0.093143,0.075403,0.140081,118.0,9.314300000000001,7.5403,14.0081,0.09314300000000002,0.075403,0.140081,Assembly,0.140081,1,0.07473841554559044
4,2936,2.996725,0.0,45.945561,84,2860,2.994697,0.0,0.028527,8,2852,3.006107,0.00468,0.203471,0.148573,0.298047,92.0,20.3471,14.8573,29.8047,0.203471,0.148573,0.29963865212470253,Assembly,0.29963865212470253,84,2.861035422343324
11,7403,2.994243,0.329789,0.770273,58,7898,3.004326,0.080245,42.790903,553,7345,3.003495,1.275628,0.512222,0.411861,0.767023,611.0,51.222199999999994,41.186099999999996,76.70230000000001,0.5168659046915055,0.43589197478701686,1.2008597556688154,Assembly,1.2008597556688154,58,0.7834661623666082
5,14508,2.998882,27.169581,225.183694,4946,12708,3.005089,0.925856,158.760361,3146,9562,3.000498,2.916722,0.987004,0.659824,0.997312,8092.0,98.7004,65.9824,99.7312,1.3695908803148114,0.9370901498212763,1.9892792582193697,Assembly,1.9892792582193697,4946,34.09153570443893
16,11328,3.005052,2.083005,107.766899,1847,11376,3.00009,0.59131,152.841856,1895,9481,2.999681,2.870853,0.788021,0.589622,0.988594,3742.0,78.8021,58.962199999999996,98.8594,0.8173527141928009,0.7667016398692873,1.9649613669142456,Assembly,1.9649613669142456,1847,16.30473163841808
13,9542,2.997797,0.874934,11.456259,252,9529,2.995003,0.235936,47.277235,239,9290,3.006667,2.722529,0.659896,0.495402,0.970863,491.0,65.98960000000001,49.5402,97.08630000000001,0.6722163324166598,0.5660577675537369,1.896785877652626,Assembly,1.896785877652626,252,2.640955774470761
11,7469,2.994365,0.310195,0.818719,83,8085,3.009767,0.106756,76.31327,699,7386,3.004137,1.134423,0.515814,0.421694,0.771524,782.0,51.5814,42.1694,77.1524,0.5201819929160207,0.4536642254889747,1.1573374141584258,Assembly,1.1573374141584258,83,1.111259874146472
18,13284,3.001203,7.706456,209.156907,3769,14274,3.00273,1.481073,240.093127,4759,9515,3.007795,2.917716,0.915475,0.742479,0.994918,8528.0,91.5475,74.2479,99.4918,1.0239930135580066,1.1860160168949028,1.987223314247565,Assembly,1.987223314247565,3769,28.372478169226135
6,3650,2.999337,0.000756,31.112792,120,3540,2.991425,0.0,0.053717,10,3530,2.998252,0.023147,0.253434,0.183762,0.368,130.0,25.3434,18.3762,36.8,0.25344464557018814,0.183762,0.37587221618172856,Assembly,0.37587221618172856,120,3.287671232876712
7,4879,2.996421,0.039837,16.247651,32,4928,2.999603,0.001963,5.901967,81,4847,3.00569,0.178058,0.338397,0.256249,0.506627,113.0,33.8397,25.6249,50.66270000000001,0.33895796240685866,0.2568368597234334,0.5671839217992063,Assembly,0.5671839217992063,32,0.6558721049395368
16,12000,2.999441,5.18971,143.048924,2455,11712,2.998331,0.634508,123.898949,2167,9545,2.996498,2.923733,0.830939,0.608642,0.994341,4622.0,83.0939,60.864200000000004,99.4341,0.9040176006099462,0.7986581474255158,1.988692675536953,Assembly,1.988692675536953,2455,20.458333333333336
19,11456,3.004569,2.466745,125.530989,1890,12096,3.004145,0.744476,167.65961,2530,9566,2.99675,2.908399,0.79612,0.629811,0.996231,4420.0,79.61200000000001,62.9811,99.6231,0.830855326764228,0.8527592707400984,1.9853676341522974,Assembly,1.9853676341522974,1890,16.497905027932962
10,9024,2.987212,0.879732,6.669764,117,9324,2.994775,0.266515,24.840025,417,8907,2.995137,2.285556,0.622485,0.484137,0.927426,534.0,62.24849999999999,48.4137,92.7426,0.634872895175605,0.5639502624507671,1.7047358426338985,Assembly,1.7047358426338985,117,1.2965425531914894
2,9672,2.996939,0.997539,17.867452,386,9334,2.993585,0.177057,27.085394,48,9286,2.993555,2.610421,0.670355,0.484657,0.966004,434.0,67.0355,48.4657,96.6004,0.6844017876189316,0.5376802700213702,1.8537993271406275,Assembly,1.8537993271406275,386,3.990901571546733
12,7290,2.989357,0.295723,62.515809,587,6750,3.001932,0.029859,0.615607,47,6703,3.001381,0.873695,0.504454,0.351417,0.700059,634.0,50.44539999999999,35.1417,70.0059,0.5086182062867048,0.36035887645542447,0.9971997057888864,Assembly,0.9971997057888864,587,8.052126200274348
8,5608,3.003205,0.059231,0.369729,28,5824,2.990823,0.010562,32.213839,244,5580,3.005821,0.299031,0.389757,0.302207,0.583427,272.0,38.9757,30.2207,58.3427,0.39059105789393395,0.305370002750333,0.6851264287397278,Assembly,0.6851264287397278,28,0.4992867332382311
5,3450,3.005252,0.001292,1.744925,35,3415,3.002431,0.0,22.803409,0,3415,3.003003,0.037161,0.239708,0.178009,0.356085,35.0,23.9708,17.8009,35.6085,0.23972619322312577,0.17800899999999997,0.3687233300440323,Assembly,0.3687233300440323,35,1.0144927536231882
8,5776,2.999651,0.109395,23.84187,0,5976,2.995388,0.006562,8.647069,200,5776,3.000624,0.344568,0.401064,0.309942,0.601792,200.0,40.1064,30.9942,60.1792,0.4026044393528203,0.31190712251919006,0.7189784079710483,Assembly,0.7189784079710483,0,0.0
5,4050,3.007535,0.004468,82.312794,465,3625,2.995718,0.0,0.194941,40,3585,2.995695,0.021863,0.281956,0.187357,0.373153,505.0,28.1956,18.7357,37.3153,0.2820189158830696,0.18735700000000002,0.3805885321372589,Assembly,0.3805885321372589,465,11.481481481481481
2,10725,3.006051,1.868587,78.142798,1223,10950,3.000624,0.5671,123.401324,1448,9502,2.999819,2.874862,0.742336,0.570343,0.99081,2671.0,74.2336,57.0343,99.081,0.7686483995517933,0.7401724697702945,1.968540814215086,Assembly,1.968540814215086,1223,11.403263403263402
15,10575,2.997422,2.044128,64.788577,1163,10620,2.99881,0.388287,95.289127,1208,9412,3.006979,2.867181,0.726849,0.551588,0.983866,2371.0,72.6849,55.1588,98.3866,0.7556332699703081,0.6678683303274525,1.9589845321702484,Assembly,1.9589845321702484,1163,10.997635933806146
13,5397,3.006181,0.033877,43.773738,448,4956,2.997718,0.014247,0.358089,7,4949,3.006512,0.241628,0.374697,0.257929,0.516868,455.0,37.4697,25.792900000000003,51.6868,0.37517403701225377,0.2621955499132735,0.5990448631597491,Assembly,0.5990448631597491,448,8.300907911802852
18,13104,2.996903,6.498225,183.960279,3568,13374,2.998181,1.448264,207.768354,3838,9536,3.001319,2.927733,0.897011,0.696183,0.994793,7406.0,89.7011,69.6183,99.47930000000001,0.9885153787511377,1.1298947037690104,1.9905050619683227,Assembly,1.9905050619683227,3568,27.228327228327228
15,8568,3.001862,0.491083,3.147751,127,8616,2.999809,0.167069,22.760581,175,8441,2.996519,2.117852,0.594636,0.447186,0.879322,302.0,59.46360000000001,44.718599999999995,87.93220000000001,0.6015511568051654,0.4972181630842062,1.5995962811122928,Assembly,1.5995962811122928,127,1.4822595704948645
4,2832,2.996747,0.0,0.035102,19,2932,2.999201,0.0,31.471508,119,2813,3.005159,0.004143,0.196114,0.152587,0.293933,138.0,19.6114,15.2587,29.3933,0.196114,0.152587,0.29534202024629114,Assembly,0.29534202024629114,19,0.6709039548022598
1,2283,3.002697,0.0,29.244734,51,2244,3.01302,0.0,1.368554,12,2232,3.010125,0.0,0.158441,0.117169,0.233324,63.0,15.8441,11.716899999999999,23.3324,0.158441,0.117169,0.233324,Assembly,0.233324,51,2.2339027595269383
2,1404,3.013207,0.0,6.475297,8,1410,2.996045,0.0,6.307937,14,1396,2.979504,0.0,0.097853,0.073341,0.144702,22.0,9.7853,7.3341,14.4702,0.097853,0.073341,0.144702,Assembly,0.144702,8,0.5698005698005698
19,13015,3.003959,5.600547,165.576133,3462,14269,3.002984,1.491928,236.90742,4716,9553,2.998616,2.923583,0.899267,0.740705,0.995748,8178.0,89.92670000000001,74.0705,99.5748,0.9781307780165428,1.1874927643721669,1.9900486610457766,Assembly,1.9900486610457766,3462,26.60007683442182
6,4092,2.998815,0.005431,0.071163,6,4380,3.005655,0.00039,61.290639,294,4086,2.993883,0.083084,0.283853,0.228555,0.424757,300.0,28.3853,22.8555,42.475699999999996,0.2839294763117617,0.22867179332253643,0.4530135865659799,Assembly,0.4530135865659799,6,0.1466275659824047
9,6444,3.005171,0.166242,1.869408,10,6858,3.003939,0.032621,40.233231,424,6434,3.000981,0.63557,0.448271,0.357555,0.670583,434.0,44.827099999999994,35.7555,67.0583,0.4506119270889121,0.3673240127550287,0.8867382010464093,Assembly,0.8867382010464093,10,0.15518311607697083
13,2760,2.995319,0.0,0.284652,8,2844,2.997292,0.0,20.654608,92,2752,2.999609,0.00124,0.191293,0.147708,0.286756,100.0,19.1293,14.770800000000001,28.675600000000003,0.19129300000000002,0.147708,0.28717771979372464,Assembly,0.28717771979372464,8,0.2898550724637681
14,3645,3.001359,0.000267,11.669961,135,3510,3.0083,0.0,7.53364,0,3510,3.011058,0.029307,0.252761,0.183318,0.366973,135.0,25.2761,18.3318,36.6973,0.25276475974502677,0.183318,0.3769402112860379,Assembly,0.3769402112860379,135,3.7037037037037033
8,5584,3.006547,0.089052,5.239059,66,5872,3.016334,0.017423,39.227626,354,5518,2.992633,0.332145,0.388095,0.307499,0.574422,420.0,38.8095,30.749900000000004,57.4422,0.3893489805772417,0.312716666816801,0.6873833878118218,Assembly,0.6873833878118218,66,1.1819484240687679
5,2283,2.999688,0.0,92.950939,198,2100,3.003637,0.0,0.201806,15,2085,2.982972,0.0,0.15834,0.10923,0.216225,213.0,15.834000000000001,10.923,21.6225,0.15834,0.10923,0.216225,Assembly,0.216225,198,8.672798948751643
7,5236,3.009084,0.032643,7.537908,118,5159,2.996938,0.003946,6.036916,41,5118,3.003008,0.25055,0.364093,0.267889,0.534856,159.0,36.4093,26.788899999999998,53.4856,0.3645526605127667,0.26907070884802253,0.6200672050949193,Assembly,0.6200672050949193,118,2.2536287242169597
2,1402,3.000588,0.0,12.902252,7,1486,3.007615,0.0,11.917277,91,1395,3.02046,0.0,0.097371,0.077592,0.146722,98.0,9.7371,7.7592,14.672199999999998,0.097371,0.077592,0.146722,Assembly,0.146722,7,0.4992867332382311
6,4164,3.003735,0.014335,0.085857,31,4428,2.997003,0.000766,65.448705,295,4133,2.993567,0.080111,0.28944,0.230395,0.430759,326.0,28.944,23.0395,43.0759,0.28964185747175536,0.23062439406426388,0.45800447935086436,Assembly,0.45800447935086436,31,0.74447646493756
12,6870,2.997318,0.188604,7.752935,52,7110,3.002294,0.045977,23.225437,292,6818,2.999751,0.802714,0.476313,0.369959,0.711382,344.0,47.631299999999996,36.9959,71.1382,0.47896881629598537,0.38372773484681505,0.9843823084676233,Assembly,0.9843823084676233,52,0.7569141193595341
13,8206,2.997841,0.468243,6.265515,164,8195,3.002112,0.09775,11.578568,153,8042,3.000846,1.69914,0.568739,0.427074,0.839029,317.0,56.8739,42.7074,83.9029,0.5753325366687932,0.45634719814855634,1.416900750249376,Assembly,1.416900750249376,164,1.9985376553741168
1,13440,3.004214,7.835427,201.288082,3887,14640,3.002774,1.861674,245.91167,5087,9553,3.001022,2.910564,0.929302,0.763215,0.996704,8974.0,92.9302,76.3215,99.6704,1.039636111220355,1.320730620358214,1.9865769433082763,Assembly,1.9865769433082763,3887,28.921130952380953
10,7110,2.99675,0.214067,4.518144,64,7060,2.988248,0.064905,30.770116,14,7046,2.994944,1.136738,0.493223,0.366052,0.733124,78.0,49.322300000000006,36.605199999999996,73.3124,0.49623737205484886,0.38548910410058357,1.119724737805581,Assembly,1.119724737805581,64,0.90014064697609
5,3700,3.001613,0.00131,24.248995,169,3560,3.009193,0.0,2.884002,29,3531,3.007467,0.027931,0.256846,0.185506,0.369381,198.0,25.684600000000003,18.5506,36.9381,0.25686444668908265,0.185506,0.3788802383536467,Assembly,0.3788802383536467,169,4.5675675675675675
7,4914,3.00353,0.02718,0.690933,15,4970,3.004552,0.001675,20.360698,71,4899,2.987711,0.196122,0.341124,0.258283,0.508316,86.0,34.1124,25.8283,50.8316,0.3415067335948595,0.2587846123467911,0.5750164269232718,Assembly,0.5750164269232718,15,0.3052503052503053
7,1414,3.005535,0.0,0.222021,3,1572,3.004599,0.0,53.093901,161,1411,3.000548,0.0,0.098376,0.081932,0.147241,164.0,9.8376,8.193200000000001,14.724100000000002,0.098376,0.081932,0.147241,Assembly,0.147241,3,0.21216407355021216
13,9880,2.993621,1.236345,61.615081,909,9048,3.004005,0.224811,7.427543,77,8971,2.996896,2.407992,0.684155,0.471368,0.93443,986.0,68.4155,47.1368,93.443,0.7015645204686011,0.5386921631608705,1.7533799109116934,Assembly,1.7533799109116934,909,9.200404858299596
4,2912,3.007371,0.0,9.102303,37,2888,3.004705,0.0,4.803922,13,2875,3.013034,0.001632,0.202125,0.15035,0.30091,50.0,20.2125,15.035000000000002,30.091,0.202125,0.15035,0.30146503766399885,Assembly,0.30146503766399885,37,1.2706043956043955
8,14155,3.002482,24.186349,238.020788,4626,13186,2.99984,1.155085,202.493607,3657,9529,3.004925,2.904412,0.978474,0.686426,0.995102,8283.0,97.8474,68.6426,99.5102,1.3190526717916355,1.0323393716974443,1.9828826689768295,Assembly,1.9828826689768295,4626,32.68103143765454
16,11456,3.003433,2.692944,129.222415,1938,11360,3.002725,0.555632,106.656512,1842,9518,3.007312,2.914748,0.792755,0.592204,0.994978,3780.0,79.2755,59.2204,99.4978,0.8306755348740008,0.7585991471476076,1.9862739075154887,Assembly,1.9862739075154887,1938,16.91689944134078
18,12564,3.002761,7.260684,175.855086,3060,12924,3.006151,1.229055,192.670011,3420,9504,3.011445,2.89878,0.873303,0.674505,0.994832,6480.0,87.33030000000001,67.4505,99.48320000000001,0.9755439009734699,1.0425701718718556,1.980697244881461,Assembly,1.980697244881461,3060,24.355300859598856
17,7490,3.003125,0.283899,2.994882,30,7580,2.995124,0.041964,16.202032,120,7460,3.002564,1.058305,0.520083,0.393474,0.778189,150.0,52.0083,39.3474,77.8189,0.5240807073159315,0.40604096150492086,1.1381149405626763,Assembly,1.1381149405626763,30,0.4005340453938585
16,11776,2.99418,2.289226,143.685625,2286,11184,2.998962,0.395096,89.096809,1694,9490,2.993662,2.848614,0.815098,0.580091,0.987426,3980.0,81.5098,58.009100000000004,98.7426,0.8473336032533426,0.6984104219509157,1.9562299584524379,Assembly,1.9562299584524379,2286,19.412364130434785
9,9590,2.999611,0.957073,18.17571,271,10402,2.996821,0.387335,56.740172,1083,9319,2.996599,2.718575,0.665013,0.541194,0.970709,1354.0,66.5013,54.1194,97.07090000000001,0.6784899679850247,0.6571892348324404,1.895287135665217,Assembly,1.895287135665217,271,2.8258602711157454
20,14280,2.997383,17.420732,199.513738,4717,13860,2.997648,1.568998,219.982248,4297,9563,2.996808,2.911226,0.957918,0.720202,0.99632,9014.0,95.79180000000001,72.0202,99.632,1.2032270280884496,1.1900699217257142,1.9864180872626678,Assembly,1.9864180872626678,4717,33.03221288515406
2,6507,3.003478,0.145638,11.157251,207,6354,3.009857,0.021301,13.486154,54,6300,3.003814,0.556913,0.45227,0.331459,0.657909,261.0,45.227000000000004,33.1459,65.7909,0.45432079305695916,0.33783801170089406,0.8473132221633477,Assembly,0.8473132221633477,207,3.18118948824343
20,7190,2.99867,0.235177,0.660868,10,7340,2.99589,0.028752,26.818121,160,7180,3.002878,0.896545,0.499089,0.380807,0.748746,170.0,49.9089,38.0807,74.8746,0.502400631296478,0.3894173631014557,1.053657913278086,Assembly,1.053657913278086,10,0.13908205841446453
14,7854,2.998043,0.506032,35.349303,611,7315,2.991944,0.058722,8.706663,72,7243,2.999188,1.105032,0.543874,0.379106,0.755214,683.0,54.3874,37.9106,75.5214,0.5509996602823379,0.39669148073329435,1.1310316347573293,Assembly,1.1310316347573293,611,7.77947542653425
11,14740,2.997573,26.322295,234.232142,5182,15020,3.00108,2.285876,253.424522,5462,9558,3.002219,2.928491,0.996831,0.779849,0.99768,10644.0,99.6831,77.9849,99.768,1.3674868716078896,1.4644004178110417,1.9936498551970674,Assembly,1.9936498551970674,5182,35.15603799185889
19,8008,2.998497,0.527742,2.212495,39,8228,2.993821,0.106023,37.184594,259,7969,3.002602,1.707872,0.555639,0.427672,0.831667,298.0,55.5639,42.7672,83.1667,0.563070368389196,0.4594227139366178,1.4125084738290559,Assembly,1.4125084738290559,39,0.487012987012987
13,7370,3.002004,0.286308,1.718093,23,7680,3.004738,0.071433,27.877292,333,7347,2.995149,1.360398,0.511501,0.399976,0.76489,356.0,51.150099999999995,39.9976,76.48899999999999,0.5155326295098247,0.4213680446378089,1.2275567451156173,Assembly,1.2275567451156173,23,0.31207598371777473
17,12903,2.997985,6.468466,207.811213,3418,12240,3.004531,0.75308,151.879246,2755,9485,3.002705,2.927473,0.890208,0.636196,0.989973,6173.0,89.0208,63.6196,98.9973,0.9812933291172368,0.8617209111172868,1.9855966368502838,Assembly,1.9855966368502838,3418,26.48996357436255
14,14098,2.996416,21.374944,195.583149,4540,13357,2.998628,1.465728,210.230999,3799,9558,2.994284,2.894827,0.950148,0.694757,0.994965,8339.0,95.0148,69.47569999999999,99.4965,1.2511380352112091,1.1336986488581804,1.9794858429906599,Assembly,1.9794858429906599,4540,32.20314938289119
12,4452,2.998848,0.014052,57.136857,175,4308,2.998208,0.003529,0.104075,31,4277,3.006044,0.143171,0.308602,0.223921,0.447317,206.0,30.8602,22.3921,44.731700000000004,0.3087998724236558,0.22497782983392586,0.49600897144140765,Assembly,0.49600897144140765,175,3.930817610062893
19,12749,2.996796,3.814092,147.695634,3175,13471,3.002708,1.258804,182.220531,3897,9574,2.997331,2.921696,0.877284,0.70139,0.997606,7072.0,87.7284,70.139,99.7606,0.9309919154630202,1.0783641066209235,1.991264898746778,Assembly,1.991264898746778,3175,24.903914032473136
4,2988,3.006725,0.0,71.675629,276,2720,2.996859,0.0,0.028826,8,2712,2.994861,0.004011,0.20733,0.141203,0.282016,284.0,20.732999999999997,14.1203,28.2016,0.20732999999999996,0.141203,0.28338012749405594,Assembly,0.28338012749405594,276,9.236947791164658
13,6372,2.996022,0.147445,1.273382,31,7029,2.999277,0.037766,36.427621,688,6341,3.00825,0.490351,0.441344,0.36501,0.66358,719.0,44.1344,36.501,66.35799999999999,0.4434202382227395,0.37631978620233636,0.8303467117521403,Assembly,0.8303467117521403,31,0.4865034526051475
19,13718,3.001077,11.223672,194.261032,4150,14060,2.995123,1.318373,221.885548,4492,9568,3.000047,2.931509,0.946255,0.727251,0.997682,8642.0,94.6255,72.7251,99.7682,1.104300486831641,1.1220642384931625,1.9946782667595357,Assembly,1.9946782667595357,4150,30.25222335617437
5,9282,3.001109,0.72725,21.345927,125,9672,3.00028,0.197859,30.001096,515,9157,3.001125,2.550994,0.643565,0.503133,0.955013,640.0,64.35650000000001,50.313300000000005,95.5013,0.6538057287292708,0.5623858461634292,1.8225974060263759,Assembly,1.8225974060263759,125,1.3466925231631115
12,4970,2.988153,0.025579,0.471025,42,5040,2.992208,0.000224,18.168274,112,4928,2.998097,0.182793,0.343366,0.261558,0.514203,154.0,34.3366,26.155800000000003,51.4203,0.3437261892061409,0.26162508129294404,0.5763702792373401,Assembly,0.5763702792373401,42,0.8450704225352111
13,10088,3.003482,1.223484,70.37122,967,9308,2.998564,0.259548,15.70654,187,9121,3.001687,2.514001,0.701053,0.484519,0.951642,1154.0,70.1053,48.451899999999995,95.1642,0.7182814190424243,0.5622458545581738,1.806645212212461,Assembly,1.806645212212461,967,9.585646312450438
8,5744,3.000841,0.052771,32.210876,34,5872,2.999215,0.015755,3.043226,162,5710,2.998258,0.352056,0.398329,0.30547,0.595418,196.0,39.8329,30.547,59.5418,0.3990720917783051,0.3101881507604144,0.7151510513705723,Assembly,0.7151510513705723,34,0.5919220055710306
20,14820,2.99645,29.435917,232.009166,5262,14500,3.00302,1.749823,215.091078,4942,9558,3.000742,2.929312,0.992591,0.75546,0.996639,10204.0,99.2591,75.546,99.66390000000001,1.4070911593596795,1.279479594924821,1.992888074512106,Assembly,1.992888074512106,5262,35.506072874493924
12,8760,3.001341,0.734983,8.135862,118,8736,2.992801,0.162239,12.94194,94,8642,3.002779,2.107949,0.608424,0.453605,0.902237,212.0,60.8424,45.360499999999995,90.2237,0.6187736205206263,0.502190722705101,1.6191433044048291,Assembly,1.6191433044048291,118,1.3470319634703196
11,7832,2.993226,0.351275,5.04341,92,7832,2.992842,0.069987,15.629906,92,7740,2.999364,1.313458,0.542559,0.406777,0.807039,184.0,54.255900000000004,40.6777,80.70389999999999,0.5475054585553449,0.42773601093425073,1.2537416103434942,Assembly,1.2537416103434942,92,1.1746680286006128
4,2928,2.990589,0.000358,0.198539,4,3012,2.992593,0.0,17.239546,88,2924,2.982736,0.010434,0.202447,0.156488,0.302831,92.0,20.244699999999998,15.6488,30.2831,0.2024520411562531,0.156488,0.30637956800622784,Assembly,0.30637956800622784,4,0.1366120218579235
16,11700,3.001321,2.852459,134.316557,2194,10995,2.998566,0.552758,96.825152,1489,9506,2.995638,2.897548,0.808896,0.571602,0.989991,3683.0,80.8896,57.1602,98.9991,0.8490627361022575,0.7371364702015314,1.975437245860599,Assembly,1.975437245860599,2194,18.752136752136753
4,1510,2.994045,0.0,72.874975,150,1370,2.993904,0.0,0.251791,10,1360,3.016298,0.0,0.10432,0.071136,0.142756,160.0,10.432,7.113600000000001,14.275599999999999,0.10432000000000001,0.071136,0.142756,Assembly,0.142756,150,9.933774834437086
2,1512,2.999411,0.0,45.917035,102,1410,3.001737,0.0,0.751211,0,1410,2.991282,0.0,0.104979,0.07348,0.146448,102.0,10.4979,7.348000000000001,14.6448,0.10497899999999999,0.07348,0.146448,Assembly,0.146448,102,6.746031746031746
8,5712,3.00376,0.078234,52.618416,232,5480,3.005276,0.004402,0.426248,0,5480,2.993526,0.346019,0.396652,0.285919,0.569601,232.0,39.6652,28.5919,56.960100000000004,0.39775364753716846,0.2872372671943728,0.6872808881490277,Assembly,0.6872808881490277,232,4.061624649859944
17,12580,3.003608,5.477631,175.258173,3063,11322,3.001243,0.644922,98.032161,1805,9517,3.008409,2.883032,0.873374,0.58901,0.995036,4868.0,87.3374,58.901,99.5036,0.9505069434857939,0.7821448286072965,1.9755454035011586,Assembly,1.9755454035011586,3063,24.34817170111288
2,1346,2.99071,0.0,0.00425,8,1518,3.000233,0.0,73.712009,180,1338,2.996692,0.0,0.093045,0.078971,0.139286,188.0,9.3045,7.8971,13.9286,0.093045,0.078971,0.139286,Assembly,0.139286,8,0.5943536404160475
16,5832,2.994503,0.065956,13.722165,15,5880,3.010661,0.025218,2.842425,63,5817,3.002079,0.359168,0.404269,0.307338,0.607029,78.0,40.426899999999996,30.7338,60.70290000000001,0.4051977555917054,0.31489003591724085,0.7291808184455477,Assembly,0.7291808184455477,15,0.257201646090535
3,13086,3.000124,6.527542,195.225911,3548,13896,3.007978,1.320861,230.326524,4358,9538,2.998481,2.920748,0.89489,0.724432,0.994123,7906.0,89.48899999999999,72.44319999999999,99.4123,0.9868072043876532,1.1199903199969334,1.9874594871625435,Assembly,1.9874594871625435,3548,27.112945132202356
4,2908,2.996042,0.000721,18.141714,72,2844,2.99668,0.0,0.520439,8,2836,2.997339,0.008524,0.201195,0.147966,0.295267,80.0,20.119500000000002,14.796599999999998,29.5267,0.20120515271971648,0.147966,0.2981659834852488,Assembly,0.2981659834852488,72,2.4759284731774414
16,13300,2.998963,7.693183,184.63477,3699,13509,2.998559,1.478895,174.299238,3908,9601,2.9891,2.897722,0.913772,0.693796,0.997563,7607.0,91.3772,69.3796,99.7563,1.022103110577706,1.1366807711090454,1.9830684226703637,Assembly,1.9830684226703637,3699,27.81203007518797
20,14040,2.995051,15.932149,165.837769,4458,15320,3.001589,2.244468,297.713544,5738,9582,2.995324,2.923623,0.935791,0.797694,0.997662,10196.0,93.57910000000001,79.7694,99.7662,1.160138632840593,1.4698449616582496,1.9919762649100903,Assembly,1.9919762649100903,4458,31.75213675213675
5,14440,2.995922,25.77889,217.701859,4961,14459,3.004516,1.682448,251.017071,4980,9479,3.001374,2.900145,0.973401,0.753407,0.989031,9941.0,97.34009999999999,75.3407,98.9031,1.336404945591899,1.2572497997815066,1.9753604767511659,Assembly,1.9753604767511659,4961,34.355955678670355
6,4578,2.992472,0.015181,14.444784,264,4326,2.994915,4e-06,11.009811,12,4314,3.005498,0.109516,0.316791,0.224745,0.450199,276.0,31.6791,22.4745,45.0199,0.3170047703717278,0.22474619788023115,0.4874450201044709,Assembly,0.4874450201044709,264,5.766710353866317
7,4844,3.001101,0.034647,5.544399,238,4634,3.000853,0.002296,11.925124,28,4606,3.001262,0.171899,0.336512,0.240719,0.479993,266.0,33.651199999999996,24.0719,47.9993,0.3369998797226305,0.24140658325267605,0.5384552667915048,Assembly,0.5384552667915048,238,4.913294797687861
5,12942,2.996739,5.261601,150.978624,3373,13518,2.995431,1.020271,202.341568,3949,9569,2.999726,2.910888,0.884965,0.70107,0.997689,7322.0,88.4965,70.107,99.7689,0.9590559295602052,1.006610615327117,1.987672134609217,Assembly,1.987672134609217,3373,26.062432390666046
17,12257,3.000014,4.27476,153.992691,2727,11696,2.99723,0.770222,132.260437,2166,9530,2.995508,2.894613,0.845568,0.607469,0.992017,4893.0,84.5568,60.746900000000004,99.2017,0.9057627852083012,0.83812742684785,1.9764650623165818,Assembly,1.9764650623165818,2727,22.2485110549074
13,8604,2.998109,0.600593,69.555845,871,7764,2.999804,0.095974,2.686979,31,7733,2.998158,1.611009,0.595569,0.40391,0.806185,902.0,59.5569,40.391,80.6185,0.6040262155238211,0.4326513393259288,1.3540836961036151,Assembly,1.3540836961036151,871,10.123198512319851
12,13140,2.995906,10.4801,182.392748,3585,13176,2.995685,1.440478,192.859546,3621,9555,3.004134,2.934144,0.909086,0.683672,0.997644,7206.0,90.90859999999999,68.3672,99.7644,1.0566609208052657,1.1150520298990905,1.9955364213212003,Assembly,1.9955364213212003,3585,27.28310502283105
4,11295,3.001173,1.730529,121.414011,1818,11085,2.997428,0.416415,92.814304,1608,9477,2.998073,2.884155,0.781972,0.576792,0.987742,3426.0,78.1972,57.679199999999994,98.77420000000001,0.8063403438255566,0.7014958241128498,1.9686333319917657,Assembly,1.9686333319917657,1818,16.095617529880478
13,8616,2.99684,0.687769,2.853815,64,8796,2.996893,0.137166,45.760766,244,8552,2.999251,1.863319,0.596303,0.457292,0.891902,308.0,59.630300000000005,45.7292,89.1902,0.6059877793157811,0.4983691099462391,1.5256104712283372,Assembly,1.5256104712283372,64,0.7428040854224698
4,12155,3.000058,5.01658,171.530029,2684,12104,2.998088,0.755603,153.966847,2633,9471,3.007422,2.860804,0.839178,0.629203,0.990141,5317.0,83.9178,62.9203,99.0141,0.9098186805482086,0.8554834740730802,1.9630907361020369,Assembly,1.9630907361020369,2684,22.081447963800905
2,13604,2.99963,7.70087,199.696336,4029,13471,2.997917,1.345172,236.842037,3896,9575,2.997634,2.92425,0.943922,0.700554,0.997673,7925.0,94.3922,70.0554,99.7673,1.0523613546227277,1.1033927365717626,1.9922005054832075,Assembly,1.9922005054832075,4029,29.61628932666863
4,2928,3.016398,6.3e-05,41.161391,176,2772,3.004193,0.0,1.077798,20,2752,3.008786,0.005534,0.204242,0.144486,0.287934,196.0,20.4242,14.4486,28.793400000000002,0.20424288713084898,0.144486,0.2898160946278,Assembly,0.2898160946278,176,6.0109289617486334
14,5026,2.995968,0.034025,3.14906,21,5257,2.997283,0.00288,12.487806,252,5005,2.993581,0.141245,0.3477,0.273218,0.520239,273.0,34.77,27.321800000000003,52.0239,0.3481791210656768,0.27408047376642297,0.5682759453747032,Assembly,0.5682759453747032,21,0.4178272980501393
14,10430,2.993151,2.048529,55.45816,1137,9520,3.000498,0.290163,47.054549,227,9293,3.012896,2.684648,0.716023,0.495442,0.973274,1364.0,71.6023,49.5442,97.3274,0.7448692423967606,0.5823371303772843,1.8863136780509473,Assembly,1.8863136780509473,1137,10.901246404602109
12,8892,2.993913,0.511035,6.510757,261,8700,2.993798,0.169861,12.316041,69,8631,3.002527,1.930736,0.615991,0.451714,0.900822,330.0,61.59909999999999,45.1714,90.0822,0.6231871097369032,0.502582283485544,1.5574587642392497,Assembly,1.5574587642392497,261,2.935222672064777
7,5856,3.004851,0.075425,52.943475,228,5656,3.001688,0.012352,0.348493,28,5628,3.0022,0.329116,0.407091,0.294554,0.587528,256.0,40.7091,29.455399999999997,58.75280000000001,0.4081530927664561,0.29825305415376946,0.6994592351866672,Assembly,0.6994592351866672,228,3.8934426229508197
19,13737,3.003942,13.794978,209.441936,4229,13604,3.000316,1.446859,229.76176,4096,9508,3.006602,2.935759,0.950173,0.705495,0.99377,8325.0,95.0173,70.5495,99.37700000000001,1.14442618325783,1.1387859483378213,1.992211677342866,Assembly,1.992211677342866,4229,30.78546989881342
8,5992,2.991295,0.098031,6.057945,176,5824,2.990957,0.00851,12.714291,8,5816,3.000702,0.403662,0.414043,0.302419,0.606321,184.0,41.4043,30.2419,60.6321,0.415423417845389,0.3049674901917567,0.7436050769148884,Assembly,0.7436050769148884,176,2.9372496662216285
6,10620,2.997788,1.685739,69.016657,1121,10500,3.00312,0.397745,67.731308,1001,9499,3.002679,2.863608,0.733792,0.54696,0.991395,2122.0,73.3792,54.696,99.1395,0.7575296360362351,0.66607271813399,1.9652983669904274,Assembly,1.9652983669904274,1121,10.555555555555555
14,9548,3.001846,1.210573,15.470628,263,10710,3.000848,0.397548,98.515449,1425,9285,2.998201,2.696356,0.660972,0.556915,0.967867,1688.0,66.0972,55.691500000000005,96.7867,0.6780186135441449,0.6759687225326063,1.8848885291355661,Assembly,1.8848885291355661,263,2.7545035609551736
13,8652,3.000867,0.650313,11.993121,36,8676,3.010758,0.139079,11.953976,60,8616,3.010028,1.98669,0.601023,0.453324,0.901501,96.0,60.1023,45.3324,90.1501,0.6101803448224382,0.4949739961667833,1.5771675298344647,Assembly,1.5771675298344647,36,0.4160887656033287
6,5608,3.002836,0.049981,0.522526,40,5888,2.999966,0.007752,51.951721,320,5568,2.995609,0.273845,0.388995,0.306663,0.579264,360.0,38.899499999999996,30.666300000000003,57.9264,0.3896988045549916,0.30898449188795507,0.6723977555746086,Assembly,0.6723977555746086,40,0.7132667617689016
15,2896,2.996673,0.001093,29.290573,92,2812,2.993041,0.0,0.516536,8,2804,2.995441,0.001842,0.200499,0.145794,0.29164,100.0,20.0499,14.579400000000001,29.164,0.20051439101615826,0.145794,0.29226645795164574,Assembly,0.29226645795164574,92,3.1767955801104977
9,6714,3.001961,0.171999,11.939702,55,6687,2.997875,0.028764,10.741292,28,6659,2.995958,0.723849,0.466473,0.347866,0.693449,83.0,46.6473,34.7866,69.3449,0.4688949939507815,0.3564799567421491,0.9396275894901305,Assembly,0.9396275894901305,55,0.8191837950551087
14,2752,2.991801,0.0,20.121577,4,2776,2.998523,0.0,0.598732,28,2748,3.013824,0.008055,0.19034,0.144338,0.287569,32.0,19.034000000000002,14.4338,28.7569,0.19034000000000004,0.144338,0.2903084781761707,Assembly,0.2903084781761707,4,0.14534883720930233
4,10318,2.998764,1.416349,36.044246,795,10556,3.003923,0.374326,48.307529,1033,9523,2.997455,2.821184,0.714796,0.549841,0.991983,1828.0,71.4796,54.984100000000005,99.19829999999999,0.7347402363629754,0.6619404288507058,1.9514581084993203,Assembly,1.9514581084993203,795,7.704981585578601
3,2169,2.986134,0.0,2.918071,6,2199,3.000078,0.0,16.452314,36,2163,3.000217,0.001722,0.149929,0.114388,0.225766,42.0,14.9929,11.4388,22.5766,0.149929,0.114388,0.22635164635870464,Assembly,0.22635164635870464,6,0.2766251728907331
4,2868,2.991282,3.7e-05,0.059215,20,2912,3.000743,0.0,50.591678,64,2848,2.997537,0.008964,0.198277,0.151704,0.297116,84.0,19.8277,15.1704,29.7116,0.19827752101335577,0.151704,0.3001646259926995,Assembly,0.3001646259926995,20,0.697350069735007
4,3028,2.999974,0.0,27.772851,80,2956,3.002302,0.0,0.451824,8,2948,2.999673,0.010264,0.210276,0.154081,0.307218,88.0,21.0276,15.4081,30.721799999999998,0.210276,0.154081,0.3107087515828946,Assembly,0.3107087515828946,80,2.642007926023778
4,2888,2.994972,0.0,9.693776,65,2828,2.993494,0.0,3.043289,5,2823,2.990392,0.000978,0.200027,0.146876,0.293238,70.0,20.0027,14.6876,29.3238,0.200027,0.146876,0.2935706144824699,Assembly,0.2935706144824699,65,2.2506925207756234
11,8008,2.987882,0.747396,4.73334,316,8118,2.998977,0.141651,28.612436,426,7692,2.993535,1.570284,0.552618,0.422315,0.800419,742.0,55.26180000000001,42.2315,80.0419,0.5631424134607659,0.4647352331554082,1.3344672617492326,Assembly,1.3344672617492326,316,3.9460539460539463
14,9884,3.004698,1.225479,38.244055,550,10276,2.990206,0.33412,48.857598,942,9334,2.999179,2.626956,0.686809,0.533456,0.972982,1492.0,68.6809,53.345600000000005,97.29820000000001,0.7040655115193095,0.6335149357073723,1.866400824551302,Assembly,1.866400824551302,550,5.56454876568191
11,7909,3.004646,0.418222,1.594913,33,8206,2.998676,0.077181,63.004077,330,7876,2.996997,1.522936,0.549914,0.427001,0.819814,363.0,54.9914,42.7001,81.98140000000001,0.5558031688561197,0.4501143985299613,1.3377593675611095,Assembly,1.3377593675611095,33,0.4172461752433936
9,6930,2.998087,0.26342,33.555236,864,6066,3.001877,0.01222,7.295207,0,6066,3.006495,0.65408,0.480964,0.316135,0.633243,864.0,48.0964,31.6135,63.3243,0.4846733334642344,0.3197945241061418,0.8556933892575724,Assembly,0.8556933892575724,864,12.467532467532468
13,9360,3.006475,0.838829,54.838379,572,8866,3.006812,0.187445,2.926697,78,8788,3.001405,2.063876,0.649914,0.462149,0.916853,650.0,64.9914,46.2149,91.6853,0.6617259219515234,0.5182831649816485,1.6187702266073902,Assembly,1.6187702266073902,572,6.111111111111111
13,9347,3.001299,1.095776,20.704508,372,9087,2.999851,0.213669,6.537046,112,8975,2.995759,2.33957,0.647514,0.472529,0.934684,484.0,64.7514,47.2529,93.4684,0.6629441062413823,0.5365164677770218,1.7303638208098993,Assembly,1.7303638208098993,372,3.979886594629293
2,11610,2.996091,2.693752,143.243932,2109,10980,3.000611,0.347014,89.260867,1479,9501,2.997025,2.852313,0.804215,0.571441,0.989827,3588.0,80.4215,57.144099999999995,98.9827,0.8421469126791753,0.6753613026324615,1.959888975804847,Assembly,1.959888975804847,2109,18.165374677002585
5,3520,2.980906,0.0,3.520028,15,3595,2.984354,0.0,9.522521,90,3505,2.993072,0.006628,0.242343,0.186132,0.364261,105.0,24.2343,18.6132,36.4261,0.242343,0.186132,0.3665151603167796,Assembly,0.3665151603167796,15,0.4261363636363636
16,11216,2.995962,2.493677,114.583004,1677,10784,2.995048,0.507702,84.799821,1245,9539,3.002024,2.919043,0.773641,0.560506,0.995599,2922.0,77.36410000000001,56.050599999999996,99.5599,0.8087555681614597,0.7125475472779369,1.988355622446172,Assembly,1.988355622446172,1677,14.9518544935806
17,1390,2.99067,0.0,1.564684,9,1384,2.987447,0.0,16.091744,3,1381,3.000479,0.0,0.096228,0.071684,0.143963,12.0,9.6228,7.1684,14.3963,0.096228,0.071684,0.143963,Assembly,0.143963,9,0.6474820143884892
12,8832,3.002629,0.751004,75.704532,984,7860,2.999909,0.094695,2.409167,12,7848,2.990457,1.622078,0.613871,0.409363,0.815658,996.0,61.387100000000004,40.936299999999996,81.5658,0.6244462193036744,0.43772131712202084,1.367321225455823,Assembly,1.367321225455823,984,11.141304347826086
16,11360,2.999545,1.991668,123.718552,1837,11104,2.998123,0.563285,105.725869,1581,9523,2.99576,2.886053,0.787799,0.576938,0.991679,3418.0,78.7799,57.693799999999996,99.1679,0.81584455752048,0.7456249914998418,1.9732158353534506,Assembly,1.9732158353534506,1837,16.170774647887324
6,4302,2.996286,0.012739,20.059228,147,4170,3.006763,0.0,3.642123,15,4155,2.995526,0.072493,0.298245,0.217677,0.433277,162.0,29.824499999999997,21.7677,43.3277,0.298424383490247,0.217677,0.45793162339232085,Assembly,0.45793162339232085,147,3.417015341701534
18,14117,3.005788,13.185314,206.824774,4553,13642,2.996419,1.470277,243.774176,4078,9564,3.000585,2.921248,0.965385,0.708017,0.997501,8631.0,96.5385,70.8017,99.7501,1.1510532349731932,1.148320938151048,1.9910075354664647,Assembly,1.9910075354664647,4553,32.251894878515266
5,8520,3.009549,0.625173,27.584138,172,8472,3.002275,0.118936,2.003594,124,8348,3.00342,1.818272,0.592923,0.441525,0.871706,296.0,59.2923,44.1525,87.1706,0.6017263373693562,0.4771427707928051,1.4900941393348595,Assembly,1.4900941393348595,172,2.0187793427230045
19,7440,3.005538,0.327126,93.687793,834,6700,2.999259,0.03426,0.632257,94,6606,2.998624,0.854332,0.516349,0.348321,0.688857,928.0,51.634899999999995,34.8321,68.8857,0.5209554058113323,0.3585808441797395,0.9794124151712336,Assembly,0.9794124151712336,834,11.209677419354838
4,2696,3.004676,0.0,3.066499,10,3052,3.000385,0.0,71.67364,366,2686,3.012691,0.005191,0.187281,0.158889,0.281253,376.0,18.7281,15.8889,28.125299999999996,0.187281,0.158889,0.28301844149131,Assembly,0.28301844149131,10,0.370919881305638
12,4788,2.994435,0.023103,0.383494,11,5390,2.997701,0.009947,78.70833,613,4777,2.999574,0.177468,0.331416,0.279917,0.497886,624.0,33.1416,27.9917,49.7886,0.3317413235556306,0.2828958286647948,0.5582422648005793,Assembly,0.5582422648005793,11,0.2297410192147034
11,9490,2.99594,0.731697,15.841924,379,9191,3.003474,0.281987,8.74091,80,9111,3.004425,2.384598,0.656401,0.478259,0.951308,459.0,65.6401,47.8259,95.13080000000001,0.6667043489020573,0.5627056631848282,1.762301690867828,Assembly,1.762301690867828,379,3.9936775553213906
5,3785,3.001751,0.003434,45.887401,180,3615,2.998179,0.0,1.170209,10,3605,2.993932,0.037202,0.262329,0.187995,0.375185,190.0,26.232899999999997,18.7995,37.518499999999996,0.26237735567199216,0.187995,0.38783727400495377,Assembly,0.38783727400495377,180,4.7556142668428
6,10346,3.004857,1.508604,65.337747,852,9856,3.003344,0.23959,35.164264,362,9494,2.999782,2.837109,0.719227,0.51372,0.989898,1214.0,71.92269999999999,51.37199999999999,98.98979999999999,0.740470319799096,0.5854700311448859,1.9547891469792107,Assembly,1.9547891469792107,852,8.235066692441523
13,4802,2.996381,0.037068,9.45392,55,4781,2.990669,0.009613,4.50613,34,4747,2.990558,0.154867,0.332653,0.248232,0.494235,89.0,33.265299999999996,24.8232,49.4235,0.33317497089382825,0.2511108056654944,0.5469047413667326,Assembly,0.5469047413667326,55,1.1453561016243232
5,4638,3.006273,0.007809,83.373447,436,4212,3.006693,0.0,0.898636,10,4202,2.99401,0.133915,0.322536,0.219864,0.437391,446.0,32.2536,21.9864,43.7391,0.32264596198095136,0.219864,0.4829350372392182,Assembly,0.4829350372392182,436,9.40060370849504
3,2154,2.995869,0.0,0.584935,45,2109,2.999829,0.0,24.751939,0,2109,3.003416,0.0,0.148849,0.109837,0.219938,45.0,14.884900000000002,10.9837,21.9938,0.148849,0.109837,0.219938,Assembly,0.219938,45,2.0891364902506964
16,11312,3.001124,3.192774,96.761617,1770,11456,2.998683,0.618049,116.227578,1914,9542,3.002764,2.909578,0.784579,0.595572,0.995903,3684.0,78.45790000000001,59.5572,99.5903,0.8295378620527584,0.7806591697444203,1.9854406080529436,Assembly,1.9854406080529436,1770,15.647100424328148
10,7330,2.998508,0.271017,7.909987,30,7320,3.005594,0.068754,11.623704,20,7300,2.992776,1.077559,0.508531,0.381961,0.759437,50.0,50.8531,38.1961,75.9437,0.5123473101794715,0.4025507643530009,1.1259111606500742,Assembly,1.1259111606500742,30,0.4092769440654843
2,5047,3.011011,0.043841,16.134926,12,5145,3.000981,0.00409,1.034197,110,5035,3.002207,0.240835,0.351772,0.267926,0.525724,122.0,35.1772,26.7926,52.572399999999995,0.35238934450081805,0.2691508325363437,0.60763116654973,Assembly,0.60763116654973,12,0.23776500891618782
14,6426,3.008685,0.119683,7.142824,11,6579,2.994575,0.018225,6.393071,164,6415,3.002826,0.56779,0.447395,0.341154,0.669058,175.0,44.7395,34.1154,66.9058,0.4490803092286082,0.3466118418031452,0.8621614529668498,Assembly,0.8621614529668498,11,0.1711795829442888
15,1502,3.000354,0.0,64.867397,118,1386,2.997572,0.0,0.007581,2,1384,3.014498,0.0,0.104222,0.072129,0.144903,120.0,10.4222,7.212899999999999,14.490300000000001,0.104222,0.072129,0.144903,Assembly,0.144903,118,7.8561917443408795
18,5215,2.99864,0.021871,33.011684,316,4921,2.996759,0.003076,0.691856,22,4899,3.006752,0.17233,0.362002,0.256016,0.512044,338.0,36.2002,25.6016,51.20440000000001,0.36230997521902775,0.25693716989774895,0.5706528484294849,Assembly,0.5706528484294849,316,6.059443911792905
12,8712,2.998456,0.727113,61.77681,464,8292,3.003082,0.174194,3.024649,44,8248,2.999881,1.815629,0.604506,0.432231,0.860193,508.0,60.4506,43.223099999999995,86.0193,0.6147447995717101,0.48439688724592955,1.477682264000332,Assembly,1.477682264000332,464,5.325987144168963
1,682,2.983935,0.0,36.628702,15,669,3.00064,0.0,0.42277,2,667,2.988547,0.0,0.047022,0.034811,0.069214,17.0,4.7022,3.4811,6.9214,0.047022,0.034811,0.069214,Assembly,0.069214,15,2.1994134897360706
19,2202,2.986203,0.0,78.618774,70,2145,2.991787,0.0,0.040382,13,2132,3.001576,0.0,0.151989,0.111161,0.222822,83.0,15.198900000000002,11.1161,22.2822,0.151989,0.111161,0.222822,Assembly,0.222822,70,3.178928247048138
13,10980,2.995377,1.884534,112.445149,1433,10500,2.9956,0.464694,45.401086,953,9547,3.000991,2.852193,0.761276,0.545785,0.995786,2386.0,76.1276,54.5785,99.5786,0.7878129563081299,0.6849469390326877,1.9658071642119062,Assembly,1.9658071642119062,1433,13.051001821493625
12,8796,3.001306,0.733132,25.25169,323,8496,2.999204,0.21741,5.827815,23,8473,2.999447,2.149264,0.61023,0.442369,0.883263,346.0,61.023,44.2369,88.3263,0.6205535557713959,0.5074767852631983,1.614220395757839,Assembly,1.614220395757839,323,3.6721236925875393
18,13032,2.997269,7.844622,198.066003,3463,13086,2.99813,1.306334,212.864197,3517,9569,2.993679,2.916919,0.901973,0.679624,0.995539,6980.0,90.1973,67.9624,99.5539,1.0124365900799845,1.07083191846748,1.9875732572511147,Assembly,1.9875732572511147,3463,26.57305095150399
2,11070,2.994843,1.502501,111.815758,1611,11235,2.995698,0.533482,116.668655,1776,9459,3.005976,2.856074,0.764003,0.583207,0.988562,3387.0,76.4003,58.3207,98.8562,0.7851603807582783,0.7429688853676535,1.9599030791469425,Assembly,1.9599030791469425,1611,14.552845528455286
10,7340,2.996169,0.21347,0.760569,10,7910,3.002366,0.117358,43.667807,580,7330,2.992107,1.096592,0.509071,0.41178,0.762287,590.0,50.90710000000001,41.178,76.2287,0.5120769654339463,0.44692520704161914,1.1352342193871392,Assembly,1.1352342193871392,10,0.13623978201634876
3,6309,3.00423,0.180942,2.281305,18,6372,3.001275,0.028053,15.598447,81,6291,3.002774,0.83098,0.438625,0.331944,0.656333,99.0,43.8625,33.1944,65.6333,0.44117292428701504,0.34034503353106343,0.9389464791848974,Assembly,0.9389464791848974,18,0.28530670470756064
18,13086,2.99645,6.32396,176.265281,3513,12420,3.002509,1.706812,171.77849,2847,9573,2.993923,2.919981,0.90657,0.646688,0.99634,6360.0,90.657,64.6688,99.634,0.9956204762526759,1.1578270882693986,1.9894156330643282,Assembly,1.9894156330643282,3513,26.845483723062813
3,2028,2.991274,0.0,4.629442,9,2079,3.029476,0.0,19.768923,60,2019,2.992034,0.001061,0.140402,0.108965,0.210217,69.0,14.0402,10.896500000000001,21.0217,0.140402,0.10896500000000002,0.2105778425009208,Assembly,0.2105778425009208,9,0.4437869822485207
15,10425,2.99995,1.97054,76.412839,965,10515,2.999312,0.424771,95.10046,1055,9460,2.989007,2.806143,0.722922,0.547531,0.983072,2020.0,72.2922,54.753099999999996,98.3072,0.7506700448128938,0.6747371959157076,1.9374317154207623,Assembly,1.9374317154207623,965,9.256594724220623
10,6660,2.999429,0.140579,21.563214,277,6408,2.998544,0.009642,2.69778,25,6383,2.997707,0.540918,0.462412,0.333588,0.665632,302.0,46.2412,33.3588,66.5632,0.46439155504163926,0.3364754902971701,0.8495963769209082,Assembly,0.8495963769209082,277,4.1591591591591595
9,6525,2.99722,0.143203,9.375527,181,6363,2.998459,0.019793,18.746408,19,6344,3.000164,0.664761,0.452705,0.331236,0.66195,200.0,45.270500000000006,33.123599999999996,66.19500000000001,0.45472150474557277,0.3371634108537532,0.8880329611259374,Assembly,0.8880329611259374,181,2.7739463601532566
16,11520,3.006367,2.633602,103.252732,2084,11328,3.005102,0.572424,105.959526,1892,9436,2.99379,2.839499,0.79811,0.589997,0.981995,3976.0,79.81099999999999,58.9997,98.1995,0.8351949139399995,0.7614208483579458,1.9476989778719542,Assembly,1.9476989778719542,2084,18.09027777777778
13,10556,2.992834,1.371727,64.891158,1035,10514,2.997898,0.346186,77.987196,993,9521,2.997394,2.864188,0.731305,0.547012,0.991852,2028.0,73.1305,54.70120000000001,99.1852,0.7506208942559178,0.6506843414246151,1.9659526230229758,Assembly,1.9659526230229758,1035,9.804850322091701
18,13032,3.004445,8.092726,213.153941,3465,13320,3.000067,1.093138,189.555811,3753,9567,2.998914,2.925205,0.906253,0.693273,0.997362,7218.0,90.6253,69.32730000000001,99.7362,1.0202102521778147,1.020635100027791,1.992214297743697,Assembly,1.992214297743697,3465,26.588397790055247
4,11400,3.001017,3.873436,81.831789,1971,10275,3.003163,0.382462,60.476415,846,9429,3.003927,2.838633,0.789773,0.534625,0.984516,2817.0,78.9773,53.4625,98.4516,0.8443165645599054,0.6491609172408506,1.9499254542095628,Assembly,1.9499254542095628,1971,17.289473684210527
18,13104,3.001814,4.46587,203.000673,3527,12690,3.001766,1.377023,152.158048,3113,9577,2.996538,2.911292,0.909444,0.661033,0.997533,6640.0,90.9444,66.1033,99.7533,0.9723298895980585,1.0734101573822965,1.9876535336387855,Assembly,1.9876535336387855,3527,26.915445665445663
13,5768,3.002987,0.084746,34.891519,368,5416,3.001748,0.005158,0.308081,16,5400,3.0006,0.319916,0.400541,0.282145,0.562862,384.0,40.0541,28.214499999999997,56.286199999999994,0.4017343458877838,0.28368966655805883,0.6716643463945168,Assembly,0.6716643463945168,368,6.38002773925104
14,9324,3.00417,1.075249,21.221699,275,10136,2.999174,0.319629,106.059926,1087,9049,3.002515,2.485119,0.648225,0.527685,0.944573,1362.0,64.8225,52.768499999999996,94.4573,0.663366056480467,0.623404315099999,1.7897535419847563,Assembly,1.7897535419847563,275,2.9493779493779493
8,5776,3.002948,0.083455,10.594475,272,5552,3.011197,0.002923,7.346318,48,5504,3.005968,0.325472,0.400768,0.288756,0.575308,320.0,40.0768,28.875600000000002,57.530800000000006,0.4019431667461001,0.28963135097890774,0.6859999231476893,Assembly,0.6859999231476893,272,4.7091412742382275
3,1956,2.998003,0.0,1.497704,3,2166,2.996479,0.0,56.642333,213,1953,3.006099,0.0,0.135743,0.112505,0.203938,216.0,13.574300000000001,11.250499999999999,20.393800000000002,0.135743,0.112505,0.20393800000000004,Assembly,0.20393800000000004,3,0.15337423312883436
8,6192,2.997163,0.122332,66.851954,592,5640,2.999042,0.010041,0.294714,40,5600,3.006498,0.391068,0.429475,0.293375,0.585246,632.0,42.9475,29.3375,58.52460000000001,0.4311976109685928,0.29638197885022666,0.718246900235721,Assembly,0.718246900235721,592,9.560723514211885
3,13698,2.998253,7.691655,194.459734,4173,12024,2.996362,1.104794,141.96116,2499,9525,2.997451,2.882507,0.937231,0.624901,0.992451,6672.0,93.7231,62.490100000000005,99.2451,1.045540594134257,0.9557537230213415,1.9727818527820413,Assembly,1.9727818527820413,4173,30.46430135786246
16,6597,3.002105,0.174184,0.506672,9,6732,3.00183,0.018429,25.177002,144,6588,3.002219,0.793723,0.458138,0.350791,0.686758,153.0,45.8138,35.079100000000004,68.6758,0.46059076190165593,0.35630993369493347,0.9567004998665121,Assembly,0.9567004998665121,9,0.1364256480218281
10,13699,2.997053,9.123806,191.646725,4139,13376,3.00316,1.648111,191.454667,3816,9560,3.001938,2.928066,0.940481,0.69575,0.997677,7955.0,94.0481,69.575,99.7677,1.0689573454444719,1.1893098964073177,1.9935023141387342,Assembly,1.9935023141387342,4139,30.21388422512592
18,12978,3.002252,6.962116,191.719795,3473,14148,2.99199,1.486284,222.44229,4643,9505,2.999228,2.900979,0.900924,0.734018,0.990932,8116.0,90.0924,73.4018,99.09320000000001,0.9989606329841388,1.1791155553660242,1.9775451173221066,Assembly,1.9775451173221066,3473,26.760671906302974
4,1530,3.011165,0.0,33.192432,73,1464,3.001214,0.0,5.481457,7,1457,3.040068,0.0,0.106556,0.076222,0.154006,80.0,10.6556,7.622199999999999,15.4006,0.106556,0.076222,0.154006,Assembly,0.154006,73,4.771241830065359
8,8690,3.006791,0.511296,40.987952,748,7975,3.004944,0.063437,1.786358,33,7942,3.000753,1.644744,0.603147,0.416059,0.828406,781.0,60.3147,41.6059,82.8406,0.6103467849932777,0.4350564820557541,1.3877778551691793,Assembly,1.3877778551691793,748,8.60759493670886
16,11328,2.991236,2.037609,118.818088,1783,10960,3.000057,0.466501,75.859138,1415,9545,3.000999,2.92078,0.784115,0.570649,0.995559,3198.0,78.4115,57.064899999999994,99.5559,0.8128074730495984,0.7103520814271065,1.9889063702539942,Assembly,1.9889063702539942,1783,15.73975988700565
13,9256,2.996191,0.82522,13.068941,142,9529,3.008075,0.261949,30.370816,415,9114,3.002242,2.482607,0.641474,0.496977,0.951293,557.0,64.1474,49.6977,95.1293,0.6530942876066949,0.5754228821669174,1.795619219305856,Assembly,1.795619219305856,142,1.5341400172860846
18,13374,3.003621,6.768518,191.396136,3841,13338,2.9978,1.484253,194.554945,3805,9533,2.993252,2.893344,0.923723,0.691037,0.991962,7646.0,92.3723,69.1037,99.1962,1.0190334939665666,1.1355263316786615,1.9759784797212294,Assembly,1.9759784797212294,3841,28.719904291909675
14,13528,3.004924,7.549226,215.157214,3983,14098,3.000878,1.765068,215.760285,4553,9545,3.003578,2.917793,0.939881,0.732275,0.996408,8536.0,93.9881,73.2275,99.6408,1.0461849884248293,1.2608600159557648,1.9887395016863691,Assembly,1.9887395016863691,3983,29.442637492607926
17,4260,2.996944,0.016975,16.683925,97,4176,3.006573,0.000216,11.974648,13,4163,2.99146,0.097399,0.294518,0.217839,0.432945,110.0,29.4518,21.7839,43.2945,0.2947570324787616,0.21790368553248174,0.46607006950724417,Assembly,0.46607006950724417,97,2.276995305164319
14,11088,3.001096,2.086378,83.474345,1619,12144,3.001325,0.621141,161.243318,2675,9469,2.999603,2.804734,0.769228,0.630686,0.987339,4294.0,76.9228,63.068599999999996,98.73389999999999,0.7986072108968281,0.8166991311630938,1.9412195193003123,Assembly,1.9412195193003123,1619,14.60137085137085
16,12416,3.004933,3.717336,173.352316,2898,11344,3.005313,0.716527,129.144871,1826,9518,3.000878,2.92139,0.861848,0.591815,0.992923,4724.0,86.1848,59.1815,99.2923,0.9141934514562421,0.8063933820950446,1.9864778291847782,Assembly,1.9864778291847782,2898,23.340850515463917
19,11761,3.001271,3.366702,126.07873,2222,14079,3.006955,1.553166,205.131784,4540,9539,3.000928,2.895994,0.816755,0.729535,0.994939,6762.0,81.6755,72.9535,99.4939,0.86416301910525,1.1946617117708502,1.979856735732012,Assembly,1.979856735732012,2222,18.89295127965309
8,11407,2.997469,2.697477,131.941732,1888,12121,2.996899,1.052475,149.940957,2602,9519,3.000026,2.880202,0.785096,0.629903,0.992537,4490.0,78.5096,62.9903,99.2537,0.8230803660508036,0.9450877490680492,1.9720839301009645,Assembly,1.9720839301009645,1888,16.551240466380293
15,10215,3.000252,1.73275,70.77184,823,10470,2.997059,0.560548,53.723948,1078,9392,2.999498,2.769311,0.707542,0.54406,0.979339,1901.0,70.7542,54.406,97.9339,0.7319416187083448,0.7119273419516823,1.9211722771607103,Assembly,1.9211722771607103,823,8.05677924620656
6,4242,3.00204,0.010436,0.561716,12,4410,3.004878,0.001231,64.302704,180,4230,2.999064,0.070325,0.294694,0.229772,0.440503,192.0,29.4694,22.9772,44.0503,0.29484095392921095,0.23014064764113426,0.4644202939465184,Assembly,0.4644202939465184,12,0.2828854314002829
10,7490,3.006911,0.240437,0.738979,48,7940,2.994205,0.103325,52.800535,498,7442,2.99776,1.234184,0.520131,0.412483,0.775473,546.0,52.0131,41.2483,77.54729999999999,0.5235166996816496,0.4434257437207118,1.1952147918533937,Assembly,1.1952147918533937,48,0.6408544726301735
13,8827,2.995258,0.85305,8.792995,26,9438,3.007304,0.230014,57.872715,637,8801,2.997269,2.468125,0.61075,0.492759,0.915936,663.0,61.075,49.2759,91.5936,0.6227621741388853,0.5616413058715297,1.755336940231082,Assembly,1.755336940231082,26,0.29455081001472755
5,3475,3.007349,0.000892,18.85448,9,3730,3.005837,0.0,4.799959,264,3466,3.008074,0.041801,0.241917,0.194348,0.362421,273.0,24.1917,19.4348,36.2421,0.24192956064630666,0.194348,0.3766373783044211,Assembly,0.3766373783044211,9,0.2589928057553957
6,4236,2.995103,0.005298,23.898884,65,4188,2.99576,0.001519,1.617617,17,4171,3.000808,0.062715,0.293689,0.217334,0.435084,82.0,29.368899999999996,21.7334,43.5084,0.29376360347996927,0.21778889501777654,0.45641315876083766,Assembly,0.45641315876083766,65,1.534466477809254
17,12053,2.997622,5.903653,94.153095,2504,12376,3.002589,0.842307,190.744688,2827,9549,3.001824,2.917729,0.818925,0.644687,0.996286,5331.0,81.8925,64.4687,99.6286,0.9020569475898865,0.8969327259633353,1.9885957355034671,Assembly,1.9885957355034671,2504,20.774910810586576
11,7755,2.992209,0.400129,13.651358,64,7832,3.000355,0.147637,12.729549,141,7691,3.002042,1.527135,0.536272,0.407846,0.802773,205.0,53.627199999999995,40.7846,80.2773,0.5419063933251486,0.45205886092131364,1.3221464332174397,Assembly,1.3221464332174397,64,0.8252740167633785
11,7942,3.000003,0.432273,1.6848,34,8239,2.995137,0.075686,30.050503,331,7908,2.998015,1.640714,0.551528,0.428426,0.82472,365.0,55.1528,42.8426,82.472,0.5576150271983334,0.4510916907935717,1.3827212658395742,Assembly,1.3827212658395742,34,0.4281037522034752
12,8196,2.996006,0.454773,0.963612,82,8904,2.9957,0.160028,90.905651,790,8114,3.003615,1.437611,0.567453,0.461045,0.847302,872.0,56.7453,46.1045,84.7302,0.5738568596444092,0.5089685944073368,1.3362286244969546,Assembly,1.3362286244969546,82,1.0004880429477794
7,5082,3.006583,0.037356,1.932617,31,5082,3.001117,3.2e-05,34.849589,31,5051,2.991112,0.227011,0.353214,0.264404,0.525669,62.0,35.3214,26.440399999999997,52.566900000000004,0.353740026349138,0.26441358304184914,0.6028746710429165,Assembly,0.6028746710429165,31,0.6099960645415191
9,6156,2.997468,0.139615,0.385635,27,7272,3.002162,0.031167,109.80357,1143,6129,3.002445,0.660373,0.426516,0.379023,0.639252,1170.0,42.6516,37.9023,63.925200000000004,0.42848198053150516,0.3883565832910082,0.863842617210725,Assembly,0.863842617210725,27,0.43859649122807015
13,10845,3.006197,1.659073,98.740574,1392,10890,3.000975,0.421691,73.135517,1437,9453,3.004898,2.863596,0.752865,0.566935,0.987354,2829.0,75.2865,56.6935,98.7354,0.7762271403025882,0.6932188281377274,1.9612532858311331,Assembly,1.9612532858311331,1392,12.835408022130013
4,3000,2.993228,0.002421,70.036114,320,2688,2.989874,0.0,0.12928,8,2680,3.00296,0.002111,0.207765,0.139527,0.279882,328.0,20.776500000000002,13.952700000000002,27.988200000000003,0.2077990911711978,0.139527,0.2805999439391554,Assembly,0.2805999439391554,320,10.666666666666668
11,7964,3.001433,0.43515,2.142102,22,8107,2.99605,0.099045,20.348333,165,7942,2.999477,1.601841,0.552877,0.421684,0.827263,187.0,55.287699999999994,42.1684,82.7263,0.5590045395071049,0.4513450118733888,1.3720436904029158,Assembly,1.3720436904029158,22,0.2762430939226519
16,1446,2.985997,0.0,0.005321,11,1644,2.997077,0.0,73.735488,209,1435,3.013184,0.0,0.099707,0.085525,0.150445,220.0,9.9707,8.5525,15.0445,0.099707,0.085525,0.150445,Assembly,0.150445,11,0.7607192254495159
17,12087,3.003998,3.735933,109.014752,2519,12546,2.99851,0.674227,183.201659,2978,9568,2.99641,2.903489,0.824209,0.652065,0.996743,5497.0,82.4209,65.2065,99.6743,0.8768163240340054,0.8539757986507077,1.984209759807791,Assembly,1.984209759807791,2519,20.8405725159262
16,12336,2.997547,5.207346,176.513158,2811,11792,2.999128,0.505623,136.842899,2267,9525,3.002923,2.903239,0.855983,0.613745,0.994138,5078.0,85.59830000000001,61.3745,99.4138,0.9293099409219013,0.7651639490278004,1.9815197356558305,Assembly,1.9815197356558305,2811,22.786964980544745
16,11456,2.995437,2.06349,87.757478,1939,11920,2.998107,0.824566,136.848328,2403,9517,3.001558,2.871186,0.787143,0.6199,0.992882,4342.0,78.71430000000001,61.99,99.2882,0.8161999148512379,0.8668328276681585,1.9693626190846572,Assembly,1.9693626190846572,1939,16.925628491620113
1,1380,3.009516,0.0,0.775232,5,1512,3.012568,0.0,65.580502,137,1375,3.016852,0.0,0.09603,0.079034,0.144216,142.0,9.603,7.9033999999999995,14.421600000000002,0.09603,0.079034,0.144216,Assembly,0.144216,5,0.36231884057971014
5,10304,3.002273,1.354351,65.425304,835,10612,2.999085,0.371858,116.933158,1143,9469,3.004084,2.873828,0.712407,0.55254,0.988616,1978.0,71.2407,55.254000000000005,98.86160000000001,0.7314782151188951,0.6639003367480906,1.9659951543225769,Assembly,1.9659951543225769,835,8.10364906832298
20,11205,3.000424,2.18332,110.470547,1703,10500,2.994999,0.414348,52.596229,998,9502,3.00491,2.914526,0.775805,0.545963,0.992465,2701.0,77.5805,54.5963,99.2465,0.8065492940518271,0.6700478195034067,1.9836854060685476,Assembly,1.9836854060685476,1703,15.198572066041946
4,4182,2.994069,0.032381,3.58225,32,4236,2.988748,3.5e-05,17.536376,86,4150,2.99185,0.108064,0.289451,0.219602,0.431799,118.0,28.9451,21.9602,43.179899999999996,0.2899069711749502,0.2196124814520225,0.4685511998298837,Assembly,0.4685511998298837,32,0.7651841224294597
7,12036,2.99399,3.429091,135.34086,2475,13056,3.001372,0.841114,211.540273,3495,9561,2.996432,2.912824,0.82527,0.679032,0.995556,5970.0,82.527,67.9032,99.5556,0.8735565461931709,0.9309204581843968,1.986197561642,Assembly,1.986197561642,2475,20.563310069790628
6,4584,2.999544,0.024458,33.294706,108,4488,2.996642,4.5e-05,2.849739,12,4476,3.012312,0.089302,0.317485,0.233492,0.468494,120.0,31.7485,23.3492,46.8494,0.3178294039096054,0.23350547615260037,0.49886530727354417,Assembly,0.49886530727354417,108,2.356020942408377
10,7750,2.998791,0.296133,51.541236,370,7420,3.011458,0.035387,1.549521,40,7380,3.002255,1.179524,0.537369,0.387606,0.769418,410.0,53.7369,38.760600000000004,76.9418,0.5415389796779444,0.39820334693486414,1.170570111268727,Assembly,1.170570111268727,370,4.774193548387097
4,12996,2.999376,6.611151,167.998176,3419,12582,3.000744,1.203664,167.101019,3005,9577,2.997154,2.928601,0.897815,0.652174,0.997531,6424.0,89.78150000000001,65.2174,99.75309999999999,0.990909539675829,1.0126353276346178,1.99353826582393,Assembly,1.99353826582393,3419,26.308094798399505
11,12186,2.99593,3.639867,173.796556,2669,12240,3.002317,0.900114,156.026061,2723,9517,3.000869,2.894138,0.839759,0.635327,0.992759,5392.0,83.97590000000001,63.5327,99.2759,0.8910135762222404,0.9048841915937557,1.9770455164278564,Assembly,1.9770455164278564,2669,21.902182832758903
17,13277,2.995349,5.643974,204.292223,3747,11730,2.999339,0.765136,125.85838,2200,9530,2.996701,2.922282,0.919847,0.60977,0.992602,5947.0,91.9847,60.977000000000004,99.2602,0.9993222928003531,0.8389053221339517,1.9864601953589736,Assembly,1.9864601953589736,3747,28.221736838141148
8,5584,3.004469,0.098979,1.922284,56,5576,2.997388,0.006917,42.777282,48,5528,3.0052,0.45723,0.388355,0.289633,0.577971,104.0,38.8355,28.963299999999997,57.7971,0.3897487670524503,0.29170443438970395,0.7334733720037914,Assembly,0.7334733720037914,56,1.002865329512894
5,10094,2.999051,1.193192,113.716568,1220,9086,2.993051,0.33406,8.489819,212,8874,2.997192,2.310828,0.70075,0.470696,0.924686,1432.0,70.075,47.0696,92.4686,0.7175518639999119,0.5707369675039051,1.7105907641072922,Assembly,1.7105907641072922,1220,12.086387953239548
14,10094,2.99266,1.437801,72.287655,722,9632,3.002211,0.284126,23.91284,260,9372,2.995612,2.659702,0.699257,0.501402,0.97598,982.0,69.9257,50.1402,97.598,0.719503311457785,0.5864892296384319,1.8805356280717098,Assembly,1.8805356280717098,722,7.152764018228651
9,6309,3.003442,0.206994,1.816836,18,6354,3.0018,0.031309,11.511554,63,6291,3.007492,0.660751,0.438628,0.331136,0.657504,81.0,43.8628,33.1136,65.7504,0.44154277401524467,0.3405121080392138,0.8822231737284892,Assembly,0.8822231737284892,18,0.28530670470756064
17,12070,3.004488,4.199908,126.608173,2597,11849,3.002868,0.894993,107.423376,2376,9473,2.997976,2.869609,0.837258,0.61672,0.987358,4973.0,83.72579999999999,61.672000000000004,98.7358,0.8963987611081384,0.884743605427835,1.9633022867340897,Assembly,1.9633022867340897,2597,21.51615575807788
1,6669,2.998272,0.195685,67.505106,639,6057,3.011871,0.022529,0.351935,27,6030,2.994043,0.543005,0.462256,0.316567,0.627189,666.0,46.2256,31.656699999999997,62.7189,0.46501152698712594,0.323313760931855,0.8118631585414753,Assembly,0.8118631585414753,639,9.581646423751687
7,4725,2.999563,0.023149,0.745386,13,5187,2.99843,0.000378,58.268469,475,4712,2.999719,0.131896,0.328089,0.270029,0.491467,488.0,32.8089,27.0029,49.146699999999996,0.3284149713019648,0.27014219968184305,0.5363243821879843,Assembly,0.5363243821879843,13,0.2751322751322752
11,11115,2.994519,2.27627,75.687483,1617,11190,3.004256,0.786376,68.196949,1692,9498,3.006024,2.865083,0.768854,0.583176,0.992485,3309.0,76.8854,58.317600000000006,99.24849999999999,0.8009071640901712,0.8186720661613209,1.9668900094869948,Assembly,1.9668900094869948,1617,14.54790823211876
13,9113,3.004402,0.918224,9.795642,37,9971,2.993011,0.389504,53.043746,895,9076,3.000179,2.359604,0.633776,0.517441,0.946501,932.0,63.3776,51.7441,94.65010000000001,0.6467059180429093,0.6340857853877778,1.7489943162514145,Assembly,1.7489943162514145,37,0.4060133874684516
14,13034,3.008269,8.078543,174.717641,3477,13832,3.000785,2.110233,219.97139,4275,9557,3.003279,2.930965,0.903556,0.71871,0.997668,7752.0,90.35560000000001,71.871,99.7668,1.0173135350852507,1.3506615984513806,1.9944792542048693,Assembly,1.9944792542048693,3477,26.676384839650147
15,11475,2.996636,2.513212,127.442541,2016,10320,3.001621,0.429942,42.379841,861,9459,2.999911,2.774377,0.794754,0.537799,0.986295,2877.0,79.4754,53.779900000000005,98.62950000000001,0.8301436491318636,0.6665537555845177,1.92985120657604,Assembly,1.92985120657604,2016,17.568627450980394
10,10470,3.002964,1.426052,75.589198,901,11100,2.996809,0.409994,130.086356,1531,9569,2.999064,2.916287,0.726916,0.575895,0.997648,2432.0,72.6916,57.5895,99.7648,0.7469968685951651,0.6986759268718077,1.9894673161949583,Assembly,1.9894673161949583,901,8.60553963705826
16,11376,3.000237,2.559943,105.19778,1865,11632,2.999052,0.702305,150.874083,2121,9511,3.002659,2.885484,0.78803,0.603041,0.992865,3986.0,78.803,60.304100000000005,99.2865,0.8240776890001998,0.8133603189332158,1.974208320383588,Assembly,1.974208320383588,1865,16.394163150492265
8,6336,3.003692,0.10064,97.34436,618,5752,3.011154,0.005345,1.990654,34,5718,2.997806,0.376967,0.439937,0.300635,0.5962,652.0,43.993700000000004,30.063499999999998,59.62,0.44135415632769176,0.30223566745886477,0.7244051979685349,Assembly,0.7244051979685349,618,9.753787878787879
5,3775,3.004719,0.004075,40.847694,231,3565,3.001236,0.0,0.043086,21,3544,2.994299,0.015941,0.262306,0.185657,0.36872,252.0,26.2306,18.5657,36.872,0.26236338187634484,0.185657,0.3741414800256161,Assembly,0.3741414800256161,231,6.119205298013245
19,9282,3.002,0.774872,7.319728,133,9841,2.993646,0.234833,56.166259,692,9149,3.005743,2.441877,0.644716,0.510823,0.955855,825.0,64.4716,51.082300000000004,95.5855,0.6556273151624715,0.5811484520799992,1.786329084468434,Assembly,1.786329084468434,133,1.4328808446455505
1,755,2.982631,0.0,33.204293,31,729,2.988616,0.0,0.739688,5,724,2.996636,0.0,0.052015,0.03768,0.075428,36.0,5.2015,3.768,7.5428,0.052015000000000006,0.03768,0.075428,Assembly,0.075428,31,4.105960264900662
2,2732,3.001963,0.0,24.40651,140,2600,3.006018,0.0,0.244987,8,2592,3.007982,0.000908,0.18975,0.13552,0.270821,148.0,18.975,13.552,27.082099999999997,0.18975,0.13552,0.2711298077199209,Assembly,0.2711298077199209,140,5.124450951683748
11,3835,2.987166,0.002734,83.945447,310,3530,3.005667,0.0,0.293277,5,3525,2.99588,0.020141,0.264973,0.184201,0.366962,315.0,26.497300000000003,18.4201,36.696200000000005,0.26501149866255874,0.184201,0.37381188577855434,Assembly,0.37381188577855434,310,8.083441981747066
7,6560,2.995553,0.174142,0.391332,15,7490,3.000686,0.065395,101.711586,945,6545,3.00131,0.689609,0.45488,0.389708,0.683276,960.0,45.488,38.9708,68.3276,0.45733217048108993,0.40929184442889854,0.917809681637606,Assembly,0.917809681637606,15,0.22865853658536583
14,6390,3.00293,0.170863,3.944824,22,6570,3.012214,0.028851,22.97355,202,6368,3.001079,0.675042,0.444159,0.343059,0.663981,224.0,44.4159,34.3059,66.3981,0.4465649974326152,0.35169901063717646,0.8935604943511655,Assembly,0.8935604943511655,22,0.3442879499217527
1,756,3.003772,0.0,70.050121,66,696,2.965998,0.0,0.001699,6,690,3.015357,0.0,0.052477,0.035782,0.072514,72.0,5.2477,3.5782000000000003,7.251399999999999,0.052477,0.035782,0.072514,Assembly,0.072514,66,8.73015873015873
4,2952,3.002719,0.0,2.100819,92,2868,3.005045,0.0,15.596001,8,2860,2.99336,0.003869,0.204795,0.149476,0.297288,100.0,20.4795,14.9476,29.7288,0.204795,0.149476,0.29860383377574234,Assembly,0.29860383377574234,92,3.116531165311653
10,6810,3.01342,0.173642,3.384059,67,7310,3.002897,0.049914,60.329838,567,6743,3.002353,0.770325,0.474564,0.381097,0.704277,634.0,47.4564,38.109700000000004,70.4277,0.47700912976006604,0.3960447484643176,0.9662619194362151,Assembly,0.9662619194362151,67,0.9838472834067549
4,15060,2.991147,67.336874,231.988954,5490,14580,2.995502,2.585306,233.94707,5010,9570,2.998461,2.93,0.995988,0.753504,0.997616,10500.0,99.5988,75.3504,99.7616,1.9441882889117625,1.5277257372138264,1.9940990609783016,Assembly,1.9940990609783016,5490,36.45418326693227
20,13920,2.998814,10.705006,211.206467,4341,14180,2.998941,2.091451,220.03045,4601,9579,2.996238,2.915739,0.966188,0.737018,0.997647,8942.0,96.61880000000001,73.70179999999999,99.76469999999999,1.1169299216104709,1.3633449518260488,1.9892799432538606,Assembly,1.9892799432538606,4341,31.18534482758621
14,10052,3.007624,1.656757,39.814065,613,10108,3.004128,0.441309,30.51925,669,9439,3.004464,2.813612,0.69983,0.527183,0.98575,1282.0,69.98299999999999,52.7183,98.575,0.7231595276828054,0.6593418317313682,1.9426498969847374,Assembly,1.9426498969847374,613,6.098288897731795
13,9191,2.995152,0.700986,7.049978,90,9841,3.000341,0.342769,72.468734,740,9101,3.004945,2.60285,0.637232,0.51261,0.95054,830.0,63.723200000000006,51.261,95.054,0.647102893735327,0.6152590522371612,1.8357604557226526,Assembly,1.8357604557226526,90,0.9792188010009792
10,1510,3.006964,0.0,55.884723,76,1438,2.995084,0.0,3.137059,4,1434,2.991081,0.0,0.105006,0.074773,0.149178,80.0,10.5006,7.4773000000000005,14.9178,0.105006,0.074773,0.149178,Assembly,0.149178,76,5.033112582781457
11,14080,2.996734,15.705592,209.792015,4586,14500,2.99687,1.923354,239.290629,5006,9494,3.008848,2.904451,0.965095,0.75442,0.993163,9592.0,96.5095,75.442,99.3163,1.1862523835745669,1.3304069335224387,1.9809569327445353,Assembly,1.9809569327445353,4586,32.57102272727273
7,7580,2.999758,0.308141,51.994648,638,6990,3.006998,0.046088,0.918193,48,6942,3.001581,1.064122,0.525471,0.364604,0.724496,686.0,52.5471,36.4604,72.4496,0.5298100696340546,0.3784059760232293,1.0864002825304957,Assembly,1.0864002825304957,638,8.41688654353562
6,4062,3.006521,0.01173,0.285234,31,4296,2.996695,6.7e-05,56.126436,265,4031,3.000202,0.056692,0.281923,0.223342,0.420798,296.0,28.1923,22.334200000000003,42.0798,0.2820881753152208,0.2233620644938717,0.4400787568918027,Assembly,0.4400787568918027,31,0.7631708517971443
5,3490,2.985668,0.000522,7.859044,115,3395,3.009933,0.0,9.576992,20,3375,2.993678,0.023935,0.241087,0.176895,0.351017,135.0,24.1087,17.6895,35.1017,0.24109435051274894,0.176895,0.35915721230870845,Assembly,0.35915721230870845,115,3.29512893982808
19,13718,3.004175,9.728587,221.255989,4151,14725,3.007319,2.331879,256.092687,5158,9567,2.999861,2.931058,0.947818,0.768119,0.997611,9309.0,94.7818,76.8119,99.7611,1.084810534047589,1.466446938879359,1.994453883189399,Assembly,1.994453883189399,4151,30.25951304854935
9,6363,2.996097,0.203289,24.054273,297,6138,3.000931,0.037166,3.692858,72,6066,3.006921,0.55811,0.440951,0.319171,0.634529,369.0,44.095099999999995,31.917099999999998,63.4529,0.4438136022724574,0.3303011041676649,0.8243403178029352,Assembly,0.8243403178029352,297,4.667609618104668
4,2896,3.001627,0.0,29.250482,0,2908,3.004024,0.0,4.522959,12,2896,3.00234,0.00371,0.20122,0.151596,0.301902,12.0,20.122,15.159600000000001,30.1902,0.20122,0.151596,0.3031637584150954,Assembly,0.3031637584150954,0,0.0
13,12206,2.998622,2.397427,122.765595,2694,12036,2.998846,0.899556,144.505503,2524,9512,3.004948,2.900339,0.843531,0.626319,0.993391,5218.0,84.3531,62.631899999999995,99.3391,0.8772902293643579,0.8957090873015112,1.9797864554930873,Assembly,1.9797864554930873,2694,22.071112567589708
12,8424,2.99966,0.429105,2.443452,57,8424,2.992138,0.112138,23.503269,57,8367,3.001147,1.757853,0.584111,0.436829,0.873192,114.0,58.411100000000005,43.682900000000004,87.3192,0.5901534171899261,0.4704109733399776,1.471031842385628,Assembly,1.471031842385628,57,0.6766381766381766
8,5257,3.002826,0.042836,70.517427,437,4837,3.002452,0.000456,0.470526,17,4820,3.004305,0.143861,0.364909,0.2519,0.503644,454.0,36.490899999999996,25.19,50.364399999999996,0.36551219265156004,0.2520365583463503,0.5525706381008189,Assembly,0.5525706381008189,437,8.312725889290471
9,725,2.984595,0.0,51.748509,32,695,2.988214,0.0,0.003876,2,693,3.000997,0.0,0.050039,0.036012,0.072211,34.0,5.0039,3.6012000000000004,7.2211,0.050039,0.036012,0.072211,Assembly,0.072211,32,4.413793103448276
19,1354,2.997904,0.0,0.801239,5,1472,3.005693,0.0,60.31966,123,1349,3.010265,0.0,0.093903,0.076812,0.14109,128.0,9.3903,7.6812000000000005,14.109,0.093903,0.076812,0.14109,Assembly,0.14109,5,0.3692762186115214
6,4356,3.008656,0.015508,0.728724,12,4398,2.991853,0.0,12.392497,54,4344,2.992695,0.114107,0.302872,0.228214,0.451398,66.0,30.2872,22.8214,45.1398,0.30309037500327746,0.228214,0.49020540363107545,Assembly,0.49020540363107545,12,0.27548209366391185
2,1384,3.007892,0.0,0.002177,0,1498,2.998188,0.0,56.139643,114,1384,3.001931,0.0,0.096364,0.077977,0.144259,114.0,9.6364,7.797700000000001,14.4259,0.096364,0.077977,0.144259,Assembly,0.144259,0,0.0
11,7777,2.995182,0.366388,3.119262,106,7876,2.997137,0.080648,18.564503,205,7671,2.998495,1.549383,0.535531,0.408798,0.799873,311.0,53.5531,40.8798,79.98729999999999,0.5406902713890134,0.4329496612203046,1.3268129025487179,Assembly,1.3268129025487179,106,1.362993442201363
17,9373,2.999814,1.005478,17.570289,381,9217,3.00599,0.185032,37.9565,225,8992,3.003112,2.424756,0.647081,0.479717,0.938663,606.0,64.7081,47.9717,93.8663,0.6612395801873491,0.5351285437322115,1.7633142904455639,Assembly,1.7633142904455639,381,4.0648671716632885
10,7010,3.000665,0.242371,21.162425,41,7190,2.992948,0.021428,3.794745,221,6969,3.004664,0.937758,0.486357,0.373273,0.72777,262.0,48.6357,37.3273,72.777,0.48976993319057005,0.3796900443982329,1.0466983147770956,Assembly,1.0466983147770956,41,0.5848787446504993
20,14040,2.996886,16.082614,209.816866,4512,14540,3.001791,1.801158,216.387133,5012,9528,2.995237,2.860085,0.9485,0.755373,0.991877,9524.0,94.85,75.5373,99.1877,1.1749663970183164,1.2947658903412522,1.9645822066409986,Assembly,1.9645822066409986,4512,32.136752136752136
8,9750,3.009679,1.010798,46.022784,736,9282,3.002835,0.255733,8.801033,268,9014,3.000109,2.432316,0.67919,0.483533,0.939807,1004.0,67.919,48.3533,93.9807,0.6934234934590434,0.5601173762877212,1.7670294208008528,Assembly,1.7670294208008528,736,7.548717948717949
18,8352,3.004541,0.524888,33.712651,116,8832,3.002703,0.180527,11.903938,596,8236,2.996384,1.943678,0.580029,0.458904,0.857978,712.0,58.002900000000004,45.8904,85.7978,0.5874201799535915,0.5129664311218867,1.5190162945379462,Assembly,1.5190162945379462,116,1.3888888888888888
8,7360,3.002377,0.260201,10.839983,288,7160,2.999003,0.037134,3.966687,88,7072,3.003419,1.053172,0.511068,0.372622,0.738657,376.0,51.1068,37.2622,73.8657,0.5147320053022825,0.38374252112581575,1.096837224674621,Assembly,1.096837224674621,288,3.91304347826087
12,9048,2.992958,0.69059,72.368788,1002,8100,2.988901,0.085028,1.926108,54,8046,2.99549,1.650988,0.62621,0.419234,0.837931,1056.0,62.621,41.9234,83.7931,0.635934503063798,0.4446973400734061,1.3994264183885474,Assembly,1.3994264183885474,1002,11.074270557029179
17,12002,3.008374,4.347406,107.930196,2448,12733,3.002353,0.954032,186.718225,3179,9554,3.004005,2.936983,0.835091,0.663697,0.997738,5627.0,83.5091,66.3697,99.7738,0.8963087456473066,0.9494010181694473,1.996595955590865,Assembly,1.996595955590865,2448,20.396600566572236
8,5584,3.003628,0.085168,0.330325,16,5664,2.994887,0.00883,43.142353,96,5568,2.99387,0.431773,0.38773,0.293984,0.579029,112.0,38.773,29.398400000000002,57.9029,0.388929288256328,0.29662832061024813,0.7258735326579469,Assembly,0.7258735326579469,16,0.28653295128939826
17,9048,2.998786,1.031369,12.202117,60,10023,2.998686,0.241047,88.418737,1035,8988,2.99648,2.45231,0.628079,0.521466,0.936304,1095.0,62.807900000000004,52.1466,93.63040000000001,0.642602162803409,0.5936523590190799,1.7703263123780544,Assembly,1.7703263123780544,60,0.6631299734748011
2,1432,2.990839,0.0,6.658204,6,1438,3.007662,0.0,5.128043,12,1426,3.007859,0.0,0.098966,0.075013,0.14901,18.0,9.8966,7.5013,14.901,0.098966,0.075013,0.14901,Assembly,0.14901,6,0.41899441340782123
7,5075,3.006124,0.023877,5.130291,9,5215,3.002149,0.004275,11.628766,149,5066,2.99922,0.196128,0.352724,0.271184,0.527808,158.0,35.2724,27.118399999999998,52.780800000000006,0.35306022259177555,0.27246423449703405,0.5945104675029189,Assembly,0.5945104675029189,9,0.17733990147783252
2,6534,3.000437,0.151327,65.518435,300,6273,3.000844,0.018328,0.28939,39,6234,3.002398,0.570881,0.453303,0.326805,0.65103,339.0,45.3303,32.6805,65.103,0.45543390238076914,0.3322936872190971,0.8451846915816907,Assembly,0.8451846915816907,300,4.591368227731864
11,8206,2.998957,0.504611,25.014296,218,8041,2.98958,0.143865,8.494219,53,7988,2.996063,1.619655,0.568689,0.416723,0.83214,271.0,56.8689,41.6723,83.214,0.575794650553188,0.45980625986334583,1.3829791713750208,Assembly,1.3829791713750208,218,2.6565927370216915
14,8676,2.997014,0.720996,5.37348,24,8700,3.000334,0.126702,31.127466,48,8652,2.994676,2.172477,0.60193,0.452887,0.900661,72.0,60.193,45.2887,90.0661,0.6120826633907036,0.4908304552615691,1.6395130583156852,Assembly,1.6395130583156852,24,0.2766251728907331
13,6471,2.988715,0.175446,28.952885,225,6282,3.006076,0.040831,0.642886,36,6246,2.997984,0.798595,0.446942,0.32716,0.650291,261.0,44.6942,32.716,65.0291,0.44941253268152026,0.33938766192944964,0.9218904505399204,Assembly,0.9218904505399204,225,3.477051460361613
12,8352,2.994024,0.677329,4.422449,3,8928,3.001464,0.226883,28.452241,579,8349,2.998949,1.866252,0.578845,0.463533,0.869726,582.0,57.8845,46.3533,86.9726,0.5883827690608019,0.5314776651206026,1.504431974579139,Assembly,1.504431974579139,3,0.035919540229885055
20,11408,2.999301,2.353436,124.530288,1858,12304,2.998514,0.749233,194.561306,2754,9550,3.004302,2.924813,0.789033,0.640528,0.997404,4612.0,78.9033,64.0528,99.7404,0.8221727726472325,0.8649008498049853,1.9921229798734226,Assembly,1.9921229798734226,1858,16.286816269284714
17,12444,3.000277,7.4728,126.561191,2872,12172,3.000336,0.764545,122.136502,2600,9572,2.996409,2.871066,0.845117,0.633819,0.996751,5472.0,84.5117,63.3819,99.6751,0.9503448001348833,0.8627773353298004,1.973190807491716,Assembly,1.973190807491716,2872,23.07939569270331
17,9191,2.999884,0.974504,64.422281,382,8970,3.003117,0.245865,5.743962,161,8809,2.998401,2.428497,0.63783,0.467673,0.918175,543.0,63.783,46.7673,91.8175,0.6515524216013602,0.5413022057574916,1.7440985918555025,Assembly,1.7440985918555025,382,4.156239799804156
9,13908,2.998473,22.766608,198.964402,4319,14231,2.997094,1.949692,222.579787,4642,9589,2.993868,2.917588,0.964413,0.738579,0.997592,8961.0,96.4413,73.8579,99.7592,1.2849996711772342,1.3224533759043995,1.9898537818817612,Assembly,1.9898537818817612,4319,31.054069600230083
15,8879,3.003365,0.689303,9.280411,227,9256,2.998139,0.239364,55.592815,604,8652,3.00238,2.087737,0.610179,0.481605,0.902963,831.0,61.017900000000004,48.1605,90.2963,0.6198853802478824,0.5532873509118265,1.6129952717671183,Assembly,1.6129952717671183,227,2.556594211059804
19,10560,2.999035,1.376981,76.005079,1023,11160,3.002892,0.654074,107.170372,1623,9537,2.999112,2.870758,0.730482,0.581001,0.994233,2646.0,73.0482,58.1001,99.4233,0.749871878152437,0.7768765785761517,1.9705680577365006,Assembly,1.9705680577365006,1023,9.6875
18,11984,3.000922,3.256479,152.03993,2426,12000,2.999833,0.667417,182.645216,2442,9558,3.002902,2.922716,0.83131,0.624073,0.997506,4868.0,83.131,62.4073,99.7506,0.8771659203184141,0.8239444075571868,1.991511797286777,Assembly,1.991511797286777,2426,20.24365821094793
2,1508,3.005263,0.0,9.699671,36,1476,3.001821,0.0,11.27358,4,1472,2.987055,0.0,0.104781,0.076875,0.152738,40.0,10.4781,7.6875,15.273800000000001,0.104781,0.076875,0.152738,Assembly,0.152738,36,2.3872679045092835
3,1450,2.981406,0.0,6.986999,12,1470,3.006477,0.0,7.965516,32,1438,3.00644,0.0,0.099875,0.076696,0.150601,44.0,9.9875,7.6696,15.060100000000002,0.099875,0.076696,0.150601,Assembly,0.150601,12,0.8275862068965517
7,10785,2.999319,2.261742,64.711433,1320,11055,3.001883,0.461908,130.91632,1590,9465,3.003397,2.880119,0.747279,0.575318,0.988208,2910.0,74.7279,57.5318,98.82079999999999,0.7791275889001006,0.7136456154516967,1.9677267020825133,Assembly,1.9677267020825133,1320,12.23922114047288
15,10995,3.003222,2.006364,108.396565,1591,10725,3.006752,0.387144,72.137146,1321,9404,3.002869,2.830256,0.763728,0.559871,0.981281,2912.0,76.3728,55.9871,98.12809999999999,0.7919804983928146,0.6758090360514034,1.9438414649256666,Assembly,1.9438414649256666,1591,14.470213733515234
18,13623,2.997959,12.067902,212.099814,4059,13148,3.000321,1.337744,170.462461,3584,9564,3.000204,2.928001,0.944208,0.684866,0.997573,7643.0,94.4208,68.4866,99.7573,1.1141414626516646,1.0854802729825301,1.9933762078592245,Assembly,1.9933762078592245,4059,29.795199295309406
11,4886,2.995504,0.029876,9.363675,217,4690,3.004631,0.000633,10.079257,21,4669,2.994734,0.143358,0.338514,0.244137,0.485704,238.0,33.8514,24.4137,48.5704,0.33893469716262037,0.24432656454657836,0.5344595695070742,Assembly,0.5344595695070742,217,4.441260744985674
16,8472,3.010312,0.459626,15.608742,36,8604,2.999397,0.180947,4.461818,168,8436,2.99764,1.809588,0.589063,0.447664,0.878066,204.0,58.9063,44.7664,87.8066,0.5955351968826672,0.5018522085461566,1.493500740392356,Assembly,1.493500740392356,36,0.424929178470255
17,12384,3.003724,4.343135,154.255516,2862,13752,3.004796,1.305725,220.276411,4230,9522,3.001675,2.912961,0.861067,0.717409,0.993352,7092.0,86.1067,71.7409,99.3352,0.9222246038083204,1.1084345412022885,1.9840401548772744,Assembly,1.9840401548772744,2862,23.11046511627907
8,7100,2.997492,0.156588,0.822248,47,7480,3.003444,0.050298,34.92372,427,7053,3.00324,0.965239,0.492309,0.390031,0.736566,474.0,49.2309,39.0031,73.65660000000001,0.4945139848473826,0.4050937449665073,1.0648405096572133,Assembly,1.0648405096572133,47,0.6619718309859155
17,12155,2.998059,4.611337,162.518182,2662,12971,3.00447,1.279521,160.812432,3478,9493,3.000968,2.906314,0.84358,0.672248,0.990053,6140.0,84.358,67.2248,99.00529999999999,0.9085142747284274,1.0554262278080708,1.9784805327249457,Assembly,1.9784805327249457,2662,21.900452488687783
17,11985,2.99796,5.843576,128.736615,2459,11662,2.998403,0.746768,160.755583,2136,9526,3.000709,2.898306,0.831726,0.607073,0.993527,4595.0,83.1726,60.7073,99.3527,0.9140119767959802,0.8307076561125433,1.9792310390893437,Assembly,1.9792310390893437,2459,20.517313308302043
9,1488,2.998504,0.0,6.793282,20,1476,3.004299,0.0,4.948136,8,1468,3.025659,0.0,0.103263,0.076773,0.15431,28.0,10.3263,7.6773,15.431000000000001,0.103263,0.076773,0.15431,Assembly,0.15431,20,1.3440860215053763
15,4935,3.006881,0.010965,7.085973,8,5019,2.991967,0.00582,15.476205,92,4927,3.002405,0.178301,0.343494,0.260299,0.514112,100.0,34.3494,26.0299,51.4112,0.3436484030120543,0.262041915736313,0.574751565274912,Assembly,0.574751565274912,8,0.16210739614994932
16,11712,2.992668,2.781711,106.264378,2178,12208,2.997825,1.23348,138.901545,2674,9534,3.003516,2.91201,0.810856,0.635221,0.995236,4852.0,81.0856,63.5221,99.5236,0.8500265022402589,1.0046113268775576,1.9856007230032162,Assembly,1.9856007230032162,2178,18.596311475409834
3,6080,2.996564,0.098962,24.895887,53,6056,3.006337,0.010443,1.45837,29,6027,3.006862,0.670086,0.420634,0.315758,0.630182,82.0,42.0634,31.575799999999997,63.0182,0.4220275276679355,0.3188853658134565,0.8580759755626983,Assembly,0.8580759755626983,53,0.8717105263157894
19,13167,3.001402,6.220828,187.133832,3637,13927,3.001613,1.580064,221.534325,4397,9530,3.002903,2.929706,0.911244,0.725755,0.994966,8034.0,91.12440000000001,72.5755,99.4966,0.9988422289714011,1.198936857385171,1.9913490725755958,Assembly,1.9913490725755958,3637,27.62208551682236
15,10680,3.005121,1.404104,78.51032,1166,10995,3.007376,0.562356,104.14103,1481,9514,3.000669,2.893823,0.741647,0.573988,0.992632,2647.0,74.1647,57.39880000000001,99.2632,0.7614188091050998,0.7423967838161589,1.976811385996386,Assembly,1.976811385996386,1166,10.917602996254681
14,10388,3.003154,1.648221,58.433786,854,10108,3.002912,0.272366,33.821184,574,9534,3.000691,2.9186,0.722005,0.526437,0.994493,1428.0,72.2005,52.6437,99.4493,0.7452143284934853,0.6080024617588715,1.9870989596488977,Assembly,1.9870989596488977,854,8.221024258760108
4,12080,3.004165,4.064819,145.747469,2572,12608,2.993961,0.879546,183.005569,3100,9508,3.00002,2.906978,0.826549,0.654837,0.991542,5672.0,82.6549,65.4837,99.1542,0.8837875131833417,0.9182346914452186,1.9801953568725532,Assembly,1.9801953568725532,2572,21.291390728476824
16,5640,3.000536,0.062552,0.324741,3,5904,3.000716,0.002299,62.405326,267,5637,2.997808,0.355204,0.391737,0.30723,0.587049,270.0,39.1737,30.723,58.7049,0.39261782236297466,0.3079184816628494,0.7078526754920603,Assembly,0.7078526754920603,3,0.05319148936170213
3,2259,2.986963,0.0,51.963783,138,2136,2.99711,0.0,1.971113,15,2121,3.001406,0.0,0.155937,0.111033,0.221504,153.0,15.593699999999998,11.1033,22.1504,0.155937,0.111033,0.221504,Assembly,0.221504,138,6.108897742363878
15,11600,3.000025,3.077778,127.201915,2143,11008,3.001533,0.707259,99.784178,1551,9457,3.00344,2.866144,0.804694,0.57364,0.987289,3694.0,80.46940000000001,57.364000000000004,98.7289,0.8480335525430281,0.7854428935994864,1.9620548519879155,Assembly,1.9620548519879155,2143,18.47413793103448
5,3540,3.002747,0.001071,1.062768,5,3755,2.993702,0.00194,26.332621,220,3535,3.005361,0.027585,0.246058,0.19501,0.369006,225.0,24.6058,19.500999999999998,36.9006,0.2460730812244332,0.19559097191210434,0.3783875649273332,Assembly,0.3783875649273332,5,0.14124293785310735
14,12692,3.000537,5.736351,180.630638,3123,14592,2.996922,1.562439,213.342023,5023,9569,2.99586,2.92343,0.879872,0.75768,0.996288,8146.0,87.9872,75.768,99.6288,0.9606480941724036,1.2255836976166976,1.9905366262647768,Assembly,1.9905366262647768,3123,24.60605105578317
17,11322,2.999602,3.72336,97.428185,1837,11934,3.004593,0.734914,151.103077,2449,9485,2.997763,2.879587,0.786146,0.621741,0.988255,4286.0,78.6146,62.174099999999996,98.8255,0.8385762780631382,0.841825738047551,1.9675927706871414,Assembly,1.9675927706871414,1837,16.225048577989753
5,13518,3.004016,10.560399,218.910017,3969,11988,3.002307,0.772261,151.360568,2439,9549,3.005616,2.939144,0.939153,0.624114,0.997618,6408.0,93.9153,62.41139999999999,99.7618,1.087858646520263,0.8553830462956751,1.9972109043604127,Assembly,1.9972109043604127,3969,29.360852197070574
16,11840,2.992097,3.442804,132.399187,2336,11744,2.997394,0.477909,148.446135,2240,9504,2.99823,2.864957,0.814629,0.609643,0.990246,4576.0,81.4629,60.9643,99.02459999999999,0.8631086450079726,0.7527624358463264,1.9646081573144065,Assembly,1.9646081573144065,2336,19.72972972972973
9,7220,3.002247,0.271147,0.715025,49,7750,3.004,0.057762,59.364791,579,7171,2.994365,1.093953,0.501409,0.403348,0.746753,628.0,50.1409,40.3348,74.6753,0.5052271407669379,0.4206459894778201,1.1188027044390427,Assembly,1.1188027044390427,49,0.6786703601108033
4,14402,3.003301,30.623112,236.967321,4850,13547,3.001049,1.308513,197.424852,3995,9552,3.001465,2.918337,0.99387,0.701442,0.996476,8845.0,99.387,70.1442,99.6476,1.425087576951631,1.0933024637233952,1.9889925142410352,Assembly,1.9889925142410352,4850,33.675878350229134
16,12656,3.006188,3.385351,165.385788,3149,11312,3.008926,0.665342,110.917487,1805,9507,3.004909,2.896011,0.87637,0.589613,0.992987,4954.0,87.637,58.96130000000001,99.2987,0.9240406239179996,0.7888630071872814,1.9779105173743452,Assembly,1.9779105173743452,3149,24.881479140328697
14,9688,2.998365,1.211206,35.926208,374,9982,2.99832,0.295135,24.055108,668,9314,2.999529,2.681686,0.671974,0.519178,0.971027,1042.0,67.1974,51.9178,97.1027,0.6890295270969613,0.6075620955045951,1.883059311898518,Assembly,1.883059311898518,374,3.8604459124690336
7,4837,3.004265,0.029746,10.55138,77,4767,3.002577,0.001681,13.264126,7,4760,3.009108,0.160476,0.33615,0.248503,0.497451,84.0,33.615,24.8503,49.7451,0.33656886657515417,0.24900640916713784,0.5520283432401208,Assembly,0.5520283432401208,77,1.5918958031837915
16,11632,3.001656,2.693324,168.427784,2103,11952,2.996357,0.751311,128.476366,2423,9529,2.999238,2.916027,0.808224,0.621231,0.993609,4526.0,80.8224,62.1231,99.3609,0.846149885821979,0.8462261485850638,1.9853398910769193,Assembly,1.9853398910769193,2103,18.079436038514444
16,737,2.994643,0.0,21.305366,44,699,2.984958,0.0,2.716849,6,693,2.99615,0.0,0.05105,0.036158,0.072249,50.0,5.1049999999999995,3.6158,7.224899999999999,0.05105,0.036158,0.072249,Assembly,0.072249,44,5.970149253731343
14,9954,3.000172,1.085259,31.085767,492,10318,2.99851,0.317428,57.698023,856,9462,3.003848,2.814779,0.690471,0.536865,0.98788,1348.0,69.0471,53.6865,98.788,0.7057530117153655,0.6319251815028126,1.9451767897260894,Assembly,1.9451767897260894,492,4.942736588306208
20,14760,3.002156,44.170717,221.127273,5202,14720,2.999385,1.970128,264.832083,5162,9558,2.997696,2.904735,0.986094,0.76547,0.995811,10364.0,98.60940000000001,76.547,99.5811,1.6080813916457677,1.355464346005309,1.9837015201811627,Assembly,1.9837015201811627,5202,35.24390243902439
11,1384,2.998927,0.0,30.06063,112,1276,3.007854,0.0,1.604443,4,1272,2.991824,0.0,0.096084,0.06663,0.13218,116.0,9.6084,6.662999999999999,13.218,0.096084,0.06663,0.13218,Assembly,0.13218,112,8.092485549132949
12,8916,2.998003,0.733376,30.260673,121,8844,2.999535,0.134038,7.163054,49,8795,2.999375,2.18065,0.615,0.459881,0.916922,170.0,61.5,45.988099999999996,91.6922,0.6253269916432556,0.5000213676054853,1.6585536678915813,Assembly,1.6585536678915813,121,1.3571108120233288
2,1472,2.996362,0.0,4.043502,4,1520,3.000781,0.0,9.824299,52,1468,3.012164,0.0,0.102001,0.079177,0.153657,56.0,10.200099999999999,7.9177,15.365699999999999,0.102001,0.079177,0.153657,Assembly,0.153657,4,0.2717391304347826
18,2202,3.011759,0.0,28.191484,59,2160,2.991156,0.0,0.788704,17,2143,3.005032,0.0,0.153426,0.112013,0.224054,76.0,15.342600000000001,11.2013,22.4054,0.153426,0.112013,0.224054,Assembly,0.224054,59,2.679382379654859
4,2764,3.000747,0.0,0.020212,4,3088,3.002017,0.0,84.717606,328,2760,3.001438,0.003145,0.191992,0.160783,0.2879,332.0,19.1992,16.078300000000002,28.79,0.19199200000000002,0.160783,0.2889696038316644,Assembly,0.2889696038316644,4,0.1447178002894356
20,3036,3.015027,0.00037,88.129101,416,2636,2.999498,0.0,0.021124,16,2620,2.995572,0.006634,0.211401,0.137176,0.272886,432.0,21.1401,13.7176,27.288600000000002,0.2114062101335577,0.137176,0.27514220089642666,Assembly,0.27514220089642666,416,13.70223978919631
17,4508,2.995815,0.025594,0.583461,14,5215,3.004232,0.00145,96.782565,721,4494,2.991794,0.131237,0.312143,0.271618,0.466845,735.0,31.2143,27.161800000000003,46.6845,0.3125034004277717,0.27205223158378933,0.5114782585234162,Assembly,0.5114782585234162,14,0.3105590062111801
4,2924,2.997814,0.000103,21.180168,8,2940,3.003808,0.0,5.446575,24,2916,2.993958,0.003798,0.20254,0.153327,0.303138,32.0,20.254,15.332699999999999,30.3138,0.20254145038853094,0.153327,0.30442968691658556,Assembly,0.30442968691658556,8,0.27359781121751026
7,5138,3.008409,0.039787,71.680315,409,4767,3.002355,0.008342,0.495642,38,4729,2.988604,0.17805,0.357395,0.248374,0.491787,447.0,35.7395,24.837400000000002,49.1787,0.3579552583347563,0.2508721792220487,0.5523412010263435,Assembly,0.5523412010263435,409,7.960295834955236
8,6072,2.992601,0.076852,0.23735,46,6096,2.994224,0.007833,49.9814,70,6026,3.004608,0.449719,0.420501,0.316889,0.629875,116.0,42.0501,31.688899999999997,62.9875,0.4215831869842584,0.3192347489626357,0.7828229063822869,Assembly,0.7828229063822869,46,0.7575757575757576
14,4494,3.00179,0.011681,29.775289,124,4380,2.992016,0.000716,1.085226,10,4370,3.007193,0.07612,0.311904,0.227513,0.456719,134.0,31.1904,22.7513,45.6719,0.3120684853245605,0.22772742056137457,0.4826071537889653,Assembly,0.4826071537889653,124,2.7592345349354694
8,6344,2.99399,0.129359,11.088011,300,6080,3.000439,0.009777,2.442579,36,6044,2.995981,0.494663,0.439404,0.316285,0.629671,336.0,43.940400000000004,31.6285,62.967099999999995,0.4412255612618628,0.3192129187549712,0.7979042083251568,Assembly,0.7979042083251568,300,4.7288776796973515
9,2076,2.988788,0.0,1.40229,0,2199,2.999769,0.0,29.955218,123,2076,2.989793,0.0,0.143628,0.114366,0.215514,123.0,14.3628,11.4366,21.5514,0.143628,0.11436600000000001,0.215514,Assembly,0.215514,0,0.0
4,2880,3.004936,0.0,28.846508,161,2724,3.005285,0.0,1.358537,5,2719,2.996314,0.016045,0.200077,0.141999,0.282968,166.0,20.0077,14.1999,28.2968,0.200077,0.141999,0.2884248500728317,Assembly,0.2884248500728317,161,5.590277777777778
1,9954,2.994722,1.11733,37.366419,827,9576,2.992224,0.351117,21.264201,449,9127,2.998258,2.492243,0.689667,0.497473,0.951223,1276.0,68.9667,49.7473,95.12230000000001,0.7054006176432809,0.6026220282795566,1.7988263902190258,Assembly,1.7988263902190258,827,8.308217801888688
5,3560,3.006217,0.001877,16.836435,112,3450,3.001797,0.0,3.615899,2,3448,2.996276,0.019525,0.247696,0.179795,0.358926,114.0,24.7696,17.9795,35.8926,0.24772243086672374,0.179795,0.3655663862681233,Assembly,0.3655663862681233,112,3.146067415730337
4,12942,2.99492,5.062371,196.945521,3373,13338,2.99797,1.36905,226.077609,3769,9569,2.999209,2.925781,0.888175,0.694153,0.997396,7142.0,88.81750000000001,69.4153,99.7396,0.9594604838610199,1.1041424826115707,1.9924441933898143,Assembly,1.9924441933898143,3373,26.062432390666046
17,12580,2.999371,4.603646,153.384998,3081,12495,2.999108,0.783879,159.299707,2996,9499,3.001933,2.918493,0.858757,0.649782,0.990958,6077.0,85.8757,64.9782,99.0958,0.9235829743576377,0.8845302894270299,1.9835275693118586,Assembly,1.9835275693118586,3081,24.491255961844196
14,12258,2.998627,4.305893,116.385722,2792,13122,3.002915,1.305264,173.612895,3656,9466,2.990695,2.827875,0.848968,0.681309,0.984133,6448.0,84.8968,68.13090000000001,98.4133,0.9096011827435757,1.0721964855056494,1.945883694902394,Assembly,1.945883694902394,2792,22.77696198401044
9,6417,3.003786,0.164864,58.71065,355,6084,2.988359,0.023779,1.503779,22,6062,2.996898,0.487088,0.446209,0.315544,0.63159,377.0,44.6209,31.554399999999998,63.159,0.4485305228617703,0.32266509850408714,0.7972469765207505,Assembly,0.7972469765207505,355,5.532180146485897
12,8388,2.993193,0.682359,9.620413,108,8328,3.002134,0.111891,9.864047,48,8280,3.001071,1.77049,0.57994,0.433473,0.863766,156.0,57.994,43.3473,86.3766,0.5895485987143024,0.4669810042357045,1.4659036432189327,Assembly,1.4659036432189327,108,1.2875536480686696
9,6615,3.002841,0.157818,20.490847,211,6435,3.001294,0.037907,0.893309,31,6404,2.996602,0.671116,0.459028,0.334806,0.667173,242.0,45.9028,33.4806,66.7173,0.4612503050211015,0.3461580114804842,0.8954172750687759,Assembly,0.8954172750687759,211,3.1897203325774752
1,730,2.988167,0.0,1.526746,2,740,3.010788,0.0,15.604311,12,728,3.013616,0.0,0.050386,0.038637,0.076178,14.0,5.0386,3.8636999999999997,7.6178,0.050386,0.038637,0.076178,Assembly,0.076178,2,0.273972602739726
11,2136,2.996732,0.0,3.178146,12,2130,2.99541,0.0,11.502654,6,2124,3.009337,0.0,0.148053,0.110768,0.222362,18.0,14.805299999999999,11.0768,22.2362,0.148053,0.110768,0.222362,Assembly,0.222362,12,0.5617977528089888
9,6381,2.999276,0.140357,42.711626,504,5895,2.999938,0.015467,4.229747,18,5877,2.991395,0.396283,0.442847,0.307036,0.610586,522.0,44.2847,30.703599999999998,61.0586,0.4448234289615046,0.31166790338377204,0.7453605040456192,Assembly,0.7453605040456192,504,7.898448519040903
1,13050,2.994389,7.878362,183.020034,3478,11646,3.001157,0.621692,121.249712,2074,9572,2.998698,2.912262,0.901922,0.606652,0.997578,5552.0,90.1922,60.6652,99.7578,1.0128606979346777,0.7928301391649337,1.9880284273483926,Assembly,1.9880284273483926,3478,26.65134099616858
18,12726,3.00106,8.069856,142.727007,3155,13068,3.001933,1.328866,197.044593,3497,9571,2.999128,2.932289,0.87225,0.680358,0.997722,6652.0,87.225,68.0358,99.7722,0.9858852095981813,1.0783135778095083,1.9949835421136526,Assembly,1.9949835421136526,3155,24.791764890774793
12,12132,3.001272,3.955495,117.760919,2549,12078,3.001456,0.838335,161.923525,2495,9583,2.995213,2.92705,0.84239,0.62758,0.997692,5044.0,84.239,62.758,99.7692,0.8980890736129069,0.8786362308938104,1.9931717759851661,Assembly,1.9931717759851661,2549,21.01055060995714
3,10444,2.999001,1.687888,91.737236,1034,9702,3.002367,0.300023,18.421223,292,9410,3.002784,2.74794,0.724402,0.505211,0.98225,1326.0,72.4402,50.5211,98.225,0.7481698970551959,0.5950589051470517,1.9168150725545097,Assembly,1.9168150725545097,1034,9.90042129452317
20,13700,2.989347,20.337625,230.424609,4139,14700,2.999079,1.609415,262.532435,5139,9561,3.001714,2.914548,0.947787,0.765078,0.997634,9278.0,94.7787,76.5078,99.7634,1.2341700878276156,1.2470496030512406,1.9888618881939202,Assembly,1.9888618881939202,4139,30.21167883211679
15,2984,2.993535,0.0,61.627535,139,2856,2.982468,0.0,0.046745,11,2845,2.995958,0.00513,0.206467,0.14789,0.296225,150.0,20.646700000000003,14.789,29.622500000000002,0.20646700000000004,0.14789,0.29796969559823167,Assembly,0.29796969559823167,139,4.658176943699733
12,1500,3.009144,0.0,24.241081,138,1370,2.990412,0.0,2.127273,8,1362,2.998721,0.0,0.104494,0.071022,0.142297,146.0,10.4494,7.1022,14.229700000000001,0.104494,0.071022,0.142297,Assembly,0.142297,138,9.2
16,11792,2.99609,3.306363,150.322349,2225,11488,3.003988,0.575573,126.745851,1921,9567,2.999409,2.925029,0.816141,0.598968,0.997649,4146.0,81.61410000000001,59.89679999999999,99.7649,0.8626993589735272,0.7713348795699131,1.9924414407407167,Assembly,1.9924414407407167,2225,18.868724559023068
19,4893,2.995416,0.026253,0.533212,21,5005,3.01079,0.000657,18.164704,133,4872,2.994176,0.215945,0.339051,0.261615,0.506826,154.0,33.9051,26.1615,50.6826,0.3394206800980812,0.26181175182796523,0.5802681619805322,Assembly,0.5802681619805322,21,0.4291845493562232
3,2304,2.994018,0.0,104.184969,318,1995,3.016855,0.0,1.350162,9,1986,2.985401,0.0,0.159204,0.104478,0.206048,327.0,15.9204,10.4478,20.6048,0.159204,0.10447800000000002,0.206048,Assembly,0.206048,318,13.802083333333334
17,4907,2.984113,0.027762,6.228542,12,5005,2.993398,0.005611,26.53471,110,4895,3.005445,0.198365,0.338882,0.25997,0.511255,122.0,33.888200000000005,25.996999999999996,51.1255,0.3392729289941314,0.26165032649423575,0.5787182636146624,Assembly,0.5787182636146624,12,0.24454860403505196
15,10410,2.995479,1.168044,62.146604,902,10755,2.998383,0.38267,73.353293,1247,9508,3.005719,2.895143,0.718045,0.55943,0.993393,2149.0,71.8045,55.943,99.3393,0.7344927438952936,0.67402820701287,1.9780213135187381,Assembly,1.9780213135187381,902,8.66474543707973
20,14320,3.00042,15.203073,220.861809,4769,13780,2.993401,1.538406,194.833693,4229,9551,3.000085,2.925169,0.980912,0.713243,0.996074,8998.0,98.0912,71.3243,99.6074,1.1949931913981426,1.1739495337179326,1.9909140542658146,Assembly,1.9909140542658146,4769,33.30307262569833
15,5976,3.005172,0.074586,18.479527,216,5776,3.001863,0.005489,3.967482,16,5760,3.005283,0.334747,0.414788,0.301024,0.601241,232.0,41.4788,30.102400000000003,60.124100000000006,0.41583827843657806,0.30266779114718595,0.7150873191854279,Assembly,0.7150873191854279,216,3.614457831325301
9,9451,3.007258,1.136802,28.816741,258,9230,3.002936,0.247616,10.398523,37,9193,2.999864,2.601604,0.657623,0.4812,0.958476,295.0,65.7623,48.120000000000005,95.8476,0.6736308114828358,0.5553535778286744,1.8432726953492808,Assembly,1.8432726953492808,258,2.7298698550417946
10,12444,2.99347,6.788828,155.985798,2863,12393,3.007024,0.857473,150.503396,2812,9581,2.99479,2.90293,0.852658,0.646721,0.99732,5675.0,85.2658,64.6721,99.732,0.9482544880545578,0.9035084888597138,1.984596645804007,Assembly,1.984596645804007,2863,23.007071681131467
14,7230,3.000631,0.17636,11.966711,154,7110,2.995408,0.063709,21.170972,34,7076,2.984357,0.981639,0.502189,0.369372,0.734275,188.0,50.2189,36.9372,73.4275,0.504672403119552,0.38845093791147184,1.068127094025829,Assembly,1.068127094025829,154,2.1300138312586445
18,8748,3.000652,0.55742,47.406903,558,8256,3.000162,0.110029,1.780667,66,8190,2.997379,1.674859,0.606911,0.429143,0.8534,624.0,60.6911,42.9143,85.34,0.6147602774262909,0.4620933909881074,1.423013864514354,Assembly,1.423013864514354,558,6.378600823045268
8,6880,3.004917,0.164147,19.326817,26,7170,3.006552,0.056338,19.343551,316,6854,3.011221,0.851607,0.478546,0.374022,0.717741,342.0,47.854600000000005,37.4022,71.77409999999999,0.4808574264678221,0.3908935441155332,1.0073696519148627,Assembly,1.0073696519148627,26,0.37790697674418605
15,5180,3.008134,0.021173,14.88415,17,5222,2.993073,0.000371,5.004233,59,5163,2.996799,0.182923,0.360718,0.27135,0.538281,76.0,36.071799999999996,27.134999999999998,53.8281,0.3610161463724783,0.2714611033914385,0.6004924917963597,Assembly,0.6004924917963597,17,0.3281853281853282
13,7579,3.006763,0.343268,1.501491,15,8074,3.009431,0.101679,38.070356,510,7564,3.003167,1.297309,0.527522,0.421647,0.789234,525.0,52.7522,42.164699999999996,78.9234,0.532355708448868,0.4520968160055964,1.2304443902234468,Assembly,1.2304443902234468,15,0.19791529225491492
12,6651,2.990324,0.197149,0.92002,27,6750,2.996029,0.050026,39.78108,126,6624,2.99083,0.733816,0.460407,0.350818,0.688749,153.0,46.0407,35.0818,68.8749,0.46318314221828394,0.36579928911078957,0.938317332380496,Assembly,0.938317332380496,27,0.40595399188092013
8,5584,2.991515,0.080441,1.218784,24,5576,2.99961,0.011844,20.722963,16,5560,2.997487,0.347165,0.386687,0.290379,0.579492,40.0,38.6687,29.0379,57.9492,0.387819725279768,0.2939259233644143,0.697561638861615,Assembly,0.697561638861615,24,0.42979942693409745
20,2085,3.003454,0.0,0.008459,3,2166,3.002381,0.0,40.455921,84,2082,3.007191,0.000355,0.144958,0.112847,0.217534,87.0,14.495800000000001,11.2847,21.7534,0.144958,0.112847,0.21765473429578405,Assembly,0.21765473429578405,3,0.14388489208633093
3,2082,3.005593,0.0,0.586438,6,2205,2.99375,0.0,46.389394,129,2076,3.006753,0.0,0.144666,0.114591,0.216799,135.0,14.4666,11.4591,21.6799,0.144666,0.114591,0.216799,Assembly,0.216799,6,0.2881844380403458
17,12155,3.003183,4.356167,153.438881,2612,12070,2.995725,0.738486,174.172006,2527,9543,2.999294,2.924497,0.843584,0.627667,0.995214,5139.0,84.3584,62.7667,99.5214,0.9049251131610875,0.8488214450939617,1.9898255093453447,Assembly,1.9898255093453447,2612,21.48909913615796
9,2744,2.982274,0.0,0.153746,6,2856,3.008018,0.0,27.347013,118,2738,2.994631,0.000968,0.18943,0.148709,0.284955,124.0,18.942999999999998,14.8709,28.4955,0.18943,0.148709,0.2852842135163915,Assembly,0.2852842135163915,6,0.21865889212827988
8,6216,2.991245,0.110539,52.026603,392,5848,3.002594,0.015764,0.627831,24,5824,2.995758,0.441347,0.430424,0.30465,0.60662,416.0,43.0424,30.464999999999996,60.662000000000006,0.43198054852252304,0.3093708459909344,0.7567206175814303,Assembly,0.7567206175814303,392,6.306306306306306
1,705,2.996736,0.0,3.118171,2,744,2.996258,0.0,46.98449,41,703,2.993654,0.0,0.048897,0.038702,0.073136,43.0,4.8897,3.8702,7.313600000000001,0.048897,0.038702,0.073136,Assembly,0.073136,2,0.28368794326241137
5,3615,2.99663,0.004856,44.751081,230,3385,2.992323,0.000479,0.476686,0,3385,3.005667,0.030863,0.25076,0.175851,0.35327,230.0,25.075999999999997,17.5851,35.327,0.25082837948258413,0.17599444615767937,0.3637664016078407,Assembly,0.3637664016078407,230,6.36237897648686
11,7180,2.995342,0.237404,19.945503,199,7070,3.000595,0.039613,2.337266,89,6981,2.995352,0.931481,0.497857,0.366626,0.72707,288.0,49.7857,36.6626,72.707,0.5011999906679185,0.37848890739906654,1.0438635283696684,Assembly,1.0438635283696684,199,2.7715877437325904
12,7689,2.994795,0.464754,28.679936,33,7777,3.000607,0.10528,4.35189,121,7656,3.002574,1.263474,0.532713,0.404275,0.798749,154.0,53.2713,40.4275,79.87490000000001,0.5392574065174884,0.43580320768368297,1.2284522214970985,Assembly,1.2284522214970985,33,0.4291845493562232
7,12852,3.000244,5.995142,205.668438,3306,12510,3.001421,0.871264,190.667006,2964,9546,3.004041,2.931059,0.890273,0.651871,0.99687,6270.0,89.0273,65.1871,99.687,0.9746932446413987,0.9127884804266371,1.9937132232860064,Assembly,1.9937132232860064,3306,25.72362278244631
2,1444,3.009387,0.0,6.154231,10,1444,3.003085,0.0,4.797565,10,1434,3.002511,0.0,0.100388,0.075216,0.149716,20.0,10.0388,7.5216,14.971599999999999,0.100388,0.075216,0.149716,Assembly,0.149716,10,0.6925207756232686
5,3415,3.001465,0.000674,2.519309,15,3800,2.994225,0.0,77.344157,400,3400,2.999828,0.008978,0.236786,0.197536,0.354239,415.0,23.6786,19.7536,35.4239,0.2367954908919402,0.197536,0.3572923873452093,Assembly,0.3572923873452093,15,0.43923865300146414
4,2976,2.997264,0.000364,40.142956,4,3096,3.005463,0.0,2.145747,124,2972,2.991408,0.005751,0.20647,0.161473,0.308707,128.0,20.647,16.1473,30.8707,0.2064751256449054,0.161473,0.3106628955917018,Assembly,0.3106628955917018,4,0.13440860215053765
17,13141,2.999872,6.723743,208.157373,3594,11322,2.999459,0.914134,120.249187,1775,9547,3.001794,2.931181,0.908102,0.588291,0.996069,5369.0,90.8102,58.829100000000004,99.6069,1.002781997398876,0.8620467618039118,1.9929537150721632,Assembly,1.9929537150721632,3594,27.349516779544935
15,14060,2.999644,10.435269,221.255453,4492,14860,2.99848,1.962863,256.212223,5292,9568,2.999859,2.933169,0.966631,0.771767,0.997629,9784.0,96.6631,77.1767,99.7629,1.1135746356768204,1.3595856960354955,1.995189827128554,Assembly,1.995189827128554,4492,31.948790896159316
9,2163,2.998429,0.0,16.439156,81,2091,3.012561,0.0,12.418905,9,2082,3.000894,0.003667,0.150134,0.109362,0.217426,90.0,15.013399999999999,10.9362,21.7426,0.150134,0.109362,0.21867313426095816,Assembly,0.21867313426095816,81,3.744798890429958
15,10425,2.9983,1.862315,70.058631,873,11310,3.007838,0.600244,133.086015,1758,9552,2.999411,2.885272,0.72303,0.590602,0.995912,2631.0,72.303,59.060199999999995,99.5912,0.7492540807472694,0.7703571053655451,1.9771832199027255,Assembly,1.9771832199027255,873,8.37410071942446
5,7030,2.996975,0.241935,20.272857,19,7190,3.001304,0.046753,9.663713,179,7011,2.995261,1.083286,0.487069,0.37452,0.729811,198.0,48.7069,37.452000000000005,72.9811,0.4904757936818372,0.3885211236116569,1.0982328939231878,Assembly,1.0982328939231878,19,0.2702702702702703
19,12996,3.002395,5.171101,203.346704,3465,13091,3.004367,1.168121,199.473946,3560,9531,2.995056,2.909255,0.90015,0.680388,0.992143,7025.0,90.015,68.0388,99.2143,0.9729665590548784,1.030205263370739,1.9815707568486105,Assembly,1.9815707568486105,3465,26.662049861495845
16,11776,3.000515,2.832158,117.287611,2224,11536,2.99975,0.698037,137.83367,1984,9552,2.994882,2.867938,0.816172,0.60059,0.994589,4208.0,81.6172,60.059,99.4589,0.8560528687472448,0.8096311807265861,1.969964985302385,Assembly,1.969964985302385,2224,18.88586956521739
9,11866,2.998804,4.150035,132.114859,2437,12495,2.996543,1.024698,195.021632,3066,9429,2.995371,2.849369,0.819988,0.648697,0.981819,5503.0,81.9988,64.8697,98.1819,0.8784264773488881,0.9555633692729346,1.950879731391359,Assembly,1.950879731391359,2437,20.537670655654814
13,13770,3.0003,10.383794,223.972909,4205,12690,2.994303,0.957084,189.454091,3125,9565,3.001115,2.935888,0.955699,0.659414,0.997716,7330.0,95.56989999999999,65.94139999999999,99.7716,1.1019177934474091,0.9460320007858093,1.9962015498052776,Assembly,1.9962015498052776,4205,30.537400145243282
18,12474,3.003648,4.024069,149.197546,3015,13356,3.001362,1.2087,175.817375,3897,9459,2.994625,2.863332,0.852378,0.694828,0.984573,6912.0,85.2378,69.4828,98.4573,0.9090426944198934,1.0567974588456268,1.9583825003266628,Assembly,1.9583825003266628,3015,24.17027417027417
14,10108,2.996789,1.025962,59.897106,562,10024,3.008888,0.448919,59.068024,478,9546,3.006109,2.933746,0.701193,0.523646,0.997466,1040.0,70.1193,52.364599999999996,99.7466,0.7156400244462564,0.6580837988711177,1.9952230628712793,Assembly,1.9952230628712793,562,5.5599525128611
6,4428,2.999195,0.003945,6.650443,24,4464,2.991364,0.0,9.577107,60,4404,2.9924,0.058927,0.307197,0.231439,0.457722,84.0,30.7197,23.143900000000002,45.772200000000005,0.30725255128887863,0.23143900000000003,0.4777628728103306,Assembly,0.4777628728103306,24,0.5420054200542005
4,2816,3.000951,0.0,8.3588,56,2772,2.996513,0.0,9.839296,12,2760,2.996498,0.004677,0.195491,0.144017,0.287725,68.0,19.5491,14.4017,28.7725,0.195491,0.144017,0.289315631834879,Assembly,0.289315631834879,56,1.9886363636363635
5,3560,3.009728,0.000111,2.23014,11,3560,3.000839,0.0,13.076239,11,3549,3.011099,0.040744,0.248024,0.185407,0.371187,22.0,24.8024,18.540699999999998,37.1187,0.24802556304006732,0.185407,0.3850438961899317,Assembly,0.3850438961899317,11,0.3089887640449438
7,4956,2.991756,0.015543,28.484363,54,4907,3.000318,0.008284,0.52668,5,4902,3.000947,0.269989,0.342254,0.2556,0.51128,59.0,34.2254,25.56,51.12799999999999,0.34247286785374914,0.2580808099586971,0.6031023430547681,Assembly,0.6031023430547681,54,1.0895883777239708
19,14592,3.001004,24.607111,232.858777,5023,13395,2.996505,1.052752,202.143353,3826,9569,2.999038,2.915524,0.996413,0.695943,0.997475,8849.0,99.6413,69.5943,99.7475,1.3429166075105567,1.011210702274056,1.9890348224831746,Assembly,1.9890348224831746,5023,34.42297149122807
3,2163,3.004376,0.0,34.174463,69,2106,3.012779,0.0,0.860157,12,2094,3.002888,0.0,0.150289,0.109976,0.218422,81.0,15.0289,10.9976,21.842200000000002,0.150289,0.109976,0.218422,Assembly,0.218422,69,3.19001386962552
17,5656,3.003374,0.077099,5.061569,43,5672,2.999404,0.008651,43.688431,59,5613,3.005139,0.418785,0.393219,0.294958,0.586649,102.0,39.3219,29.4958,58.664899999999996,0.39430466510044415,0.29754871546990447,0.7290763579152895,Assembly,0.7290763579152895,43,0.7602545968882602
18,7711,2.997643,0.422692,13.653453,52,7733,2.999569,0.078535,11.233126,74,7659,2.993951,1.148407,0.534537,0.402056,0.797348,126.0,53.453700000000005,40.205600000000004,79.73479999999999,0.5404891129020735,0.4255748809882033,1.1879173251224941,Assembly,1.1879173251224941,52,0.6743613020360524
20,14160,3.002507,15.062102,202.304198,4661,15100,3.003831,2.229729,251.969461,5601,9499,2.998177,2.865348,0.966888,0.786093,0.989899,10262.0,96.6888,78.6093,98.98989999999999,1.1789841164312207,1.4538300724765456,1.964394135088073,Assembly,1.964394135088073,4661,32.916666666666664
12,8448,3.003652,0.573716,3.074079,48,8844,3.005117,0.116753,46.967809,444,8400,3.003268,1.975849,0.586846,0.461334,0.87696,492.0,58.684599999999996,46.1334,87.696,0.594924748605902,0.4962980276566588,1.548939542508845,Assembly,1.548939542508845,48,0.5681818181818182
9,11168,2.996352,2.098013,121.735747,1649,10848,3.001223,0.614816,85.004815,1329,9519,3.000762,2.832385,0.77445,0.564972,0.992916,2978.0,77.445,56.49720000000001,99.2916,0.8039930484750544,0.749090983047599,1.9562005306037633,Assembly,1.9562005306037633,1649,14.765401146131804
19,5208,3.004087,0.031763,2.870142,98,5124,3.000936,0.001445,26.26794,14,5110,2.997888,0.197619,0.361059,0.266454,0.531917,112.0,36.105900000000005,26.645400000000002,53.1917,0.3615062688437647,0.2668867342335004,0.5991265515452119,Assembly,0.5991265515452119,98,1.881720430107527
11,10206,2.997953,1.232272,58.638389,814,9968,3.001401,0.361464,52.246661,576,9392,3.00744,2.867555,0.708276,0.51843,0.981864,1390.0,70.8276,51.842999999999996,98.18639999999999,0.7256281667551404,0.6266776449674655,1.9571097283015813,Assembly,1.9571097283015813,814,7.975700568293161
14,2058,2.998032,0.0,4.076571,13,2115,2.999802,0.0,35.23956,70,2045,2.998882,0.0,0.142817,0.110145,0.213542,83.0,14.2817,11.0145,21.354200000000002,0.142817,0.11014499999999999,0.213542,Assembly,0.213542,13,0.6316812439261419
4,9737,2.996907,1.061305,71.944224,897,8866,3.004942,0.174068,7.03906,26,8840,3.002012,2.480566,0.675518,0.462148,0.921686,923.0,67.5518,46.2148,92.1686,0.6904627048525522,0.5142761540186486,1.7653180821292498,Assembly,1.7653180821292498,897,9.212283044058744
3,2784,2.997075,0.0,0.514012,9,2880,3.013217,0.0,31.579216,105,2775,3.007816,0.003945,0.193145,0.150671,0.290324,114.0,19.314500000000002,15.0671,29.032400000000003,0.193145,0.150671,0.2916656811179384,Assembly,0.2916656811179384,9,0.3232758620689655
9,6210,2.998037,0.110462,0.559333,34,6390,3.001217,0.020409,28.822921,214,6176,3.006099,0.494065,0.430742,0.332948,0.645722,248.0,43.074200000000005,33.2948,64.5722,0.4322974642514854,0.33905988440934925,0.813751830553667,Assembly,0.813751830553667,34,0.5475040257648953
11,5201,2.996524,0.042574,10.244297,98,5117,2.999625,0.001078,11.32732,14,5103,3.002152,0.214782,0.360441,0.266204,0.532133,112.0,36.0441,26.6204,53.2133,0.36104050331374354,0.26652682872229305,0.6051796296256114,Assembly,0.6051796296256114,98,1.8842530282637955
13,9548,2.996549,1.064162,43.042436,89,10052,2.997829,0.334917,57.638895,593,9459,2.991097,2.798434,0.660531,0.522098,0.983425,682.0,66.0531,52.209799999999994,98.3425,0.6755159355324828,0.6223956133434274,1.935162910670905,Assembly,1.935162910670905,89,0.9321323837452871
4,2804,3.001115,0.000322,0.08177,4,2868,2.997532,0.0,31.294962,68,2800,3.001905,0.015333,0.194761,0.149032,0.291852,72.0,19.4761,14.9032,29.185200000000002,0.1947655342243394,0.149032,0.2970667012880479,Assembly,0.2970667012880479,4,0.14265335235378032
6,5194,3.007206,0.050693,1.658674,32,5264,2.995348,0.00219,11.157378,102,5162,2.990912,0.20944,0.361437,0.273741,0.537119,134.0,36.1437,27.374100000000002,53.7119,0.3621508305417297,0.2743968394265508,0.6083488335465173,Assembly,0.6083488335465173,32,0.6160954948016942
16,13870,3.006331,11.521452,218.041598,4296,13262,2.992564,1.446512,185.277182,3688,9574,2.995891,2.914127,0.949938,0.68555,0.996958,7984.0,94.9938,68.55499999999999,99.6958,1.112176658644638,1.1187370322277697,1.9880427075220188,Assembly,1.9880427075220188,4296,30.973323720259554
16,11920,3.001017,3.274765,140.210713,2415,11456,3.000955,0.615735,95.859656,1951,9505,3.000694,2.902411,0.828058,0.596406,0.991609,4366.0,82.80579999999999,59.6406,99.1609,0.8741714135677003,0.780800196030704,1.9787091356645368,Assembly,1.9787091356645368,2415,20.26006711409396
17,11747,2.993085,4.732154,118.01399,2191,11390,3.002079,0.640916,144.010269,1834,9556,3.001587,2.907487,0.809284,0.591575,0.997041,4025.0,80.9284,59.1575,99.7041,0.8759195523123178,0.7835101515558068,1.985867466045945,Assembly,1.985867466045945,2191,18.65157061377373
9,2121,3.009774,0.0,0.523189,9,2190,3.001137,0.0,28.800167,78,2112,2.993509,0.0,0.147572,0.114106,0.219896,87.0,14.757200000000001,11.4106,21.9896,0.147572,0.114106,0.21989599999999998,Assembly,0.21989599999999998,9,0.4243281471004243
18,9438,2.995294,0.797405,17.182377,98,9789,3.005381,0.255307,22.845293,449,9340,3.001615,2.700971,0.653757,0.509787,0.974681,547.0,65.37570000000001,50.978699999999996,97.4681,0.6649856122961351,0.5862438020431046,1.893272074980759,Assembly,1.893272074980759,98,1.0383555838101293
17,12240,3.003873,4.241171,138.524804,2686,12495,3.000275,0.964457,187.959679,2941,9554,2.995546,2.914204,0.84964,0.648075,0.994912,5627.0,84.964,64.80749999999999,99.4912,0.9093618036513573,0.9369009935218637,1.9860228949608225,Assembly,1.9860228949608225,2686,21.944444444444443
8,5488,3.004513,0.072467,11.198277,18,5920,2.991153,0.016039,31.236772,450,5470,2.999773,0.347706,0.381421,0.307044,0.57053,468.0,38.1421,30.7044,57.053,0.38244143986087875,0.3118472002568255,0.6887836311264578,Assembly,0.6887836311264578,18,0.32798833819241985
18,10928,2.991253,2.83398,108.991864,1495,11680,2.997722,0.586833,120.00177,2247,9433,2.999192,2.871105,0.755338,0.607767,0.983402,3742.0,75.5338,60.77669999999999,98.3402,0.7952445251346558,0.7835059124205805,1.959855071259422,Assembly,1.959855071259422,1495,13.680453879941435
9,8388,2.99902,0.601779,60.607621,340,8100,2.997523,0.113406,2.612902,52,8048,2.997085,1.810594,0.581246,0.42109,0.838293,392.0,58.1246,42.109,83.82929999999999,0.5897199161140898,0.4550517013732499,1.4540698775798453,Assembly,1.4540698775798453,340,4.0534096328087745
10,12996,3.00245,5.166757,141.307041,3442,13756,3.000726,1.432152,231.475348,4202,9554,2.996016,2.87559,0.896179,0.715759,0.994891,7644.0,89.61789999999999,71.5759,99.4891,0.9689343892706226,1.1446456421979665,1.972869404545595,Assembly,1.972869404545595,3442,26.485072329947677
6,4332,2.999978,0.014009,36.59207,24,4332,3.01259,0.0,0.234948,24,4308,3.003147,0.090789,0.300831,0.226293,0.449723,48.0,30.0831,22.6293,44.9723,0.3010282669216478,0.226293,0.4806000309294058,Assembly,0.4806000309294058,24,0.554016620498615
13,9685,2.996405,0.740625,30.98381,539,9334,2.991468,0.249649,9.999478,188,9146,2.998363,2.55511,0.670185,0.484114,0.953233,727.0,67.0185,48.4114,95.3233,0.6806140680166601,0.5588764004561528,1.8222172436642552,Assembly,1.8222172436642552,539,5.565307176045431
6,4344,2.997949,0.011422,38.013904,229,4134,3.004135,0.000102,0.09551,19,4115,3.004839,0.090559,0.300805,0.215414,0.429589,248.0,30.0805,21.5414,42.9589,0.3009658382310701,0.21544454594589413,0.46038780870960205,Assembly,0.46038780870960205,229,5.2716390423572745
5,1438,3.002136,0.0,1.967873,2,1448,3.015672,0.0,14.747075,12,1436,3.004738,0.0,0.099932,0.075808,0.14988,14.0,9.9932,7.5808,14.988000000000001,0.09993199999999999,0.075808,0.14988,Assembly,0.14988,2,0.13908205841446453
15,9438,3.002479,0.862236,63.605494,617,9022,3.00136,0.184991,7.198004,201,8821,2.99736,2.318628,0.65425,0.468614,0.919015,818.0,65.425,46.861399999999996,91.9015,0.6663915262655365,0.5240132654598423,1.707572517648463,Assembly,1.707572517648463,617,6.537401991947446
20,14340,2.999133,16.641102,215.266376,4827,14880,3.000144,2.566299,250.619152,5367,9513,3.003705,2.923728,0.967228,0.772391,0.99333,10194.0,96.72279999999999,77.23910000000001,99.333,1.2015587134247145,1.540920709825493,1.9876799750539138,Assembly,1.9876799750539138,4827,33.66108786610879
3,2115,3.010465,0.0,20.434283,16,2109,3.002998,0.0,1.49344,10,2099,2.998532,0.0,0.146974,0.109788,0.218932,26.0,14.6974,10.9788,21.8932,0.146974,0.109788,0.21893200000000002,Assembly,0.21893200000000002,16,0.7565011820330969
5,10560,2.995517,1.691257,84.997948,1042,11205,2.997614,0.517949,112.136256,1687,9518,3.003122,2.90455,0.73069,0.58313,0.993456,2729.0,73.06899999999999,58.313,99.3456,0.7545053374334548,0.7382402169600675,1.9812836023087117,Assembly,1.9812836023087117,1042,9.867424242424242
3,7876,3.005519,0.42053,10.004258,112,7854,3.001943,0.08557,6.920992,90,7764,3.000013,1.649106,0.54721,0.407541,0.809693,202.0,54.721,40.7541,80.9693,0.553131668824366,0.43316665284472594,1.370548356572588,Assembly,1.370548356572588,112,1.4220416455053326
11,8294,2.998865,0.364339,26.027601,211,8151,2.995907,0.091367,3.542785,68,8083,3.004317,1.714002,0.575257,0.423416,0.843961,279.0,57.5257,42.3416,84.39609999999999,0.5803874185142575,0.4507776807697099,1.4268872660351297,Assembly,1.4268872660351297,211,2.5440077164215094
13,9126,2.990609,0.894339,8.323041,51,9971,2.997064,0.273761,58.777406,896,9075,2.994684,2.444787,0.631763,0.518793,0.944806,947.0,63.1763,51.87929999999999,94.48060000000001,0.6443565827995974,0.6007762224894826,1.7762697655972555,Assembly,1.7762697655972555,51,0.5588428665351742
3,2061,3.004392,0.0,0.184021,6,2205,2.997725,0.0,46.780928,150,2055,2.990282,0.0,0.143335,0.114766,0.213658,156.0,14.333499999999999,11.476600000000001,21.3658,0.143335,0.114766,0.21365800000000001,Assembly,0.21365800000000001,6,0.2911208151382824
14,4416,2.99932,0.007856,0.092823,39,4500,3.004084,0.0,68.392105,123,4377,2.993914,0.119199,0.305722,0.23457,0.456117,162.0,30.5722,23.457,45.6117,0.3058326238087276,0.23457,0.49665617555820907,Assembly,0.49665617555820907,39,0.8831521739130435
10,6690,2.992421,0.227185,0.557064,0,7820,2.99909,0.037058,111.1646,1130,6690,3.004922,0.890569,0.46341,0.407147,0.698018,1130.0,46.341,40.7147,69.8018,0.46660909241163195,0.418244761401424,1.0008974959496195,Assembly,1.0008974959496195,0,0.0
3,7350,3.00754,0.430122,31.331345,228,7180,2.993017,0.041652,1.118319,58,7122,3.000577,1.009655,0.511403,0.37305,0.743013,286.0,51.1403,37.305,74.3013,0.5174597380164887,0.38552352684689173,1.0863932405911423,Assembly,1.0863932405911423,228,3.1020408163265305
8,5624,2.998592,0.067313,32.323194,33,5648,2.999483,0.003457,1.952186,57,5591,2.998444,0.351628,0.390229,0.293717,0.582966,90.0,39.0229,29.3717,58.2966,0.3911768641085643,0.29475226798976534,0.7025534900224157,Assembly,0.7025534900224157,33,0.5867709815078236
15,10665,2.997111,2.088086,63.775069,1194,10485,2.992814,0.383128,79.016207,1014,9471,2.998094,2.817265,0.737725,0.544114,0.986699,2208.0,73.7725,54.4114,98.6699,0.7671282619998459,0.6588493642993359,1.9448412698931858,Assembly,1.9448412698931858,1194,11.195499296765119
8,7110,3.001126,0.248374,8.44404,59,7260,2.995411,0.061708,21.251605,209,7051,3.003085,1.100436,0.493451,0.377324,0.736176,268.0,49.345099999999995,37.7324,73.61760000000001,0.496948464087183,0.39580369832584256,1.1104305507476855,Assembly,1.1104305507476855,59,0.829817158931083
4,2904,2.994439,0.0,6.514506,52,2860,2.999874,0.0,9.459631,8,2852,2.992165,0.005424,0.201293,0.14869,0.296307,60.0,20.1293,14.869,29.630699999999997,0.201293,0.14869,0.2981516840009373,Assembly,0.2981516840009373,52,1.790633608815427
13,9529,3.008125,1.099272,20.199404,218,9503,2.99891,0.309241,36.706118,192,9311,3.001357,2.760169,0.662281,0.493982,0.97136,410.0,66.2281,49.398199999999996,97.136,0.6777603349627815,0.5865904201397207,1.9100841139718148,Assembly,1.9100841139718148,218,2.287753174519887
2,8772,3.001154,0.525523,44.639577,894,8016,3.006268,0.166421,5.114677,138,7878,3.004077,1.576961,0.608397,0.417398,0.822767,1032.0,60.83969999999999,41.7398,82.2767,0.6157971216692918,0.46723610648676106,1.3590860867997963,Assembly,1.3590860867997963,894,10.191518467852259
15,8096,2.997715,0.590435,31.404788,557,7656,2.992623,0.088472,6.993669,117,7539,2.997079,1.435155,0.561794,0.396176,0.785577,674.0,56.1794,39.617599999999996,78.5577,0.5701081762354994,0.42267071495242015,1.2736683472280936,Assembly,1.2736683472280936,557,6.879940711462451
18,13158,2.998896,8.180072,181.036638,3591,13824,3.004428,1.648557,238.954645,4257,9567,2.998436,2.914202,0.910305,0.719855,0.997288,7848.0,91.0305,71.9855,99.72879999999999,1.0254922098149228,1.2135484600530901,1.988398214767607,Assembly,1.988398214767607,3591,27.291381668946645
10,7220,2.994999,0.192876,30.014099,236,7060,3.000963,0.043765,3.992381,76,6984,3.00013,1.080237,0.500553,0.366914,0.72867,312.0,50.0553,36.6914,72.867,0.5032689722164136,0.38002030707899304,1.0960549393658763,Assembly,1.0960549393658763,236,3.2686980609418286
14,10080,3.003573,1.102456,41.634115,736,9688,2.999371,0.30726,30.450826,344,9344,3.000404,2.721459,0.700705,0.503164,0.974394,1080.0,70.0705,50.316399999999994,97.43939999999999,0.7162291702742616,0.5951791699552471,1.8999529742822343,Assembly,1.8999529742822343,736,7.301587301587302
19,7425,2.999701,0.400589,1.273521,125,8558,3.004407,0.139344,91.470162,1258,7300,2.989447,1.158294,0.512607,0.445772,0.758793,1383.0,51.2607,44.5772,75.8793,0.5182478707884907,0.48750135573209646,1.1527248602842324,Assembly,1.1527248602842324,125,1.6835016835016834
3,9394,3.00792,0.900227,13.364172,37,10822,2.99545,0.276438,127.48999,1465,9357,3.005139,2.791116,0.654083,0.56191,0.977391,1502.0,65.4083,56.191,97.73910000000001,0.6667594943303748,0.644694903834175,1.9266400836947146,Assembly,1.9266400836947146,37,0.39386842665531197
16,3012,3.002163,0.0,85.738673,290,2732,2.996336,0.0,0.023959,10,2722,3.008885,0.00092,0.208788,0.142118,0.284784,300.0,20.878800000000002,14.2118,28.478399999999997,0.20878800000000003,0.142118,0.285096888879215,Assembly,0.285096888879215,290,9.628154050464808
8,3555,3.009731,0.000215,1.639644,37,3655,2.988824,0.0,18.991937,137,3518,2.995449,0.028991,0.247088,0.189655,0.367146,174.0,24.7088,18.9655,36.7146,0.24709102751004028,0.189655,0.3770057407579597,Assembly,0.3770057407579597,37,1.040787623066104
15,10515,3.000606,1.567895,55.159956,1095,10770,2.99277,0.473499,98.310039,1350,9420,3.00217,2.813557,0.728154,0.559647,0.982906,2445.0,72.8154,55.9647,98.2906,0.7502322225795529,0.7014457728914912,1.9397871916713059,Assembly,1.9397871916713059,1095,10.413694721825962
15,3520,3.00514,0.003559,57.896494,50,3475,2.996734,0.0,0.907802,5,3470,3.00084,0.038249,0.244646,0.180793,0.36169,55.0,24.4646,18.0793,36.169000000000004,0.24469611585224815,0.180793,0.3746983551533649,Assembly,0.3746983551533649,50,1.4204545454545454
4,4500,2.999972,0.011798,5.649799,40,4584,2.997437,1e-05,3.608858,124,4460,2.992688,0.091483,0.312104,0.237994,0.464572,164.0,31.2104,23.799400000000002,46.4572,0.3122701328532801,0.23799699470057786,0.4956850579752484,Assembly,0.4956850579752484,40,0.8888888888888888
5,3535,3.001261,0.006528,0.058842,15,3860,3.006718,0.00023,88.10866,340,3520,2.989765,0.063913,0.245417,0.201318,0.36621,355.0,24.5417,20.1318,36.620999999999995,0.24550892365368812,0.20138687811329073,0.3879465944970327,Assembly,0.3879465944970327,15,0.4243281471004243
6,1432,2.992738,0.0,0.018717,8,1538,3.002444,0.0,87.314369,114,1424,2.989821,0.0,0.099204,0.080024,0.148425,122.0,9.9204,8.0024,14.8425,0.09920400000000001,0.080024,0.148425,Assembly,0.148425,8,0.5586592178770949
3,2148,3.006703,0.0,24.793307,42,2121,2.999373,0.0,0.900445,15,2106,2.990019,0.0,0.149518,0.110109,0.219145,57.0,14.9518,11.0109,21.9145,0.149518,0.110109,0.219145,Assembly,0.219145,42,1.9553072625698324
7,14020,2.995068,10.581871,203.319903,4470,14160,2.995768,1.780122,233.856553,4610,9550,2.997703,2.888077,0.944811,0.734435,0.995217,9080.0,94.4811,73.4435,99.5217,1.0938190032439135,1.2675282382056712,1.9774421908877233,Assembly,1.9774421908877233,4470,31.8830242510699
7,5208,2.994453,0.024552,0.490422,21,5376,3.009067,0.005591,51.353723,189,5187,2.994704,0.183646,0.360605,0.280213,0.539538,210.0,36.0605,28.0213,53.953799999999994,0.36095072756515784,0.28188733709308006,0.6019953816438297,Assembly,0.6019953816438297,21,0.4032258064516129
6,4206,2.996513,0.009188,0.911416,27,4254,3.001842,0.005095,25.906916,75,4179,2.984054,0.092347,0.291558,0.221403,0.434107,102.0,29.1558,22.1403,43.410700000000006,0.2916873802895353,0.22292879994441833,0.4655139014444244,Assembly,0.4655139014444244,27,0.6419400855920114
7,6032,3.005389,0.062334,54.966722,284,5816,2.9971,0.011947,0.340449,68,5748,2.991871,0.458696,0.418757,0.301874,0.597828,352.0,41.8757,30.187399999999997,59.7828,0.41963475260860833,0.30545176878036623,0.7538289536308884,Assembly,0.7538289536308884,284,4.708222811671088
13,13319,3.006657,9.767886,218.470792,3728,12749,3.002944,1.473942,174.544457,3158,9591,2.993613,2.924958,0.923024,0.664662,0.997701,6886.0,92.30239999999999,66.4662,99.7701,1.060569920638626,1.1060634959128326,1.99246929388156,Assembly,1.99246929388156,3728,27.990089346046997
4,2896,3.011483,0.0,51.857855,180,2732,3.000952,0.0,0.497614,16,2716,2.986408,0.013143,0.201573,0.142085,0.281814,196.0,20.1573,14.208499999999999,28.1814,0.201573,0.142085,0.28628388971687296,Assembly,0.28628388971687296,180,6.2154696132596685
18,14953,2.996865,39.001319,210.346363,5411,14231,3.004769,1.523837,228.639736,4689,9542,3.007052,2.902211,0.976486,0.737774,0.997356,10100.0,97.6486,73.7774,99.7356,1.5256808132866966,1.1941175544460523,1.9843881163429682,Assembly,1.9843881163429682,5411,36.18671838427072
2,1428,2.983355,0.0,45.238021,58,1374,2.987974,0.0,1.709224,4,1370,2.992706,0.0,0.098505,0.071276,0.142675,62.0,9.8505,7.127600000000001,14.2675,0.09850500000000001,0.071276,0.142675,Assembly,0.142675,58,4.061624649859944
15,6168,3.00673,0.101382,66.061778,416,5760,3.002795,0.018076,0.38853,8,5752,2.989552,0.526813,0.428378,0.30023,0.597083,424.0,42.8378,30.023,59.7083,0.42980560475769125,0.3056432207645351,0.7762503142672907,Assembly,0.7762503142672907,416,6.744487678339818
15,11280,2.995541,2.234114,112.324318,1830,11475,3.001237,0.608866,138.477152,2025,9450,3.00527,2.848946,0.781542,0.595061,0.986971,3855.0,78.1542,59.506099999999996,98.6971,0.8130015468192037,0.7773981362037737,1.955887870526242,Assembly,1.955887870526242,1830,16.22340425531915
8,5520,3.007078,0.085869,9.004935,29,5536,3.002953,0.007455,3.491731,45,5491,2.991994,0.315703,0.383799,0.28829,0.571573,74.0,38.3799,28.829,57.1573,0.3850081593472035,0.2905225492807927,0.6789425193856767,Assembly,0.6789425193856767,29,0.5253623188405797
13,9477,3.003857,1.038343,29.376225,281,9282,3.001692,0.18933,34.037587,86,9196,3.002953,2.533609,0.658971,0.483347,0.95981,367.0,65.8971,48.334700000000005,95.98100000000001,0.6735923667802504,0.5400456660405746,1.8214818264990353,Assembly,1.8214818264990353,281,2.965073335443706
12,10864,3.003836,1.638707,86.424337,1296,11712,3.000895,0.870829,135.910365,2144,9568,2.996234,2.911724,0.754725,0.607941,0.996681,3440.0,75.4725,60.79409999999999,99.66810000000001,0.7778003576538425,0.8687282109515002,1.9869484553733736,Assembly,1.9869484553733736,1296,11.929307805596466
6,4452,3.008206,0.004432,28.717771,159,4314,2.994725,0.000976,0.12452,21,4293,3.00295,0.140116,0.309326,0.224141,0.448397,180.0,30.9326,22.4141,44.8397,0.3093884089511559,0.2244332827763989,0.496049976304449,Assembly,0.496049976304449,159,3.571428571428571
1,670,3.000947,0.0,4.382304,2,681,2.968063,0.0,14.260237,13,668,3.005553,0.0,0.046525,0.035059,0.069747,15.0,4.6525,3.5059,6.9747,0.046525,0.035059,0.069747,Assembly,0.069747,2,0.2985074626865672
2,10275,2.999329,1.44662,41.048152,866,11280,2.998689,0.6687,106.181349,1871,9409,3.001286,2.748766,0.7123,0.586009,0.98172,2737.0,71.23,58.6009,98.172,0.7326704956952046,0.7862646276413259,1.9165659923525875,Assembly,1.9165659923525875,866,8.428223844282238
11,7722,3.001913,0.47623,1.515871,16,8228,2.991676,0.101207,26.421242,522,7706,2.996747,1.381503,0.536592,0.427237,0.802398,538.0,53.6592,42.7237,80.23979999999999,0.5432980051464291,0.45754546613832164,1.2722424840241318,Assembly,1.2722424840241318,16,0.2072002072002072
3,2082,3.000661,0.0,4.635522,14,2082,2.998984,0.0,30.328714,14,2068,3.007406,0.0,0.14411,0.108272,0.216156,28.0,14.411,10.8272,21.615599999999997,0.14411,0.108272,0.21615599999999996,Assembly,0.21615599999999996,14,0.6724303554274735
14,9100,3.00543,0.951789,12.265397,97,9880,2.99875,0.194724,83.043461,877,9003,2.998662,2.408525,0.632102,0.513838,0.938601,974.0,63.21020000000001,51.3838,93.8601,0.6455045616452442,0.5721520075322709,1.7577321824036736,Assembly,1.7577321824036736,97,1.065934065934066
16,11568,3.007502,3.384408,104.936557,1996,11312,3.002309,0.652412,120.321497,1740,9572,2.993758,2.923332,0.804465,0.58962,0.996031,3736.0,80.4465,58.962,99.6031,0.8521223451181485,0.7849978593401118,1.990246296797208,Assembly,1.990246296797208,1996,17.254495159059474
15,11535,2.994635,1.967923,136.513872,2144,10320,3.000815,0.393419,55.659252,929,9391,2.997866,2.756346,0.799074,0.536853,0.978528,3073.0,79.9074,53.685300000000005,97.8528,0.8267851936790547,0.654670210664009,1.9159519246400334,Assembly,1.9159519246400334,2144,18.58690940615518
11,7744,3.003315,0.397114,4.521631,38,7986,3.00814,0.062144,22.397479,280,7706,2.993314,1.42013,0.5377,0.415932,0.801893,318.0,53.769999999999996,41.5932,80.1893,0.5432919377773744,0.4345422672710372,1.2848743956952613,Assembly,1.2848743956952613,38,0.490702479338843
9,724,3.008534,0.0,19.637559,12,714,2.999927,0.0,5.550459,2,712,2.970185,0.0,0.050196,0.037187,0.073525,14.0,5.0196,3.7186999999999997,7.352499999999999,0.050196,0.037187,0.073525,Assembly,0.073525,12,1.6574585635359116
16,2864,3.002974,8e-05,9.41309,85,2784,2.996899,0.0,3.062342,5,2779,2.997928,0.007058,0.198527,0.144858,0.289444,90.0,19.852700000000002,14.4858,28.944399999999998,0.19852812651536383,0.144858,0.2918444018581518,Assembly,0.2918444018581518,85,2.967877094972067
13,15000,2.996741,52.658914,230.784416,5507,14220,2.996142,1.750727,206.086936,4727,9493,3.003269,2.862255,0.987761,0.738592,0.99099,10234.0,98.7761,73.8592,99.099,1.7292744457916722,1.2628823158570595,1.9644332162800167,Assembly,1.9644332162800167,5507,36.71333333333333
6,4104,2.99002,0.003111,4.962521,42,4260,3.00711,0.000623,14.544789,198,4062,2.989363,0.073954,0.283979,0.222142,0.422718,240.0,28.3979,22.2142,42.2718,0.2840228073662107,0.22232856984600052,0.4478695045363786,Assembly,0.4478695045363786,42,1.023391812865497
7,12614,3.000751,3.531147,175.302239,3068,12546,2.998569,0.742998,153.929979,3000,9546,3.000286,2.904887,0.875345,0.652269,0.995495,6068.0,87.53450000000001,65.2269,99.5495,0.9250686418428024,0.874774653994691,1.9834372148655546,Assembly,1.9834372148655546,3068,24.322181702869827
17,5560,2.99482,0.059637,0.25315,8,5840,3.001672,0.002199,61.037418,288,5552,2.990487,0.329088,0.384892,0.303486,0.576499,296.0,38.489200000000004,30.348599999999998,57.649899999999995,0.3857317749594053,0.3041445346570708,0.6884207124816475,Assembly,0.6884207124816475,8,0.14388489208633093
16,11888,2.998185,5.482541,164.304025,2374,11968,2.997303,1.002004,121.474792,2454,9514,2.994841,2.903905,0.810678,0.622773,0.990403,4828.0,81.0678,62.277300000000004,99.0403,0.8878800833662487,0.922843195781545,1.9780112399966534,Assembly,1.9780112399966534,2374,19.96971736204576
17,11934,2.990495,3.96566,121.995822,2380,11594,3.003504,0.710987,134.432057,2040,9554,2.998713,2.909616,0.825358,0.602866,0.995698,4420.0,82.53580000000001,60.2866,99.5698,0.8812002114713229,0.8157853179749116,1.9852485317240416,Assembly,1.9852485317240416,2380,19.943019943019944
14,4500,2.993994,0.008938,57.359399,420,4092,3.012353,0.001763,0.537231,12,4080,2.998715,0.094879,0.311892,0.214011,0.424953,432.0,31.1892,21.4011,42.4953,0.3120178599290233,0.21453896571187628,0.4572210260554813,Assembly,0.4572210260554813,420,9.333333333333334
4,2940,3.004158,0.0,24.532437,84,2856,3.004379,0.0,0.191757,0,2856,3.00257,0.007151,0.204375,0.148967,0.297755,84.0,20.4375,14.8967,29.7755,0.204375,0.148967,0.30018703084268117,Assembly,0.30018703084268117,84,2.857142857142857
12,723,3.01846,0.0,20.151205,5,720,3.016456,0.0,0.105273,2,718,3.008842,0.0,0.050475,0.037706,0.075209,7.0,5.0475,3.7706000000000004,7.5209,0.050475000000000006,0.037706,0.075209,Assembly,0.075209,5,0.6915629322268326
3,2154,2.987185,0.0,0.778884,39,2118,2.993044,0.0,19.285127,3,2115,2.997562,0.000682,0.148845,0.110057,0.220419,42.0,14.884500000000001,11.005700000000001,22.041900000000002,0.148845,0.11005700000000002,0.22065094588654857,Assembly,0.22065094588654857,39,1.8105849582172702
10,2852,2.989639,0.000387,27.844978,71,2788,3.008298,0.0,14.943718,7,2781,3.002994,0.00456,0.197372,0.145615,0.290308,78.0,19.737199999999998,14.561499999999999,29.0308,0.19737744951807248,0.145615,0.2918588405317615,Assembly,0.2918588405317615,71,2.4894810659186537
8,14326,3.000577,33.701774,218.797539,4801,13471,3.001265,1.446577,202.720517,3946,9525,2.998277,2.918627,0.980048,0.701266,0.992628,8747.0,98.0048,70.1266,99.2628,1.4546175774894292,1.1344724977815257,1.9852431422573096,Assembly,1.9852431422573096,4801,33.51249476476337
3,2151,2.988931,0.0,47.611892,96,2061,2.996943,0.0,0.023523,6,2055,2.985417,0.0,0.148824,0.107132,0.213035,102.0,14.8824,10.7132,21.3035,0.148824,0.107132,0.213035,Assembly,0.213035,96,4.463040446304045
14,10665,3.000239,2.198816,88.355714,1281,10815,3.000669,0.504113,94.063379,1431,9384,2.998954,2.764027,0.739526,0.563407,0.978211,2712.0,73.9526,56.3407,97.8211,0.7704885000778,0.714373749240544,1.918247206684871,Assembly,1.918247206684871,1281,12.0112517580872
13,9438,2.996196,1.105428,46.995268,482,9256,2.997455,0.234188,22.176786,300,8956,2.999292,2.44477,0.65387,0.481674,0.93346,782.0,65.387,48.1674,93.34599999999999,0.6694360203200278,0.5518062938927274,1.764917983954922,Assembly,1.764917983954922,482,5.107014197923289
1,708,2.989678,0.0,2.80083,2,724,2.975312,0.0,23.732068,18,706,3.016512,0.0,0.048934,0.037354,0.073989,20.0,4.8934,3.7354,7.3989,0.048934,0.037354,0.073989,Assembly,0.073989,2,0.2824858757062147
19,14630,2.996213,15.038309,236.409122,5079,13775,2.990625,1.401531,211.384499,4224,9551,3.001544,2.921146,0.996122,0.710545,0.996296,9303.0,99.6122,71.0545,99.6296,1.2078830766805773,1.1302615695585094,1.9897678456124646,Assembly,1.9897678456124646,5079,34.71633629528366
11,7700,2.996496,0.415481,9.515569,45,8019,3.002429,0.080214,6.546964,364,7655,2.99882,1.118242,0.533756,0.417027,0.798363,409.0,53.3756,41.7027,79.83630000000001,0.5396065716234666,0.4410486912152255,1.1786733109469276,Assembly,1.1786733109469276,45,0.5844155844155844
15,11235,2.999868,2.070591,99.774542,1701,11235,3.00256,0.519264,104.899919,1701,9534,2.994603,2.901768,0.776976,0.585219,0.992415,3402.0,77.6976,58.5219,99.2415,0.8061329071712192,0.7407230200860557,1.9792964535456943,Assembly,1.9792964535456943,1701,15.14018691588785
6,746,3.02482,0.0,2.392341,2,778,3.001327,0.0,37.536641,34,744,3.003164,0.0,0.052234,0.040513,0.077735,36.0,5.2234,4.0513,7.7735,0.052233999999999996,0.040513,0.077735,Assembly,0.077735,2,0.2680965147453083
9,1542,3.005106,0.0,40.548203,38,1510,3.004056,0.0,0.007101,6,1504,2.995526,0.0,0.107136,0.078724,0.156626,44.0,10.7136,7.8724,15.6626,0.107136,0.078724,0.156626,Assembly,0.156626,38,2.4643320363164722
18,9178,2.99519,0.752083,5.074598,191,9646,2.994596,0.240668,44.087774,659,8987,3.004735,2.338594,0.634674,0.500819,0.938722,850.0,63.4674,50.081900000000005,93.87219999999999,0.6452644131796439,0.572891859867179,1.734069886520645,Assembly,1.734069886520645,191,2.081063412508172
11,9252,3.000851,0.644466,61.56833,576,8736,3.005573,0.1884,4.105897,60,8676,3.002602,2.187027,0.642163,0.455829,0.905691,636.0,64.2163,45.582899999999995,90.5691,0.6512380106307847,0.5122491588868338,1.6494914639597924,Assembly,1.6494914639597924,576,6.22568093385214
7,8448,2.994497,0.507291,42.091966,360,8112,2.991814,0.091129,2.817327,24,8088,2.998972,2.011316,0.583657,0.420649,0.842214,384.0,58.3657,42.0649,84.2214,0.5908003888178761,0.4479394068959569,1.5262557488991924,Assembly,1.5262557488991924,360,4.261363636363636
17,12682,2.998244,4.90608,182.616336,3113,12308,2.99884,0.678744,168.106739,2739,9569,2.996841,2.921685,0.877251,0.640601,0.996856,5852.0,87.7251,64.06009999999999,99.6856,0.9463356812019255,0.8438645049017257,1.9905111576840917,Assembly,1.9905111576840917,3113,24.546601482416023
4,9334,3.000594,0.762405,6.227618,239,9165,3.004302,0.150805,60.193448,70,9095,2.999747,2.280377,0.647808,0.477385,0.948507,309.0,64.7808,47.7385,94.8507,0.6585437618244614,0.5225465820643789,1.7240554823018828,Assembly,1.7240554823018828,239,2.560531390614956
12,2124,2.996368,0.0,27.483331,64,2073,2.993817,0.0,7.24557,13,2060,2.994316,5.7e-05,0.147275,0.107749,0.214803,77.0,14.7275,10.7749,21.4803,0.147275,0.10774900000000001,0.214822385506647,Assembly,0.214822385506647,64,3.0131826741996233
20,15100,3.002232,35.05881,231.436575,5543,15460,3.001785,3.339232,226.145983,5903,9557,3.002995,2.925922,0.995619,0.804301,0.997559,11446.0,99.56190000000001,80.43010000000001,99.7559,1.4892976012802228,1.8043010000000002,1.99265514701152,Assembly,1.99265514701152,5543,36.70860927152318
15,4062,3.010062,0.010754,0.106176,18,4386,2.996963,0.000449,114.199134,342,4044,3.003521,0.08942,0.282894,0.227878,0.42241,360.0,28.289399999999997,22.7878,42.241,0.28304543182778213,0.2280124620559458,0.4528214386732695,Assembly,0.4528214386732695,18,0.4431314623338257
5,3490,3.000931,0.001313,0.744386,5,3705,3.004971,0.0,26.351927,220,3485,2.999328,0.031452,0.242436,0.192921,0.363328,225.0,24.2436,19.2921,36.3328,0.2424544889334088,0.192921,0.3740247185098599,Assembly,0.3740247185098599,5,0.14326647564469913
16,7630,2.991798,0.292591,70.132836,756,6930,3.005412,0.056418,1.865926,56,6874,2.995934,1.079202,0.528413,0.361027,0.716201,812.0,52.841300000000004,36.1027,71.6201,0.5325331032102112,0.377922501720156,1.0832339393767594,Assembly,1.0832339393767594,756,9.908256880733946
13,9074,3.001524,0.884378,12.620707,317,9828,3.004921,0.328758,107.906187,1071,8757,2.994132,2.338985,0.629724,0.51265,0.91137,1388.0,62.97239999999999,51.26500000000001,91.137,0.6421773175553591,0.6111031772575252,1.7068508642943114,Assembly,1.7068508642943114,317,3.493497906105356
19,14520,2.997734,19.825926,233.670444,4958,14840,3.004352,2.864048,232.65114,5278,9562,3.001707,2.930675,0.996176,0.77306,0.997775,10236.0,99.6176,77.306,99.7775,1.2753536280131925,1.6307566200611396,1.994487626188595,Assembly,1.994487626188595,4958,34.146005509641874
11,8448,3.002984,0.507256,18.076819,451,8008,2.999621,0.101681,4.845128,11,7997,2.99629,1.605999,0.586552,0.41657,0.831991,462.0,58.655199999999994,41.657,83.1991,0.5936948959674044,0.447020414945712,1.3781858120983248,Assembly,1.3781858120983248,451,5.338541666666666
17,12648,3.001119,5.703401,211.845968,3114,12512,2.999299,1.070274,152.769845,2978,9534,2.997711,2.881016,0.878597,0.650868,0.993189,6092.0,87.85969999999999,65.0868,99.3189,0.9589091106569281,0.9713830166265776,1.973012768739748,Assembly,1.973012768739748,3114,24.620493358633777
6,4302,2.992722,0.001621,0.744057,24,4590,2.994133,0.004661,34.501975,312,4278,3.009524,0.051467,0.297363,0.238502,0.447098,336.0,29.7363,23.8502,44.7098,0.2973858260175595,0.23989782993933936,0.464601752115826,Assembly,0.464601752115826,24,0.5578800557880056
10,7090,2.998561,0.197687,8.080282,0,7720,2.997905,0.064646,24.60863,630,7090,3.00589,0.987119,0.492125,0.40172,0.739992,630.0,49.2125,40.172000000000004,73.9992,0.49490871803410563,0.4210795413556171,1.0757078234368054,Assembly,1.0757078234368054,0,0.0
18,13410,3.001071,7.395621,191.392117,3871,13212,2.999684,1.523017,182.353671,3673,9539,3.008878,2.938725,0.923696,0.687564,0.997687,7544.0,92.36959999999999,68.7564,99.7687,1.0278370085190753,1.1436619889986679,1.9971374038817267,Assembly,1.9971374038817267,3871,28.866517524235647
13,12448,3.002282,2.657671,159.36159,2860,11360,2.998819,0.562645,114.524398,1772,9588,2.990774,2.898419,0.864926,0.591434,0.996996,4632.0,86.4926,59.1434,99.6996,0.9023498401686483,0.759929330662859,1.98273847000603,Assembly,1.98273847000603,2860,22.975578406169667
19,13889,3.005427,25.731706,187.259451,4321,13528,2.995742,1.329333,190.88033,3960,9568,2.994668,2.879563,0.960264,0.701101,0.995927,8281.0,96.0264,70.1101,99.59270000000001,1.322603526830315,1.0991964303264943,1.9752566083685532,Assembly,1.9752566083685532,4321,31.1109511123911
12,2034,3.000349,0.0,6.725497,13,2187,3.012354,0.0,18.260133,166,2021,3.002201,0.0,0.141277,0.114275,0.211334,179.0,14.1277,11.4275,21.133399999999998,0.141277,0.114275,0.211334,Assembly,0.211334,13,0.63913470993117
9,8856,3.001427,0.565756,22.527809,313,8568,2.996561,0.214893,5.306308,25,8543,2.99995,1.829359,0.615299,0.445746,0.890901,338.0,61.529900000000005,44.5746,89.0901,0.6232656603272015,0.5101000191277515,1.5130597904260084,Assembly,1.5130597904260084,313,3.5343270099367663
4,4530,3.000752,0.010157,10.38482,179,4356,3.004171,0.000267,20.841842,5,4351,2.994808,0.078732,0.314634,0.22719,0.452942,184.0,31.463400000000004,22.719,45.294200000000004,0.31477702520687967,0.2272699585054288,0.4797184861286497,Assembly,0.4797184861286497,179,3.951434878587196
19,9024,2.997463,0.566211,32.155081,720,8484,2.995811,0.160051,15.559649,180,8304,3.006805,2.077121,0.626137,0.440104,0.867863,900.0,62.61370000000001,44.0104,86.78630000000001,0.6341100673833333,0.48803448221866585,1.5742848061782633,Assembly,1.5742848061782633,720,7.9787234042553195
2,1344,2.991097,0.0,0.077232,6,1542,3.000139,0.0,116.825023,204,1338,3.002738,0.0,0.092882,0.080316,0.139608,210.0,9.2882,8.0316,13.9608,0.09288199999999999,0.080316,0.139608,Assembly,0.139608,6,0.4464285714285714
8,9506,2.994635,1.125451,21.958725,268,10458,2.999395,0.272096,59.385169,1220,9238,2.996411,2.604007,0.658958,0.54265,0.96217,1488.0,65.89580000000001,54.26499999999999,96.217,0.6748059730341511,0.6241346048432693,1.8477839474979263,Assembly,1.8477839474979263,268,2.819272038712392
14,3705,2.995571,0.002411,63.119696,281,3440,3.000238,0.0,2.574587,16,3424,2.992696,0.012767,0.256153,0.178786,0.356322,297.0,25.6153,17.8786,35.632200000000005,0.2561869503567773,0.178786,0.36066401339232423,Assembly,0.36066401339232423,281,7.584345479082321
14,10486,2.996581,2.128028,70.338544,1047,10220,2.998581,0.375016,54.921972,781,9439,2.998196,2.70789,0.72737,0.529626,0.983762,1828.0,72.737,52.9626,98.3762,0.7573357029581195,0.641932063190578,1.9047062034104207,Assembly,1.9047062034104207,1047,9.984741560175472
17,12087,2.997323,3.091217,149.466378,2560,12512,2.999494,0.900024,156.874589,2985,9527,2.999022,2.901471,0.837546,0.650754,0.993123,5545.0,83.7546,65.0754,99.3123,0.8810747930427087,0.9202842392885551,1.979903444853165,Assembly,1.979903444853165,2560,21.179779928849175
19,13452,3.003422,8.074312,215.911233,3917,13414,3.001398,1.214647,184.326675,3879,9535,3.000399,2.927633,0.918532,0.695577,0.994698,7796.0,91.8532,69.5577,99.46979999999999,1.0322299565039463,1.0593274072792787,1.9903760523075384,Assembly,1.9903760523075384,3917,29.118346714243238
19,13319,2.996792,6.305999,212.977386,3758,13794,2.998511,1.140621,242.471444,4233,9561,2.99882,2.921533,0.915826,0.716444,0.996586,7991.0,91.5826,71.64439999999999,99.65859999999999,1.0046235594720552,1.058025836781631,1.9901894629996997,Assembly,1.9901894629996997,3758,28.215331481342442
17,10514,3.003321,2.040719,67.26973,1001,10836,3.004251,0.286134,100.983848,1323,9513,3.000746,2.908337,0.7305,0.565184,0.99227,2324.0,73.05,56.5184,99.227,0.7592362663343671,0.6508725655144656,1.981385548162611,Assembly,1.981385548162611,1001,9.52063914780293
6,4122,2.98946,0.005625,0.117143,24,4398,2.99308,0.001167,46.819253,300,4098,3.000603,0.07831,0.285272,0.228265,0.427412,324.0,28.527200000000004,22.8265,42.7412,0.285351208111519,0.22861448155743597,0.4540449653601402,Assembly,0.4540449653601402,24,0.5822416302765648
9,8514,2.996515,0.543823,120.606881,1350,7183,2.995954,0.096856,0.966033,19,7164,3.007841,1.148114,0.590166,0.373625,0.748861,1369.0,59.0166,37.3625,74.8861,0.5978238120587668,0.4026304719168958,1.1393306768163964,Assembly,1.1393306768163964,1350,15.856236786469344
5,3600,3.002146,0.0,21.653369,30,3600,3.005898,0.0,1.969756,30,3570,2.993347,0.028522,0.24985,0.187635,0.371754,60.0,24.985,18.7635,37.175399999999996,0.24985,0.187635,0.3814542354488816,Assembly,0.3814542354488816,30,0.8333333333333334
19,4374,3.005195,0.012734,53.562693,270,4128,3.003388,0.000695,1.056011,24,4104,3.004043,0.101519,0.303723,0.214957,0.428631,294.0,30.372300000000003,21.4957,42.863099999999996,0.30390231308303683,0.21516513169016108,0.463157267531555,Assembly,0.463157267531555,270,6.172839506172839
19,13319,2.998347,7.777208,206.106413,3756,13338,2.99685,0.983591,201.227236,3775,9563,3.000657,2.934339,0.924363,0.692103,0.997636,7531.0,92.4363,69.2103,99.7636,1.0338773037457734,0.9866590536075361,1.9955947401597296,Assembly,1.9955947401597296,3756,28.200315338989412
20,14820,2.998019,18.329134,236.177071,5251,14860,3.002188,2.325463,253.446649,5291,9569,2.999595,2.927369,0.989491,0.773979,0.997595,10542.0,98.9491,77.39789999999999,99.7595,1.2475916382075654,1.4703855389886058,1.9931832668030682,Assembly,1.9931832668030682,5251,35.43184885290148
4,2720,2.992196,0.0,0.115177,21,2892,2.997729,0.0,50.222231,193,2699,3.004056,0.009057,0.188239,0.150524,0.282079,214.0,18.8239,15.052399999999999,28.207900000000002,0.188239,0.150524,0.2851592549772289,Assembly,0.2851592549772289,21,0.7720588235294118
4,4788,2.999007,0.035115,1.548373,31,4879,3.004251,0.002164,32.016651,122,4757,3.001998,0.18923,0.332337,0.25423,0.496924,153.0,33.2337,25.423000000000002,49.6924,0.3328314698375089,0.25487805320504836,0.5612804811020218,Assembly,0.5612804811020218,31,0.6474519632414368
8,5688,3.007781,0.055287,1.870341,24,6336,3.002169,0.008301,58.137148,672,5664,2.993955,0.327907,0.395227,0.329839,0.588817,696.0,39.5227,32.9839,58.8817,0.39600552068649736,0.3323249009496794,0.7003370583877857,Assembly,0.7003370583877857,24,0.42194092827004215
17,6210,3.009596,0.143484,9.995032,64,6525,2.998004,0.024951,18.414199,379,6146,2.996799,0.642516,0.432516,0.339615,0.6406,443.0,43.2516,33.9615,64.05999999999999,0.43453646163078813,0.34708707741181205,0.8591175120844825,Assembly,0.8591175120844825,64,1.030595813204509
11,4844,2.996393,0.019401,0.808676,9,5208,3.001727,0.006959,39.304513,373,4835,2.992475,0.165441,0.335993,0.271048,0.502642,382.0,33.5993,27.1048,50.2642,0.33626619405716957,0.273132012132131,0.5589079228980585,Assembly,0.5589079228980585,9,0.18579686209744012
3,10905,2.995092,1.813351,44.718987,1341,10680,2.998015,0.415928,78.747097,1116,9564,2.993936,2.906435,0.752535,0.555882,0.995319,2457.0,75.2535,55.5882,99.5319,0.7780695970188405,0.6804399821947082,1.9837876844144948,Assembly,1.9837876844144948,1341,12.297111416781293
11,8107,3.000816,0.519761,57.433092,575,7623,2.993888,0.052307,6.997474,91,7532,2.996643,1.518614,0.561658,0.395495,0.784717,666.0,56.1658,39.5495,78.4717,0.5689769844002124,0.41115938031259885,1.3011924700220145,Assembly,1.3011924700220145,575,7.09263599358579
8,5640,2.998166,0.052798,44.474574,150,5520,2.999747,0.008706,0.558762,30,5490,2.994129,0.282948,0.391026,0.287154,0.571398,180.0,39.102599999999995,28.715400000000002,57.139799999999994,0.39176947197724027,0.2897611863230827,0.667627654995798,Assembly,0.667627654995798,150,2.6595744680851063
14,7689,2.999375,0.4729,33.494607,374,7348,2.998022,0.085518,0.943714,33,7315,3.003058,1.113621,0.531898,0.381419,0.762756,407.0,53.1898,38.1419,76.2756,0.5385571139444099,0.40702908040172114,1.1414947245220877,Assembly,1.1414947245220877,374,4.86409155937053
15,12308,2.99174,3.58557,150.273298,2760,11747,2.997943,0.795833,135.570374,2199,9548,3.001573,2.922837,0.848437,0.611122,0.995936,4959.0,84.8437,61.11220000000001,99.59360000000001,0.8989269961633704,0.8494501544978008,1.9899829489763263,Assembly,1.9899829489763263,2760,22.424439389015273
11,7997,2.995704,0.437458,6.061244,35,8052,2.995079,0.159412,19.493612,90,7962,2.997552,1.60237,0.554127,0.418393,0.829596,125.0,55.4127,41.8393,82.9596,0.5602870394753514,0.46613212085174077,1.3745566015084645,Assembly,1.3745566015084645,35,0.43766412404651744
16,11584,2.997613,2.631713,110.439874,2007,12016,3.004388,0.665184,115.098331,2439,9577,2.995985,2.906924,0.800047,0.625982,0.997428,4446.0,80.0047,62.598200000000006,99.7428,0.8371053140959712,0.8251846909181513,1.9860629916557297,Assembly,1.9860629916557297,2007,17.325621546961326
13,9126,3.001227,0.799498,6.295164,75,9542,2.995007,0.161497,40.398977,491,9051,2.998592,2.426036,0.631835,0.493547,0.943316,566.0,63.1835,49.3547,94.33160000000001,0.643093084754341,0.5419105159222241,1.7684026141036022,Assembly,1.7684026141036022,75,0.8218277449046679
5,3865,3.00537,0.0,62.258425,257,3620,2.996554,0.0,0.054088,12,3608,2.991127,0.032436,0.268657,0.188145,0.375002,269.0,26.865699999999997,18.814500000000002,37.5002,0.268657,0.18814500000000003,0.38603337357197687,Assembly,0.38603337357197687,257,6.649417852522639
3,5896,3.00129,0.088711,88.129753,560,5344,2.9961,0.00666,0.414713,8,5336,2.994357,0.357047,0.409635,0.277972,0.555058,568.0,40.9635,27.7972,55.50580000000001,0.41088417880550343,0.279966470584853,0.6764884735403139,Assembly,0.6764884735403139,560,9.49796472184532
19,13148,2.995544,9.801798,211.708568,3590,14326,3.000182,1.599725,234.970459,4768,9558,2.998418,2.9182,0.911715,0.745251,0.996105,8358.0,91.17150000000001,74.5251,99.6105,1.0497384505013514,1.2243207381912966,1.9885749210057608,Assembly,1.9885749210057608,3590,27.304533008822634
1,3048,3.003376,0.000878,8.606606,49,3004,3.013433,0.0,37.187975,5,2999,3.010309,0.0175,0.211913,0.157087,0.313592,54.0,21.1913,15.7087,31.359199999999998,0.21192536350611796,0.157087,0.3195436906372424,Assembly,0.3195436906372424,49,1.6076115485564306
12,2127,2.984983,0.0,8.445058,72,2055,3.003407,0.0,5.862744,0,2055,3.001838,0.0,0.146969,0.107153,0.214194,72.0,14.6969,10.7153,21.4194,0.146969,0.107153,0.214194,Assembly,0.214194,72,3.385049365303244
19,13604,2.990494,15.355973,210.667442,4121,13433,2.998745,1.480943,176.597344,3950,9483,3.010158,2.912708,0.940223,0.699231,0.992393,8071.0,94.0223,69.9231,99.2393,1.1564572438872531,1.1427290857873906,1.9829951104354901,Assembly,1.9829951104354901,4121,30.292561011467217
13,13212,3.002448,6.421684,191.204095,3694,12528,2.994373,0.765056,178.111544,3010,9518,3.002257,2.9028,0.910606,0.649705,0.993518,6704.0,91.06060000000001,64.9705,99.3518,1.0010325710953563,0.8788163645293289,1.9807504332449875,Assembly,1.9807504332449875,3694,27.959430820466242
12,7070,2.992019,0.27066,3.53337,7,7410,2.990435,0.062493,25.307302,347,7063,3.001061,1.122615,0.489666,0.384695,0.736601,354.0,48.9666,38.469500000000004,73.6601,0.49347728310466055,0.4034097823212044,1.1183985534130225,Assembly,1.1183985534130225,7,0.09900990099009901
9,6894,2.996711,0.19492,85.610017,799,6138,2.994593,0.020642,0.357535,43,6095,3.000864,0.598252,0.478246,0.318349,0.635764,842.0,47.824600000000004,31.834899999999998,63.5764,0.4809907546839594,0.3245306609328133,0.8392274758349456,Assembly,0.8392274758349456,799,11.589788221642007
16,11312,2.998881,3.129974,136.159446,1831,10848,3.001825,0.464611,53.443064,1367,9481,3.005259,2.904828,0.785008,0.565325,0.99051,3198.0,78.5008,56.5325,99.051,0.8290825474921556,0.7044620830178915,1.978432149165692,Assembly,1.978432149165692,1831,16.186350777934937
19,1642,2.985251,0.0,119.665566,231,1426,3.008713,0.0,0.446462,15,1411,2.997537,0.0,0.113469,0.074347,0.147269,246.0,11.3469,7.434699999999999,14.7269,0.113469,0.074347,0.147269,Assembly,0.147269,231,14.068209500609013
16,10928,3.004081,1.695391,110.526153,1429,11696,2.999902,0.627121,104.637278,2197,9499,3.001537,2.898214,0.759921,0.60686,0.991118,3626.0,75.9921,60.68599999999999,99.1118,0.7837945501148806,0.7946639621086525,1.9767907502014221,Assembly,1.9767907502014221,1429,13.076500732064423
4,2112,3.009734,0.0,0.015462,7,2223,2.982475,0.0,49.261518,118,2105,3.000506,0.0,0.147154,0.114862,0.219717,125.0,14.7154,11.4862,21.9717,0.147154,0.114862,0.219717,Assembly,0.219717,7,0.3314393939393939
6,5552,3.001343,0.079093,32.064668,32,5624,3.007226,0.004623,5.672113,104,5520,3.005736,0.393966,0.385522,0.293546,0.577339,136.0,38.5522,29.354599999999998,57.733900000000006,0.38663574349588753,0.29493045007714347,0.7113255002052483,Assembly,0.7113255002052483,32,0.5763688760806917
10,7160,2.992752,0.206356,2.658823,37,7230,2.992125,0.064607,15.224231,107,7123,3.005361,0.847676,0.494889,0.374936,0.744448,144.0,49.4889,37.4936,74.4448,0.49779479005521815,0.39428386202336346,1.0327397321494343,Assembly,1.0327397321494343,37,0.5167597765363128
5,7590,2.997937,0.305233,17.15145,409,7210,3.002688,0.052152,16.666402,29,7181,3.006132,1.208285,0.526771,0.375177,0.750134,438.0,52.677099999999996,37.5177,75.01339999999999,0.5310691208005796,0.39079496245364204,1.1610676298068827,Assembly,1.1610676298068827,409,5.38866930171278
6,4260,3.001855,0.004253,13.969815,10,4296,3.000496,5e-06,8.254475,46,4250,3.007183,0.066225,0.296016,0.223619,0.444431,56.0,29.6016,22.361900000000002,44.4431,0.29607588837302934,0.22362049735028894,0.46695389785436453,Assembly,0.46695389785436453,10,0.2347417840375587
7,12186,2.996944,5.956067,112.143039,2596,12762,2.996262,1.097946,176.811317,3172,9590,2.988226,2.914533,0.842265,0.663637,0.995917,5768.0,84.2265,66.36370000000001,99.5917,0.9261350122933806,0.9924389520656247,1.9871397867448026,Assembly,1.9871397867448026,2596,21.3031347447891
18,13284,3.002913,7.248052,197.601877,3754,13122,3.004577,1.089987,177.281853,3592,9530,2.996383,2.917284,0.921177,0.683118,0.992453,7346.0,92.1177,68.3118,99.2453,1.023240024197522,1.0095364698757079,1.9846113925129774,Assembly,1.9846113925129774,3754,28.25956037338151
8,5600,2.99761,0.070672,1.623774,8,6072,3.002289,0.006667,24.620361,480,5592,2.995229,0.343159,0.388579,0.316491,0.582005,488.0,38.8579,31.6491,58.2005,0.38957416367240294,0.3184875668752576,0.6987122118505983,Assembly,0.6987122118505983,8,0.14285714285714285
4,1444,2.999383,0.0,23.911751,70,1382,2.984121,0.0,3.130048,8,1374,2.989538,0.0,0.100123,0.071596,0.142998,78.0,10.0123,7.159600000000001,14.2998,0.100123,0.071596,0.142998,Assembly,0.142998,70,4.847645429362881
10,7110,3.001576,0.222853,7.219191,64,7280,2.998671,0.065143,18.890575,234,7046,2.998724,1.1137,0.493466,0.378525,0.735059,298.0,49.3466,37.8525,73.5059,0.4966040916046809,0.39803337797433663,1.1138245921541072,Assembly,1.1138245921541072,64,0.90014064697609
4,1466,3.004532,0.0,0.105348,2,1476,2.996532,0.0,41.669267,12,1464,3.009953,0.0,0.101869,0.076734,0.153006,14.0,10.1869,7.6734,15.300600000000001,0.101869,0.076734,0.153006,Assembly,0.153006,2,0.1364256480218281
6,4386,2.989538,0.011393,0.750011,76,4332,3.008397,0.000351,18.48454,22,4310,2.996757,0.067022,0.303249,0.226174,0.449749,98.0,30.3249,22.6174,44.9749,0.3034094298692507,0.22627911399028278,0.4725429548508149,Assembly,0.4725429548508149,76,1.7327861377108982
2,1576,3.005777,0.0,73.043404,132,1444,3.01,0.0,0.003139,0,1444,2.994341,0.0,0.109666,0.075459,0.150133,132.0,10.9666,7.5459,15.0133,0.109666,0.075459,0.150133,Assembly,0.150133,132,8.375634517766498
5,6507,2.998649,0.151179,39.103491,252,6273,2.998445,0.016022,1.37703,18,6255,3.007684,0.762703,0.451517,0.326557,0.653541,270.0,45.1517,32.655699999999996,65.3541,0.4536458183273461,0.33135510926584316,0.9129337030912401,Assembly,0.9129337030912401,252,3.872752420470263
14,768,2.978167,0.0,72.701057,75,694,2.969009,0.0,0.278916,1,693,2.975917,0.0,0.052945,0.035746,0.071608,76.0,5.2945,3.5746,7.1608,0.052945,0.035746,0.071608,Assembly,0.071608,75,9.765625
13,1498,3.011897,0.0,54.823934,90,1416,2.997209,0.0,0.086205,8,1408,2.985384,0.0,0.10444,0.073681,0.146298,98.0,10.444,7.3681,14.629800000000001,0.10444,0.073681,0.146298,Assembly,0.146298,90,6.008010680907877
11,7733,2.993834,0.515946,20.926561,324,7469,3.007259,0.092708,2.32314,60,7409,3.000111,1.4239,0.534939,0.389241,0.772841,384.0,53.493900000000004,38.9241,77.2841,0.5422042636988,0.4170042701172006,1.2571045599068271,Assembly,1.2571045599068271,324,4.189835768783137
11,1428,2.992294,0.0,44.58953,20,1414,2.991497,0.0,0.20731,6,1408,2.995764,0.0,0.098443,0.073388,0.146683,26.0,9.8443,7.338799999999999,14.6683,0.098443,0.073388,0.146683,Assembly,0.146683,20,1.400560224089636
12,4606,2.996012,0.025378,0.10681,0,5040,2.991499,0.005234,57.040643,434,4606,3.007791,0.158061,0.319436,0.261372,0.481038,434.0,31.9436,26.1372,48.1038,0.31979335883628934,0.2629394262824506,0.5347940099321814,Assembly,0.5347940099321814,0,0.0
12,6651,3.007011,0.154218,9.877754,5,6840,3.002195,0.033837,5.444496,194,6646,2.996896,0.636906,0.462954,0.356002,0.69208,199.0,46.2954,35.6002,69.208,0.4651256118297294,0.36613516834529614,0.9086895701144867,Assembly,0.9086895701144867,5,0.07517666516313336
11,7722,3.003558,0.346149,7.474951,198,7601,2.995729,0.108708,16.851563,77,7524,2.998491,1.252773,0.536248,0.394252,0.784274,275.0,53.62479999999999,39.4252,78.4274,0.5411222770834078,0.4268067910417725,1.2103378476965767,Assembly,1.2103378476965767,198,2.564102564102564
12,2241,3.006539,0.0,6.238017,4,2268,2.993789,0.0,5.552381,31,2237,2.997012,0.001173,0.155893,0.11788,0.232901,35.0,15.5893,11.788,23.2901,0.155893,0.11788,0.23329993332099916,Assembly,0.23329993332099916,4,0.178491744756805
17,11815,2.995798,3.045169,122.960144,2263,12155,2.993547,0.691938,176.46158,2603,9552,2.9972,2.914415,0.819212,0.630951,0.995065,4866.0,81.9212,63.0951,99.5065,0.862092370799291,0.8381657128441511,1.9862476553450774,Assembly,1.9862476553450774,2263,19.153618281845112
2,2744,2.999473,0.0,29.842264,20,2820,3.000003,0.0,3.263176,96,2724,3.000519,0.004387,0.190399,0.146871,0.284644,116.0,19.039900000000003,14.687100000000001,28.4644,0.19039900000000004,0.146871,0.2861360038186047,Assembly,0.2861360038186047,20,0.7288629737609329
3,13120,3.001997,11.507851,190.128842,3580,14920,3.001725,1.792135,252.097791,5380,9540,2.998041,2.924859,0.911475,0.77753,0.994572,8960.0,91.14750000000001,77.753,99.4572,1.073522136951346,1.3142207720098513,1.9893066243173836,Assembly,1.9893066243173836,3580,27.28658536585366
9,6777,2.987347,0.172115,38.367868,179,6651,2.994028,0.033094,0.541893,53,6598,2.999349,0.851628,0.468354,0.345103,0.688211,232.0,46.8354,34.5103,68.8211,0.470777627398059,0.35501366209236135,0.9778467939436277,Assembly,0.9778467939436277,179,2.641286705031725
11,7832,3.000656,0.454396,14.627421,132,7766,3.005672,0.106932,9.577852,66,7700,2.992607,1.322949,0.544065,0.403007,0.800465,198.0,54.4065,40.3007,80.0465,0.5504635509407573,0.435029932219145,1.2503954672485267,Assembly,1.2503954672485267,132,1.6853932584269662
5,5808,2.997992,0.093215,1.260053,48,6056,2.994361,0.012988,37.927427,296,5760,3.000969,0.390556,0.402573,0.31444,0.601226,344.0,40.2573,31.444,60.122600000000006,0.40388560162048676,0.3183295171105212,0.7340527707725056,Assembly,0.7340527707725056,48,0.8264462809917356
4,2724,3.008684,0.0,1.268605,4,2788,3.002002,0.0,21.798083,68,2720,2.999338,0.005438,0.189714,0.145308,0.283415,72.0,18.9714,14.5308,28.341499999999996,0.189714,0.145308,0.2852644453534471,Assembly,0.2852644453534471,4,0.14684287812041116
18,12564,3.000009,6.052936,176.399786,3007,14580,3.000112,2.007301,250.674936,5023,9557,2.998494,2.913714,0.871573,0.757799,0.995823,8030.0,87.1573,75.7799,99.5823,0.95680706750311,1.3589255464633783,1.9867672476229798,Assembly,1.9867672476229798,3007,23.933460681311683
4,5026,2.992072,0.012577,40.015129,375,4669,3.000481,0.001094,0.488956,18,4651,2.985186,0.132703,0.347118,0.242975,0.482743,393.0,34.7118,24.2975,48.2743,0.3472951022966353,0.2433026202432176,0.5278748401505131,Assembly,0.5278748401505131,375,7.461201750895344
14,3665,2.99651,0.00469,62.224758,205,3480,3.000756,0.0,0.059954,20,3460,2.997604,0.041506,0.254218,0.180898,0.360541,225.0,25.4218,18.0898,36.0541,0.25428404196320425,0.180898,0.3746570498051076,Assembly,0.3746570498051076,205,5.5934515688949515
13,9256,3.000177,0.852065,11.081858,130,10088,3.001452,0.328309,99.835639,962,9126,3.000091,2.544108,0.64217,0.523357,0.95164,1092.0,64.217,52.335699999999996,95.164,0.6541683039184683,0.6216757152015793,1.8168825007847729,Assembly,1.8168825007847729,130,1.4044943820224718
18,12726,2.99687,4.569732,167.514968,3184,14022,3.003363,1.73911,200.669697,4480,9542,2.998672,2.874374,0.882828,0.724785,0.994961,7664.0,88.2828,72.4785,99.4961,0.9471764163320282,1.2455963721957624,1.9725258470704587,Assembly,1.9725258470704587,3184,25.019644821625022
9,11408,3.005185,2.031298,112.51411,1870,12080,2.997373,0.64834,145.848985,2542,9538,2.998175,2.905263,0.792628,0.627048,0.99409,4412.0,79.2628,62.704800000000006,99.409,0.8212316050688347,0.8212064172648083,1.9821600911901034,Assembly,1.9821600911901034,1870,16.392005610098177
16,11632,2.990277,2.465663,123.983139,2079,11408,2.996907,0.562646,112.565787,1855,9553,2.996701,2.898658,0.803822,0.593009,0.995263,3934.0,80.3822,59.3009,99.5263,0.8385420906439321,0.7615046301329168,1.9810867530953042,Assembly,1.9810867530953042,2079,17.87310866574966
18,12393,3.003251,5.406554,164.458038,2862,12614,2.99558,0.914472,178.631711,3083,9531,2.998944,2.863141,0.858648,0.654418,0.993601,5945.0,85.8648,65.4418,99.36009999999999,0.9347800768293617,0.9282749826834434,1.9673455418745647,Assembly,1.9673455418745647,2862,23.093681917211327
13,4326,3.008669,0.021257,0.691991,84,4266,2.99759,0.000938,28.442871,24,4242,3.003991,0.124546,0.300597,0.221615,0.443367,108.0,30.0597,22.1615,44.3367,0.3008963292136103,0.22189590291420302,0.48572467212034254,Assembly,0.48572467212034254,84,1.9417475728155338
16,2253,3.001197,0.0,34.15025,134,2127,3.00483,0.0,4.401457,8,2119,3.005713,0.001371,0.15632,0.11096,0.221627,142.0,15.631999999999998,11.096,22.162699999999997,0.15632,0.11096,0.22209327244935193,Assembly,0.22209327244935193,134,5.947625388371061
18,12942,2.99844,5.595135,194.512004,3378,12816,3.005304,0.921545,176.597657,3252,9564,2.996428,2.899283,0.892327,0.667651,0.996096,6630.0,89.2327,66.7651,99.6096,0.9711145692521799,0.9436261344021619,1.9821323134752058,Assembly,1.9821323134752058,3378,26.101066295781177
9,6291,2.997096,0.179531,0.307114,23,6687,3.001509,0.054308,73.060875,419,6268,2.986672,0.647141,0.435808,0.348456,0.650496,442.0,43.580799999999996,34.8456,65.0496,0.43833605537228554,0.3647196198982281,0.8705864588957539,Assembly,0.8705864588957539,23,0.36560165315530124
8,6444,3.00647,0.194106,3.072699,27,7110,2.995154,0.056626,28.591245,693,6417,2.990342,0.621597,0.447793,0.369451,0.666344,720.0,44.7793,36.9451,66.6344,0.4505262923901324,0.38640879149217544,0.8777470311450271,Assembly,0.8777470311450271,27,0.41899441340782123
1,9240,3.002875,0.803288,13.466587,132,10388,3.008597,0.392616,111.671051,1280,9108,2.998387,2.603846,0.640765,0.541668,0.949181,1412.0,64.07650000000001,54.1668,94.91810000000001,0.6520764534197023,0.659244736207607,1.8347401919440636,Assembly,1.8347401919440636,132,1.4285714285714286
6,4410,2.995605,0.017519,20.577664,135,4296,3.001339,0.0,9.089719,21,4275,3.000688,0.077893,0.305572,0.223628,0.446124,156.0,30.5572,22.3628,44.6124,0.3058186927832356,0.223628,0.47261514507466995,Assembly,0.47261514507466995,135,3.061224489795918
3,2106,2.990313,0.0,15.656204,39,2076,2.992967,0.0,7.437656,9,2067,3.008121,0.0,0.145661,0.107892,0.216092,48.0,14.5661,10.789200000000001,21.6092,0.145661,0.10789200000000002,0.216092,Assembly,0.216092,39,1.8518518518518516
20,15080,2.999978,40.876902,233.34695,5536,14000,2.997944,1.810179,224.345043,4456,9544,3.003097,2.917198,0.995861,0.728683,0.996412,9992.0,99.5861,72.86829999999999,99.6412,1.5714667266070566,1.270777409732537,1.9885411442047027,Assembly,1.9885411442047027,5536,36.710875331564985
8,3555,2.990757,0.0,6.073326,15,3685,2.99691,0.0,8.115753,145,3540,3.012198,0.010795,0.245932,0.191546,0.370895,160.0,24.5932,19.1546,37.0895,0.24593199999999998,0.191546,0.374566342881659,Assembly,0.374566342881659,15,0.42194092827004215
19,13718,3.00894,9.001098,170.872196,4203,14288,3.00367,1.504765,217.091413,4773,9515,2.994559,2.903128,0.935788,0.744117,0.990319,8976.0,93.5788,74.4117,99.0319,1.0625364398536692,1.1947490615039624,1.9776629849323597,Assembly,1.9776629849323597,4203,30.638577052048404
5,10696,3.005886,2.00195,77.211517,1233,9828,3.000245,0.279411,33.370286,365,9463,3.002632,2.850376,0.74352,0.510774,0.987906,1598.0,74.35199999999999,51.0774,98.7906,0.7717103429076154,0.594449228315972,1.9573092086754562,Assembly,1.9573092086754562,1233,11.527673896783844
11,2166,3.005712,0.0,18.68175,21,2154,3.004451,0.0,4.991174,9,2145,2.991047,0.0,0.150362,0.112354,0.223135,30.0,15.0362,11.2354,22.3135,0.150362,0.11235400000000001,0.223135,Assembly,0.223135,21,0.9695290858725761
9,12682,2.995937,4.649006,185.808241,3132,12733,2.996746,0.71162,173.596935,3183,9550,2.998078,2.919115,0.877039,0.660991,0.99529,6315.0,87.7039,66.09909999999999,99.529,0.9425037085689264,0.8740998825214898,1.9880711094019368,Assembly,1.9880711094019368,3132,24.696420123008988
20,14800,2.998884,19.862375,236.240104,5272,15280,2.998097,2.515879,255.998346,5752,9528,3.001636,2.927088,0.985417,0.792939,0.994059,11024.0,98.54169999999999,79.2939,99.4059,1.2651078824943933,1.5463694295119357,1.9895516996562643,Assembly,1.9895516996562643,5272,35.62162162162162
17,12104,3.004749,4.592453,148.772108,2584,13158,3.00011,1.363964,197.165262,3638,9520,3.004839,2.915513,0.841886,0.684956,0.994293,6222.0,84.18860000000001,68.4956,99.4293,0.9065543607767967,1.0934223778976722,1.985849081420488,Assembly,1.985849081420488,2584,21.34831460674157
10,6950,3.002528,0.417452,7.908211,84,7470,2.993128,0.057584,48.799094,604,6866,2.999311,0.978132,0.480262,0.387339,0.715899,688.0,48.0262,38.7339,71.5899,0.4861403261457429,0.4045836838075342,1.0485583752221255,Assembly,1.0485583752221255,84,1.20863309352518
9,6165,3.008394,0.160821,1.656315,0,6273,2.992405,0.031255,43.6581,108,6165,3.005172,0.570461,0.429323,0.325892,0.643295,108.0,42.9323,32.5892,64.3295,0.431587591591571,0.3352519366560933,0.8373068510063968,Assembly,0.8373068510063968,0,0.0
15,10560,3.000261,1.968454,45.572891,1035,10845,2.998606,0.369008,90.501708,1320,9525,3.000995,2.895043,0.729934,0.563652,0.993692,2355.0,72.9934,56.3652,99.3692,0.7576526709247821,0.6741588470834012,1.9782863038579537,Assembly,1.9782863038579537,1035,9.801136363636363
17,9971,2.999368,0.929087,42.146287,501,9919,3.00258,0.26497,42.295918,449,9470,2.997491,2.861522,0.69071,0.516996,0.986699,950.0,69.071,51.699600000000004,98.6699,0.7037928847478747,0.5963465812114882,1.9598929254664679,Assembly,1.9598929254664679,501,5.024571256644268
12,5264,3.004646,0.020388,104.385774,409,4858,3.002707,0.004723,0.138989,3,4855,2.997386,0.192157,0.365749,0.253249,0.505619,412.0,36.5749,25.3249,50.5619,0.36603609244047075,0.25466339708292207,0.5709709438731767,Assembly,0.5709709438731767,409,7.769756838905775
9,9730,3.001041,1.114642,18.335655,316,10528,2.996883,0.287581,77.08795,1114,9414,2.994794,2.772908,0.674923,0.546722,0.979751,1430.0,67.4923,54.672200000000004,97.9751,0.6906187667270564,0.6328438986880816,1.9228076046591194,Assembly,1.9228076046591194,316,3.2476875642343273
12,8928,2.996105,0.643825,63.101245,854,8124,2.999988,0.108215,2.70655,50,8074,3.001964,1.816891,0.618639,0.422767,0.842635,904.0,61.86390000000001,42.2767,84.26350000000001,0.6277049844264321,0.4551741523032841,1.4605534659194293,Assembly,1.4605534659194293,854,9.565412186379927
16,4212,2.995364,0.008096,3.739862,6,4434,2.995734,0.000454,12.804159,228,4206,3.005271,0.087221,0.292048,0.230574,0.439281,234.0,29.2048,23.0574,43.9281,0.29216200335481907,0.23070995940623473,0.4689445662326241,Assembly,0.4689445662326241,6,0.14245014245014245
12,15333,2.997657,67.370455,238.888416,5785,13965,2.999256,1.79768,227.288152,4417,9548,3.006749,2.938343,0.999918,0.721725,0.99775,10202.0,99.9918,72.1725,99.775,1.9485911578171704,1.2600763334802734,1.9970704869775309,Assembly,1.9970704869775309,5785,37.72908106697972
19,13091,3.002113,7.452652,201.306993,3578,14820,3.002179,2.296312,248.492601,5307,9513,3.008199,2.930134,0.905936,0.770968,0.995103,8885.0,90.5936,77.0968,99.5103,1.010880087240504,1.4586446873340937,1.991631633923752,Assembly,1.991631633923752,3578,27.331754640592777
6,4374,3.007816,0.005576,11.838306,231,4164,3.005752,7.2e-05,6.525031,21,4143,3.012816,0.05846,0.304154,0.216831,0.433928,252.0,30.415399999999998,21.6831,43.3928,0.30423251812085855,0.21685256184416057,0.45381004769446814,Assembly,0.45381004769446814,231,5.2812071330589845
3,2139,3.001649,0.0,34.375878,70,2079,2.998617,0.0,0.129467,10,2069,2.999966,0.0,0.148513,0.108161,0.215889,80.0,14.8513,10.816099999999999,21.5889,0.148513,0.108161,0.215889,Assembly,0.215889,70,3.272557269752221
2,14440,3.004087,21.697754,221.334952,4866,13946,2.999604,1.932905,236.816277,4372,9574,2.998521,2.932805,0.986061,0.726258,0.997833,9238.0,98.6061,72.6258,99.7833,1.291596665518663,1.3051051720443503,1.9952700319632994,Assembly,1.9952700319632994,4866,33.69806094182826
1,6462,3.003612,0.157827,7.222961,33,6966,2.991874,0.034347,18.195821,537,6429,2.999994,0.583108,0.448745,0.361373,0.670822,570.0,44.8745,36.1373,67.0822,0.45096743175407983,0.37165889807476693,0.86913505280578,Assembly,0.86913505280578,33,0.510677808727948
10,7975,2.996757,0.368086,27.137241,702,7370,2.999328,0.131781,3.983538,97,7273,3.000445,1.265255,0.55244,0.383703,0.758685,799.0,55.24400000000001,38.3703,75.86850000000001,0.5576231816776107,0.4231674636850629,1.188993933555666,Assembly,1.188993933555666,702,8.802507836990596
10,2190,2.999725,0.0,11.834183,26,2175,2.999131,0.0,7.580621,11,2164,3.00774,0.0,0.151933,0.113259,0.226596,37.0,15.1933,11.3259,22.659599999999998,0.151933,0.11325900000000001,0.22659599999999996,Assembly,0.22659599999999996,26,1.187214611872146
16,11632,3.006267,3.576329,142.643571,2067,11504,2.99812,0.622559,167.303699,1939,9565,3.000636,2.936175,0.809038,0.598791,0.997687,4006.0,80.9038,59.879099999999994,99.7687,0.8593978695574065,0.7852287797050339,1.9962701575317285,Assembly,1.9962701575317285,2067,17.769944979367263
2,1474,2.983976,0.0,10.914267,12,1502,2.987897,0.0,25.793648,40,1462,2.991017,0.0,0.101669,0.07768,0.152058,52.0,10.1669,7.768,15.2058,0.101669,0.07768,0.152058,Assembly,0.152058,12,0.8141112618724559
4,2860,3.000642,0.0,4.445329,0,2912,2.994813,0.0,16.699964,52,2860,3.003621,0.003103,0.198654,0.151116,0.298276,52.0,19.8654,15.1116,29.827599999999997,0.198654,0.151116,0.299331319774135,Assembly,0.299331319774135,0,0.0
14,2816,3.006167,0.0,0.1031,10,3076,2.999378,0.0,87.967254,270,2806,2.999385,0.001065,0.195847,0.159924,0.292421,280.0,19.584699999999998,15.992400000000002,29.242099999999997,0.195847,0.159924,0.29278320288735216,Assembly,0.29278320288735216,10,0.35511363636363635
13,10880,2.996075,2.390828,83.773538,1358,11248,2.999506,0.534052,91.225378,1726,9522,3.006581,2.873039,0.751776,0.585205,0.994958,3084.0,75.1776,58.5205,99.4958,0.7854423059282842,0.7451375833005912,1.9720688180989892,Assembly,1.9720688180989892,1358,12.481617647058824
12,9321,3.000014,1.038139,10.446876,206,9568,3.002664,0.232354,34.949943,453,9115,3.004098,2.587742,0.646667,0.498098,0.951883,659.0,64.6667,49.809799999999996,95.1883,0.6612854941660727,0.5676810658067483,1.8319652761713692,Assembly,1.8319652761713692,206,2.210063297929407
8,6104,2.993272,0.070098,64.651453,557,5576,3.001384,0.005654,0.247934,29,5547,2.998977,0.355093,0.422938,0.290295,0.578747,586.0,42.2938,29.029500000000002,57.874700000000004,0.42392508092466746,0.29198820370672063,0.6995129247685897,Assembly,0.6995129247685897,557,9.125163826998689
14,9744,2.994477,1.02171,27.408493,319,10752,3.003893,0.357116,78.728422,1327,9425,2.997236,2.762801,0.672971,0.560674,0.982072,1646.0,67.2971,56.0674,98.2072,0.6873581501546692,0.6676195491562131,1.9216912482436561,Assembly,1.9216912482436561,319,3.273809523809524
14,10136,3.002614,1.434962,47.900162,614,10486,2.999526,0.5038,79.885746,964,9522,3.002426,2.894298,0.703754,0.545631,0.993523,1578.0,70.3754,54.5631,99.3523,0.7239603342438112,0.696504015112457,1.9778639318851114,Assembly,1.9778639318851114,614,6.057616416732438
10,5648,3.00324,0.063979,0.290072,45,6144,2.998253,0.00646,57.248181,541,5603,2.996848,0.449291,0.392062,0.31876,0.584485,586.0,39.2062,31.875999999999998,58.4485,0.3929629165807769,0.32069457657329586,0.7372873450341304,Assembly,0.7372873450341304,45,0.796742209631728
8,7992,3.000356,0.384706,6.230805,56,8472,2.998669,0.149223,29.328924,536,7936,2.997982,1.460073,0.554283,0.441054,0.827054,592.0,55.4283,44.1054,82.7054,0.5597002152444452,0.4857418204329619,1.3236198745023111,Assembly,1.3236198745023111,56,0.7007007007007007
5,3690,3.014698,0.000411,68.366666,250,3450,2.993499,0.0,0.135484,10,3440,3.010941,0.04324,0.257505,0.179149,0.36002,260.0,25.7505,17.9149,36.002,0.25751078747268163,0.179149,0.3747257773231064,Assembly,0.3747257773231064,250,6.775067750677506
14,696,3.007444,0.0,0.123643,2,763,2.97601,0.0,120.895408,69,694,2.994152,0.0,0.048388,0.039373,0.072226,71.0,4.8388,3.9373,7.2226,0.048388,0.039373,0.072226,Assembly,0.072226,2,0.28735632183908044
20,14940,2.9976,43.262158,239.910373,5397,13880,3.001933,1.508449,204.491049,4337,9543,2.995372,2.905862,0.999368,0.722166,0.99349,9734.0,99.9368,72.2166,99.349,1.6085615707402505,1.1739013091968453,1.981763809058201,Assembly,1.981763809058201,5397,36.12449799196787
7,13200,2.9994,7.298833,197.881297,3623,14920,3.001597,1.886001,241.500944,5343,9577,2.996638,2.927482,0.897527,0.777497,0.997653,8966.0,89.75269999999999,77.7497,99.7653,1.0003050939061515,1.342297828453968,1.9932796977197542,Assembly,1.9932796977197542,3623,27.4469696969697
15,12376,2.99615,3.917451,172.597732,2835,12784,2.994308,1.32467,151.357214,3243,9541,3.00702,2.938209,0.850387,0.664585,0.997069,6078.0,85.0387,66.4585,99.7069,0.90555035923164,1.0612840014470393,1.99634391403208,Assembly,1.99634391403208,2835,22.907239819004523
4,2920,2.998464,0.0,39.244069,243,2688,3.008096,0.0,3.041641,11,2677,2.993446,0.002059,0.202402,0.140121,0.278438,254.0,20.2402,14.0121,27.8438,0.20240200000000003,0.140121,0.27913825891554755,Assembly,0.27913825891554755,243,8.321917808219178
1,707,3.004615,0.0,9.299843,2,720,3.027394,0.0,12.211605,15,705,3.013502,0.0,0.04916,0.037784,0.073771,17.0,4.916,3.7784,7.3771,0.04916,0.037784,0.073771,Assembly,0.073771,2,0.2828854314002829
6,4374,3.001097,0.025899,65.898441,331,4050,3.002848,0.001092,0.309665,7,4043,2.999898,0.075986,0.303861,0.211034,0.421234,338.0,30.3861,21.1034,42.1234,0.30422569526759624,0.21136102130310203,0.44707658084351437,Assembly,0.44707658084351437,331,7.567443987197074
14,10290,3.000353,1.493379,86.202958,816,9730,3.003325,0.301865,23.381442,256,9474,2.995674,2.83569,0.71431,0.507003,0.986224,1072.0,71.431,50.7003,98.6224,0.7353389298439182,0.5974025289934931,1.9506325498926826,Assembly,1.9506325498926826,816,7.93002915451895
12,4440,3.006557,0.007561,3.671123,42,4422,2.997635,0.0,12.37112,24,4398,3.001642,0.09873,0.30865,0.229506,0.458424,66.0,30.865,22.950599999999998,45.8424,0.3087564697833235,0.229506,0.4920017380922825,Assembly,0.4920017380922825,42,0.945945945945946
15,4963,2.997492,0.032713,10.13561,147,4816,2.995982,0.000278,15.771588,0,4816,2.998928,0.177139,0.344365,0.250497,0.501487,147.0,34.436499999999995,25.0497,50.148700000000005,0.34482564621371004,0.2505802526760645,0.5617313730165991,Assembly,0.5617313730165991,147,2.9619181946403383
14,10122,3.005606,1.58473,47.651921,679,9884,3.001629,0.296683,53.018051,441,9443,2.997216,2.784937,0.703515,0.514975,0.983821,1120.0,70.3515,51.497499999999995,98.3821,0.7258302836564278,0.6038226751540473,1.930968626754856,Assembly,1.930968626754856,679,6.708160442600277
1,710,3.001663,0.0,17.466469,15,697,2.995963,0.0,3.257309,2,695,2.995889,0.0,0.049217,0.036239,0.072372,17.0,4.9216999999999995,3.6239,7.2372000000000005,0.049217,0.036239,0.072372,Assembly,0.072372,15,2.112676056338028
17,6970,3.008475,0.201361,10.662324,307,6680,3.001743,0.027682,28.27202,17,6663,2.991408,0.749068,0.48446,0.347619,0.692704,324.0,48.446,34.761900000000004,69.2704,0.4872954532521893,0.355908930139625,0.9474594858433086,Assembly,0.9474594858433086,307,4.4045911047345765
1,752,3.019372,0.0,44.685871,45,710,3.012587,0.0,4.470891,3,707,2.998847,0.0,0.052508,0.037086,0.073618,48.0,5.2508,3.7086,7.361800000000001,0.052508,0.037086,0.073618,Assembly,0.073618,45,5.98404255319149
14,4230,3.006307,0.008403,32.6007,130,4122,3.012096,0.0,4.672819,22,4100,3.00196,0.079277,0.294378,0.215115,0.428137,152.0,29.437799999999996,21.5115,42.8137,0.2944963263575277,0.21511500000000003,0.4550988387799238,Assembly,0.4550988387799238,130,3.0732860520094563
19,13338,2.9952,7.553302,198.37743,3759,13566,2.998332,2.015924,246.30628,3987,9579,2.993465,2.914772,0.922758,0.705643,0.996631,7746.0,92.2758,70.5643,99.6631,1.0291193843826163,1.309351876771665,1.987935069834077,Assembly,1.987935069834077,3759,28.18263607737292
18,12618,3.002242,5.402902,156.371642,3074,12312,2.997322,0.928906,154.747141,2768,9544,3.003717,2.914892,0.868814,0.639337,0.996319,5842.0,86.8814,63.9337,99.6319,0.944894651403003,0.9175165334975228,1.9876638814270182,Assembly,1.9876638814270182,3074,24.362022507528927
12,10262,3.003238,1.168497,95.93189,1108,9870,2.998112,0.271513,58.853229,716,9154,3.00968,2.741708,0.713408,0.512837,0.957667,1824.0,71.3408,51.283699999999996,95.7667,0.7298621227885412,0.5941470137995802,1.8901125904944358,Assembly,1.8901125904944358,1108,10.797115572013253
12,8184,2.997124,0.580856,6.509305,28,8616,2.999643,0.196775,24.42833,460,8156,3.00583,1.897883,0.567797,0.4469,0.852467,488.0,56.7797,44.690000000000005,85.2467,0.5759762901021234,0.5058282206207896,1.4979305703818027,Assembly,1.4979305703818027,28,0.3421309872922776
4,1442,3.009399,0.0,58.556218,146,1302,3.012612,0.0,2.284923,6,1296,2.984893,0.0,0.100335,0.068004,0.134558,152.0,10.0335,6.8004,13.455800000000002,0.10033500000000001,0.068004,0.134558,Assembly,0.134558,146,10.124826629680998
12,8280,3.001101,0.594887,2.378385,77,8880,3.003215,0.174299,44.323029,677,8203,2.996432,1.925576,0.573452,0.462996,0.854464,754.0,57.3452,46.299600000000005,85.4464,0.5818288668154962,0.5151933316019972,1.509345865742783,Assembly,1.509345865742783,77,0.929951690821256
4,2916,3.010232,0.0,0.662298,9,2932,3.010993,0.0,33.468888,25,2907,3.001331,0.005395,0.203191,0.153116,0.303205,34.0,20.319100000000002,15.3116,30.3205,0.203191,0.153116,0.3050398211993099,Assembly,0.3050398211993099,9,0.30864197530864196
4,2196,3.005393,0.0,23.09779,45,2160,3.006271,0.0,0.708331,9,2151,3.009905,8.6e-05,0.152406,0.112629,0.225125,54.0,15.2406,11.2629,22.5125,0.152406,0.112629,0.22515424830827444,Assembly,0.22515424830827444,45,2.0491803278688523
8,10635,3.002023,1.339431,52.924699,1109,10560,2.999373,0.426301,73.999763,1034,9526,2.999229,2.887499,0.736213,0.547205,0.993368,2143.0,73.6213,54.72050000000001,99.3368,0.7550741200035418,0.6748693851041199,1.9753966150483906,Assembly,1.9753966150483906,1109,10.427832628114714
6,4380,2.998773,0.017206,3.219008,33,4374,3.001574,0.00029,7.707636,27,4347,2.992111,0.104732,0.304042,0.227443,0.452379,60.0,30.4042,22.7443,45.237899999999996,0.3042842852918746,0.22752984631675785,0.4879979979325527,Assembly,0.4879979979325527,33,0.7534246575342466
15,11310,3.004934,1.987914,131.609004,1808,10680,3.000467,0.490312,75.66538,1178,9502,3.000192,2.903799,0.783293,0.554487,0.990928,2986.0,78.3293,55.448699999999995,99.0928,0.8112856957870325,0.7013207629730429,1.978500189756222,Assembly,1.978500189756222,1808,15.985853227232539
5,3625,3.002962,0.008459,33.043337,107,3525,2.986205,0.0,0.888278,7,3518,2.999369,0.034495,0.251822,0.182715,0.366551,114.0,25.182199999999998,18.2715,36.655100000000004,0.2519411149182824,0.182715,0.3782826324875245,Assembly,0.3782826324875245,107,2.951724137931034
5,3720,3.004599,0.003056,42.348005,238,3500,2.997238,0.0,0.079914,18,3482,2.985387,0.028602,0.258729,0.182008,0.361671,256.0,25.872899999999998,18.2008,36.167100000000005,0.2587720328868981,0.182008,0.3713984431775091,Assembly,0.3713984431775091,238,6.397849462365592
18,13224,2.997234,7.401742,160.036028,3676,13851,2.997125,1.424681,177.359973,4303,9548,3.002968,2.926293,0.904845,0.719535,0.996471,7979.0,90.4845,71.9535,99.6471,1.00907220102585,1.1461843013962492,1.9916933228530296,Assembly,1.9916933228530296,3676,27.79794313369631
18,13518,2.994913,6.992742,192.735803,3957,13050,3.000509,1.884319,201.972539,3489,9561,2.995015,2.921164,0.925569,0.679803,0.995266,7446.0,92.5569,67.9803,99.5266,1.024036891228295,1.2441001198167723,1.9887439673514058,Assembly,1.9887439673514058,3957,29.27208166888593
14,10575,2.997289,1.535757,79.340635,981,11280,2.99642,0.466995,121.350489,1686,9594,2.992097,2.925831,0.73059,0.586481,0.997628,2667.0,73.059,58.6481,99.7628,0.7522156731950203,0.7263320196356527,1.9926931982202065,Assembly,1.9926931982202065,981,9.276595744680852
12,8736,3.006459,0.685917,14.934231,146,8616,3.002116,0.185012,4.887072,26,8590,3.003626,2.086768,0.607486,0.448678,0.896867,172.0,60.748599999999996,44.8678,89.6867,0.6171447004851085,0.5040835543310558,1.6065697181541188,Assembly,1.6065697181541188,146,1.6712454212454213
17,13984,2.998897,18.807313,180.713223,4419,13737,2.998198,1.464897,237.15201,4172,9565,2.999859,2.926935,0.938115,0.713988,0.997336,8591.0,93.81150000000001,71.3988,99.7336,1.2029490880845457,1.1526807892401605,1.9927766648752643,Assembly,1.9927766648752643,4419,31.600400457665906
12,8184,3.003579,0.548781,5.193941,58,8244,3.01111,0.131912,18.124994,118,8126,2.996592,1.880555,0.568419,0.430498,0.84657,176.0,56.8419,43.0498,84.65700000000001,0.5761466278484398,0.47000169426263283,1.4861403763611092,Assembly,1.4861403763611092,58,0.7086999022482893
13,2091,2.993232,0.0,1.422373,36,2061,3.017677,0.0,60.620778,6,2055,3.005262,0.0,0.144881,0.10797,0.214626,42.0,14.488100000000001,10.796999999999999,21.462600000000002,0.144881,0.10796999999999998,0.214626,Assembly,0.214626,36,1.721664275466284
14,10248,3.002811,1.241533,60.939968,760,10598,2.998657,0.370691,84.943948,1110,9488,3.003558,2.917519,0.711145,0.550612,0.990838,1870.0,71.1145,55.0612,99.0838,0.7286275749899451,0.6616228551906547,1.9830763152158202,Assembly,1.9830763152158202,760,7.41608118657299
13,9841,3.007114,1.418636,74.812191,866,9022,2.994431,0.23381,8.082007,47,8975,2.999212,2.393919,0.684092,0.468184,0.935294,913.0,68.4092,46.8184,93.5294,0.7040684406209387,0.5382030942108844,1.7494577313495272,Assembly,1.7494577313495272,866,8.79991870744843
7,14320,3.000458,34.050839,187.832231,4731,15820,3.00048,3.12067,270.498823,6231,9589,2.992962,2.921803,0.955499,0.823238,0.997644,10962.0,95.5499,82.3238,99.7644,1.4349839160578486,1.7577852252302326,1.9913392890838173,Assembly,1.9913392890838173,4731,33.037709497206706
10,7300,2.998832,0.288288,5.855532,60,7580,3.002401,0.069385,25.116871,340,7240,3.003467,1.211783,0.504517,0.395108,0.755322,400.0,50.4517,39.5108,75.5322,0.5085765107650794,0.41588672995946374,1.1674452877411157,Assembly,1.1674452877411157,60,0.821917808219178
6,12580,2.993553,5.583358,179.868642,3041,11305,3.001287,0.715091,79.288081,1766,9539,2.998282,2.865468,0.860399,0.588409,0.99409,4807.0,86.0399,58.8409,99.409,0.9390207321091829,0.8025573430920643,1.9686259466810143,Assembly,1.9686259466810143,3041,24.173290937996818
4,2692,3.011259,0.0,0.675077,4,2948,2.993471,0.0,36.156238,260,2688,2.987915,0.002607,0.187646,0.153091,0.278974,264.0,18.7646,15.3091,27.8974,0.187646,0.153091,0.2798606318566452,Assembly,0.2798606318566452,4,0.1485884101040119
12,3525,2.994501,0.002841,26.465999,160,3380,2.984914,0.0,1.475779,15,3365,3.006379,0.036524,0.244329,0.174871,0.351283,175.0,24.4329,17.487099999999998,35.1283,0.24436900537685782,0.17487099999999997,0.36370468850483667,Assembly,0.36370468850483667,160,4.539007092198582
20,13230,2.998765,5.243424,208.873841,3727,12708,3.001553,0.857225,162.700234,3205,9503,3.001994,2.901915,0.916284,0.659925,0.99146,6932.0,91.6284,65.99249999999999,99.146,0.9901189711881022,0.9166382202853829,1.9783914477470468,Assembly,1.9783914477470468,3727,28.1708238851096
3,13832,3.00229,18.040653,222.581114,4311,12958,2.993657,0.987444,208.61997,3437,9521,3.00321,2.9106,0.952434,0.672772,0.993965,7748.0,95.2434,67.27720000000001,99.3965,1.2064724097241706,0.9684819117401846,1.9838501867861584,Assembly,1.9838501867861584,4311,31.16685945633314
16,6970,3.009119,0.267683,1.287343,51,7110,3.000735,0.047125,23.396089,191,6919,2.997545,0.892896,0.484845,0.369887,0.721263,242.0,48.484500000000004,36.9887,72.1263,0.4886143626516843,0.3839995264731531,1.0249339007560687,Assembly,1.0249339007560687,51,0.7317073170731708
15,10935,3.003634,1.861697,87.293263,1537,10575,3.005147,0.553387,87.703916,1177,9398,3.000226,2.74963,0.757327,0.551273,0.980361,2714.0,75.7327,55.1273,98.0361,0.7835423784160839,0.7169958368678786,1.9155008358217636,Assembly,1.9155008358217636,1537,14.055784179240968
4,2812,3.013819,0.0,0.142577,15,2932,2.992963,0.0,26.167117,135,2797,3.011384,0.006712,0.196123,0.152167,0.292876,150.0,19.612299999999998,15.2167,29.2876,0.19612299999999996,0.152167,0.2951587284318384,Assembly,0.2951587284318384,15,0.5334281650071123
15,11070,3.00404,1.631163,81.168465,1590,10635,2.999631,0.464373,56.253213,1155,9480,3.003872,2.834073,0.768481,0.553446,0.98976,2745.0,76.8481,55.3446,98.976,0.7914501272550338,0.6925118091441385,1.9536186136778013,Assembly,1.9536186136778013,1590,14.363143631436316
16,8412,2.995873,0.6056,3.243484,146,8964,3.003095,0.161487,97.084873,698,8266,3.004582,1.864816,0.580004,0.466531,0.863451,844.0,58.0004,46.653099999999995,86.3451,0.5885317213041544,0.5148915212216462,1.4976685958502771,Assembly,1.4976685958502771,146,1.7356157869709936
4,2828,3.00667,0.0,1.982014,8,3000,3.007378,0.0,50.145195,180,2820,2.99638,0.001914,0.196635,0.156418,0.293469,188.0,19.6635,15.6418,29.346899999999998,0.196635,0.156418,0.2941199449074104,Assembly,0.2941199449074104,8,0.2828854314002829
15,10410,2.995164,1.536796,61.983287,1033,10365,3.003171,0.34732,83.108358,988,9377,2.993936,2.782118,0.721222,0.539794,0.975888,2021.0,72.1222,53.9794,97.58879999999999,0.7428623038133081,0.6438059404701441,1.922076894417348,Assembly,1.922076894417348,1033,9.923150816522575
16,9555,3.004176,0.95297,11.839472,200,9646,2.998693,0.257639,61.136237,291,9355,3.001187,2.733493,0.660627,0.501597,0.976088,491.0,66.06269999999999,50.159699999999994,97.6088,0.6740461918283026,0.5787521662178609,1.9057396968610103,Assembly,1.9057396968610103,200,2.0931449502878072
5,1442,2.990317,0.0,1.384551,28,1426,2.996918,0.0,19.018486,12,1414,2.995284,0.0,0.099694,0.074127,0.147567,40.0,9.9694,7.4127,14.7567,0.099694,0.074127,0.147567,Assembly,0.147567,28,1.9417475728155338
6,3640,3.001457,0.001704,3.98038,30,3630,2.994157,0.0,6.001264,20,3610,3.005145,0.017163,0.252901,0.188693,0.377439,50.0,25.2901,18.8693,37.743900000000004,0.25292499477724945,0.188693,0.38327607808039954,Assembly,0.38327607808039954,30,0.8241758241758242
15,9737,2.998095,1.073585,62.174198,626,9373,2.996886,0.239294,14.688409,262,9111,2.998372,2.534898,0.673651,0.486255,0.949631,888.0,67.3651,48.6255,94.9631,0.6887686249608993,0.5579163880077815,1.8117412110265443,Assembly,1.8117412110265443,626,6.429084933757831
14,10122,2.997236,1.177137,31.756504,597,10766,2.998046,0.441509,77.209944,1241,9525,2.992797,2.843357,0.702269,0.560364,0.990969,1838.0,70.2269,56.0364,99.0969,0.7188447864478343,0.6925827257429253,1.9579850705850106,Assembly,1.9579850705850106,597,5.898043864848844
5,3640,2.988263,0.001625,58.164674,221,3455,2.997449,0.0,0.068771,36,3419,2.995792,0.019456,0.251789,0.179381,0.356687,257.0,25.1789,17.938100000000002,35.6687,0.2518118823433277,0.179381,0.3633039196021822,Assembly,0.3633039196021822,221,6.071428571428571
2,2744,3.000368,0.0,0.765365,21,2956,3.000699,0.0,29.505287,233,2723,2.995742,0.000224,0.190044,0.153661,0.283681,254.0,19.0044,15.3661,28.368100000000002,0.190044,0.153661,0.28375718164015673,Assembly,0.28375718164015673,21,0.7653061224489796
18,5103,2.995461,0.034256,2.828169,8,5124,2.993077,0.000181,32.759834,29,5095,3.007144,0.283144,0.353781,0.266259,0.532113,37.0,35.3781,26.6259,53.211299999999994,0.3542633738787898,0.2663132040804592,0.6284093139309351,Assembly,0.6284093139309351,8,0.1567705271408975
12,4350,3.00868,0.010925,13.367696,174,4200,3.00162,0.000322,1.752503,24,4176,3.006632,0.042658,0.302323,0.2188,0.436783,198.0,30.232300000000002,21.88,43.6783,0.30247683975437234,0.218896429358607,0.4512908410973421,Assembly,0.4512908410973421,174,4.0
9,6606,2.996835,0.139897,23.106841,127,6525,2.997015,0.028774,2.69806,46,6479,2.9995,0.830049,0.457669,0.339079,0.676028,173.0,45.7669,33.907900000000005,67.6028,0.45963895149816264,0.347695951442727,0.9583248492429961,Assembly,0.9583248492429961,127,1.922494701786255
5,8556,3.007019,0.667943,44.724376,408,8280,3.001354,0.117265,2.644301,132,8148,2.996441,1.736464,0.595557,0.430797,0.848892,540.0,59.5557,43.079699999999995,84.8892,0.6049626006457411,0.465914356326245,1.4394575160404863,Assembly,1.4394575160404863,408,4.768583450210379
12,9276,3.002009,0.758692,42.554727,756,8568,2.991143,0.135593,5.39247,48,8520,3.000878,2.078334,0.644598,0.444572,0.888704,804.0,64.4598,44.4572,88.8704,0.655281477430138,0.48517804354534216,1.5955383433635757,Assembly,1.5955383433635757,756,8.15006468305304
3,2097,3.015256,0.0,11.665117,24,2190,3.011905,0.0,30.340607,117,2073,3.016881,0.0,0.146366,0.114369,0.218319,141.0,14.6366,11.4369,21.8319,0.146366,0.114369,0.218319,Assembly,0.218319,24,1.144492131616595
8,5792,2.992933,0.063287,6.366606,29,5904,3.00291,0.00856,26.862416,141,5763,3.011087,0.424747,0.400757,0.307765,0.603479,170.0,40.0757,30.776500000000002,60.347899999999996,0.4016481722228798,0.31032846369464595,0.7479340138912459,Assembly,0.7479340138912459,29,0.5006906077348067
14,10164,3.003494,1.552953,58.95508,672,10038,2.996529,0.309643,52.99263,546,9492,3.00048,2.854705,0.701322,0.521959,0.989794,1218.0,70.1322,52.195899999999995,98.9794,0.7231898176724745,0.6146878071029506,1.9606694868908061,Assembly,1.9606694868908061,672,6.6115702479338845
4,2792,3.005796,0.0,15.266786,20,2800,2.999711,0.0,6.673148,28,2772,3.003108,0.004079,0.193587,0.145667,0.289391,48.0,19.358700000000002,14.566699999999999,28.9391,0.19358700000000004,0.145667,0.29077825406338925,Assembly,0.29077825406338925,20,0.7163323782234957
19,12960,3.003427,7.849757,172.294647,3453,12906,2.995544,1.46818,187.666712,3399,9507,3.002752,2.88908,0.892259,0.669922,0.992177,6852.0,89.2259,66.9922,99.2177,1.0027948982849,1.1095979494398711,1.9747433077853893,Assembly,1.9747433077853893,3453,26.643518518518515
13,10127,2.993534,1.354677,42.841403,743,9438,3.000665,0.220089,11.954368,54,9384,3.00411,2.718522,0.701748,0.491087,0.979723,797.0,70.1748,49.1087,97.9723,0.7208238056690027,0.5569970655480062,1.9042831105450015,Assembly,1.9042831105450015,743,7.336822356077811
16,1470,3.005955,0.0,8.740188,13,1484,2.994138,0.0,14.633758,27,1457,2.982628,0.0,0.102123,0.077108,0.151258,40.0,10.2123,7.7108,15.1258,0.102123,0.077108,0.151258,Assembly,0.151258,13,0.8843537414965987
19,3590,3.005161,0.001372,18.83204,10,3630,3.006584,0.00023,6.731364,50,3580,2.995295,0.048767,0.249097,0.189329,0.372332,60.0,24.9097,18.9329,37.2332,0.2491163197384896,0.18939787811329073,0.3889174912746514,Assembly,0.3889174912746514,10,0.2785515320334262
10,12104,2.995079,2.771318,136.784514,2522,12121,3.001458,0.71628,149.580579,2539,9582,2.995038,2.922461,0.834154,0.628914,0.997471,5061.0,83.41539999999999,62.8914,99.7471,0.8731781538130559,0.8434184129907716,1.9913900726517775,Assembly,1.9913900726517775,2522,20.83608724388632
19,13718,2.998494,12.041004,194.448488,4177,13471,2.997147,1.250608,228.262349,3930,9541,3.001082,2.911342,0.945176,0.698907,0.995422,8107.0,94.5176,69.8907,99.54220000000001,1.1147307000234625,1.0734266500273115,1.9855595384691775,Assembly,1.9855595384691775,4177,30.449045050298878
5,3380,3.00346,0.000582,0.738777,10,3665,2.998072,0.0,86.233418,295,3370,3.003978,0.021088,0.234992,0.19059,0.351815,305.0,23.499200000000002,19.059,35.1815,0.23500019539927183,0.19059,0.358986957266181,Assembly,0.358986957266181,10,0.2958579881656805
18,2136,3.001017,0.0,25.558291,12,2133,3.005947,0.0,2.054237,9,2124,3.006226,2.4e-05,0.147936,0.111301,0.221889,21.0,14.793600000000001,11.1301,22.1889,0.147936,0.11130100000000001,0.22189716231858822,Assembly,0.22189716231858822,12,0.5617977528089888
2,2816,2.996033,0.0,15.117068,112,2720,3.006443,0.0,7.064205,16,2704,3.013219,0.005564,0.195295,0.141659,0.283194,128.0,19.5295,14.1659,28.3194,0.195295,0.141659,0.28508629752603526,Assembly,0.28508629752603526,112,3.977272727272727
18,12852,3.00159,4.616416,191.268771,3358,13141,2.999166,1.218024,171.007386,3647,9494,3.000816,2.900341,0.88407,0.683531,0.990341,7005.0,88.407,68.3531,99.03410000000001,0.9490757943725882,1.048292717664421,1.976737135686303,Assembly,1.976737135686303,3358,26.12822906940554
15,4530,3.005515,0.014618,17.091694,136,4428,2.998458,0.001031,1.661161,34,4394,2.997713,0.138279,0.314364,0.229775,0.457856,170.0,31.4364,22.9775,45.785599999999995,0.31456984251985487,0.2300837536295771,0.5048842188358424,Assembly,0.5048842188358424,136,3.0022075055187636
19,8008,3.003352,0.425698,1.72408,74,8162,2.996126,0.086036,77.127901,228,7934,3.00259,1.51194,0.556237,0.424485,0.828254,302.0,55.6237,42.4485,82.8254,0.5622314417168691,0.45025020589165415,1.3424596652612741,Assembly,1.3424596652612741,74,0.924075924075924
14,10192,3.002865,1.453501,57.574434,762,10234,2.998096,0.333176,40.115052,804,9430,3.000774,2.790095,0.707387,0.531571,0.983863,1566.0,70.7387,53.1571,98.3863,0.7278543900979356,0.6313472359728225,1.9327648450581072,Assembly,1.9327648450581072,762,7.476452119309263
3,2250,3.018877,0.0,35.560112,207,2049,2.998901,0.0,6.244229,6,2043,2.999134,0.0,0.157233,0.106666,0.212761,213.0,15.723300000000002,10.666599999999999,21.2761,0.157233,0.10666599999999998,0.212761,Assembly,0.212761,207,9.2
8,5424,2.998714,0.113043,0.252575,18,5680,2.994726,0.00373,57.213783,274,5406,2.999365,0.459443,0.376296,0.294896,0.563421,292.0,37.6296,29.4896,56.342099999999995,0.37788780845341075,0.2960130233155408,0.7196760057969467,Assembly,0.7196760057969467,18,0.33185840707964603
14,9884,2.998912,1.373504,35.826215,434,9926,3.0072,0.299793,45.348971,476,9450,3.001416,2.776646,0.686007,0.517597,0.98603,910.0,68.6007,51.759699999999995,98.603,0.7053479169784369,0.607376027033761,1.9303578857792343,Assembly,1.9303578857792343,434,4.390934844192635
18,13338,2.996146,6.988136,190.671415,3774,12132,2.992511,0.821638,123.516678,2568,9564,3.000229,2.921089,0.917044,0.629917,0.997527,6342.0,91.70439999999999,62.991699999999994,99.7527,1.015447032106223,0.8759729793389617,1.9909794601058177,Assembly,1.9909794601058177,3774,28.29509671614935
17,11985,3.003293,2.882599,159.394236,2464,12495,2.998821,0.652791,140.731434,2974,9521,2.998783,2.896011,0.830704,0.649707,0.992471,5438.0,83.0704,64.97070000000001,99.2471,0.8712951507655785,0.8451983584920126,1.9773945173743455,Assembly,1.9773945173743455,2464,20.559032123487693
17,2349,2.999082,0.0,25.118053,77,2283,3.000117,0.0,2.657625,11,2272,3.007269,0.00012,0.162996,0.118887,0.237775,88.0,16.2996,11.8887,23.7775,0.16299600000000003,0.118887,0.23781581159294107,Assembly,0.23781581159294107,77,3.2779906343124736
9,6327,3.007941,0.181088,6.162593,57,6345,2.998012,0.009036,5.191478,75,6270,3.007695,0.545197,0.439609,0.32989,0.655829,132.0,43.9609,32.989000000000004,65.5829,0.44215898017755406,0.332596011442152,0.8412486503058658,Assembly,0.8412486503058658,57,0.9009009009009009
14,12070,2.999781,3.369217,122.050758,2561,12104,2.994609,0.945863,166.576671,2595,9509,3.000287,2.883529,0.838133,0.62779,0.991634,5156.0,83.8133,62.778999999999996,99.1634,0.8855764339320003,0.9110476472673956,1.972312431515256,Assembly,1.972312431515256,2561,21.217895608947803
2,1432,2.990775,0.0,2.073997,7,1506,2.997947,0.0,17.049523,81,1425,3.002788,0.0,0.099047,0.078318,0.148835,88.0,9.9047,7.831799999999999,14.8835,0.099047,0.078318,0.148835,Assembly,0.148835,7,0.4888268156424581
8,13536,2.996239,7.5481,208.478954,4001,12798,3.000876,1.106388,174.554717,3263,9535,3.006804,2.93229,0.93298,0.663586,0.996533,7264.0,93.298,66.3586,99.6533,1.0392681327210835,0.9949160782934519,1.9937948822102607,Assembly,1.9937948822102607,4001,29.55821513002364
12,7480,3.003774,0.280924,1.196325,50,7700,3.001244,0.094377,24.237962,270,7430,3.00135,1.176035,0.519492,0.400662,0.775142,320.0,51.9492,40.0662,77.5142,0.5234478150258393,0.428925085643645,1.1751075142039649,Assembly,1.1751075142039649,50,0.6684491978609626
16,6885,3.002502,0.184757,8.308478,271,6642,2.998029,0.037636,12.441268,28,6614,3.003218,0.702483,0.477335,0.34571,0.690559,299.0,47.7335,34.571000000000005,69.05590000000001,0.4799366449884275,0.35698085509482425,0.9294710853669693,Assembly,0.9294710853669693,271,3.9360929557007993
4,2780,2.99484,5e-05,0.032275,0,3104,3.006697,0.0,99.609877,324,2780,3.011239,0.00789,0.192723,0.162028,0.290668,324.0,19.2723,16.2028,29.066799999999997,0.1927237040721024,0.162028,0.2933513622358767,Assembly,0.2933513622358767,0,0.0
10,6760,3.002725,0.224626,0.491616,39,7370,3.001943,0.08695,70.28092,649,6721,3.000045,0.936832,0.468618,0.383468,0.700769,688.0,46.861799999999995,38.346799999999995,70.0769,0.4717810580014316,0.4095069215244702,1.0193823853182336,Assembly,1.0193823853182336,39,0.576923076923077
19,14402,3.00101,16.723223,190.049162,4848,13281,3.000042,0.967852,189.395396,3727,9554,3.002034,2.915564,0.954514,0.691711,0.996731,8575.0,95.45139999999999,69.1711,99.6731,1.1900010955271227,0.9815536943680463,1.9883044263474883,Assembly,1.9883044263474883,4848,33.66199139008471
3,13737,2.998827,11.700449,211.788297,4160,14573,2.998344,1.729184,248.306928,4996,9577,2.997397,2.915011,0.94691,0.754297,0.99767,9156.0,94.691,75.4297,99.767,1.1116691945268702,1.272135832402181,1.9890553529233512,Assembly,1.9890553529233512,4160,30.283176821722357
4,5600,2.997642,0.058547,6.555103,47,5600,2.996636,0.01237,5.917628,47,5553,2.991128,0.308073,0.387835,0.290547,0.577839,94.0,38.7835,29.0547,57.7839,0.3886594261875732,0.2942514446148096,0.682613582267839,Assembly,0.682613582267839,47,0.8392857142857143
8,9012,3.00962,0.704063,15.693323,264,8748,3.002094,0.185536,4.361229,0,8748,3.001144,2.044358,0.626696,0.455943,0.911598,264.0,62.6696,45.5943,91.1598,0.6366102223325081,0.5115054766413355,1.6068772210155218,Assembly,1.6068772210155218,264,2.929427430093209
18,13428,2.999776,8.742415,211.613636,3920,13230,3.011928,1.213031,241.465895,3722,9508,3.001104,2.907337,0.931669,0.691802,0.991943,7642.0,93.1669,69.1802,99.1943,1.054774810180415,1.055068463665897,1.9807184515547687,Assembly,1.9807184515547687,3920,29.192731605600237
20,15380,2.994955,50.376866,226.872391,5806,14040,2.996174,1.40875,225.996064,4466,9574,2.997949,2.903629,0.991429,0.730097,0.997455,10272.0,99.1429,73.0097,99.74549999999999,1.7008079191293488,1.1519754439056644,1.984969373332889,Assembly,1.984969373332889,5806,37.750325097529256
13,3560,3.000828,0.0,2.516972,10,3580,2.992982,0.0,21.055804,30,3550,3.002464,0.013284,0.246973,0.185885,0.370102,40.0,24.6973,18.5885,37.0102,0.246973,0.185885,0.37461984333857873,Assembly,0.37461984333857873,10,0.2808988764044944
19,13604,2.996295,10.145216,198.142463,4048,14231,3.002573,1.857543,234.95084,4675,9556,3.004248,2.935935,0.931186,0.741079,0.997736,8723.0,93.1186,74.1079,99.7736,1.0740452711665265,1.2973575095495011,1.9962375343458465,Assembly,1.9962375343458465,4048,29.7559541311379
1,706,2.999575,0.0,74.781888,60,649,3.022912,0.0,0.024398,3,646,2.990643,0.0,0.04902,0.034023,0.067162,63.0,4.902,3.4023,6.7162,0.04902,0.034023,0.067162,Assembly,0.067162,60,8.498583569405099
19,13927,2.995104,14.960239,184.359935,4407,13414,2.996963,1.917665,228.045945,3894,9520,3.001253,2.922054,0.937399,0.696567,0.993113,8301.0,93.73989999999999,69.6567,99.3113,1.1480607384999044,1.2708502483636956,1.9868936533323858,Assembly,1.9868936533323858,4407,31.643570043799812
9,5568,3.003804,0.089588,5.556845,30,5736,2.991784,0.015995,22.46168,198,5538,2.991276,0.272216,0.386827,0.296615,0.575658,228.0,38.6827,29.6615,57.5658,0.3880885282301793,0.30140502357428295,0.6682377382004332,Assembly,0.6682377382004332,30,0.5387931034482759
3,4746,2.995762,0.049022,1.910946,34,5530,3.004887,0.007163,99.434036,818,4712,3.004091,0.218018,0.328125,0.288201,0.492046,852.0,32.8125,28.8201,49.2046,0.3288153004520678,0.29034610402391925,0.5661931822485895,Assembly,0.5661931822485895,34,0.7163927517909818
18,13626,3.001682,7.677538,234.444179,4089,13752,2.999428,1.503803,236.060278,4215,9537,2.994019,2.897963,0.945203,0.716077,0.992502,8304.0,94.5203,71.6077,99.2502,1.0533138064168681,1.1664209713083726,1.9780893859528539,Assembly,1.9780893859528539,4089,30.008806693086747
4,14155,2.997176,19.416075,209.994717,4578,13072,3.0054,1.320107,202.384645,3495,9577,2.99568,2.91319,0.972019,0.681997,0.997364,8073.0,97.2019,68.19969999999999,99.7364,1.2454253349084552,1.077329519573363,1.9881300370004704,Assembly,1.9881300370004704,4578,32.34192864712116
8,5760,3.002582,0.090472,0.516423,24,5864,3.003097,0.004936,26.463266,128,5736,2.999263,0.42068,0.399485,0.305758,0.597938,152.0,39.948499999999996,30.575799999999997,59.7938,0.40075897622494955,0.3072361842052304,0.7410098409871508,Assembly,0.7410098409871508,24,0.4166666666666667
9,6417,2.988494,0.114927,0.849302,6,6768,2.996485,0.031378,50.799843,357,6411,2.991525,0.60528,0.443916,0.352099,0.666467,363.0,44.3916,35.2099,66.64670000000001,0.4455343378902288,0.361495771473201,0.8723206747948624,Assembly,0.8723206747948624,6,0.09350163627863488
15,14174,2.997335,7.641752,222.247176,4681,13338,2.996968,1.372721,183.866511,3845,9493,2.998674,2.913941,0.96791,0.693166,0.989169,8526.0,96.79100000000001,69.3166,98.9169,1.0755168879317454,1.104254837193702,1.9801904495529599,Assembly,1.9801904495529599,4681,33.02525751375758
14,5736,3.003124,0.051469,0.201231,65,5960,3.006499,0.014576,37.408961,289,5671,3.00137,0.277498,0.397307,0.311089,0.592219,354.0,39.7307,31.108900000000002,59.221900000000005,0.3980317577407588,0.315454075562285,0.6865951284830569,Assembly,0.6865951284830569,65,1.1331938633193863
13,8944,3.000807,1.037201,6.213197,77,9581,2.994424,0.224,57.30259,714,8867,2.995902,2.390638,0.620028,0.497722,0.923344,791.0,62.0028,49.7722,92.3344,0.6346332857734318,0.5648032929440063,1.7363918743791962,Assembly,1.7363918743791962,77,0.860912343470483
16,10950,3.000456,2.295317,78.919056,1361,10575,3.005938,0.309471,91.434018,986,9589,2.99295,2.923045,0.758556,0.551864,0.99756,2347.0,75.8556,55.1864,99.756,0.7908773733168558,0.6445412982530114,1.9916776890707575,Assembly,1.9916776890707575,1361,12.429223744292237
10,4788,2.995206,0.033667,14.524465,112,4711,2.996044,0.001837,2.869206,35,4676,3.004605,0.162781,0.33185,0.244603,0.488667,147.0,33.184999999999995,24.4603,48.8667,0.33232407990942364,0.24515312649615242,0.5440282659211976,Assembly,0.5440282659211976,112,2.3391812865497075
12,5138,2.9933,0.029437,0.415646,21,5299,3.004847,0.001141,24.707911,182,5117,3.005605,0.244719,0.354718,0.276442,0.534017,203.0,35.471799999999995,27.6442,53.4017,0.35513251540956137,0.27678369533593356,0.61724510177459,Assembly,0.61724510177459,21,0.4087193460490463
18,12312,3.003981,4.836942,156.792851,2810,12690,3.000051,0.92694,184.784632,3188,9502,3.002927,2.865936,0.853295,0.660318,0.991867,5998.0,85.3295,66.03179999999999,99.1867,0.9214061184616238,0.9379087753639159,1.9665621118934844,Assembly,1.9665621118934844,2810,22.82326185834958
9,6489,3.002254,0.122312,65.376934,162,6354,3.002795,0.012796,0.599484,27,6327,3.001253,0.657532,0.450551,0.331099,0.65981,189.0,45.055099999999996,33.109899999999996,65.981,0.45227332933975184,0.33493101885942633,0.8834344027478445,Assembly,0.8834344027478445,162,2.496532593619972
14,15160,3.002141,35.904566,224.990587,5604,13760,3.001857,1.30694,218.271157,4204,9556,3.003234,2.933897,0.98945,0.716293,0.997687,9808.0,98.94500000000001,71.6293,99.7687,1.4950380653808115,1.107682397322498,1.9954954174590633,Assembly,1.9954954174590633,5604,36.96569920844327
10,7520,3.002315,0.228635,11.880188,290,7240,3.009232,0.062647,4.825326,10,7230,3.005676,1.031699,0.522625,0.37816,0.754551,300.0,52.2625,37.816,75.4551,0.5258445105026013,0.39692090071010344,1.1054283302144206,Assembly,1.1054283302144206,290,3.856382978723404
12,682,3.001656,0.0,0.19748,2,726,2.989591,0.0,41.775841,46,680,3.000455,0.0,0.047387,0.037614,0.070976,48.0,4.7387,3.7614,7.0976,0.047387,0.037614,0.070976,Assembly,0.070976,2,0.2932551319648094
2,3044,3.003544,0.0,13.734598,44,3012,3.010155,0.0,4.087447,12,3000,2.995818,0.006967,0.211548,0.157268,0.312081,56.0,21.1548,15.726799999999999,31.208099999999998,0.211548,0.157268,0.31445045306683816,Assembly,0.31445045306683816,44,1.445466491458607
18,11754,2.997024,3.385369,133.592068,2186,13248,2.994196,1.121307,196.964999,3680,9568,2.998743,2.931671,0.814425,0.687947,0.997576,5866.0,81.4425,68.79469999999999,99.7576,0.8620958773839564,1.0237448720855573,1.9946273624100064,Assembly,1.9946273624100064,2186,18.597924110940955
2,1452,2.999928,0.0,22.458108,34,1426,2.99136,0.0,0.224158,8,1418,2.993833,0.0,0.100708,0.073908,0.147504,42.0,10.0708,7.3908000000000005,14.750399999999999,0.100708,0.073908,0.147504,Assembly,0.147504,34,2.3415977961432506
14,3530,3.004687,0.000418,2.573058,20,3830,2.992402,0.0,46.607916,320,3510,2.992545,0.014432,0.24474,0.198784,0.364716,340.0,24.474,19.8784,36.471599999999995,0.244745886042776,0.198784,0.36962427424438177,Assembly,0.36962427424438177,20,0.56657223796034
18,12618,3.000757,3.192765,162.351035,3084,13194,2.992603,1.254254,178.96518,3660,9534,3.001329,2.886882,0.863264,0.685504,0.994621,6744.0,86.3264,68.5504,99.46209999999999,0.9082227353197798,1.0611155178579985,1.9764397754413519,Assembly,1.9764397754413519,3084,24.441274369947692
15,8844,3.006456,0.73393,53.046297,576,8376,2.997523,0.083888,3.972222,108,8268,3.008036,1.923411,0.615089,0.435187,0.864903,684.0,61.5089,43.518699999999995,86.49029999999999,0.6254237927621501,0.46030894420753027,1.519048556586804,Assembly,1.519048556586804,576,6.512890094979647
15,3942,2.995582,0.004776,0.101573,24,4254,3.00071,0.0,68.466761,336,3918,3.002113,0.081377,0.272598,0.22148,0.408725,360.0,27.259800000000002,22.148,40.8725,0.27266525296722033,0.22148,0.43640104165639293,Assembly,0.43640104165639293,24,0.60882800608828
7,5152,2.996382,0.034494,8.428768,91,5075,3.013935,0.003395,6.051167,14,5061,3.002349,0.236983,0.356249,0.265317,0.528057,105.0,35.6249,26.5317,52.8057,0.3567347252619972,0.26633370084618263,0.6086541144163211,Assembly,0.6086541144163211,91,1.766304347826087
10,6136,3.002989,0.091394,46.409293,306,5864,2.998317,0.011532,0.286265,34,5830,3.01553,0.433724,0.426536,0.304689,0.611597,340.0,42.653600000000004,30.468899999999998,61.159699999999994,0.4278229593145177,0.30814248870638516,0.7591050611398473,Assembly,0.7591050611398473,306,4.9869621903520205
16,10816,3.00454,2.354415,84.490731,1359,11808,2.996518,0.729937,136.475365,2351,9457,3.004827,2.87193,0.75134,0.613679,0.987507,3710.0,75.134,61.3679,98.75070000000001,0.7844935583789974,0.8322732755699513,1.964240650960892,Assembly,1.964240650960892,1359,12.564718934911243
13,8606,2.998062,0.770049,12.044674,170,9230,2.998067,0.312052,41.876973,794,8436,2.998977,2.035618,0.597217,0.480419,0.879483,964.0,59.7217,48.0419,87.9483,0.608060400367475,0.5738692304721564,1.5717897766629787,Assembly,1.5717897766629787,170,1.9753660237043922
10,5166,2.995093,0.030339,5.600908,22,5362,2.999508,0.01438,18.444127,218,5144,2.990534,0.217836,0.358196,0.278773,0.53465,240.0,35.8196,27.877299999999998,53.464999999999996,0.35862321687028853,0.28307937943095896,0.6087352846659622,Assembly,0.6087352846659622,22,0.4258614014711576
8,5640,3.005952,0.035491,7.50584,8,5872,2.999776,0.022306,8.355077,240,5632,3.003408,0.335094,0.392444,0.305135,0.587769,248.0,39.2444,30.5135,58.7769,0.3929437644597189,0.31181497910896877,0.7017333327083491,Assembly,0.7017333327083491,8,0.14184397163120568
15,5313,2.999778,0.028012,72.199154,452,4872,2.988946,0.000139,0.17389,11,4861,3.001955,0.14631,0.368121,0.252815,0.507279,463.0,36.8121,25.2815,50.727900000000005,0.3685154493546433,0.25285662633803224,0.557038534693425,Assembly,0.557038534693425,452,8.507434594391118
13,9347,3.005442,0.891604,13.443182,55,9633,3.002094,0.352069,27.264561,341,9292,3.000178,2.6551,0.649959,0.499464,0.969142,396.0,64.99589999999999,49.946400000000004,96.9142,0.6625140700555966,0.6048981237745685,1.872132503482419,Assembly,1.872132503482419,55,0.5884240932919653
9,6426,2.99816,0.102151,0.191805,21,6696,2.981853,0.032845,52.144959,291,6405,2.999623,0.50443,0.445573,0.346083,0.667458,312.0,44.5573,34.6083,66.7458,0.44701143338662597,0.3559190940479727,0.8390129318939538,Assembly,0.8390129318939538,21,0.32679738562091504
18,13554,3.004173,13.673326,221.584059,4072,12996,2.994566,1.167325,213.57218,3514,9482,2.997302,2.890043,0.935489,0.674605,0.987941,7586.0,93.5489,67.4605,98.7941,1.1280291476698296,1.0241838852047418,1.9708348208187416,Assembly,1.9708348208187416,4072,30.042791795779845
6,4314,2.996393,0.015934,19.03094,141,4212,2.996228,1.5e-05,1.3523,39,4173,3.00105,0.071531,0.29909,0.218798,0.435801,180.0,29.909000000000002,21.8798,43.5801,0.29931437369758984,0.21880249205086677,0.4601284504555764,Assembly,0.4601284504555764,141,3.2684283727399164
8,5208,3.008207,0.040567,17.780285,273,4963,2.995151,0.004679,9.713246,28,4935,3.001384,0.260312,0.362656,0.257599,0.514869,301.0,36.2656,25.759900000000002,51.486900000000006,0.3632272418595535,0.2590002204003795,0.603400228180677,Assembly,0.603400228180677,273,5.241935483870968
9,6426,3.002568,0.178411,3.130724,121,6327,3.003029,0.019813,30.069435,22,6305,3.004039,0.805853,0.446131,0.329864,0.658458,143.0,44.6131,32.986399999999996,65.8458,0.44864328415719207,0.33579740025490884,0.9325258717196407,Assembly,0.9325258717196407,121,1.8829754123871771
11,5187,3.003841,0.036604,1.824541,23,5215,2.999168,0.001968,11.50292,51,5164,2.997276,0.185687,0.35996,0.27149,0.537772,74.0,35.996,27.149,53.7772,0.3604754371047181,0.2720793570737223,0.6009235188204362,Assembly,0.6009235188204362,23,0.4434162328899171
18,14292,2.992252,17.595884,217.318397,4761,13176,3.005165,1.38166,188.642139,3645,9531,2.996722,2.915322,0.978781,0.68718,0.992766,8406.0,97.8781,68.718,99.2766,1.2265564208260078,1.1009458000402488,1.9842571229683905,Assembly,1.9842571229683905,4761,33.31234256926952
7,9730,2.997107,1.134977,28.324105,376,9898,2.999367,0.356579,14.829316,544,9354,2.99951,2.729978,0.674406,0.513462,0.975295,920.0,67.44059999999999,51.346199999999996,97.5295,0.6903881128510985,0.6202467337351822,1.9037512572844442,Assembly,1.9037512572844442,376,3.8643371017471737
15,10944,2.996085,3.550493,62.899422,1407,11680,2.995766,0.713084,141.132054,2143,9537,3.001261,2.870243,0.758829,0.60707,0.994851,3550.0,75.88289999999999,60.707,99.4851,0.8088250614206592,0.8206173066860883,1.971010907983462,Assembly,1.971010907983462,1407,12.856359649122806
12,4188,2.997555,0.005814,0.439593,6,4536,2.985896,2.7e-05,76.288767,354,4182,3.002739,0.094925,0.290596,0.235139,0.436299,360.0,29.059600000000003,23.5139,43.6299,0.290677869504066,0.2351470856915602,0.4685826704994421,Assembly,0.4685826704994421,6,0.14326647564469913
7,5138,3.007415,0.046324,58.353509,366,4788,2.996775,0.000207,0.264872,16,4772,2.994092,0.164708,0.357293,0.248956,0.496682,382.0,35.7293,24.8956,49.6682,0.35794530872142283,0.24901799030196167,0.55269863208451,Assembly,0.55269863208451,366,7.1233943168548075
4,4362,3.00808,0.007504,63.863568,165,4218,2.997448,0.000333,0.09726,21,4197,3.003444,0.084698,0.303733,0.219514,0.438474,186.0,30.373299999999997,21.9514,43.8474,0.30383866714112673,0.21961372352924263,0.4672795024910376,Assembly,0.4672795024910376,165,3.782668500687758
12,8496,3.005986,0.614561,25.723243,65,8508,2.997357,0.132219,4.142242,77,8431,3.003042,2.055055,0.590818,0.442166,0.880242,142.0,59.081799999999994,44.2166,88.0242,0.5994719051063448,0.48176163157037305,1.579159234429612,Assembly,1.579159234429612,65,0.7650659133709982
15,10470,2.999881,1.36266,80.999522,1041,10470,3.00537,0.444891,70.847225,1041,9429,3.003374,2.885196,0.724953,0.545595,0.984642,2082.0,72.4953,54.55950000000001,98.4642,0.7441412178208703,0.6788265334783568,1.9658873725605295,Assembly,1.9658873725605295,1041,9.94269340974212
1,13680,2.996937,8.262173,223.932783,4119,14079,3.004127,1.56389,224.506491,4518,9561,3.001952,2.931709,0.947778,0.73429,0.997604,8637.0,94.7778,73.429,99.7604,1.06412131028849,1.2026282286705445,1.9946682860811042,Assembly,1.9946682860811042,4119,30.10964912280702
7,4753,3.004273,0.015984,0.117385,15,4914,2.993461,0.001875,37.574823,176,4738,3.00242,0.135309,0.330467,0.25503,0.494704,191.0,33.0467,25.502999999999997,49.4704,0.3306920777696922,0.25559150635834826,0.5407221319105505,Assembly,0.5407221319105505,15,0.31559015358720804
16,8640,2.994665,0.531203,4.620294,77,8964,2.99878,0.144173,54.691046,401,8563,2.993643,2.071534,0.598865,0.466685,0.891086,478.0,59.8865,46.6685,89.10860000000001,0.6063451042601234,0.5098604966411439,1.5956076864302475,Assembly,1.5956076864302475,77,0.8912037037037037
10,7490,3.004859,0.261631,44.800966,347,7190,2.997947,0.060687,0.852686,47,7143,3.001786,1.047859,0.519419,0.37415,0.745367,394.0,51.9419,37.415,74.5367,0.5231031417644109,0.39232393939684335,1.1017402913971543,Assembly,1.1017402913971543,347,4.632843791722296
13,9503,2.996704,0.823262,8.103786,248,9698,2.998463,0.241419,55.966493,443,9255,3.000409,2.555061,0.657763,0.504125,0.965185,691.0,65.77629999999999,50.4125,96.51849999999999,0.669355716143165,0.5764227618805762,1.8341525789304707,Assembly,1.8341525789304707,248,2.6097021993054823
8,5584,3.001436,0.057481,0.271418,24,5848,2.999765,0.005478,36.588338,288,5560,3.001395,0.373314,0.387759,0.304239,0.580394,312.0,38.7759,30.4239,58.03939999999999,0.38856841537035025,0.30587949697655026,0.7073568250600866,Assembly,0.7073568250600866,24,0.42979942693409745
5,6381,2.998657,0.124349,0.216825,17,6876,2.997624,0.022571,56.058971,512,6364,3.001194,0.606689,0.442535,0.357841,0.663846,529.0,44.2535,35.7841,66.3846,0.4442860132372033,0.364600338674282,0.8701788709153122,Assembly,0.8701788709153122,17,0.2664159222692368
10,7160,2.994268,0.268041,4.017579,8,7240,3.000681,0.028306,14.148131,88,7152,2.998414,1.19603,0.496272,0.377169,0.745387,96.0,49.6272,37.716899999999995,74.5387,0.5000464038079374,0.3856457994556832,1.152152745877774,Assembly,1.152152745877774,8,0.11173184357541899
7,4802,2.990677,0.026277,0.417669,16,5208,2.995368,0.00071,53.297007,422,4786,3.006487,0.128812,0.332214,0.270108,0.500131,438.0,33.2214,27.010800000000003,50.0131,0.33258401805269033,0.2703206237410279,0.5439395242493983,Assembly,0.5439395242493983,16,0.33319450229071224
4,2872,3.011778,0.0,2.482693,18,2956,3.005481,0.0,16.793619,102,2854,2.998959,0.00135,0.199894,0.154136,0.297532,120.0,19.9894,15.413599999999999,29.753200000000003,0.199894,0.154136,0.2979911304205873,Assembly,0.2979911304205873,18,0.6267409470752089
8,5920,2.999271,0.143296,57.128528,392,5568,3.011587,0.002114,0.352745,40,5528,2.998739,0.296802,0.410265,0.29038,0.575748,432.0,41.0265,29.038000000000004,57.5748,0.41228281431968317,0.29101307970215906,0.6766893534008471,Assembly,0.6766893534008471,392,6.621621621621622
11,11680,2.995758,3.725461,101.032557,2211,11712,2.998678,0.748999,112.959828,2243,9469,3.004394,2.866029,0.809964,0.608933,0.988772,4454.0,80.99640000000001,60.893299999999996,98.8772,0.8624238631728808,0.8332357738114632,1.9634987408780138,Assembly,1.9634987408780138,2211,18.929794520547947
6,6318,2.997865,0.139285,5.015791,45,6498,2.998477,0.025704,16.336629,225,6273,2.989373,0.602836,0.438163,0.337661,0.651955,270.0,43.816300000000005,33.7661,65.1955,0.4401243336556295,0.3453585783653247,0.8569774786852953,Assembly,0.8569774786852953,45,0.7122507122507122
15,9269,2.999857,1.119977,66.965055,340,9035,2.997444,0.210339,9.155839,106,8929,2.999156,2.383256,0.643564,0.469305,0.930885,446.0,64.35640000000001,46.9305,93.0885,0.6593348912203815,0.5322952324845953,1.7414222812201032,Assembly,1.7414222812201032,340,3.668141115546445
13,4164,3.010471,0.018176,14.705995,12,4326,2.994637,0.000725,31.142413,174,4152,3.006276,0.112443,0.289951,0.224504,0.433766,186.0,28.9951,22.450400000000002,43.376599999999996,0.290206944290661,0.22472111579189466,0.47200748287562566,Assembly,0.47200748287562566,12,0.2881844380403458
2,9144,2.999364,0.792255,38.274508,795,8460,3.005027,0.197942,5.63839,111,8349,3.005248,1.941023,0.634516,0.440703,0.872257,906.0,63.4516,44.0703,87.22569999999999,0.6456720928695886,0.49998070217822543,1.5323923380441244,Assembly,1.5323923380441244,795,8.694225721784775
7,8041,2.995362,0.407443,17.612893,501,7634,3.005375,0.07891,12.513221,94,7540,3.004733,1.243438,0.557539,0.397076,0.787848,595.0,55.7539,39.7076,78.7848,0.5632763849922864,0.4207071822598729,1.2107370458623676,Assembly,1.2107370458623676,501,6.2305683372714835
16,2295,2.996037,0.0,20.254771,114,2190,3.015977,0.0,5.391437,9,2181,3.000239,0.002969,0.158857,0.114491,0.2275,123.0,15.8857,11.4491,22.75,0.158857,0.114491,0.22850974682868416,Assembly,0.22850974682868416,114,4.967320261437909
12,8592,2.994699,0.542296,7.285093,77,9324,2.998448,0.160411,59.357816,809,8515,2.994267,2.133405,0.595053,0.485162,0.886163,886.0,59.505300000000005,48.5162,88.61630000000001,0.6026893096967598,0.5332002914394687,1.6117268036540662,Assembly,1.6117268036540662,77,0.8961824953445064
3,7320,3.004035,0.274281,0.499292,11,7860,2.992043,0.051769,45.376405,551,7309,3.002294,1.112477,0.509017,0.406622,0.762271,562.0,50.901700000000005,40.6622,76.22710000000001,0.5128792720063158,0.4221252654215101,1.140620654002716,Assembly,1.140620654002716,11,0.15027322404371585
18,5264,2.996788,0.041425,67.72527,410,4900,3.00687,0.001741,0.201314,46,4854,3.00059,0.19339,0.364921,0.255679,0.5067,456.0,36.4921,25.567899999999998,50.67,0.36550432373683056,0.25620037737060497,0.5724712829906464,Assembly,0.5724712829906464,410,7.788753799392096
7,7050,2.997601,0.329478,1.858813,15,7400,3.001892,0.037121,13.997965,365,7035,2.989233,0.992743,0.489192,0.38566,0.731161,380.0,48.919200000000004,38.566,73.11609999999999,0.49383152536302877,0.3967766280150645,1.068789526759311,Assembly,1.068789526759311,15,0.2127659574468085
13,9763,2.995898,1.366429,21.902395,474,9334,3.00243,0.202185,19.885494,45,9289,3.00258,2.592384,0.675135,0.48654,0.969478,519.0,67.51350000000001,48.653999999999996,96.9478,0.6943762907759486,0.5470883536334102,1.8511390046249738,Assembly,1.8511390046249738,474,4.855065041483151
14,6300,2.995927,0.11892,16.461864,9,6579,3.004693,0.022537,8.058761,288,6291,2.997589,0.594172,0.436555,0.343192,0.654786,297.0,43.6555,34.3192,65.4786,0.4382295650883257,0.3499411566923173,0.8568618816749486,Assembly,0.8568618816749486,9,0.14285714285714285
19,12155,2.997577,3.292017,154.009181,2635,11815,3.003025,0.643771,120.159538,2295,9520,3.003957,2.926674,0.840433,0.615478,0.994125,4930.0,84.0433,61.547799999999995,99.41250000000001,0.8867893466059091,0.808268138570785,1.9894768996606178,Assembly,1.9894768996606178,2635,21.678321678321677
17,13262,3.001164,4.54974,195.062032,3701,13376,2.999646,1.190745,206.225661,3815,9561,2.997637,2.919949,0.91312,0.694165,0.99618,7516.0,91.312,69.4165,99.618,0.9771869001426083,1.0507574739580838,1.9892447499728771,Assembly,1.9892447499728771,3701,27.906801387422714
17,12546,3.008271,5.696792,171.524353,2983,11543,2.998208,0.642065,124.29349,1980,9563,2.994093,2.879583,0.8717,0.599203,0.995103,4963.0,87.17,59.920300000000005,99.5103,0.9519190464064343,0.7914822426522027,1.97443941030071,Assembly,1.97443941030071,2983,23.77650247090706
9,9347,2.994329,0.902247,5.859193,191,9646,2.997517,0.253143,56.631347,490,9156,3.004703,2.518391,0.646774,0.501388,0.95626,681.0,64.67739999999999,50.138799999999996,95.626,0.6594789388433114,0.5771967488380562,1.8127562363208893,Assembly,1.8127562363208893,191,2.0434363967048252
14,12920,3.001027,8.648203,178.890685,3367,12682,3.007128,0.921904,187.587927,3129,9553,2.998627,2.920173,0.897116,0.660747,0.995667,6496.0,89.7116,66.07469999999999,99.5667,1.0188951693622068,0.9368296441529069,1.9888079316130338,Assembly,1.9888079316130338,3367,26.060371517027864
14,9009,2.995078,0.824534,4.734116,67,9789,3.000113,0.222618,59.886148,847,8942,2.997459,2.358132,0.623739,0.50952,0.931629,914.0,62.373900000000006,50.952,93.16290000000001,0.63534962773745,0.5761874253241464,1.7336216940446703,Assembly,1.7336216940446703,67,0.7437007437007437
10,2792,2.98683,0.0,0.21376,23,2976,2.997302,0.0,48.160074,207,2769,2.998204,0.005538,0.192814,0.154772,0.288977,230.0,19.2814,15.4772,28.897699999999997,0.192814,0.154772,0.2908604550142313,Assembly,0.2908604550142313,23,0.82378223495702
8,4893,3.001964,0.020227,7.344022,13,5040,3.005871,0.001906,9.631936,160,4880,2.996857,0.150078,0.340014,0.263014,0.508818,173.0,34.0014,26.3014,50.8818,0.3402988253283011,0.2635847899301397,0.5598590187117752,Assembly,0.5598590187117752,13,0.2656856734109953
1,767,3.010075,0.0,113.548946,101,669,3.007409,0.0,0.065687,3,666,2.988964,0.0,0.053415,0.034887,0.069224,104.0,5.3415,3.4887,6.9224,0.053415,0.034887,0.069224,Assembly,0.069224,101,13.168187744458931
4,2996,2.986212,0.0,22.946213,140,2872,2.994238,0.0,1.073403,16,2856,3.002639,0.002794,0.206705,0.149029,0.298149,156.0,20.6705,14.902899999999999,29.8149,0.206705,0.149029,0.29909922992231175,Assembly,0.29909922992231175,140,4.672897196261682
10,6900,3.001915,0.251083,9.51037,36,6920,3.004841,0.036555,10.228759,56,6864,2.99895,0.964049,0.478975,0.36032,0.715689,92.0,47.8975,36.032,71.5689,0.48251061071369056,0.3712671279623578,1.0435587946938807,Assembly,1.0435587946938807,36,0.5217391304347827
17,13311,3.000316,10.599162,182.971417,3761,12342,2.994331,0.943943,144.905484,2792,9550,2.993467,2.916332,0.922317,0.640786,0.993832,6553.0,92.2317,64.0786,99.3832,1.0715684854583625,0.923468664756447,1.9856666205423115,Assembly,1.9856666205423115,3761,28.25482683494854
4,3004,2.997277,0.001841,51.584555,232,2776,3.007022,0.0,0.291007,4,2772,3.013043,0.002144,0.207782,0.144922,0.290063,236.0,20.7782,14.4922,29.006300000000003,0.20780792393481,0.144922,0.2907921671272142,Assembly,0.2907921671272142,232,7.723035952063914
17,12121,2.991446,3.286067,122.76967,2542,12036,2.998489,0.742971,171.229012,2457,9579,2.991571,2.915961,0.837676,0.625404,0.996123,4999.0,83.7676,62.5404,99.6123,0.8839485620257247,0.8479015683031308,1.9878314447008019,Assembly,1.9878314447008019,2542,20.971867007672635
9,6615,3.005038,0.115768,15.376291,351,6300,2.99982,0.042499,3.398589,36,6264,3.00465,0.623569,0.459599,0.328105,0.65481,387.0,45.9599,32.8105,65.481,0.461229180382991,0.34083217798583626,0.8668837016556922,Assembly,0.8668837016556922,351,5.3061224489795915
1,6426,3.007622,0.137219,36.859968,508,5940,2.998539,0.008929,5.256116,22,5918,3.005742,0.55224,0.446824,0.308736,0.617986,530.0,44.6824,30.8736,61.7986,0.4487562413963586,0.3114099681459689,0.8058009507149001,Assembly,0.8058009507149001,508,7.905384375972611
18,13032,2.996628,4.915751,158.872606,3541,13176,3.003657,1.301061,183.852204,3685,9491,3.00047,2.904485,0.895313,0.685794,0.989801,7226.0,89.5313,68.5794,98.98010000000001,0.9645338628279698,1.0754228128527759,1.9776064960292021,Assembly,1.9776064960292021,3541,27.17157765500307
10,7840,3.005032,0.276477,81.43408,636,7250,2.997813,0.051757,1.150645,46,7204,3.000787,1.224638,0.544214,0.377177,0.75164,682.0,54.4214,37.7177,75.164,0.5481071948530527,0.39267667178081667,1.16813522963493,Assembly,1.16813522963493,636,8.112244897959183
10,735,3.007502,0.0,43.797107,24,713,2.990113,0.0,0.019006,2,711,2.994745,0.0,0.051162,0.037013,0.073988,26.0,5.1162,3.7013,7.3988,0.051162,0.037013,0.073988,Assembly,0.073988,24,3.2653061224489797
8,13091,3.001716,9.20816,170.250373,3561,13338,3.007508,1.208356,188.35191,3808,9530,3.001885,2.914694,0.899418,0.696426,0.994362,7369.0,89.9418,69.6426,99.4362,1.029082171406973,1.0582924411457486,1.9856395422986652,Assembly,1.9856395422986652,3561,27.20189443128867
12,8388,2.998002,0.596263,7.949561,0,8772,3.001181,0.145897,21.613216,384,8388,3.00485,1.918397,0.582112,0.457016,0.875162,384.0,58.2112,45.7016,87.5162,0.590508242879754,0.5007077830207665,1.5276023121950821,Assembly,1.5276023121950821,0,0.0
9,6795,2.999986,0.153648,11.393848,293,6516,3.001976,0.015999,11.612559,14,6502,3.000138,0.750608,0.470644,0.339142,0.677849,307.0,47.0644,33.9142,67.78490000000001,0.4728075854077621,0.3439332214545141,0.9331282346193861,Assembly,0.9331282346193861,293,4.311994113318616
2,1438,2.992123,0.0,16.479275,2,1552,3.00558,0.0,11.543137,116,1436,2.997832,0.0,0.099507,0.080879,0.149475,118.0,9.9507,8.087900000000001,14.9475,0.099507,0.080879,0.149475,Assembly,0.149475,2,0.13908205841446453
7,14383,3.001449,43.222476,224.2891,4835,13566,3.008182,1.61059,222.791267,4018,9548,3.000997,2.908234,0.989546,0.701083,0.995687,8853.0,98.9546,70.1083,99.56869999999999,1.598180790956909,1.1834064803691389,1.9847675182120033,Assembly,1.9847675182120033,4835,33.616074532434126
19,9880,2.998229,1.484004,53.187793,642,9711,2.997056,0.242776,21.36336,473,9238,2.995283,2.776005,0.683026,0.504208,0.962008,1115.0,68.3026,50.4208,96.2008,0.70392291632472,0.5769121427489914,1.9061178838536073,Assembly,1.9061178838536073,642,6.4979757085020236
10,4734,2.985245,0.013489,93.527426,455,4296,3.002949,3e-05,0.090728,17,4279,2.996357,0.094539,0.327133,0.223985,0.445768,472.0,32.713300000000004,22.3985,44.5768,0.327322944571783,0.22399398410173357,0.4779203932088149,Assembly,0.4779203932088149,455,9.611322348964935
3,2280,2.990871,0.0,47.590462,173,2115,3.002326,0.0,0.334163,8,2107,3.000226,0.000454,0.157616,0.110159,0.219924,181.0,15.761600000000001,11.0159,21.9924,0.157616,0.110159,0.22007840385996047,Assembly,0.22007840385996047,173,7.587719298245614
18,2912,3.00082,0.001254,0.396473,8,2988,2.998439,0.0,39.313386,84,2904,2.999911,0.011755,0.202014,0.155174,0.302654,92.0,20.2014,15.5174,30.2654,0.20203165812832796,0.155174,0.30665183562518766,Assembly,0.30665183562518766,8,0.27472527472527475
7,6255,3.004512,0.137736,17.604704,78,6237,3.00788,0.042058,2.092043,60,6177,3.001565,0.657546,0.435028,0.325433,0.644896,138.0,43.5028,32.543299999999995,64.4896,0.4369675215018973,0.33802811169035274,0.8685251641003542,Assembly,0.8685251641003542,78,1.2470023980815348
15,10905,3.001694,1.8603,80.725014,1320,11220,3.002569,0.499742,121.580932,1635,9585,2.994563,2.923103,0.757469,0.584211,0.997631,2955.0,75.7469,58.4211,99.76310000000001,0.7836647066415431,0.7338687656179625,1.9917684146740122,Assembly,1.9917684146740122,1320,12.104539202200826
15,1490,3.00227,0.0,21.526926,78,1412,2.981338,0.0,0.760568,0,1412,2.984814,0.0,0.103551,0.073084,0.146339,78.0,10.3551,7.3084,14.6339,0.103551,0.073084,0.146339,Assembly,0.146339,78,5.23489932885906
10,5784,3.005233,0.072374,29.608984,392,5432,3.00235,0.010921,0.556582,40,5392,2.995967,0.33765,0.402078,0.282216,0.561225,432.0,40.2078,28.221600000000002,56.122499999999995,0.4030971302867683,0.2854865125010781,0.6760586196379943,Assembly,0.6760586196379943,392,6.77731673582296
13,13430,3.002015,8.26896,184.230782,3877,11798,3.001207,0.806689,158.057745,2245,9553,3.000219,2.924466,0.91961,0.612572,0.996177,6122.0,91.961,61.2572,99.6177,1.0360488810356687,0.8541512014451227,1.9907779663505014,Assembly,1.9907779663505014,3877,28.86820551005212
17,4718,2.999497,0.033706,0.1838,14,5054,3.000166,0.002585,47.800122,350,4704,2.997658,0.175476,0.327584,0.262996,0.490515,364.0,32.7584,26.2996,49.0515,0.3280586290856636,0.26377013009937617,0.5501937923577571,Assembly,0.5501937923577571,14,0.2967359050445104
11,7546,2.991459,0.324509,0.852653,44,8239,2.997087,0.175098,56.464835,737,7502,3.006119,1.282039,0.52212,0.426442,0.783808,781.0,52.212,42.6442,78.3808,0.5266895546774932,0.4788786081781679,1.219825115021693,Assembly,1.219825115021693,44,0.5830903790087464
2,6633,2.998351,0.168611,2.480205,50,6597,3.004971,0.024093,24.981382,14,6583,3.002412,0.701327,0.460387,0.343707,0.686782,64.0,46.0387,34.3707,68.6782,0.46276128602512345,0.3509221321022319,0.9253009336883036,Assembly,0.9253009336883036,50,0.7538067239559777
18,13590,3.003097,13.639634,224.900511,4086,12402,2.997415,1.141433,174.50092,2898,9504,3.010501,2.921483,0.942555,0.643429,0.994557,6984.0,94.2555,64.3429,99.45570000000001,1.1346207157243549,0.9852540064685533,1.9881434581693074,Assembly,1.9881434581693074,4086,30.066225165562916
12,8892,2.998217,0.769992,6.745892,112,8856,3.000754,0.176739,24.408769,76,8780,2.995158,2.128977,0.617133,0.459301,0.913629,188.0,61.713300000000004,45.9301,91.3629,0.6279755977252782,0.5122290385429943,1.6376868558745397,Assembly,1.6376868558745397,112,1.2595591542959963
7,4984,3.010491,0.040767,9.813304,21,4984,2.996664,0.001464,8.769157,21,4963,3.00414,0.23487,0.346875,0.258562,0.517693,42.0,34.6875,25.8562,51.769299999999994,0.3474490581479631,0.25900042416459834,0.59757149028395,Assembly,0.59757149028395,21,0.42134831460674155
11,6016,3.008507,0.090262,60.78361,481,5552,2.995957,0.007307,0.338999,17,5535,3.000354,0.399733,0.418564,0.288779,0.577107,498.0,41.8564,28.8779,57.7107,0.4198350191221195,0.29096722771224043,0.7130548373426756,Assembly,0.7130548373426756,481,7.995345744680852
14,13984,3.000781,11.434351,213.722065,4401,14193,3.003747,1.850217,232.733713,4610,9583,2.992355,2.9111,0.963709,0.740144,0.996755,9011.0,96.3709,74.01440000000001,99.6755,1.1247211509608317,1.2942285919061631,1.9868102350900796,Assembly,1.9868102350900796,4401,31.471681922196797
10,11509,2.999476,2.248923,128.841044,1980,12189,2.998247,0.696338,189.776364,2660,9529,3.002751,2.920706,0.798994,0.633534,0.994705,4640.0,79.8994,63.35340000000001,99.4705,0.8306620788944896,0.8420663810984084,1.988027203105014,Assembly,1.988027203105014,1980,17.203927361195586
12,7854,2.997051,0.359114,42.15994,57,7909,3.000459,0.095757,3.858435,112,7797,3.009182,1.638077,0.544682,0.411874,0.815771,169.0,54.4682,41.187400000000004,81.5771,0.5497388429795577,0.44055035432338935,1.3728754310846938,Assembly,1.3728754310846938,57,0.7257448433919022
17,13090,3.002782,4.378527,189.440727,3600,12189,3.001804,0.800503,153.96273,2699,9490,2.994882,2.882605,0.909154,0.633852,0.988076,6299.0,90.9154,63.3852,98.8076,0.9708099742052765,0.8735786796676601,1.9684401822496098,Assembly,1.9684401822496098,3600,27.501909854851032
10,3012,3.004907,0.0,20.500572,152,2876,2.99948,0.0,1.31083,16,2860,2.996413,0.013746,0.209466,0.149778,0.298138,168.0,20.9466,14.9778,29.8138,0.209466,0.149778,0.30281296797140195,Assembly,0.30281296797140195,152,5.046480743691899
14,10108,2.994859,1.307979,59.229353,617,10038,2.997521,0.320273,32.67466,547,9491,2.997082,2.810778,0.696764,0.521155,0.988851,1164.0,69.6764,52.115500000000004,98.88510000000001,0.715182230488254,0.6170671738172131,1.944787063198112,Assembly,1.944787063198112,617,6.104075979422239
8,1418,3.000823,0.0,0.021261,4,1538,2.99952,0.0,58.198969,124,1414,3.023445,0.0,0.09842,0.080091,0.148528,128.0,9.841999999999999,8.0091,14.852799999999998,0.09842,0.080091,0.148528,Assembly,0.148528,4,0.2820874471086037
14,9688,2.998492,0.957301,15.569233,364,10318,2.991626,0.369669,69.929624,994,9324,2.994975,2.696618,0.669777,0.533929,0.970591,1358.0,66.9777,53.3929,97.0591,0.6832571785538116,0.6446337967915976,1.887701634446821,Assembly,1.887701634446821,364,3.7572254335260116
11,10650,3.00847,1.451044,81.278024,1094,10725,3.003046,0.503531,97.399782,1169,9556,2.996702,2.910428,0.741671,0.556578,0.995388,2263.0,74.16709999999999,55.6578,99.53880000000001,0.7621037919948239,0.7073704576669126,1.9852146901696095,Assembly,1.9852146901696095,1094,10.272300469483568
6,10635,2.990514,1.42092,74.174508,1208,9885,2.997999,0.365662,40.495241,458,9427,3.007241,2.863889,0.734662,0.5145,0.985335,1666.0,73.4662,51.449999999999996,98.53349999999999,0.7546706026345759,0.6240048202700501,1.9593339341372307,Assembly,1.9593339341372307,1208,11.358721203573108
17,11271,3.001187,3.622524,131.327075,1776,12631,2.993951,0.922644,187.395257,3136,9495,3.008031,2.900652,0.778681,0.65407,0.992934,4912.0,77.8681,65.40700000000001,99.29339999999999,0.8296913617728051,0.9303742519956686,1.979435905731342,Assembly,1.979435905731342,1776,15.757253127495341
1,11849,2.9994,3.374901,155.530798,2270,12597,2.997513,0.803701,147.794969,3018,9579,2.996075,2.920679,0.822683,0.654495,0.997626,5288.0,82.26830000000001,65.4495,99.7626,0.8702064728486,0.895179384912459,1.9909390204966022,Assembly,1.9909390204966022,2270,19.157734829943454
5,3115,2.998958,2.8e-05,0.190009,25,3630,2.999116,0.0,124.476749,540,3090,2.993823,0.019041,0.21626,0.189007,0.32237,565.0,21.626,18.9007,32.237,0.21626039428037735,0.189007,0.32884577950992766,Assembly,0.32884577950992766,25,0.8025682182985553
9,5877,3.00104,0.100637,0.267214,16,6345,3.000096,0.01579,80.834576,484,5861,3.002059,0.450982,0.408054,0.330479,0.611628,500.0,40.8054,33.047900000000006,61.1628,0.40947111408336556,0.33520763221243693,0.7650054483979919,Assembly,0.7650054483979919,16,0.272247745448358
17,11985,3.000253,2.861371,141.050193,2470,12070,2.999653,0.952021,204.142334,2555,9515,2.993403,2.882802,0.8288,0.627873,0.990326,5025.0,82.88,62.7873,99.0326,0.8690922299137874,0.9129747838832403,1.9707571812813547,Assembly,1.9707571812813547,2470,20.60909470171047
4,2876,2.988593,0.000333,57.148578,181,2700,3.009486,0.0,0.123981,5,2695,3.013718,0.002472,0.198724,0.14107,0.282311,186.0,19.872400000000003,14.107,28.231099999999998,0.19872868912020195,0.14107,0.28315171881458645,Assembly,0.28315171881458645,181,6.29346314325452
5,3760,2.986003,0.000685,30.83574,122,3645,3.012662,0.0,3.44039,7,3638,3.006696,0.026093,0.259586,0.190426,0.380022,129.0,25.958599999999997,19.0426,38.0022,0.25959564578780275,0.190426,0.3888961407884324,Assembly,0.3888961407884324,122,3.2446808510638294
12,9724,3.003389,1.259787,34.323334,333,10270,2.997343,0.281412,42.566832,879,9391,3.004587,2.841812,0.67466,0.533622,0.980882,1212.0,67.46600000000001,53.3622,98.0882,0.6923996176330859,0.6178964679016014,1.947372621325894,Assembly,1.947372621325894,333,3.4245166598107772
6,4584,2.999683,0.006117,6.242546,73,4536,2.994497,0.0,11.833777,25,4511,2.993975,0.107259,0.318298,0.2356,0.469521,98.0,31.829800000000002,23.56,46.9521,0.31838413618100647,0.23559999999999998,0.5059994220605706,Assembly,0.5059994220605706,73,1.5924956369982548
18,12834,2.996236,4.033356,181.935413,3262,12600,2.998929,0.919704,157.003358,3028,9572,2.992931,2.916099,0.890132,0.653028,0.995678,6290.0,89.0132,65.3028,99.56779999999999,0.9469274687721914,0.9284518100257784,1.9874333780326838,Assembly,1.9874333780326838,3262,25.416861461742247
12,8736,2.999439,0.698489,3.932878,17,8916,2.994389,0.159628,33.423909,197,8719,3.00212,2.109366,0.606553,0.463225,0.909968,214.0,60.655300000000004,46.3225,90.9968,0.6163887323745336,0.5110288063842224,1.6273562212981418,Assembly,1.6273562212981418,17,0.1945970695970696
10,702,2.995153,0.0,17.374779,1,722,2.998739,0.0,11.713003,21,701,2.972675,0.0,0.048675,0.037527,0.072356,22.0,4.867500000000001,3.7527,7.235600000000001,0.048675,0.037527,0.072356,Assembly,0.072356,1,0.14245014245014245
17,680,2.986767,0.0,29.677824,16,667,3.007921,0.0,0.131528,3,664,2.995414,0.0,0.047014,0.034775,0.069076,19.0,4.7014,3.4775,6.9075999999999995,0.04701399999999999,0.034775,0.069076,Assembly,0.069076,16,2.3529411764705883
6,5257,2.993017,0.029062,15.202192,69,5215,3.007944,0.000299,1.338816,27,5188,3.008093,0.259827,0.364119,0.27201,0.542971,96.0,36.4119,27.200999999999997,54.2971,0.3645282348687935,0.2720995415472779,0.6313372813258734,Assembly,0.6313372813258734,69,1.3125356667300743
19,11744,2.9965,3.670389,143.502767,2229,11328,3.002278,0.525164,134.243348,1813,9515,2.996461,2.887773,0.812934,0.590162,0.990793,4042.0,81.2934,59.0162,99.0793,0.8646183699964236,0.7474328934269916,1.9729148015189395,Assembly,1.9729148015189395,2229,18.97990463215259
18,7755,2.995872,0.382649,2.342428,42,7854,3.008018,0.078465,30.245066,141,7713,3.001335,1.476043,0.537809,0.410156,0.804902,183.0,53.780899999999995,41.0156,80.4902,0.5431972497181529,0.4336539180841582,1.3068992173295546,Assembly,1.3068992173295546,42,0.5415860735009671
12,6740,2.994332,0.209698,0.468139,53,7250,2.999624,0.057949,64.608013,563,6687,2.994805,0.804102,0.466129,0.377343,0.696352,616.0,46.6129,37.7343,69.6352,0.4690818502345419,0.394696990378626,0.9698243625593086,Assembly,0.9698243625593086,53,0.7863501483679526
15,10695,2.996229,1.76036,77.926185,1187,11115,2.999633,0.453946,87.145501,1607,9508,3.001594,2.915618,0.734763,0.577856,0.991922,2794.0,73.47630000000001,57.7856,99.1922,0.759551407323285,0.7137992348516067,1.9835137915643117,Assembly,1.9835137915643117,1187,11.09864422627396
3,12002,2.995058,3.179383,129.760707,2492,12036,3.000512,0.625384,159.193745,2526,9510,2.997574,2.876774,0.828157,0.626309,0.990931,5018.0,82.8157,62.6309,99.0931,0.872927297462296,0.8135927826182787,1.9693120789292808,Assembly,1.9693120789292808,2492,20.763206132311282
6,12104,3.003319,4.114936,176.26409,2541,11900,2.994994,1.050968,162.228024,2337,9563,3.000936,2.905683,0.838697,0.615726,0.997377,4878.0,83.86970000000001,61.5726,99.73769999999999,0.8966412328144521,0.930459447690966,1.9855899317653969,Assembly,1.9855899317653969,2541,20.993060145406478
13,13034,2.995503,5.928678,174.820855,3479,13490,3.002079,2.190394,178.415304,3935,9555,2.996004,2.905899,0.900474,0.703091,0.994892,7414.0,90.0474,70.3091,99.4892,0.983958335677133,1.3590484177535433,1.9831783926326911,Assembly,1.9831783926326911,3479,26.691729323308273
15,1360,2.992652,0.0,4.380785,2,1474,2.992117,0.0,28.145135,116,1358,2.993496,0.0,0.094211,0.076402,0.141155,118.0,9.421100000000001,7.6402,14.1155,0.094211,0.076402,0.141155,Assembly,0.141155,2,0.14705882352941177
14,9450,3.005808,1.358927,15.293066,244,10122,2.993652,0.232318,62.555702,916,9206,2.999269,2.674896,0.656951,0.526035,0.95955,1160.0,65.6951,52.603500000000004,95.955,0.6760866517977059,0.5956072848846681,1.8692730559312678,Assembly,1.8692730559312678,244,2.582010582010582
3,2184,2.989333,0.0,8.194895,10,2181,3.004685,0.0,9.262296,7,2174,2.994575,0.002,0.151127,0.113701,0.226464,17.0,15.1127,11.370099999999999,22.6464,0.151127,0.113701,0.22714419321568485,Assembly,0.22714419321568485,10,0.4578754578754579
15,4963,3.002706,0.034248,2.049176,18,5124,3.001556,0.007187,20.6156,179,4945,2.992491,0.239397,0.344649,0.266698,0.514199,197.0,34.4649,26.6698,51.4199,0.3451312612272534,0.26885029130530613,0.5956171076276526,Assembly,0.5956171076276526,18,0.36268386056820473
19,13452,3.001332,5.982615,196.744597,3883,14402,3.001508,1.554684,204.362866,4833,9569,2.992996,2.918901,0.933648,0.750481,0.995717,8716.0,93.3648,75.04809999999999,99.57169999999999,1.0178918464168658,1.216062307318569,1.9884253287278584,Assembly,1.9884253287278584,3883,28.865596193874516
16,11808,2.993105,2.094753,131.379939,2225,11248,2.995513,0.606085,135.657281,1665,9583,2.993904,2.914753,0.815343,0.583475,0.997552,3890.0,81.5343,58.3475,99.7552,0.8448401429739786,0.7649793099730716,1.988849607998528,Assembly,1.988849607998528,2225,18.843157181571815
17,1422,3.004439,0.0,0.514136,6,1424,3.009546,0.0,29.179818,8,1416,2.969526,0.0,0.098783,0.074334,0.146144,14.0,9.8783,7.4334,14.6144,0.098783,0.074334,0.146144,Assembly,0.146144,6,0.42194092827004215
9,5688,2.990453,0.118783,19.233569,36,5728,2.996939,0.001467,3.219835,76,5652,3.006008,0.373183,0.393283,0.297873,0.590806,112.0,39.3283,29.7873,59.080600000000004,0.39495563593076516,0.2983123225747717,0.7177242724044592,Assembly,0.7177242724044592,36,0.6329113924050633
8,14022,3.002339,9.296455,219.637277,4469,13851,2.996186,1.259921,206.085041,4298,9553,3.00413,2.921881,0.958865,0.719642,0.997596,8767.0,95.8865,71.9642,99.7596,1.0897724923325844,1.0969506146754704,1.9913178166192287,Assembly,1.9913178166192287,4469,31.871345029239766
4,2728,2.999983,0.0,7.398148,4,2824,2.996296,0.0,15.313016,100,2724,3.00275,0.006863,0.189443,0.146528,0.284183,104.0,18.9443,14.6528,28.418300000000002,0.18944299999999997,0.146528,0.2865170830196226,Assembly,0.2865170830196226,4,0.1466275659824047
13,7230,3.004164,0.232512,54.066116,350,6900,2.996517,0.050703,0.675614,20,6880,2.996774,0.995587,0.502189,0.358944,0.716148,370.0,50.2189,35.8944,71.6148,0.5054631042534207,0.3741280303399105,1.054743761512015,Assembly,1.054743761512015,350,4.840940525587829
10,6192,3.000687,0.094859,59.716736,422,5792,3.000054,0.011249,2.09268,22,5770,3.012361,0.342213,0.429543,0.301157,0.604102,444.0,42.9543,30.1157,60.4102,0.43087875151121335,0.3045257386800318,0.7204874804595793,Assembly,0.7204874804595793,422,6.815245478036176
13,8736,3.001948,0.689851,3.404551,58,9854,2.996565,0.223637,67.516446,1176,8678,3.006444,2.095923,0.606304,0.511828,0.906966,1234.0,60.630399999999995,51.18279999999999,90.6966,0.6160180968781246,0.57880058531303,1.6197823025989164,Assembly,1.6197823025989164,58,0.6639194139194139
3,2154,3.014472,0.0,4.109469,8,2187,3.004413,0.0,28.583917,41,2146,2.983626,0.0,0.150217,0.113758,0.222556,49.0,15.0217,11.3758,22.2556,0.150217,0.113758,0.222556,Assembly,0.222556,8,0.3714020427112349
11,7909,2.990352,0.348458,5.190231,49,8052,3.003419,0.111243,59.148626,192,7860,3.000153,1.593907,0.546288,0.41955,0.82012,241.0,54.6288,41.955,82.012,0.5511947911330962,0.4528639476382593,1.362202363916294,Assembly,1.362202363916294,49,0.6195473511189784
17,11815,2.98758,3.504735,121.474967,2309,12053,3.003815,0.884617,151.571051,2547,9506,3.007787,2.926306,0.815518,0.628512,0.993931,4856.0,81.5518,62.8512,99.3931,0.8648697227954354,0.89342830410825,1.9891577441089314,Assembly,1.9891577441089314,2309,19.54295387219636
6,13395,3.00211,8.26181,192.239797,3856,13395,2.999301,1.257463,195.555012,3856,9539,2.99999,2.898616,0.912182,0.696172,0.994789,7712.0,91.21820000000001,69.6172,99.47890000000001,1.0285201987250268,1.072744517273433,1.980598469037775,Assembly,1.980598469037775,3856,28.786860768943633
1,702,2.980024,0.0,2.491658,3,742,2.980804,0.0,41.445167,43,699,3.011468,0.0,0.048334,0.038399,0.07312,46.0,4.8334,3.8399,7.312,0.048334,0.038399,0.07312,Assembly,0.07312,3,0.4273504273504274
10,7140,2.998579,0.139463,12.458841,190,6980,2.99594,0.038914,3.095697,30,6950,3.000578,0.835136,0.495598,0.362391,0.724177,220.0,49.559799999999996,36.2391,72.4177,0.49756184015231386,0.3740445778286744,1.0082039206870903,Assembly,1.0082039206870903,190,2.661064425770308
4,3008,2.987378,0.0,54.515063,140,2868,3.000073,0.0,1.389103,0,2868,3.018522,0.008506,0.207755,0.149379,0.300594,140.0,20.7755,14.9379,30.059399999999997,0.20775500000000002,0.149379,0.3034868617463076,Assembly,0.3034868617463076,140,4.654255319148936
12,7968,3.001381,0.59237,2.266301,105,8784,2.995938,0.21437,66.876617,921,7863,3.004518,1.593577,0.553588,0.456889,0.821384,1026.0,55.358799999999995,45.6889,82.1384,0.5619294238258619,0.5210863962875296,1.363354132035706,Assembly,1.363354132035706,105,1.3177710843373496
5,6435,3.001842,0.11269,2.31715,23,6705,2.987651,0.032771,19.201393,293,6412,2.992439,0.743987,0.446777,0.347655,0.66719,316.0,44.6777,34.765499999999996,66.719,0.4483638377043679,0.3574689332636965,0.9202174549788612,Assembly,0.9202174549788612,23,0.35742035742035744
9,6399,2.993787,0.143045,16.411788,24,6435,2.999111,0.014496,7.092153,60,6375,2.996697,0.609798,0.442877,0.334662,0.663969,84.0,44.2877,33.4662,66.3969,0.4448912798777292,0.33900311795766214,0.8713592312690943,Assembly,0.8713592312690943,24,0.3750586029067042
18,12726,3.005188,5.143331,176.910934,3140,13410,2.99548,1.126888,175.75003,3824,9586,2.989329,2.913576,0.87293,0.697361,0.996124,6964.0,87.29299999999999,69.73610000000001,99.61240000000001,0.9453555174092105,1.0348302144780597,1.9870213142910975,Assembly,1.9870213142910975,3140,24.673895961024677
3,2223,2.997973,0.0,7.899974,15,2268,3.003658,0.0,6.120559,60,2208,2.994144,0.0,0.15372,0.118089,0.229571,75.0,15.372,11.8089,22.9571,0.15372,0.118089,0.229571,Assembly,0.229571,15,0.6747638326585695
16,2331,2.998047,0.0,49.851558,228,2106,3.000824,0.0,0.070156,3,2103,2.997969,0.0,0.161564,0.109573,0.218914,231.0,16.1564,10.9573,21.8914,0.161564,0.109573,0.218914,Assembly,0.218914,228,9.78120978120978
1,9620,2.996854,1.209752,36.553497,250,10257,2.995735,0.355493,43.517058,887,9370,2.993729,2.686283,0.665662,0.53275,0.975117,1137.0,66.5662,53.27499999999999,97.5117,0.6826970526802236,0.6392095092524268,1.8887127360047695,Assembly,1.8887127360047695,250,2.598752598752599
12,8208,3.002321,0.477791,9.676424,48,8616,2.994211,0.128935,12.300317,456,8160,3.003529,1.719809,0.56936,0.447587,0.851979,504.0,56.936,44.758700000000005,85.1979,0.5760879862774657,0.48619917190060474,1.436880207036871,Assembly,1.436880207036871,48,0.5847953216374269
15,10905,3.000596,1.905039,73.764616,1405,11430,2.993595,0.473306,133.373956,1930,9500,3.000124,2.845528,0.754933,0.593276,0.990784,3335.0,75.49329999999999,59.327600000000004,99.0784,0.78175869627732,0.7350169751703386,1.9585384203206362,Assembly,1.9585384203206362,1405,12.883998165978907
5,3755,2.997607,0.00061,26.002673,152,3635,2.990701,0.0,0.584935,32,3603,3.007633,0.017775,0.260074,0.188216,0.377124,184.0,26.007400000000004,18.8216,37.7124,0.2600825896796492,0.188216,0.3831692172043991,Assembly,0.3831692172043991,152,4.047936085219707
9,6372,2.999161,0.120011,22.628016,216,6192,3.004877,0.019738,0.7594,36,6156,2.999497,0.501835,0.440586,0.321698,0.641142,252.0,44.0586,32.169799999999995,64.1142,0.44227592794159987,0.3276089400005749,0.8118143811966028,Assembly,0.8118143811966028,216,3.389830508474576
19,13357,2.996923,10.237099,199.160837,3814,13965,3.003345,1.429882,223.87244,4422,9543,3.000088,2.910968,0.924598,0.725456,0.995275,8236.0,92.4598,72.5456,99.5275,1.0687511163062058,1.1536628451667927,1.9852853423378445,Assembly,1.9852853423378445,3814,28.554316088942127
15,10410,3.001365,1.618259,45.748661,884,11475,2.999835,0.421651,129.844771,1949,9526,3.001565,2.898247,0.721548,0.596626,0.994048,2833.0,72.1548,59.6626,99.40480000000001,0.7443354203268489,0.722897849335416,1.9797319733894811,Assembly,1.9797319733894811,884,8.491834774255523
17,11985,2.99632,3.167459,120.127137,2430,12733,2.999097,1.048868,180.23296,3178,9555,3.001636,2.898991,0.825598,0.661625,0.996747,5608.0,82.55980000000001,66.16250000000001,99.6747,0.870200390347318,0.9757295605696161,1.9826840052657158,Assembly,1.9826840052657158,2430,20.275344180225282
10,7480,2.998854,0.247199,63.773213,446,7070,2.996347,0.04084,1.087411,36,7034,2.995318,0.84805,0.517803,0.366966,0.732075,482.0,51.780300000000004,36.696600000000004,73.20750000000001,0.5212839183927769,0.37919635715996974,1.0204939282807675,Assembly,1.0204939282807675,446,5.9625668449197855
14,12920,2.992156,4.125029,174.537924,3393,12308,2.992474,0.920062,174.036872,2781,9527,3.003878,2.91636,0.887224,0.638494,0.994898,6174.0,88.72240000000001,63.8494,99.48979999999999,0.9453103568090406,0.9140250203064657,1.9867421432473307,Assembly,1.9867421432473307,3393,26.261609907120743
15,11584,3.00267,3.039552,114.137505,2012,12112,3.000643,0.740602,155.235971,2540,9572,2.998918,2.929903,0.80287,0.628295,0.99763,4552.0,80.28699999999999,62.8295,99.763,0.8456712753393085,0.8500831237362364,1.9940800716073408,Assembly,1.9940800716073408,2012,17.36878453038674
2,12654,3.00056,6.204874,151.759773,3090,12312,2.997462,0.920391,181.213837,2748,9564,2.996523,2.913082,0.875817,0.639875,0.996168,5838.0,87.5817,63.9875,99.61680000000001,0.9631905736449702,0.9155045459554771,1.9868973065668236,Assembly,1.9868973065668236,3090,24.419155998103367
3,2154,2.999302,0.0,24.779684,12,2154,2.991262,0.0,0.084766,12,2142,2.999394,0.000149,0.149413,0.111617,0.22332,24.0,14.941299999999998,11.1617,22.332,0.149413,0.111617,0.22337067439456854,Assembly,0.22337067439456854,12,0.5571030640668524
2,1372,3.009578,0.0,0.25285,2,1416,3.014772,0.0,41.318566,46,1370,3.004206,0.0,0.095508,0.073921,0.142908,48.0,9.550799999999999,7.3921,14.2908,0.09550799999999998,0.073921,0.142908,Assembly,0.142908,2,0.1457725947521866
16,13509,2.997429,15.041137,177.060212,3974,13680,3.0023,1.158852,207.235767,4145,9535,2.997375,2.880414,0.929284,0.713046,0.993443,8119.0,92.9284,71.3046,99.34429999999999,1.1410848989986884,1.060087475405123,1.973062030581827,Assembly,1.973062030581827,3974,29.41742542009031
2,1422,2.989169,0.0,0.003543,8,1472,2.993379,0.0,44.673844,58,1414,3.003288,0.0,0.098269,0.076497,0.147597,66.0,9.8269,7.649699999999999,14.7597,0.098269,0.076497,0.147597,Assembly,0.147597,8,0.5625879043600562
3,2115,2.999328,0.0,25.255501,130,1989,2.978789,0.0,1.498202,4,1985,2.99695,0.0,0.146612,0.10275,0.206638,134.0,14.6612,10.274999999999999,20.6638,0.146612,0.10274999999999998,0.206638,Assembly,0.206638,130,6.1465721040189125
19,6264,3.002611,0.133694,2.263085,8,6786,2.989432,0.025424,55.590782,530,6256,3.006075,0.496788,0.435379,0.352192,0.653658,538.0,43.5379,35.2192,65.3658,0.4372616043131401,0.35980572674914474,0.822613913616822,Assembly,0.822613913616822,8,0.1277139208173691
10,11744,3.009047,2.286132,138.930278,2157,11520,3.006831,0.564796,116.02915,1933,9587,2.993305,2.892552,0.815992,0.600744,0.997447,4090.0,81.59920000000001,60.0744,99.7447,0.8481840352716467,0.7698834907571561,1.9811941232078183,Assembly,1.9811941232078183,2157,18.36682561307902
14,10150,3.003321,1.355314,51.691779,823,10682,3.001685,0.31736,69.568572,1355,9327,3.003048,2.787412,0.704872,0.554648,0.973672,2178.0,70.4872,55.464800000000004,97.3672,0.7239567755475872,0.6496878175388832,1.9216613658592658,Assembly,1.9216613658592658,823,8.108374384236452
18,13410,2.996287,5.994816,184.666839,3854,12924,2.997277,1.15205,179.444397,3368,9556,3.002078,2.921655,0.919717,0.671588,0.997202,7222.0,91.9717,67.1588,99.7202,1.0041326540912912,1.0165924800720645,1.9908469547858565,Assembly,1.9908469547858565,3854,28.739746457867266
13,2025,2.997786,0.0,8.403507,8,2094,2.989786,0.0,5.990868,77,2017,3.0012,0.001627,0.140401,0.108562,0.210528,85.0,14.040099999999999,10.856200000000001,21.052799999999998,0.140401,0.108562,0.2110813371809596,Assembly,0.2110813371809596,8,0.39506172839506176
11,7359,2.993458,0.304031,1.631115,11,7667,3.001536,0.051064,18.067777,319,7348,3.00171,1.131176,0.509927,0.399164,0.766393,330.0,50.9927,39.9164,76.6393,0.5142081949072381,0.41445613903077116,1.1511021204727616,Assembly,1.1511021204727616,11,0.14947683109118087
6,4452,3.005278,0.023966,43.946212,119,4350,3.004951,8.9e-05,1.743645,17,4333,2.994118,0.108351,0.309495,0.226472,0.450976,136.0,30.9495,22.6472,45.0976,0.30983247584011786,0.22649865283514295,0.4878258075563344,Assembly,0.4878258075563344,119,2.6729559748427674
5,3490,3.010574,0.004846,5.444825,25,3480,2.999905,0.0,9.130752,15,3465,3.008465,0.026332,0.242558,0.181232,0.362445,40.0,24.2558,18.1232,36.2445,0.24262623866816369,0.181232,0.3714004238777067,Assembly,0.3714004238777067,25,0.7163323782234957
11,7777,2.996337,0.398743,2.269559,20,8096,2.997001,0.134737,27.563995,339,7757,3.000986,1.445281,0.539025,0.421245,0.80898,359.0,53.902499999999996,42.1245,80.898,0.5446398764464704,0.46159469717587753,1.3005151654791058,Assembly,1.3005151654791058,20,0.25716857400025717
6,14100,2.998413,13.509791,200.268359,4532,13360,2.99802,1.774159,236.325331,3792,9568,3.000025,2.929219,0.962202,0.695341,0.997553,8324.0,96.2202,69.5341,99.7553,1.1524393390445409,1.226648498251095,1.9937704455275767,Assembly,1.9937704455275767,4532,32.141843971631204
17,10005,2.999574,1.64445,41.901899,603,9945,3.001584,0.341618,36.823203,543,9402,3.004016,2.815465,0.693099,0.517234,0.981465,1146.0,69.3099,51.7234,98.1465,0.716255227375523,0.6195383622006497,1.9389950959990694,Assembly,1.9389950959990694,603,6.026986506746627
7,5019,3.001709,0.04898,11.669599,7,5082,2.996546,0.001444,3.937663,70,5012,3.006455,0.296296,0.34874,0.263745,0.523645,77.0,34.874,26.3745,52.3645,0.34942970903150183,0.26417743476344263,0.6244142645172788,Assembly,0.6244142645172788,7,0.1394700139470014
8,3032,2.99137,0.0,64.172507,176,2868,2.999434,0.0,0.033129,12,2856,3.000653,0.004872,0.209755,0.149182,0.297582,188.0,20.9755,14.9182,29.758200000000002,0.209755,0.149182,0.2992389506734083,Assembly,0.2992389506734083,176,5.804749340369393
13,7865,2.992135,0.371394,8.815135,151,7755,3.003872,0.071976,6.064244,41,7714,3.002166,1.482047,0.542175,0.403956,0.805286,192.0,54.217499999999994,40.3956,80.5286,0.5474047630879048,0.42551065687918666,1.3093251573630404,Assembly,1.3093251573630404,151,1.9198982835346472
5,3485,3.01228,0.001791,0.084573,14,3835,3.003509,0.0,99.280932,364,3471,2.997141,0.052867,0.242671,0.199668,0.361679,378.0,24.2671,19.966800000000003,36.167899999999996,0.24269621986270762,0.19966800000000004,0.37965888736680536,Assembly,0.37965888736680536,14,0.40172166427546624
10,10755,3.000418,1.931438,75.474254,1268,10710,2.996889,0.62257,74.803303,1223,9487,3.002669,2.827591,0.746869,0.556779,0.990011,2491.0,74.6869,55.6779,99.0011,0.7740664322659402,0.7432200738756696,1.9516651074657667,Assembly,1.9516651074657667,1268,11.789865178986519
19,11872,2.995239,4.658742,120.66627,2313,11552,3.004514,0.574099,122.549498,1993,9559,2.998159,2.914261,0.820038,0.602366,0.996074,4306.0,82.0038,60.236599999999996,99.6074,0.8856398054887038,0.7742914607047369,1.9872042804674697,Assembly,1.9872042804674697,2313,19.4828167115903
2,1450,2.973217,0.0,0.357275,6,1478,2.999089,0.0,21.38792,34,1444,3.000593,0.0,0.099556,0.076671,0.150549,40.0,9.9556,7.6671000000000005,15.054899999999998,0.099556,0.076671,0.150549,Assembly,0.150549,6,0.41379310344827586
6,3755,3.00523,3.4e-05,55.579119,145,3610,2.993185,0.00011,0.05606,0,3610,3.000324,0.034658,0.261209,0.187594,0.376082,145.0,26.120900000000002,18.7594,37.608200000000004,0.26120947876902967,0.1876269417063564,0.38786906823460277,Assembly,0.38786906823460277,145,3.861517976031957
8,11280,3.001951,1.841406,89.198202,1772,11265,3.000264,0.525848,101.414902,1757,9508,3.003954,2.919219,0.778558,0.582535,0.992716,3529.0,77.8558,58.2535,99.2716,0.8044876518754918,0.740010730946517,1.9855324794491525,Assembly,1.9855324794491525,1772,15.709219858156029
19,13794,2.997533,13.039265,206.000155,4266,14497,3.002976,1.799852,248.962927,4969,9528,3.007056,2.932187,0.955671,0.755763,0.995767,9235.0,95.56710000000001,75.5763,99.5767,1.1392826544435526,1.294764782445784,1.9929938522596529,Assembly,1.9929938522596529,4266,30.926489778164417
4,8280,2.992558,0.473973,4.005266,48,8340,2.995807,0.110239,17.554204,108,8232,2.998145,1.664602,0.571859,0.433529,0.85703,156.0,57.185900000000004,43.3529,85.703,0.5785332233317272,0.4665422797002424,1.4231554936077142,Assembly,1.4231554936077142,48,0.5797101449275363
2,9698,2.999259,1.033603,20.992669,386,9334,3.001932,0.194154,33.805705,22,9312,2.998632,2.562914,0.671652,0.486459,0.970493,408.0,67.1652,48.6459,97.0493,0.6862066207449438,0.544602309599333,1.8421313575918576,Assembly,1.8421313575918576,386,3.9802021035265005
2,4428,2.99719,0.007071,26.088645,190,4266,3.007444,0.0,1.153082,28,4238,3.003557,0.074886,0.306471,0.222538,0.44295,218.0,30.6471,22.253800000000002,44.295,0.30657056987672004,0.222538,0.4684184745748877,Assembly,0.4684184745748877,190,4.290876242095754
4,7788,3.000894,0.435008,1.872901,48,7898,3.000175,0.098019,26.472389,158,7740,3.002654,1.453395,0.540686,0.411361,0.808091,206.0,54.0686,41.1361,80.8091,0.5468115399423342,0.44071475559410067,1.3023857093551394,Assembly,1.3023857093551394,48,0.6163328197226503
19,14060,2.995809,27.23438,222.007036,4566,13946,3.004952,1.25443,218.543554,4452,9494,3.001616,2.908897,0.954711,0.724728,0.990612,9018.0,95.47109999999999,72.4728,99.0612,1.3382103436780675,1.1003922245881688,1.9799180022630027,Assembly,1.9799180022630027,4566,32.475106685633
5,3630,3.005861,0.000271,41.772781,150,3500,2.996441,0.0,0.125625,20,3480,3.004773,0.043946,0.252534,0.181841,0.363505,170.0,25.2534,18.1841,36.350500000000004,0.25253781607079495,0.181841,0.3784508855282432,Assembly,0.3784508855282432,150,4.132231404958678
15,2856,3.008329,0.002396,20.102573,100,2764,2.995076,0.0,6.058843,8,2756,3.001568,0.009129,0.198488,0.14338,0.287233,108.0,19.8488,14.338000000000001,28.723300000000002,0.19852173913514656,0.14338,0.2903377419329935,Assembly,0.2903377419329935,100,3.5014005602240896
19,11235,2.997209,2.113561,141.462484,1710,11460,3.002942,0.629189,119.149946,1935,9525,3.005009,2.910581,0.778396,0.595241,0.994811,3645.0,77.8396,59.524100000000004,99.4811,0.8081579867360139,0.7836642661881534,1.9846897249506095,Assembly,1.9846897249506095,1710,15.220293724966622
15,10680,2.996739,1.875711,74.598549,1153,10650,3.008933,0.438485,98.30087,1123,9527,3.006174,2.938653,0.740078,0.555457,0.995182,2276.0,74.0078,55.5457,99.51820000000001,0.766490715744942,0.6867701282881812,1.994607916925962,Assembly,1.994607916925962,1153,10.795880149812733
8,6304,3.002702,0.13174,79.770092,728,5600,2.997646,0.021718,0.358485,24,5576,3.002457,0.408299,0.437346,0.291096,0.581318,752.0,43.7346,29.1096,58.1318,0.43920108917537865,0.29759989071499077,0.7201791048854538,Assembly,0.7201791048854538,728,11.548223350253807
3,2214,2.997324,0.0,60.958532,148,2073,2.995788,0.0,0.017218,7,2066,3.009918,0.0,0.153623,0.107663,0.216261,155.0,15.362300000000001,10.7663,21.6261,0.153623,0.107663,0.216261,Assembly,0.216261,148,6.684733514001806
7,5075,2.998081,0.037024,13.22954,161,4921,2.993349,0.005418,4.389192,7,4914,3.007679,0.141644,0.352205,0.25543,0.513185,168.0,35.2205,25.543,51.3185,0.35272635131037816,0.25705252877308316,0.5613576439212322,Assembly,0.5613576439212322,161,3.1724137931034484
20,14180,2.996542,44.321638,182.763245,4705,14520,3.004503,1.396245,249.029636,5045,9475,3.005593,2.871434,0.949798,0.75463,0.989955,9750.0,94.9798,75.46300000000001,98.9955,1.5739105769610653,1.172763570833054,1.966519963043402,Assembly,1.966519963043402,4705,33.180535966149506
20,14520,3.001071,34.507141,224.186243,4981,14580,2.995793,1.880298,251.453162,5041,9539,3.003391,2.928189,0.986665,0.757629,0.995705,10022.0,98.6665,75.7629,99.5705,1.4725753062271487,1.320721950714416,1.9915721460214988,Assembly,1.9915721460214988,4981,34.30440771349863
16,1376,3.011137,0.0,23.770501,56,1328,3.014488,0.0,0.984955,8,1320,3.000833,0.0,0.095743,0.069332,0.137643,64.0,9.5743,6.9332,13.764299999999999,0.095743,0.069332,0.137643,Assembly,0.137643,56,4.069767441860465
15,10695,3.001604,1.996773,62.363298,1147,11085,3.000326,0.428767,119.327807,1537,9548,3.001174,2.897725,0.74072,0.577406,0.996258,2684.0,74.072,57.7406,99.6258,0.7688374432821341,0.7058088782666194,1.9817644429601873,Assembly,1.9817644429601873,1147,10.72463768115942
17,11696,2.999517,2.690985,116.758642,2135,12223,3.000385,0.842622,168.13254,2662,9561,3.002464,2.894947,0.808233,0.635228,0.997634,4797.0,80.8233,63.522800000000004,99.7634,0.8461259493290291,0.8875680590315378,1.982195654583601,Assembly,1.982195654583601,2135,18.254103967168263
4,7170,2.99065,0.220685,1.836133,180,7040,3.005738,0.059632,32.027946,50,6990,3.009887,1.046067,0.495927,0.367368,0.731478,230.0,49.5927,36.736799999999995,73.14779999999999,0.4990345630383212,0.38522599848587935,1.0872418382759006,Assembly,1.0872418382759006,180,2.510460251046025
4,3044,3.002268,0.0,13.417914,113,2940,2.987028,0.0,4.387233,9,2931,2.993885,0.004123,0.211339,0.152341,0.304929,122.0,21.1339,15.2341,30.4929,0.211339,0.152341,0.30633121831413435,Assembly,0.30633121831413435,113,3.7122207621550594
19,12578,2.992864,8.709687,149.123747,3008,13813,2.999447,2.221091,240.860067,4243,9570,2.998378,2.929795,0.86852,0.718329,0.99753,7251.0,86.85199999999999,71.8329,99.753,0.9911649527450742,1.3834792501173923,1.9939433411736938,Assembly,1.9939433411736938,3008,23.91477182381937
13,5250,3.000679,0.026526,10.980853,240,5040,2.999607,0.004092,3.614678,30,5010,3.011992,0.154231,0.364666,0.26204,0.52482,270.0,36.4666,26.204,52.48199999999999,0.36503952433176023,0.26326543147645926,0.5772734399241448,Assembly,0.5772734399241448,240,4.571428571428571
9,6201,2.995182,0.089049,0.885801,0,6660,2.998934,0.020474,67.664276,459,6201,3.001033,0.538532,0.429933,0.346184,0.64616,459.0,42.9933,34.6184,64.616,0.4311869383329155,0.35231534996310526,0.8293129064145961,Assembly,0.8293129064145961,0,0.0
15,11370,2.999913,2.649806,110.301338,1900,10995,2.994215,0.478491,97.445985,1525,9470,3.001324,2.891753,0.787424,0.569724,0.988135,3425.0,78.7424,56.9724,98.8135,0.8247370896269424,0.7130177274199576,1.9716103860181524,Assembly,1.9716103860181524,1900,16.710642040457344
15,10155,2.9885,1.466989,36.652617,598,10650,2.996904,0.366517,87.000067,1093,9557,3.00025,2.919491,0.702336,0.554115,0.99684,1691.0,70.2336,55.411500000000004,99.684,0.7229933205882764,0.6638758671694569,1.9897489857264854,Assembly,1.9897489857264854,598,5.888724766125061
6,11728,2.999304,2.576014,133.106633,2155,11280,2.996279,0.535162,106.728501,1707,9573,2.996217,2.890788,0.812382,0.585964,0.996976,3862.0,81.2382,58.5964,99.6976,0.8486559918553502,0.7462289950647335,1.9801231927915843,Assembly,1.9801231927915843,2155,18.374829467939975
11,13566,2.99389,9.652851,183.174002,4041,12711,3.001335,1.31566,175.79666,3186,9525,2.994599,2.893036,0.925594,0.660881,0.991803,7227.0,92.5594,66.08810000000001,99.1803,1.0615200619526561,1.05488177622639,1.975714729966014,Assembly,1.975714729966014,4041,29.787704555506412
7,5117,2.995831,0.022285,0.349417,29,5187,2.996733,0.001547,35.995933,99,5088,3.012371,0.234251,0.354853,0.269272,0.533267,128.0,35.485299999999995,26.927200000000003,53.3267,0.3551668049360354,0.2697352801793946,0.6129349704836956,Assembly,0.6129349704836956,29,0.5667383232362713
8,5816,3.003917,0.068855,34.342409,168,5664,2.997403,0.006599,5.84464,16,5648,2.99852,0.400115,0.404362,0.294419,0.588044,184.0,40.4362,29.441899999999997,58.8044,0.405331577692202,0.2963952029113281,0.7241217542468714,Assembly,0.7241217542468714,168,2.8885832187070153
16,11744,2.998682,3.777269,136.503803,2203,10624,2.998592,0.396821,79.310592,1083,9541,2.994743,2.891742,0.813289,0.553074,0.993182,3286.0,81.3289,55.307399999999994,99.3182,0.8664783945224936,0.671910007800596,1.976653644955466,Assembly,1.976653644955466,2203,18.75851498637602
18,6651,2.993331,0.191753,4.93201,189,6489,2.995464,0.013404,19.104856,27,6462,2.99551,0.731029,0.460848,0.336769,0.672374,216.0,46.0848,33.676899999999996,67.23740000000001,0.46354815875699396,0.3407830966545601,0.9209944831344392,Assembly,0.9209944831344392,189,2.841677943166441
14,1340,2.989992,0.0,0.180994,6,1402,3.00286,0.0,52.819286,68,1334,3.014979,0.0,0.092584,0.072973,0.139696,74.0,9.2584,7.2973,13.969599999999998,0.092584,0.072973,0.139696,Assembly,0.139696,6,0.44776119402985076
7,5082,2.991859,0.037645,55.979905,170,4935,3.006729,0.002823,0.208663,23,4912,2.999355,0.311903,0.351764,0.257548,0.512366,193.0,35.1764,25.7548,51.236599999999996,0.3522940958858899,0.25839340397312915,0.6184431522758754,Assembly,0.6184431522758754,170,3.345139708776072
16,9490,3.002072,1.258322,13.530757,278,9789,2.99902,0.21554,32.765283,577,9212,2.996664,2.577941,0.658674,0.508222,0.959731,855.0,65.8674,50.822199999999995,95.9731,0.6763929883204858,0.5727697762551389,1.8364799893179056,Assembly,1.8364799893179056,278,2.9293993677555323
17,9607,3.005487,0.79708,27.500613,535,9269,3.000285,0.191613,12.044899,197,9072,2.999668,2.445962,0.668352,0.482806,0.946071,732.0,66.8352,48.2806,94.6071,0.6795760358274694,0.5401883561824995,1.7779343791114703,Assembly,1.7779343791114703,535,5.568856042469033
8,5688,2.994813,0.049292,2.91849,33,5960,2.991546,0.010161,27.463754,305,5655,2.99842,0.350689,0.393975,0.309542,0.589752,338.0,39.3975,30.9542,58.97520000000001,0.3946691024414207,0.3125849152571609,0.7090201393076517,Assembly,0.7090201393076517,33,0.580168776371308
18,13194,2.999029,8.836854,174.011686,3639,12960,3.002025,1.096651,169.480438,3405,9555,3.003317,2.91851,0.911641,0.674452,0.997565,7044.0,91.1641,67.4452,99.7565,1.0360766474859684,1.0028661383407922,1.9901403509541922,Assembly,1.9901403509541922,3639,27.580718508412915
10,7360,3.001238,0.321381,0.932473,76,7390,2.991993,0.055076,33.206615,106,7284,2.997095,1.216247,0.508942,0.382966,0.758937,182.0,50.8942,38.2966,75.8937,0.5134675079267677,0.3994596129026075,1.1725784789985243,Assembly,1.1725784789985243,76,1.0326086956521738
15,11475,3.002721,3.382884,104.179116,1985,11130,3.003546,0.426964,90.376994,1640,9490,2.994755,2.88085,0.788281,0.580393,0.987861,3625.0,78.8281,58.039300000000004,98.7861,0.8359168850004677,0.7082559337524318,1.9676283127028464,Assembly,1.9676283127028464,1985,17.29847494553377
8,8107,2.99841,0.536736,47.604186,627,7535,3.00067,0.075241,1.724452,55,7480,2.995768,1.276283,0.562688,0.391878,0.778908,682.0,56.2688,39.1878,77.8908,0.5702460168789739,0.41441042661785704,1.212967518946952,Assembly,1.212967518946952,627,7.734056987788331
9,13053,2.996146,5.697624,164.064254,3518,14022,3.002428,1.212624,219.628534,4487,9535,3.001095,2.893813,0.890483,0.728906,0.994602,8005.0,89.0483,72.8906,99.4602,0.9707137621662181,1.092050579352378,1.9787779850303078,Assembly,1.9787779850303078,3518,26.951658622538883
15,4548,2.999751,0.008765,75.663134,528,4026,2.999969,0.0,0.070042,6,4020,2.997561,0.053657,0.315353,0.20969,0.418469,534.0,31.5353,20.968999999999998,41.8469,0.31547642383954905,0.20969,0.43671756368700093,Assembly,0.43671756368700093,528,11.609498680738787
17,2190,3.001793,0.0,0.115874,14,2211,3.012601,0.0,34.993453,35,2176,3.004103,0.0,0.151683,0.115511,0.2274,49.0,15.168300000000002,11.5511,22.74,0.151683,0.115511,0.2274,Assembly,0.2274,14,0.6392694063926941
10,7520,3.000414,0.267014,84.658939,886,6680,2.999989,0.038271,1.564115,46,6634,2.988018,0.819147,0.521785,0.347554,0.689485,932.0,52.17850000000001,34.755399999999995,68.9485,0.5255449421669544,0.3590150185815181,0.9680741160242977,Assembly,0.9680741160242977,886,11.78191489361702
15,11040,3.000507,2.941868,124.635844,1511,11430,2.994528,0.530711,94.047465,1901,9529,3.00058,2.918583,0.766254,0.593245,0.993952,3412.0,76.6254,59.3245,99.39519999999999,0.8076797437543102,0.7521770538375292,1.9865521780065643,Assembly,1.9865521780065643,1511,13.68659420289855
16,11712,2.995814,2.586235,129.973076,2269,11104,2.998691,0.45081,129.114299,1661,9443,3.000668,2.857128,0.809957,0.577374,0.984969,3930.0,80.9957,57.73740000000001,98.4969,0.8463749182745209,0.7123780967503905,1.9566685409716085,Assembly,1.9566685409716085,2269,19.373292349726775
3,13243,3.005085,5.3156,188.51273,3770,12958,3.00096,1.034225,217.259779,3485,9473,3.006229,2.881686,0.914623,0.672697,0.989748,7255.0,91.4623,67.2697,98.9748,0.989474313349345,0.9824164205134593,1.9697996334670027,Assembly,1.9697996334670027,3770,28.467869818017068
15,2928,2.995791,0.0,13.060313,36,2892,3.001983,0.0,3.535548,0,2892,3.005323,0.012235,0.203048,0.150725,0.301785,36.0,20.3048,15.0725,30.178500000000003,0.203048,0.150725,0.30594608199695206,Assembly,0.30594608199695206,36,1.2295081967213115
19,13775,2.997644,13.171481,208.721889,4218,13357,2.996707,1.068576,203.82265,3800,9557,2.998653,2.906738,0.933248,0.693955,0.996063,8018.0,93.3248,69.3955,99.6063,1.1187214463853459,1.0139615164684574,1.984634733686671,Assembly,1.984634733686671,4218,30.620689655172413
18,12564,3.004493,4.52252,187.890489,3009,13104,3.005049,1.535267,210.421456,3549,9555,3.004875,2.932948,0.870582,0.683649,0.997714,6558.0,87.0582,68.36489999999999,99.7714,0.9342656032900669,1.1434154972065431,1.995199665778221,Assembly,1.995199665778221,3009,23.94937917860554
15,2265,2.999061,0.0,106.680173,249,2019,2.985979,0.0,0.127386,3,2016,3.006886,0.00125,0.157247,0.104665,0.210666,252.0,15.7247,10.4665,21.066599999999998,0.157247,0.104665,0.211091120759803,Assembly,0.211091120759803,249,10.993377483443709
16,10752,3.000254,1.618463,74.97697,1229,11296,2.996596,0.541088,109.212222,1773,9523,2.998134,2.889358,0.74673,0.587369,0.992356,3002.0,74.673,58.736900000000006,99.2356,0.7695202929410266,0.7494086546271718,1.9750168546423699,Assembly,1.9750168546423699,1229,11.430431547619047
13,4872,3.0057,0.023282,4.808892,19,5117,3.001873,0.006676,22.409737,264,4853,2.996072,0.156043,0.33891,0.266552,0.50561,283.0,33.891,26.6552,50.561,0.3392378441337571,0.2685512621057776,0.5586796949775553,Assembly,0.5586796949775553,19,0.3899835796387521
2,1490,3.010971,0.0,10.828227,45,1452,3.006643,0.0,10.477665,7,1445,2.996559,0.0,0.103797,0.075697,0.150472,52.0,10.3797,7.5697,15.0472,0.103797,0.075697,0.150472,Assembly,0.150472,45,3.0201342281879198
19,14212,2.99387,13.26104,209.304606,4656,13262,2.99913,1.385006,220.896157,3706,9556,3.000034,2.907819,0.954414,0.688463,0.996274,8362.0,95.4414,68.8463,99.6274,1.1411485662537058,1.1032308268536,1.9852133781197487,Assembly,1.9852133781197487,4656,32.761047002533076
13,5904,3.004669,0.058319,1.073613,24,5920,2.997607,0.020926,22.738458,40,5880,2.995456,0.382187,0.410537,0.30755,0.612194,64.0,41.0537,30.755,61.2194,0.41135821561878627,0.31381671042922443,0.7421745022614724,Assembly,0.7421745022614724,24,0.40650406504065045
13,9243,2.993384,0.868407,15.805926,118,9893,3.002327,0.25672,65.560805,768,9125,2.998619,2.65211,0.639927,0.51513,0.951241,886.0,63.9927,51.513,95.1241,0.6521554228444135,0.5920099532347558,1.8532146146249704,Assembly,1.8532146146249704,118,1.276641782970897
16,11392,3.00164,1.98826,107.447463,1888,10864,3.000094,0.556066,62.756303,1360,9504,2.996385,2.878193,0.787026,0.564155,0.989792,3248.0,78.7026,56.415499999999994,98.9792,0.8150235679659811,0.7306801171526865,1.9686556760158092,Assembly,1.9686556760158092,1888,16.573033707865168
4,6780,2.99597,0.276308,0.973216,30,7980,3.009213,0.081121,102.156823,1230,6750,3.006122,0.952737,0.4696,0.416901,0.704672,1260.0,46.96,41.6901,70.46719999999999,0.47349081508934665,0.44119431055763725,1.0286946218659672,Assembly,1.0286946218659672,30,0.4424778761061947
4,5976,3.000226,0.10204,13.901957,256,5736,3.002309,0.014122,1.991301,16,5720,3.001017,0.374867,0.413158,0.29893,0.596705,272.0,41.3158,29.892999999999997,59.670500000000004,0.4145948703465587,0.30315911615605023,0.7241959950920659,Assembly,0.7241959950920659,256,4.28380187416332
9,13590,3.001161,10.839397,166.446428,4027,13122,2.997212,1.162696,179.914472,3559,9563,3.001914,2.921276,0.923622,0.681184,0.997607,7586.0,92.3622,68.11840000000001,99.7607,1.0762563406887182,1.0293766383072516,1.9911230581714843,Assembly,1.9911230581714843,4027,29.63208241353937
19,6840,2.995629,0.204476,16.629793,29,6850,3.004695,0.023167,4.628157,39,6811,2.990878,0.739671,0.4741,0.35701,0.70824,68.0,47.410000000000004,35.701,70.824,0.4769793169441683,0.3639478228287223,0.9597995980194134,Assembly,0.9597995980194134,29,0.42397660818713445
7,5026,3.00488,0.03093,41.197726,192,4872,2.995136,0.000271,0.155857,38,4834,3.001978,0.161029,0.349534,0.252782,0.505051,230.0,34.9534,25.278200000000002,50.505100000000006,0.3499695390025388,0.2528631563856599,0.5598164166642576,Assembly,0.5598164166642576,192,3.8201352964584165
2,1500,2.994531,0.0,49.217769,101,1408,3.01641,0.0,0.004462,9,1399,2.999892,0.0,0.103813,0.073578,0.145818,110.0,10.3813,7.3578,14.581800000000001,0.10381299999999999,0.073578,0.145818,Assembly,0.145818,101,6.7333333333333325
2,5068,2.997306,0.024204,17.861913,70,4998,2.991957,0.004578,1.833783,0,4998,3.001948,0.232299,0.35131,0.259615,0.520963,70.0,35.131,25.961499999999997,52.09629999999999,0.35165082722332525,0.2609859739245431,0.5999671019051871,Assembly,0.5999671019051871,70,1.3812154696132597
11,11385,3.010711,2.88215,124.746486,1855,11610,3.001834,0.8391,159.82531,2080,9530,2.998915,2.881165,0.792696,0.604109,0.993279,3935.0,79.2696,60.4109,99.3279,0.8332808281980989,0.8553943254880164,1.9731534431343167,Assembly,1.9731534431343167,1855,16.29336846728151
19,13547,2.998704,12.107434,231.64589,3986,13832,2.99895,1.64162,226.540726,4271,9561,3.002291,2.916802,0.932124,0.719913,0.997541,8257.0,93.2124,71.9913,99.7541,1.1026141302186987,1.2115290362622302,1.9895354659479971,Assembly,1.9895354659479971,3986,29.423488595260945
5,9940,3.007398,1.28051,29.302869,460,10080,2.998022,0.339554,47.18419,600,9480,2.995965,2.779004,0.691835,0.524268,0.987347,1060.0,69.1835,52.42679999999999,98.7347,0.7098664273566426,0.6259542560013799,1.932476833580527,Assembly,1.932476833580527,460,4.627766599597585
10,2181,3.001052,0.0,29.57186,146,2043,2.993645,0.0,9.777823,8,2035,2.988649,0.0,0.151444,0.106181,0.211808,154.0,15.1444,10.6181,21.180799999999998,0.151444,0.106181,0.21180799999999997,Assembly,0.21180799999999997,146,6.694176983035305
14,9072,3.002932,0.729091,12.579377,312,9534,2.99908,0.313661,56.386998,774,8760,3.002493,2.241767,0.628232,0.496311,0.914344,1086.0,62.8232,49.6311,91.43440000000001,0.6384986526640807,0.5902430777951337,1.6767613522730866,Assembly,1.6767613522730866,312,3.439153439153439
10,7300,2.998967,0.261594,14.834308,10,7420,3.001908,0.059149,2.925281,130,7290,2.999089,1.115107,0.506747,0.386704,0.759187,140.0,50.674699999999994,38.6704,75.9187,0.510430620751055,0.4044173544479689,1.1384311080813416,Assembly,1.1384311080813416,10,0.136986301369863
13,11025,3.000198,1.831677,105.594197,1518,10530,3.005356,0.343265,81.753727,1023,9507,3.003142,2.898929,0.765676,0.549417,0.992307,2541.0,76.5676,54.941700000000004,99.2307,0.7914686535258086,0.6522145893858229,1.9782229192760294,Assembly,1.9782229192760294,1518,13.768707482993198
8,5117,3.008866,0.026568,7.167682,27,5299,2.992078,0.001818,18.032627,209,5090,2.993586,0.199478,0.355616,0.27527,0.529875,236.0,35.5616,27.527,52.9875,0.35599011575232625,0.2758144365650545,0.597716791139191,Assembly,0.597716791139191,27,0.5276529216337698
10,2154,2.998651,0.0,15.464979,6,2238,3.007516,0.0,5.13944,90,2148,3.003888,0.00018,0.149516,0.116848,0.224328,96.0,14.951600000000001,11.6848,22.4328,0.149516,0.116848,0.22438921738941164,Assembly,0.22438921738941164,6,0.2785515320334262
18,13572,3.003447,9.730557,200.909001,4058,13410,2.997782,1.553794,228.165439,3896,9514,3.006442,2.895929,0.939893,0.697049,0.994603,7954.0,93.9893,69.70490000000001,99.4603,1.0769132744884233,1.16236377896714,1.9794986294525023,Assembly,1.9794986294525023,4058,29.89979369289714
16,11776,3.006399,2.792777,135.679257,2251,11376,2.993997,0.573183,119.660643,1851,9525,3.000896,2.908597,0.817764,0.589115,0.993789,4102.0,81.77640000000001,58.911500000000004,99.3789,0.85709032747796,0.7607661461318052,1.9829929732806502,Assembly,1.9829929732806502,2251,19.11514945652174
16,10752,2.999237,2.287616,99.409366,1300,11328,3.001281,0.624831,106.638593,1876,9452,2.997088,2.892675,0.746451,0.590258,0.984959,3176.0,74.6451,59.0258,98.4959,0.7786639321316455,0.7773761756763231,1.968747955090583,Assembly,1.968747955090583,1300,12.09077380952381
19,14231,2.995154,36.080376,212.735867,4714,13680,2.994713,2.207317,185.738412,4163,9517,3.002175,2.890876,0.977183,0.708485,0.993236,8877.0,97.7183,70.8485,99.3236,1.4852467237072369,1.3695103495414516,1.9764131212930744,Assembly,1.9764131212930744,4714,33.12486824537981
14,11568,2.995606,2.456374,117.87276,2002,11824,2.999135,0.650696,130.503387,2258,9566,3.000866,2.933903,0.802044,0.611543,0.997682,4260.0,80.20439999999999,61.15429999999999,99.7682,0.83663328812875,0.8064069687209514,1.9954924580387103,Assembly,1.9954924580387103,2002,17.306362378976488
18,12762,2.996274,4.56572,183.337155,3214,13230,2.994315,1.248036,229.217987,3682,9548,3.00131,2.923302,0.875801,0.687222,0.996096,6896.0,87.5801,68.7222,99.6096,0.9400929215865325,1.0609714130386867,1.990301093898973,Assembly,1.990301093898973,3214,25.18414041686256
19,13395,2.990809,7.459576,186.632039,3847,13813,3.001577,1.653618,212.778592,4265,9548,3.004836,2.911814,0.905969,0.717405,0.997275,8112.0,90.5969,71.7405,99.7275,1.011010587145243,1.2126140780155437,1.987573064068079,Assembly,1.987573064068079,3847,28.71967151922359
